num_a,num_b,observed_count,expected_count,lift,odds_ratio,p_raw,period
1,2,16,15.096774193548388,1.0598290598290598,1.225511857416409,0.7937975819531852,first_half
1,3,18,15.096774193548388,1.192307692307692,1.4732394366197183,0.4331554121923039,first_half
1,4,10,15.096774193548388,0.6623931623931624,0.6572049610024293,0.23905729126443812,first_half
1,5,14,15.096774193548388,0.9273504273504273,1.0178245614035089,0.8964850320202825,first_half
1,6,15,15.096774193548388,0.9935897435897435,1.1479142185663924,1.0,first_half
1,7,8,15.096774193548388,0.5299145299145299,0.512782142411772,0.0673711763094548,first_half
1,8,7,15.096774193548388,0.46367521367521364,0.4379268292682927,0.035775208689358656,first_half
1,9,8,15.096774193548388,0.5299145299145299,0.5522368246382583,0.0673711763094548,first_half
1,10,20,15.096774193548388,1.3247863247863247,1.3553408480944713,0.19254627585628603,first_half
1,11,14,15.096774193548388,0.9273504273504273,0.7749019607843137,0.8964850320202825,first_half
1,12,14,15.096774193548388,0.9273504273504273,1.0707692307692307,0.8964850320202825,first_half
1,13,10,15.096774193548388,0.6623931623931624,0.6341523951352693,0.23905729126443812,first_half
1,14,10,15.096774193548388,0.6623931623931624,0.5662296564195298,0.23905729126443812,first_half
1,15,15,15.096774193548388,0.9935897435897435,1.1479142185663924,1.0,first_half
1,16,12,15.096774193548388,0.7948717948717949,0.745405537858368,0.5145402005166057,first_half
1,17,12,15.096774193548388,0.7948717948717949,0.7716555289370823,0.5145402005166057,first_half
1,18,11,15.096774193548388,0.7286324786324786,0.7501982553528945,0.3606953041477349,first_half
1,19,3,15.096774193548388,0.19871794871794873,0.1433139534883721,0.00035849853215439993,first_half
1,20,10,15.096774193548388,0.6623931623931624,0.5662296564195298,0.23905729126443812,first_half
1,21,16,15.096774193548388,1.0598290598290598,1.165937014545968,0.7937975819531852,first_half
1,22,7,15.096774193548388,0.46367521367521364,0.3657485281749369,0.035775208689358656,first_half
1,23,16,15.096774193548388,1.0598290598290598,1.0852506982311478,0.7937975819531852,first_half
1,24,9,15.096774193548388,0.596153846153846,0.4924342105263158,0.11880341025384131,first_half
1,25,11,15.096774193548388,0.7286324786324786,0.6902120315581854,0.3606953041477349,first_half
1,26,13,15.096774193548388,0.861111111111111,0.8988990332975295,0.6961124404668241,first_half
1,27,12,15.096774193548388,0.7948717948717949,0.79002185932879,0.5145402005166057,first_half
1,28,13,15.096774193548388,0.861111111111111,0.9211896929824561,0.6961124404668241,first_half
1,29,10,15.096774193548388,0.6623931623931624,0.681698312236287,0.23905729126443812,first_half
1,30,13,15.096774193548388,0.861111111111111,0.7568700512342804,0.6961124404668241,first_half
1,31,9,15.096774193548388,0.596153846153846,0.5506009615384615,0.11880341025384131,first_half
2,3,16,15.096774193548388,1.0598290598290598,0.9368863955119214,0.7937975819531852,first_half
2,4,11,15.096774193548388,0.7286324786324786,0.56695127030404,0.3606953041477349,first_half
2,5,13,15.096774193548388,0.861111111111111,0.7010633680555556,0.6961124404668241,first_half
2,6,10,15.096774193548388,0.6623931623931624,0.5165052587733,0.23905729126443812,first_half
2,7,12,15.096774193548388,0.7948717948717949,0.6485078676071623,0.5145402005166057,first_half
2,8,10,15.096774193548388,0.6623931623931624,0.5165052587733,0.23905729126443812,first_half
2,9,13,15.096774193548388,0.861111111111111,0.7771070075757576,0.6961124404668241,first_half
2,10,16,15.096774193548388,1.0598290598290598,0.738863287250384,0.7937975819531852,first_half
2,11,21,15.096774193548388,1.391025641025641,1.0248579545454546,0.1495164693933021,first_half
2,12,12,15.096774193548388,0.7948717948717949,0.6651147322913202,0.5145402005166057,first_half
2,13,22,15.096774193548388,1.4572649572649572,1.4132822477650064,0.08826587488485256,first_half
2,14,15,15.096774193548388,0.9935897435897435,0.7247961821435673,1.0,first_half
2,15,12,15.096774193548388,0.7948717948717949,0.6485078676071623,0.5145402005166057,first_half
2,16,17,15.096774193548388,1.1260683760683758,0.9001291433491175,0.6011749866312058,first_half
2,17,12,15.096774193548388,0.7948717948717949,0.5885296767090381,0.5145402005166057,first_half
2,18,10,15.096774193548388,0.6623931623931624,0.5102040816326531,0.23905729126443812,first_half
2,19,18,15.096774193548388,1.192307692307692,0.9193092621664051,0.4331554121923039,first_half
2,20,15,15.096774193548388,0.9935897435897435,0.7247961821435673,1.0,first_half
2,21,12,15.096774193548388,0.7948717948717949,0.6026334592222109,0.5145402005166057,first_half
2,22,18,15.096774193548388,1.192307692307692,0.9193092621664051,0.4331554121923039,first_half
2,23,14,15.096774193548388,0.9273504273504273,0.6849122807017544,0.8964850320202825,first_half
2,24,19,15.096774193548388,1.2585470085470085,0.9926282051282052,0.29638836576123884,first_half
2,25,9,15.096774193548388,0.596153846153846,0.4134905660377359,0.11880341025384131,first_half
2,26,14,15.096774193548388,0.9273504273504273,0.7535539880629408,0.8964850320202825,first_half
2,27,11,15.096774193548388,0.7286324786324786,0.5403161264505802,0.3606953041477349,first_half
2,28,13,15.096774193548388,0.861111111111111,0.7010633680555556,0.6961124404668241,first_half
2,29,18,15.096774193548388,1.192307692307692,1.1351148851148851,0.4331554121923039,first_half
2,30,21,15.096774193548388,1.391025641025641,1.1090909090909091,0.1495164693933021,first_half
2,31,16,15.096774193548388,1.0598290598290598,0.8797250859106529,0.7937975819531852,first_half
3,4,10,15.096774193548388,0.6623931623931624,0.5102040816326531,0.23905729126443812,first_half
3,5,14,15.096774193548388,0.9273504273504273,0.7823068309070549,0.8964850320202825,first_half
3,6,12,15.096774193548388,0.7948717948717949,0.656578947368421,0.5145402005166057,first_half
3,7,19,15.096774193548388,1.2585470085470085,1.2275280898876404,0.29638836576123884,first_half
3,8,13,15.096774193548388,0.861111111111111,0.7278835386338186,0.6961124404668241,first_half
3,9,13,15.096774193548388,0.861111111111111,0.7868421052631579,0.6961124404668241,first_half
3,10,16,15.096774193548388,1.0598290598290598,0.7484472049689441,0.7937975819531852,first_half
3,11,24,15.096774193548388,1.5897435897435899,1.27129750982962,0.026337968735321536,first_half
3,12,11,15.096774193548388,0.7286324786324786,0.6032024566790963,0.3606953041477349,first_half
3,13,13,15.096774193548388,0.861111111111111,0.6842105263157895,0.6961124404668241,first_half
3,14,18,15.096774193548388,1.192307692307692,0.9423076923076923,0.4331554121923039,first_half
3,15,14,15.096774193548388,0.9273504273504273,0.8023335621139327,0.8964850320202825,first_half
3,16,14,15.096774193548388,0.9273504273504273,0.7017184942716858,0.8964850320202825,first_half
3,17,11,15.096774193548388,0.7286324786324786,0.5342981760507534,0.3606953041477349,first_half
3,18,11,15.096774193548388,0.7286324786324786,0.5810394303326603,0.3606953041477349,first_half
3,19,17,15.096774193548388,1.1260683760683758,0.8600456147625959,0.6011749866312058,first_half
3,20,15,15.096774193548388,0.9935897435897435,0.7340970756707869,1.0,first_half
3,21,11,15.096774193548388,0.7286324786324786,0.5469981807155853,0.3606953041477349,first_half
3,22,20,15.096774193548388,1.3247863247863247,1.0834068843777582,0.19254627585628603,first_half
3,23,12,15.096774193548388,0.7948717948717949,0.5689252336448598,0.5145402005166057,first_half
3,24,15,15.096774193548388,0.9935897435897435,0.7258064516129032,1.0,first_half
3,25,23,15.096774193548388,1.5235042735042734,1.4764705882352942,0.04935227035325754,first_half
3,26,14,15.096774193548388,0.9273504273504273,0.7631059442860276,0.8964850320202825,first_half
3,27,9,15.096774193548388,0.596153846153846,0.42832167832167833,0.11880341025384131,first_half
3,28,9,15.096774193548388,0.596153846153846,0.4490909090909091,0.11880341025384131,first_half
3,29,13,15.096774193548388,0.861111111111111,0.7371816638370119,0.6961124404668241,first_half
3,30,15,15.096774193548388,0.9935897435897435,0.7018308631211857,1.0,first_half
3,31,12,15.096774193548388,0.7948717948717949,0.6101485148514851,0.5145402005166057,first_half
4,5,11,15.096774193548388,0.7286324786324786,0.56695127030404,0.3606953041477349,first_half
4,6,13,15.096774193548388,0.861111111111111,0.7188608156028369,0.6961124404668241,first_half
4,7,14,15.096774193548388,0.9273504273504273,0.7923033389926429,0.8964850320202825,first_half
4,8,15,15.096774193548388,0.9935897435897435,0.8689870490286772,1.0,first_half
4,9,15,15.096774193548388,0.9935897435897435,0.9407471548738249,1.0,first_half
4,10,15,15.096774193548388,0.9935897435897435,0.6778384485031067,1.0,first_half
4,11,13,15.096774193548388,0.861111111111111,0.5337673611111111,0.6961124404668241,first_half
4,12,9,15.096774193548388,0.596153846153846,0.4659375,0.11880341025384131,first_half
4,13,16,15.096774193548388,1.0598290598290598,0.8906810035842294,0.7937975819531852,first_half
4,14,17,15.096774193548388,1.1260683760683758,0.8587991718426501,0.6011749866312058,first_half
4,15,18,15.096774193548388,1.192307692307692,1.1201382886776146,0.4331554121923039,first_half
4,16,15,15.096774193548388,0.9935897435897435,0.7591406734145838,1.0,first_half
4,17,14,15.096774193548388,0.9273504273504273,0.7178738926524232,0.8964850320202825,first_half
4,18,14,15.096774193548388,0.9273504273504273,0.7823068309070549,0.8964850320202825,first_half
4,19,21,15.096774193548388,1.391025641025641,1.1487299465240641,0.1495164693933021,first_half
4,20,13,15.096774193548388,0.861111111111111,0.6012996941896025,0.6961124404668241,first_half
4,21,17,15.096774193548388,1.1260683760683758,0.956634963768116,0.6011749866312058,first_half
4,22,20,15.096774193548388,1.3247863247863247,1.0690520344714738,0.19254627585628603,first_half
4,23,13,15.096774193548388,0.861111111111111,0.6221501572327044,0.6961124404668241,first_half
4,24,12,15.096774193548388,0.7948717948717949,0.5371969908052382,0.5145402005166057,first_half
4,25,13,15.096774193548388,0.861111111111111,0.6518586601307189,0.6961124404668241,first_half
4,26,23,15.096774193548388,1.5235042735042734,1.5347515856236786,0.04935227035325754,first_half
4,27,14,15.096774193548388,0.9273504273504273,0.7353535353535353,0.8964850320202825,first_half
4,28,15,15.096774193548388,0.9935897435897435,0.8471027614305116,1.0,first_half
4,29,10,15.096774193548388,0.6623931623931624,0.5229377104377104,0.23905729126443812,first_half
4,30,17,15.096774193548388,1.1260683760683758,0.8205025927403271,0.6011749866312058,first_half
4,31,18,15.096774193548388,1.192307692307692,1.0368999421631,0.4331554121923039,first_half
5,6,20,15.096774193548388,1.3247863247863247,1.306986955960222,0.19254627585628603,first_half
5,7,19,15.096774193548388,1.2585470085470085,1.211489898989899,0.29638836576123884,first_half
5,8,9,15.096774193548388,0.596153846153846,0.4545918367346939,0.11880341025384131,first_half
5,9,10,15.096774193548388,0.6623931623931624,0.5572205572205572,0.23905729126443812,first_half
5,10,15,15.096774193548388,0.9935897435897435,0.6778384485031067,1.0,first_half
5,11,17,15.096774193548388,1.1260683760683758,0.7598388305847077,0.6011749866312058,first_half
5,12,16,15.096774193548388,1.0598290598290598,0.9742660384197173,0.7937975819531852,first_half
5,13,14,15.096774193548388,0.9273504273504273,0.7443609022556391,0.8964850320202825,first_half
5,14,13,15.096774193548388,0.861111111111111,0.6012996941896025,0.6961124404668241,first_half
5,15,15,15.096774193548388,0.9935897435897435,0.8689870490286772,1.0,first_half
5,16,16,15.096774193548388,1.0598290598290598,0.8281678262702931,0.7937975819531852,first_half
5,17,15,15.096774193548388,0.9935897435897435,0.7867021276595745,1.0,first_half
5,18,15,15.096774193548388,0.9935897435897435,0.8579272477693891,1.0,first_half
5,19,18,15.096774193548388,1.192307692307692,0.9193092621664051,0.4331554121923039,first_half
5,20,13,15.096774193548388,0.861111111111111,0.6012996941896025,0.6961124404668241,first_half
5,21,15,15.096774193548388,0.9935897435897435,0.80601389491967,1.0,first_half
5,22,13,15.096774193548388,0.861111111111111,0.5946022727272727,0.6961124404668241,first_half
5,23,17,15.096774193548388,1.1260683760683758,0.8894927536231884,0.6011749866312058,first_half
5,24,13,15.096774193548388,0.861111111111111,0.5946022727272727,0.6961124404668241,first_half
5,25,13,15.096774193548388,0.861111111111111,0.6518586601307189,0.6961124404668241,first_half
5,26,10,15.096774193548388,0.6623931623931624,0.49204920492049203,0.23905729126443812,first_half
5,27,21,15.096774193548388,1.391025641025641,1.2995306324110671,0.1495164693933021,first_half
5,28,13,15.096774193548388,0.861111111111111,0.7010633680555556,0.6961124404668241,first_half
5,29,12,15.096774193548388,0.7948717948717949,0.6567229655626233,0.5145402005166057,first_half
5,30,17,15.096774193548388,1.1260683760683758,0.8205025927403271,0.6011749866312058,first_half
5,31,15,15.096774193548388,0.9935897435897435,0.80601389491967,1.0,first_half
6,7,8,15.096774193548388,0.5299145299145299,0.4048566472808897,0.0673711763094548,first_half
6,8,14,15.096774193548388,0.9273504273504273,0.812579488958261,0.8964850320202825,first_half
6,9,12,15.096774193548388,0.7948717948717949,0.7181549379065642,0.5145402005166057,first_half
6,10,16,15.096774193548388,1.0598290598290598,0.7582417582417582,0.7937975819531852,first_half
6,11,19,15.096774193548388,1.2585470085470085,0.9109848484848485,0.29638836576123884,first_half
6,12,16,15.096774193548388,1.0598290598290598,0.9996295838992468,0.7937975819531852,first_half
6,13,11,15.096774193548388,0.7286324786324786,0.5604372937293729,0.3606953041477349,first_half
6,14,17,15.096774193548388,1.1260683760683758,0.8814814814814815,0.6011749866312058,first_half
6,15,13,15.096774193548388,0.861111111111111,0.7370982344952467,0.6961124404668241,first_half
6,16,14,15.096774193548388,0.9273504273504273,0.7107113316790736,0.8964850320202825,first_half
6,17,18,15.096774193548388,1.192307692307692,1.0383412486968608,0.4331554121923039,first_half
6,18,11,15.096774193548388,0.7286324786324786,0.5882731958762887,0.3606953041477349,first_half
6,19,13,15.096774193548388,0.861111111111111,0.6097678916827853,0.6961124404668241,first_half
6,20,12,15.096774193548388,0.7948717948717949,0.5569377990430622,0.5145402005166057,first_half
6,21,16,15.096774193548388,1.0598290598290598,0.9026849439220573,0.7937975819531852,first_half
6,22,15,15.096774193548388,0.9935897435897435,0.7352053140096618,1.0,first_half
6,23,16,15.096774193548388,1.0598290598290598,0.8398591699562573,0.7937975819531852,first_half
6,24,17,15.096774193548388,1.1260683760683758,0.8713836477987421,0.6011749866312058,first_half
6,25,12,15.096774193548388,0.7948717948717949,0.6033725089422586,0.5145402005166057,first_half
6,26,8,15.096774193548388,0.5299145299145299,0.38599588114151223,0.0673711763094548,first_half
6,27,17,15.096774193548388,1.1260683760683758,0.9818287037037037,0.6011749866312058,first_half
6,28,20,15.096774193548388,1.3247863247863247,1.306986955960222,0.19254627585628603,first_half
6,29,11,15.096774193548388,0.7286324786324786,0.6030701754385965,0.3606953041477349,first_half
6,30,15,15.096774193548388,0.9935897435897435,0.7109283196239718,1.0,first_half
6,31,17,15.096774193548388,1.1260683760683758,0.9818287037037037,0.6011749866312058,first_half
7,8,11,15.096774193548388,0.7286324786324786,0.5955946180555556,0.3606953041477349,first_half
7,9,11,15.096774193548388,0.7286324786324786,0.6429398148148148,0.3606953041477349,first_half
7,10,13,15.096774193548388,0.861111111111111,0.5772432932469935,0.6961124404668241,first_half
7,11,18,15.096774193548388,1.192307692307692,0.844162188568637,0.4331554121923039,first_half
7,12,14,15.096774193548388,0.9273504273504273,0.8337468982630273,0.8964850320202825,first_half
7,13,17,15.096774193548388,1.1260683760683758,0.9941520467836257,0.6011749866312058,first_half
7,14,14,15.096774193548388,0.9273504273504273,0.6788132218239745,0.8964850320202825,first_half
7,15,12,15.096774193548388,0.7948717948717949,0.6648199445983379,0.5145402005166057,first_half
7,16,20,15.096774193548388,1.3247863247863247,1.1658456486042692,0.19254627585628603,first_half
7,17,23,15.096774193548388,1.5235042735042734,1.4970238095238095,0.04935227035325754,first_half
7,18,17,15.096774193548388,1.1260683760683758,1.0461538461538462,0.6011749866312058,first_half
7,19,11,15.096774193548388,0.7286324786324786,0.494140625,0.3606953041477349,first_half
7,20,12,15.096774193548388,0.7948717948717949,0.5569377990430622,0.5145402005166057,first_half
7,21,14,15.096774193548388,0.9273504273504273,0.7542087542087542,0.8964850320202825,first_half
7,22,14,15.096774193548388,0.9273504273504273,0.6712044983722995,0.8964850320202825,first_half
7,23,16,15.096774193548388,1.0598290598290598,0.8398591699562573,0.7937975819531852,first_half
7,24,12,15.096774193548388,0.7948717948717949,0.5507823613086771,0.5145402005166057,first_half
7,25,18,15.096774193548388,1.192307692307692,1.0383412486968608,0.4331554121923039,first_half
7,26,12,15.096774193548388,0.7948717948717949,0.6328548644338118,0.5145402005166057,first_half
7,27,18,15.096774193548388,1.192307692307692,1.0644589000591367,0.4331554121923039,first_half
7,28,9,15.096774193548388,0.596153846153846,0.4545918367346939,0.11880341025384131,first_half
7,29,11,15.096774193548388,0.7286324786324786,0.6030701754385965,0.3606953041477349,first_half
7,30,14,15.096774193548388,0.9273504273504273,0.6491935483870968,0.8964850320202825,first_half
7,31,17,15.096774193548388,1.1260683760683758,0.9818287037037037,0.6011749866312058,first_half
8,9,17,15.096774193548388,1.1260683760683758,1.1490740740740741,0.6011749866312058,first_half
8,10,14,15.096774193548388,0.9273504273504273,0.635163176759102,0.8964850320202825,first_half
8,11,14,15.096774193548388,0.9273504273504273,0.6021505376344086,0.8964850320202825,first_half
8,12,13,15.096774193548388,0.861111111111111,0.7561285846438482,0.6961124404668241,first_half
8,13,15,15.096774193548388,0.9935897435897435,0.8370685791125057,1.0,first_half
8,14,17,15.096774193548388,1.1260683760683758,0.8814814814814815,0.6011749866312058,first_half
8,15,17,15.096774193548388,1.1260683760683758,1.0598765432098765,0.6011749866312058,first_half
8,16,10,15.096774193548388,0.6623931623931624,0.46487208858342877,0.23905729126443812,first_half
8,17,13,15.096774193548388,0.861111111111111,0.6684397163120568,0.6961124404668241,first_half
8,18,16,15.096774193548388,1.0598290598290598,0.9612995699952221,0.7937975819531852,first_half
8,19,19,15.096774193548388,1.2585470085470085,1.019340034965035,0.29638836576123884,first_half
8,20,14,15.096774193548388,0.9273504273504273,0.6788132218239745,0.8964850320202825,first_half
8,21,18,15.096774193548388,1.192307692307692,1.0644589000591367,0.4331554121923039,first_half
8,22,14,15.096774193548388,0.9273504273504273,0.6712044983722995,0.8964850320202825,first_half
8,23,14,15.096774193548388,0.9273504273504273,0.7025089605734767,0.8964850320202825,first_half
8,24,22,15.096774193548388,1.4572649572649572,1.26592894583576,0.08826587488485256,first_half
8,25,11,15.096774193548388,0.7286324786324786,0.5409655448717948,0.3606953041477349,first_half
8,26,14,15.096774193548388,0.9273504273504273,0.7728633189225141,0.8964850320202825,first_half
8,27,13,15.096774193548388,0.861111111111111,0.6845744680851064,0.6961124404668241,first_half
8,28,18,15.096774193548388,1.192307692307692,1.1201382886776146,0.4331554121923039,first_half
8,29,11,15.096774193548388,0.7286324786324786,0.6030701754385965,0.3606953041477349,first_half
8,30,17,15.096774193548388,1.1260683760683758,0.8422018348623853,0.6011749866312058,first_half
8,31,18,15.096774193548388,1.192307692307692,1.0644589000591367,0.4331554121923039,first_half
9,10,12,15.096774193548388,0.7948717948717949,0.5637349864393646,0.5145402005166057,first_half
9,11,14,15.096774193548388,0.9273504273504273,0.651791751183232,0.8964850320202825,first_half
9,12,10,15.096774193548388,0.6623931623931624,0.5853094274146906,0.23905729126443812,first_half
9,13,12,15.096774193548388,0.7948717948717949,0.6755056179775281,0.5145402005166057,first_half
9,14,16,15.096774193548388,1.0598290598290598,0.8790233074361821,0.7937975819531852,first_half
9,15,16,15.096774193548388,1.0598290598290598,1.054945054945055,0.7937975819531852,first_half
9,16,13,15.096774193548388,0.861111111111111,0.6978354978354978,0.6961124404668241,first_half
9,17,8,15.096774193548388,0.5299145299145299,0.39714601547583156,0.0673711763094548,first_half
9,18,14,15.096774193548388,0.9273504273504273,0.8679383712399119,0.8964850320202825,first_half
9,19,16,15.096774193548388,1.0598290598290598,0.869048927982408,0.7937975819531852,first_half
9,20,15,15.096774193548388,0.9935897435897435,0.8052597261464899,1.0,first_half
9,21,10,15.096774193548388,0.6623931623931624,0.5313133468473275,0.23905729126443812,first_half
9,22,17,15.096774193548388,1.1260683760683758,0.9450808625336927,0.6011749866312058,first_half
9,23,16,15.096774193548388,1.0598290598290598,0.9101085094231868,0.7937975819531852,first_half
9,24,12,15.096774193548388,0.7948717948717949,0.5952019435165503,0.5145402005166057,first_half
9,25,13,15.096774193548388,0.861111111111111,0.722704991087344,0.6961124404668241,first_half
9,26,16,15.096774193548388,1.0598290598290598,1.0026006191950465,0.7937975819531852,first_half
9,27,11,15.096774193548388,0.7286324786324786,0.5979302832244009,0.3606953041477349,first_half
9,28,8,15.096774193548388,0.5299145299145299,0.42584903651655487,0.0673711763094548,first_half
9,29,24,15.096774193548388,1.5897435897435899,1.9727589483687045,0.026337968735321536,first_half
9,30,13,15.096774193548388,0.861111111111111,0.6379726468222043,0.6961124404668241,first_half
9,31,19,15.096774193548388,1.2585470085470085,1.2497405293201869,0.29638836576123884,first_half
10,11,23,15.096774193548388,1.5235042735042734,0.923982683982684,0.04935227035325754,first_half
10,12,13,15.096774193548388,0.861111111111111,0.592249527410208,0.6961124404668241,first_half
10,13,17,15.096774193548388,1.1260683760683758,0.7722143195827407,0.6011749866312058,first_half
10,14,14,15.096774193548388,0.9273504273504273,0.5298895386614685,0.8964850320202825,first_half
10,15,16,15.096774193548388,1.0598290598290598,0.7582417582417582,0.7937975819531852,first_half
10,16,22,15.096774193548388,1.4572649572649572,1.0334119496855345,0.08826587488485256,first_half
10,17,15,15.096774193548388,0.9935897435897435,0.6292035398230088,1.0,first_half
10,18,13,15.096774193548388,0.861111111111111,0.5699771167048054,0.6961124404668241,first_half
10,19,14,15.096774193548388,0.9273504273504273,0.5239014968614196,0.8964850320202825,first_half
10,20,22,15.096774193548388,1.4572649572649572,0.9837735849056604,0.08826587488485256,first_half
10,21,21,15.096774193548388,1.391025641025641,1.0282405526208858,0.1495164693933021,first_half
10,22,23,15.096774193548388,1.5235042735042734,1.0382857142857143,0.04935227035325754,first_half
10,23,23,15.096774193548388,1.5235042735042734,1.090674603174603,0.04935227035325754,first_half
10,24,23,15.096774193548388,1.5235042735042734,1.0382857142857143,0.04935227035325754,first_half
10,25,17,15.096774193548388,1.1260683760683758,0.7438867438867439,0.6011749866312058,first_half
10,26,14,15.096774193548388,0.9273504273504273,0.603906673901248,0.8964850320202825,first_half
10,27,23,15.096774193548388,1.5235042735042734,1.177989417989418,0.04935227035325754,first_half
10,28,17,15.096774193548388,1.1260683760683758,0.8023893458676067,0.6011749866312058,first_half
10,29,10,15.096774193548388,0.6623931623931624,0.4219632768361582,0.23905729126443812,first_half
10,30,17,15.096774193548388,1.1260683760683758,0.6533597818001488,0.6011749866312058,first_half
10,31,18,15.096774193548388,1.192307692307692,0.8250717703349282,0.4331554121923039,first_half
11,12,19,15.096774193548388,1.2585470085470085,0.936046511627907,0.29638836576123884,first_half
11,13,14,15.096774193548388,0.9273504273504273,0.5654261704681873,0.8964850320202825,first_half
11,14,17,15.096774193548388,1.1260683760683758,0.6476190476190476,0.6011749866312058,first_half
11,15,15,15.096774193548388,0.9935897435897435,0.6590825350036846,1.0,first_half
11,16,20,15.096774193548388,1.3247863247863247,0.8506411414123172,0.19254627585628603,first_half
11,17,19,15.096774193548388,1.2585470085470085,0.8211805555555556,0.29638836576123884,first_half
11,18,25,15.096774193548388,1.6559829059829059,1.355421686746988,0.01789582141866634,first_half
11,19,18,15.096774193548388,1.192307692307692,0.6916770186335404,0.4331554121923039,first_half
11,20,20,15.096774193548388,1.3247863247863247,0.810341835849384,0.19254627585628603,first_half
11,21,11,15.096774193548388,0.7286324786324786,0.4128093860495018,0.3606953041477349,first_half
11,22,22,15.096774193548388,1.4572649572649572,0.9183837302649184,0.08826587488485256,first_half
11,23,17,15.096774193548388,1.1260683760683758,0.6709770114942529,0.6011749866312058,first_half
11,24,18,15.096774193548388,1.192307692307692,0.6916770186335404,0.4331554121923039,first_half
11,25,12,15.096774193548388,0.7948717948717949,0.4486881168258044,0.5145402005166057,first_half
11,26,15,15.096774193548388,0.9935897435897435,0.6263241525423728,1.0,first_half
11,27,18,15.096774193548388,1.192307692307692,0.7809610983981693,0.4331554121923039,first_half
11,28,15,15.096774193548388,0.9935897435897435,0.6423548503425892,1.0,first_half
11,29,16,15.096774193548388,1.0598290598290598,0.7278252611585945,0.7937975819531852,first_half
11,30,26,15.096774193548388,1.722222222222222,1.139626168224299,0.008545308515344779,first_half
11,31,18,15.096774193548388,1.192307692307692,0.7809610983981693,0.4331554121923039,first_half
12,13,15,15.096774193548388,0.9935897435897435,0.8591065292096219,1.0,first_half
12,14,17,15.096774193548388,1.1260683760683758,0.9051948051948052,0.6011749866312058,first_half
12,15,8,15.096774193548388,0.5299145299145299,0.4148703530146829,0.0673711763094548,first_half
12,16,13,15.096774193548388,0.861111111111111,0.662111801242236,0.6961124404668241,first_half
12,17,17,15.096774193548388,1.1260683760683758,0.9836502782931354,0.6011749866312058,first_half
12,18,17,15.096774193548388,1.1260683760683758,1.0741758241758241,0.6011749866312058,first_half
12,19,16,15.096774193548388,1.0598290598290598,0.8232699779481256,0.7937975819531852,first_half
12,20,24,15.096774193548388,1.5897435897435899,1.508692365835223,0.026337968735321536,first_half
12,21,13,15.096774193548388,0.861111111111111,0.7022826086956522,0.6961124404668241,first_half
12,22,9,15.096774193548388,0.596153846153846,0.3972039473684211,0.11880341025384131,first_half
12,23,16,15.096774193548388,1.0598290598290598,0.8622231918839315,0.7937975819531852,first_half
12,24,19,15.096774193548388,1.2585470085470085,1.0472942754919499,0.29638836576123884,first_half
12,25,11,15.096774193548388,0.7286324786324786,0.5547258592471358,0.3606953041477349,first_half
12,26,14,15.096774193548388,0.9273504273504273,0.7930214115781126,0.8964850320202825,first_half
12,27,15,15.096774193548388,0.9935897435897435,0.8486394557823129,1.0,first_half
12,28,8,15.096774193548388,0.5299145299145299,0.40502194549351844,0.0673711763094548,first_half
12,29,6,15.096774193548388,0.39743589743589747,0.3012121212121212,0.012863930534541365,first_half
12,30,20,15.096774193548388,1.3247863247863247,1.0899001109877913,0.19254627585628603,first_half
12,31,15,15.096774193548388,0.9935897435897435,0.8486394557823129,1.0,first_half
13,14,13,15.096774193548388,0.861111111111111,0.5794643684551941,0.6961124404668241,first_half
13,15,16,15.096774193548388,1.0598290598290598,0.9139194139194139,0.7937975819531852,first_half
13,16,19,15.096774193548388,1.2585470085470085,1.0132507874443357,0.29638836576123884,first_half
13,17,14,15.096774193548388,0.9273504273504273,0.6916548797736917,0.8964850320202825,first_half
13,18,12,15.096774193548388,0.7948717948717949,0.6175,0.5145402005166057,first_half
13,19,22,15.096774193548388,1.4572649572649572,1.1834983498349836,0.08826587488485256,first_half
13,20,13,15.096774193548388,0.861111111111111,0.5794643684551941,0.6961124404668241,first_half
13,21,18,15.096774193548388,1.192307692307692,0.9977603583426652,0.4331554121923039,first_half
13,22,13,15.096774193548388,0.861111111111111,0.5730027548209367,0.6961124404668241,first_half
13,23,17,15.096774193548388,1.1260683760683758,0.856140350877193,0.6011749866312058,first_half
13,24,17,15.096774193548388,1.1260683760683758,0.8170804369414101,0.6011749866312058,first_half
13,25,18,15.096774193548388,1.192307692307692,0.9732397455582364,0.4331554121923039,first_half
13,26,14,15.096774193548388,0.9273504273504273,0.7260677466863034,0.8964850320202825,first_half
13,27,14,15.096774193548388,0.9273504273504273,0.7085137085137085,0.8964850320202825,first_half
13,28,16,15.096774193548388,1.0598290598290598,0.8906810035842294,0.7937975819531852,first_half
13,29,9,15.096774193548388,0.596153846153846,0.44409968972074865,0.11880341025384131,first_half
13,30,16,15.096774193548388,1.0598290598290598,0.7272727272727273,0.7937975819531852,first_half
13,31,11,15.096774193548388,0.7286324786324786,0.5210638710929917,0.3606953041477349,first_half
14,15,15,15.096774193548388,0.9935897435897435,0.7436001625355546,1.0,first_half
14,16,14,15.096774193548388,0.9273504273504273,0.5933048433048433,0.8964850320202825,first_half
14,17,18,15.096774193548388,1.192307692307692,0.8618160190325139,0.4331554121923039,first_half
14,18,12,15.096774193548388,0.7948717948717949,0.55,0.5145402005166057,first_half
14,19,16,15.096774193548388,1.0598290598290598,0.6672544524775172,0.7937975819531852,first_half
14,20,21,15.096774193548388,1.391025641025641,0.9860797960984217,0.1495164693933021,first_half
14,21,13,15.096774193548388,0.861111111111111,0.5724770642201835,0.6961124404668241,first_half
14,22,17,15.096774193548388,1.1260683760683758,0.723989218328841,0.6011749866312058,first_half
14,23,18,15.096774193548388,1.192307692307692,0.8208301599390708,0.4331554121923039,first_half
14,24,23,15.096774193548388,1.5235042735042734,1.1151515151515152,0.04935227035325754,first_half
14,25,24,15.096774193548388,1.5897435897435899,1.315990132316663,0.026337968735321536,first_half
14,26,22,15.096774193548388,1.4572649572649572,1.2137078651685393,0.08826587488485256,first_half
14,27,13,15.096774193548388,0.861111111111111,0.5724770642201835,0.6961124404668241,first_half
14,28,15,15.096774193548388,0.9935897435897435,0.7247961821435673,1.0,first_half
14,29,18,15.096774193548388,1.192307692307692,0.9676573426573427,0.4331554121923039,first_half
14,30,17,15.096774193548388,1.1260683760683758,0.6996068152031455,0.6011749866312058,first_half
14,31,14,15.096774193548388,0.9273504273504273,0.6298166853722409,0.8964850320202825,first_half
15,16,9,15.096774193548388,0.596153846153846,0.4094738812956375,0.11880341025384131,first_half
15,17,15,15.096774193548388,0.9935897435897435,0.8070652173913043,1.0,first_half
15,18,9,15.096774193548388,0.596153846153846,0.4601113172541744,0.11880341025384131,first_half
15,19,11,15.096774193548388,0.7286324786324786,0.494140625,0.3606953041477349,first_half
15,20,16,15.096774193548388,1.0598290598290598,0.8111134148869998,0.7937975819531852,first_half
15,21,18,15.096774193548388,1.192307692307692,1.0644589000591367,0.4331554121923039,first_half
15,22,18,15.096774193548388,1.192307692307692,0.9438202247191011,0.4331554121923039,first_half
15,23,15,15.096774193548388,0.9935897435897435,0.7697533444816054,1.0,first_half
15,24,12,15.096774193548388,0.7948717948717949,0.5507823613086771,0.5145402005166057,first_half
15,25,16,15.096774193548388,1.0598290598290598,0.8808968808968809,0.7937975819531852,first_half
15,26,16,15.096774193548388,1.0598290598290598,0.9253903990746096,0.7937975819531852,first_half
15,27,9,15.096774193548388,0.596153846153846,0.43357535321821034,0.11880341025384131,first_half
15,28,14,15.096774193548388,0.9273504273504273,0.7923033389926429,0.8964850320202825,first_half
15,29,13,15.096774193548388,0.861111111111111,0.7465110958590712,0.6961124404668241,first_half
15,30,16,15.096774193548388,1.0598290598290598,0.7752247752247752,0.7937975819531852,first_half
15,31,19,15.096774193548388,1.2585470085470085,1.1507495164410058,0.29638836576123884,first_half
16,17,16,15.096774193548388,1.0598290598290598,0.7684690037631214,0.7937975819531852,first_half
16,18,11,15.096774193548388,0.7286324786324786,0.5161383562963676,0.3606953041477349,first_half
16,19,17,15.096774193548388,1.1260683760683758,0.7590136372127779,0.6011749866312058,first_half
16,20,17,15.096774193548388,1.1260683760683758,0.7678453559641678,0.6011749866312058,first_half
16,21,13,15.096774193548388,0.861111111111111,0.5992380952380952,0.6961124404668241,first_half
16,22,19,15.096774193548388,1.2585470085470085,0.8857808857808858,0.29638836576123884,first_half
16,23,16,15.096774193548388,1.0598290598290598,0.7325337902151152,0.7937975819531852,first_half
16,24,19,15.096774193548388,1.2585470085470085,0.8857808857808858,0.29638836576123884,first_half
16,25,19,15.096774193548388,1.2585470085470085,0.9755892255892256,0.29638836576123884,first_half
16,26,19,15.096774193548388,1.2585470085470085,1.0263504611330698,0.29638836576123884,first_half
16,27,9,15.096774193548388,0.596153846153846,0.38108680310515175,0.11880341025384131,first_half
16,28,16,15.096774193548388,1.0598290598290598,0.8281678262702931,0.7937975819531852,first_half
16,29,16,15.096774193548388,1.0598290598290598,0.8610021786492374,0.7937975819531852,first_half
16,30,19,15.096774193548388,1.2585470085470085,0.8555649957519117,0.29638836576123884,first_half
16,31,18,15.096774193548388,1.192307692307692,0.9265263157894736,0.4331554121923039,first_half
17,18,14,15.096774193548388,0.9273504273504273,0.7269854645038972,0.8964850320202825,first_half
17,19,22,15.096774193548388,1.4572649572649572,1.138294474608751,0.08826587488485256,first_half
17,20,19,15.096774193548388,1.2585470085470085,0.9300161812297735,0.29638836576123884,first_half
17,21,13,15.096774193548388,0.861111111111111,0.620686274509804,0.6961124404668241,first_half
17,22,18,15.096774193548388,1.192307692307692,0.851840942562592,0.4331554121923039,first_half
17,23,18,15.096774193548388,1.192307692307692,0.8929264060426662,0.4331554121923039,first_half
17,24,18,15.096774193548388,1.192307692307692,0.851840942562592,0.4331554121923039,first_half
17,25,14,15.096774193548388,0.9273504273504273,0.666993432016469,0.8964850320202825,first_half
17,26,14,15.096774193548388,0.9273504273504273,0.7002143513320405,0.8964850320202825,first_half
17,27,12,15.096774193548388,0.7948717948717949,0.5606075170623859,0.5145402005166057,first_half
17,28,13,15.096774193548388,0.861111111111111,0.6518586601307189,0.6961124404668241,first_half
17,29,19,15.096774193548388,1.2585470085470085,1.1374521072796935,0.29638836576123884,first_half
17,30,15,15.096774193548388,0.9935897435897435,0.6432432432432432,1.0,first_half
17,31,11,15.096774193548388,0.7286324786324786,0.5029223227752639,0.3606953041477349,first_half
18,19,13,15.096774193548388,0.861111111111111,0.6021052631578947,0.6961124404668241,first_half
18,20,17,15.096774193548388,1.1260683760683758,0.8700156985871271,0.6011749866312058,first_half
18,21,18,15.096774193548388,1.192307692307692,1.0505263157894738,0.4331554121923039,first_half
18,22,18,15.096774193548388,1.192307692307692,0.9314285714285714,0.4331554121923039,first_half
18,23,12,15.096774193548388,0.7948717948717949,0.5689252336448598,0.5145402005166057,first_half
18,24,15,15.096774193548388,0.9935897435897435,0.7258064516129032,1.0,first_half
18,25,15,15.096774193548388,0.9935897435897435,0.7967741935483871,1.0,first_half
18,26,15,15.096774193548388,0.9935897435897435,0.8366935483870968,1.0,first_half
18,27,15,15.096774193548388,0.9935897435897435,0.8163265306122449,1.0,first_half
18,28,14,15.096774193548388,0.9273504273504273,0.7823068309070549,0.8964850320202825,first_half
18,29,13,15.096774193548388,0.861111111111111,0.7371816638370119,0.6961124404668241,first_half
18,30,19,15.096774193548388,1.2585470085470085,0.9716475900451539,0.29638836576123884,first_half
18,31,16,15.096774193548388,1.0598290598290598,0.8910802330793366,0.7937975819531852,first_half
19,20,22,15.096774193548388,1.4572649572649572,1.0433663366336634,0.08826587488485256,first_half
19,21,14,15.096774193548388,0.9273504273504273,0.6227411731998888,0.8964850320202825,first_half
19,22,22,15.096774193548388,1.4572649572649572,1.030879325556318,0.08826587488485256,first_half
19,23,18,15.096774193548388,1.192307692307692,0.8113154172560113,0.4331554121923039,first_half
19,24,14,15.096774193548388,0.9273504273504273,0.5538254355693966,0.8964850320202825,first_half
19,25,14,15.096774193548388,0.9273504273504273,0.6078662912162776,0.8964850320202825,first_half
19,26,13,15.096774193548388,0.861111111111111,0.5800556586270872,0.6961124404668241,first_half
19,27,16,15.096774193548388,1.0598290598290598,0.7430388284035071,0.7937975819531852,first_half
19,28,20,15.096774193548388,1.3247863247863247,1.0690520344714738,0.19254627585628603,first_half
19,29,17,15.096774193548388,1.1260683760683758,0.8829764680941277,0.6011749866312058,first_half
19,30,19,15.096774193548388,1.2585470085470085,0.8058950395398994,0.29638836576123884,first_half
19,31,18,15.096774193548388,1.192307692307692,0.8733834586466166,0.4331554121923039,first_half
20,21,12,15.096774193548388,0.7948717948717949,0.5173717371737173,0.5145402005166057,first_half
20,22,16,15.096774193548388,1.0598290598290598,0.6672544524775172,0.7937975819531852,first_half
20,23,20,15.096774193548388,1.3247863247863247,0.9526638938403644,0.19254627585628603,first_half
20,24,17,15.096774193548388,1.1260683760683758,0.723989218328841,0.6011749866312058,first_half
20,25,19,15.096774193548388,1.2585470085470085,0.9300161812297735,0.29638836576123884,first_half
20,26,12,15.096774193548388,0.7948717948717949,0.5300275482093664,0.5145402005166057,first_half
20,27,24,15.096774193548388,1.5897435897435899,1.351066269204311,0.026337968735321536,first_half
20,28,16,15.096774193548388,1.0598290598290598,0.7904240210996145,0.7937975819531852,first_half
20,29,16,15.096774193548388,1.0598290598290598,0.8218029350104822,0.7937975819531852,first_half
20,30,11,15.096774193548388,0.7286324786324786,0.4007050528789659,0.3606953041477349,first_half
20,31,15,15.096774193548388,0.9935897435897435,0.6894907495708564,1.0,first_half
21,22,15,15.096774193548388,0.9935897435897435,0.6816893424036281,1.0,first_half
21,23,16,15.096774193548388,1.0598290598290598,0.778300470423381,0.7937975819531852,first_half
21,24,14,15.096774193548388,0.9273504273504273,0.6227411731998888,0.8964850320202825,first_half
21,25,18,15.096774193548388,1.192307692307692,0.9610417797069994,0.4331554121923039,first_half
21,26,12,15.096774193548388,0.7948717948717949,0.588058805880588,0.5145402005166057,first_half
21,27,21,15.096774193548388,1.391025641025641,1.2331049149338373,0.1495164693933021,first_half
21,28,22,15.096774193548388,1.4572649572649572,1.3949728432487054,0.08826587488485256,first_half
21,29,13,15.096774193548388,0.861111111111111,0.6933333333333334,0.6961124404668241,first_half
21,30,17,15.096774193548388,1.1260683760683758,0.7798165137614679,0.6011749866312058,first_half
21,31,11,15.096774193548388,0.7286324786324786,0.5148981161091888,0.3606953041477349,first_half
22,23,14,15.096774193548388,0.9273504273504273,0.5798165137614679,0.8964850320202825,first_half
22,24,10,15.096774193548388,0.6623931623931624,0.36494635445218887,0.23905729126443812,first_half
22,25,22,15.096774193548388,1.4572649572649572,1.138294474608751,0.08826587488485256,first_half
22,26,19,15.096774193548388,1.2585470085470085,0.9670777591973244,0.29638836576123884,first_half
22,27,20,15.096774193548388,1.3247863247863247,1.0147196993423113,0.19254627585628603,first_half
22,28,14,15.096774193548388,0.9273504273504273,0.654369869628199,0.8964850320202825,first_half
22,29,15,15.096774193548388,0.9935897435897435,0.7448107448107448,1.0,first_half
22,30,21,15.096774193548388,1.391025641025641,0.9294117647058824,0.1495164693933021,first_half
22,31,9,15.096774193548388,0.596153846153846,0.3605769230769231,0.11880341025384131,first_half
23,24,17,15.096774193548388,1.1260683760683758,0.75,0.6011749866312058,first_half
23,25,14,15.096774193548388,0.9273504273504273,0.6363036303630363,0.8964850320202825,first_half
23,26,13,15.096774193548388,0.861111111111111,0.6069503273007316,0.6961124404668241,first_half
23,27,14,15.096774193548388,0.9273504273504273,0.6518518518518519,0.8964850320202825,first_half
23,28,8,15.096774193548388,0.5299145299145299,0.34394790830434396,0.0673711763094548,first_half
23,29,19,15.096774193548388,1.2585470085470085,1.0832183908045978,0.29638836576123884,first_half
23,30,19,15.096774193548388,1.2585470085470085,0.8452336448598131,0.29638836576123884,first_half
23,31,18,15.096774193548388,1.192307692307692,0.9154768108389786,0.4331554121923039,first_half
24,25,23,15.096774193548388,1.5235042735042734,1.2175,0.04935227035325754,first_half
24,26,17,15.096774193548388,1.1260683760683758,0.8274789241268566,0.6011749866312058,first_half
24,27,15,15.096774193548388,0.9935897435897435,0.6816893424036281,1.0,first_half
24,28,18,15.096774193548388,1.192307692307692,0.9193092621664051,0.4331554121923039,first_half
24,29,19,15.096774193548388,1.2585470085470085,1.03315649867374,0.29638836576123884,first_half
24,30,18,15.096774193548388,1.192307692307692,0.7476190476190476,0.4331554121923039,first_half
24,31,15,15.096774193548388,0.9935897435897435,0.6816893424036281,1.0,first_half
25,26,13,15.096774193548388,0.861111111111111,0.635954381752701,0.6961124404668241,first_half
25,27,12,15.096774193548388,0.7948717948717949,0.5606075170623859,0.5145402005166057,first_half
25,28,16,15.096774193548388,1.0598290598290598,0.8584772455740197,0.7937975819531852,first_half
25,29,10,15.096774193548388,0.6623931623931624,0.4871031746031746,0.23905729126443812,first_half
25,30,17,15.096774193548388,1.1260683760683758,0.7607189664856768,0.6011749866312058,first_half
25,31,13,15.096774193548388,0.861111111111111,0.620686274509804,0.6961124404668241,first_half
26,27,13,15.096774193548388,0.861111111111111,0.6513265306122449,0.6961124404668241,first_half
26,28,17,15.096774193548388,1.1260683760683758,0.9809204440333025,0.6011749866312058,first_half
26,29,12,15.096774193548388,0.7948717948717949,0.6408768536428111,0.5145402005166057,first_half
26,30,19,15.096774193548388,1.2585470085470085,0.934173100365705,0.29638836576123884,first_half
26,31,17,15.096774193548388,1.1260683760683758,0.9325132978723404,0.6011749866312058,first_half
27,28,17,15.096774193548388,1.1260683760683758,0.956634963768116,0.6011749866312058,first_half
27,29,19,15.096774193548388,1.2585470085470085,1.1662998288089998,0.29638836576123884,first_half
27,30,10,15.096774193548388,0.6623931623931624,0.39588215600937393,0.23905729126443812,first_half
27,31,17,15.096774193548388,1.1260683760683758,0.9093967013888888,0.6011749866312058,first_half
28,29,18,15.096774193548388,1.192307692307692,1.1351148851148851,0.4331554121923039,first_half
28,30,12,15.096774193548388,0.7948717948717949,0.5198046663049376,0.5145402005166057,first_half
28,31,12,15.096774193548388,0.7948717948717949,0.6026334592222109,0.5145402005166057,first_half
29,30,17,15.096774193548388,1.1260683760683758,0.8534171734872693,0.6011749866312058,first_half
29,31,9,15.096774193548388,0.596153846153846,0.4389373513084853,0.11880341025384131,first_half
30,31,17,15.096774193548388,1.1260683760683758,0.7798165137614679,0.6011749866312058,first_half
1,2,15,15.096774193548388,0.9935897435897435,0.6156521739130435,1.0,second_half
1,3,17,15.096774193548388,1.1260683760683758,0.7356960641399417,0.6011749866312058,second_half
1,4,10,15.096774193548388,0.6623931623931624,0.41764962865880295,0.23905729126443812,second_half
1,5,18,15.096774193548388,1.192307692307692,0.9490979381443299,0.4331554121923039,second_half
1,6,9,15.096774193548388,0.596153846153846,0.5380896226415094,0.11880341025384131,second_half
1,7,16,15.096774193548388,1.0598290598290598,0.8584772455740197,0.7937975819531852,second_half
1,8,11,15.096774193548388,0.7286324786324786,0.6333562271062271,0.3606953041477349,second_half
1,9,15,15.096774193548388,0.9935897435897435,0.7967741935483871,1.0,second_half
1,10,14,15.096774193548388,0.9273504273504273,0.7654565456545654,0.8964850320202825,second_half
1,11,25,15.096774193548388,1.6559829059829059,1.2319958847736625,0.01789582141866634,second_half
1,12,13,15.096774193548388,0.861111111111111,0.7324768988054993,0.6961124404668241,second_half
1,13,11,15.096774193548388,0.7286324786324786,0.5547258592471358,0.3606953041477349,second_half
1,14,21,15.096774193548388,1.391025641025641,1.0375409165302782,0.1495164693933021,second_half
1,15,12,15.096774193548388,0.7948717948717949,0.760268857356236,0.5145402005166057,second_half
1,16,13,15.096774193548388,0.861111111111111,0.6060169165705498,0.6961124404668241,second_half
1,17,14,15.096774193548388,0.9273504273504273,0.7458028411536806,0.8964850320202825,second_half
1,18,14,15.096774193548388,0.9273504273504273,0.666993432016469,0.8964850320202825,second_half
1,19,19,15.096774193548388,1.2585470085470085,0.9300161812297735,0.29638836576123884,second_half
1,20,17,15.096774193548388,1.1260683760683758,0.8872236394557823,0.6011749866312058,second_half
1,21,16,15.096774193548388,1.0598290598290598,0.6779297398766425,0.7937975819531852,second_half
1,22,14,15.096774193548388,0.9273504273504273,0.6513505719503989,0.8964850320202825,second_half
1,23,15,15.096774193548388,0.9935897435897435,0.7217821782178218,1.0,second_half
1,24,10,15.096774193548388,0.6623931623931624,0.5190999476713762,0.23905729126443812,second_half
1,25,20,15.096774193548388,1.3247863247863247,1.2264381884944922,0.19254627585628603,second_half
1,26,11,15.096774193548388,0.7286324786324786,0.6607312440645774,0.3606953041477349,second_half
1,27,19,15.096774193548388,1.2585470085470085,0.8679281345565749,0.29638836576123884,second_half
1,28,12,15.096774193548388,0.7948717948717949,0.5539691604797259,0.5145402005166057,second_half
1,29,23,15.096774193548388,1.5235042735042734,1.2786458333333333,0.04935227035325754,second_half
1,30,14,15.096774193548388,0.9273504273504273,0.6832683268326832,0.8964850320202825,second_half
1,31,22,15.096774193548388,1.4572649572649572,0.9502803051190148,0.08826587488485256,second_half
2,3,27,15.096774193548388,1.7884615384615383,1.2078812107367218,0.003974176871214967,second_half
2,4,21,15.096774193548388,1.391025641025641,0.9318479685452162,0.1495164693933021,second_half
2,5,17,15.096774193548388,1.1260683760683758,0.7367028555788705,0.6011749866312058,second_half
2,6,11,15.096774193548388,0.7286324786324786,0.5854341736694678,0.3606953041477349,second_half
2,7,16,15.096774193548388,1.0598290598290598,0.7228824750047161,0.7937975819531852,second_half
2,8,13,15.096774193548388,0.861111111111111,0.6639566395663956,0.6961124404668241,second_half
2,9,14,15.096774193548388,0.9273504273504273,0.6137197358767424,0.8964850320202825,second_half
2,10,15,15.096774193548388,0.9935897435897435,0.7078651685393258,1.0,second_half
2,11,24,15.096774193548388,1.5897435897435899,0.9617448502683054,0.026337968735321536,second_half
2,12,10,15.096774193548388,0.6623931623931624,0.4462962962962963,0.23905729126443812,second_half
2,13,19,15.096774193548388,1.2585470085470085,0.967316153362665,0.29638836576123884,second_half
2,14,20,15.096774193548388,1.3247863247863247,0.8086580086580086,0.19254627585628603,second_half
2,15,15,15.096774193548388,0.9935897435897435,0.8643478260869565,1.0,second_half
2,16,21,15.096774193548388,1.391025641025641,0.9796993948858091,0.1495164693933021,second_half
2,17,12,15.096774193548388,0.7948717948717949,0.5171294626758024,0.5145402005166057,second_half
2,18,19,15.096774193548388,1.2585470085470085,0.8487237237237237,0.29638836576123884,second_half
2,19,20,15.096774193548388,1.3247863247863247,0.8377896613190731,0.19254627585628603,second_half
2,20,13,15.096774193548388,0.861111111111111,0.5244444444444445,0.6961124404668241,second_half
2,21,18,15.096774193548388,1.192307692307692,0.6674710424710425,0.4331554121923039,second_half
2,22,19,15.096774193548388,1.2585470085470085,0.8279095421952565,0.29638836576123884,second_half
2,23,21,15.096774193548388,1.391025641025641,0.9673587638821826,0.1495164693933021,second_half
2,24,22,15.096774193548388,1.4572649572649572,1.2712142522269105,0.08826587488485256,second_half
2,25,18,15.096774193548388,1.192307692307692,0.8839285714285714,0.4331554121923039,second_half
2,26,12,15.096774193548388,0.7948717948717949,0.6254237288135593,0.5145402005166057,second_half
2,27,19,15.096774193548388,1.2585470085470085,0.7270848830481857,0.29638836576123884,second_half
2,28,20,15.096774193548388,1.3247863247863247,0.9245647969052224,0.19254627585628603,second_half
2,29,16,15.096774193548388,1.0598290598290598,0.6390734116845512,0.7937975819531852,second_half
2,30,15,15.096774193548388,0.9935897435897435,0.6308784383318545,1.0,second_half
2,31,18,15.096774193548388,1.192307692307692,0.599025974025974,0.4331554121923039,second_half
3,4,25,15.096774193548388,1.6559829059829059,1.2249386252045826,0.01789582141866634,second_half
3,5,18,15.096774193548388,1.192307692307692,0.8057432432432432,0.4331554121923039,second_half
3,6,13,15.096774193548388,0.861111111111111,0.7328720508166969,0.6961124404668241,second_half
3,7,12,15.096774193548388,0.7948717948717949,0.5033042558815755,0.5145402005166057,second_half
3,8,18,15.096774193548388,1.192307692307692,1.0445770445770446,0.4331554121923039,second_half
3,9,17,15.096774193548388,1.1260683760683758,0.8039638932496075,0.6011749866312058,second_half
3,10,21,15.096774193548388,1.391025641025641,1.1479250334672022,0.1495164693933021,second_half
3,11,21,15.096774193548388,1.391025641025641,0.8003472222222222,0.1495164693933021,second_half
3,12,16,15.096774193548388,1.0598290598290598,0.8242730720606827,0.7937975819531852,second_half
3,13,16,15.096774193548388,1.0598290598290598,0.7700109376553644,0.7937975819531852,second_half
3,14,26,15.096774193548388,1.722222222222222,1.2085907619888203,0.008545308515344779,second_half
3,15,14,15.096774193548388,0.9273504273504273,0.7961098398169336,0.8964850320202825,second_half
3,16,19,15.096774193548388,1.2585470085470085,0.8582386363636364,0.29638836576123884,second_half
3,17,14,15.096774193548388,0.9273504273504273,0.63648393194707,0.8964850320202825,second_half
3,18,11,15.096774193548388,0.7286324786324786,0.4203878748370274,0.3606953041477349,second_half
3,19,18,15.096774193548388,1.192307692307692,0.7312889812889813,0.4331554121923039,second_half
3,20,18,15.096774193548388,1.192307692307692,0.8159317211948791,0.4331554121923039,second_half
3,21,12,15.096774193548388,0.7948717948717949,0.3997370151216305,0.5145402005166057,second_half
3,22,20,15.096774193548388,1.3247863247863247,0.9004066963019011,0.19254627585628603,second_half
3,23,20,15.096774193548388,1.3247863247863247,0.911697247706422,0.19254627585628603,second_half
3,24,11,15.096774193548388,0.7286324786324786,0.5002824858757062,0.3606953041477349,second_half
3,25,15,15.096774193548388,0.9935897435897435,0.6969346443030654,1.0,second_half
3,26,10,15.096774193548388,0.6623931623931624,0.5031768805083009,0.23905729126443812,second_half
3,27,22,15.096774193548388,1.4572649572649572,0.9058367131017457,0.08826587488485256,second_half
3,28,15,15.096774193548388,0.9935897435897435,0.6299840510366826,1.0,second_half
3,29,11,15.096774193548388,0.7286324786324786,0.4013653483992467,0.3606953041477349,second_half
3,30,11,15.096774193548388,0.7286324786324786,0.43045862412761715,0.3606953041477349,second_half
3,31,28,15.096774193548388,1.8547008547008546,1.153866738025154,0.002389624221152673,second_half
4,5,14,15.096774193548388,0.9273504273504273,0.644,0.8964850320202825,second_half
4,6,11,15.096774193548388,0.7286324786324786,0.6594254510921178,0.3606953041477349,second_half
4,7,11,15.096774193548388,0.7286324786324786,0.5040627362055934,0.3606953041477349,second_half
4,8,8,15.096774193548388,0.5299145299145299,0.4108936522729626,0.0673711763094548,second_half
4,9,20,15.096774193548388,1.3247863247863247,1.1363636363636365,0.19254627585628603,second_half
4,10,12,15.096774193548388,0.7948717948717949,0.5985371800081267,0.5145402005166057,second_half
4,11,22,15.096774193548388,1.4572649572649572,0.9644283458716448,0.08826587488485256,second_half
4,12,9,15.096774193548388,0.596153846153846,0.44235764235764236,0.11880341025384131,second_half
4,13,15,15.096774193548388,0.9935897435897435,0.7900641025641025,1.0,second_half
4,14,13,15.096774193548388,0.861111111111111,0.5157513477088949,0.6961124404668241,second_half
4,15,15,15.096774193548388,0.9935897435897435,0.9769230769230769,1.0,second_half
4,16,25,15.096774193548388,1.6559829059829059,1.456855791962175,0.01789582141866634,second_half
4,17,12,15.096774193548388,0.7948717948717949,0.5834161861205011,0.5145402005166057,second_half
4,18,18,15.096774193548388,1.192307692307692,0.8929264060426662,0.4331554121923039,second_half
4,19,18,15.096774193548388,1.192307692307692,0.8208301599390708,0.4331554121923039,second_half
4,20,13,15.096774193548388,0.861111111111111,0.5923584905660377,0.6961124404668241,second_half
4,21,14,15.096774193548388,0.9273504273504273,0.542608695652174,0.8964850320202825,second_half
4,22,16,15.096774193548388,1.0598290598290598,0.7413246178986831,0.7937975819531852,second_half
4,23,12,15.096774193548388,0.7948717948717949,0.5165348670021567,0.5145402005166057,second_half
4,24,18,15.096774193548388,1.192307692307692,1.073601336037218,0.4331554121923039,second_half
4,25,13,15.096774193548388,0.861111111111111,0.646175694867113,0.6961124404668241,second_half
4,26,15,15.096774193548388,0.9935897435897435,0.9478021978021978,1.0,second_half
4,27,20,15.096774193548388,1.3247863247863247,0.8885147774036662,0.19254627585628603,second_half
4,28,17,15.096774193548388,1.1260683760683758,0.8350515463917526,0.6011749866312058,second_half
4,29,20,15.096774193548388,1.3247863247863247,0.9876543209876543,0.19254627585628603,second_half
4,30,15,15.096774193548388,0.9935897435897435,0.7137951334379906,1.0,second_half
4,31,24,15.096774193548388,1.5897435897435899,1.0281006864988558,0.026337968735321536,second_half
5,6,17,15.096774193548388,1.1260683760683758,1.2560137457044673,0.6011749866312058,second_half
5,7,14,15.096774193548388,0.9273504273504273,0.7265263157894737,0.8964850320202825,second_half
5,8,14,15.096774193548388,0.9273504273504273,0.8762962962962964,0.8964850320202825,second_half
5,9,13,15.096774193548388,0.861111111111111,0.6679520583637311,0.6961124404668241,second_half
5,10,11,15.096774193548388,0.7286324786324786,0.5684309426871281,0.3606953041477349,second_half
5,11,16,15.096774193548388,1.0598290598290598,0.6572475143903715,0.7937975819531852,second_half
5,12,19,15.096774193548388,1.2585470085470085,1.2518518518518518,0.29638836576123884,second_half
5,13,14,15.096774193548388,0.9273504273504273,0.7646153846153846,0.8964850320202825,second_half
5,14,17,15.096774193548388,1.1260683760683758,0.7789232531500573,0.6011749866312058,second_half
5,15,10,15.096774193548388,0.6623931623931624,0.6105769230769231,0.23905729126443812,second_half
5,16,18,15.096774193548388,1.192307692307692,0.9490979381443299,0.4331554121923039,second_half
5,17,12,15.096774193548388,0.7948717948717949,0.6182728410513142,0.5145402005166057,second_half
5,18,17,15.096774193548388,1.1260683760683758,0.8762886597938144,0.6011749866312058,second_half
5,19,12,15.096774193548388,0.7948717948717949,0.5112299465240642,0.5145402005166057,second_half
5,20,22,15.096774193548388,1.4572649572649572,1.306020066889632,0.08826587488485256,second_half
5,21,19,15.096774193548388,1.2585470085470085,0.8690909090909091,0.29638836576123884,second_half
5,22,17,15.096774193548388,1.1260683760683758,0.8552577319587629,0.6011749866312058,second_half
5,23,14,15.096774193548388,0.9273504273504273,0.6670588235294118,0.8964850320202825,second_half
5,24,18,15.096774193548388,1.192307692307692,1.1408132530120483,0.4331554121923039,second_half
5,25,13,15.096774193548388,0.861111111111111,0.6850846374960077,0.6961124404668241,second_half
5,26,10,15.096774193548388,0.6623931623931624,0.5933395872420263,0.23905729126443812,second_half
5,27,17,15.096774193548388,1.1260683760683758,0.7531345778768459,0.6011749866312058,second_half
5,28,12,15.096774193548388,0.7948717948717949,0.5605536332179931,0.5145402005166057,second_half
5,29,18,15.096774193548388,1.192307692307692,0.9040841584158416,0.4331554121923039,second_half
5,30,14,15.096774193548388,0.9273504273504273,0.6915151515151515,0.8964850320202825,second_half
5,31,11,15.096774193548388,0.7286324786324786,0.38379854368932037,0.3606953041477349,second_half
6,7,9,15.096774193548388,0.596153846153846,0.577125,0.11880341025384131,second_half
6,8,14,15.096774193548388,0.9273504273504273,1.226008230452675,0.8964850320202825,second_half
6,9,4,15.096774193548388,0.26495726495726496,0.23031674208144795,0.001550084944235848,second_half
6,10,12,15.096774193548388,0.7948717948717949,0.8825522303783173,0.5145402005166057,second_half
6,11,17,15.096774193548388,1.1260683760683758,1.0116139846743295,0.6011749866312058,second_half
6,12,13,15.096774193548388,0.861111111111111,1.0341802782819116,0.6961124404668241,second_half
6,13,11,15.096774193548388,0.7286324786324786,0.7786415711947627,0.3606953041477349,second_half
6,14,17,15.096774193548388,1.1260683760683758,1.1040380658436213,0.6011749866312058,second_half
6,15,14,15.096774193548388,0.9273504273504273,1.3189473684210526,0.8964850320202825,second_half
6,16,11,15.096774193548388,0.7286324786324786,0.6902120315581854,0.3606953041477349,second_half
6,17,13,15.096774193548388,0.861111111111111,0.9564233163554047,0.6961124404668241,second_half
6,18,12,15.096774193548388,0.7948717948717949,0.7716555289370823,0.5145402005166057,second_half
6,19,7,15.096774193548388,0.46367521367521364,0.3696712619300106,0.035775208689358656,second_half
6,20,13,15.096774193548388,0.861111111111111,0.8775,0.6961124404668241,second_half
6,21,12,15.096774193548388,0.7948717948717949,0.6606726606726607,0.5145402005166057,second_half
6,22,10,15.096774193548388,0.6623931623931624,0.5986040459008636,0.23905729126443812,second_half
6,23,17,15.096774193548388,1.1260683760683758,1.2258698092031426,0.6011749866312058,second_half
6,24,9,15.096774193548388,0.596153846153846,0.6370923913043478,0.11880341025384131,second_half
6,25,11,15.096774193548388,0.7286324786324786,0.7689608636977058,0.3606953041477349,second_half
6,26,7,15.096774193548388,0.46367521367521364,0.5302725968436155,0.035775208689358656,second_half
6,27,9,15.096774193548388,0.596153846153846,0.4670168067226891,0.11880341025384131,second_half
6,28,8,15.096774193548388,0.5299145299145299,0.4723969252271139,0.0673711763094548,second_half
6,29,16,15.096774193548388,1.0598290598290598,1.0852506982311478,0.7937975819531852,second_half
6,30,13,15.096774193548388,0.861111111111111,0.8775,0.6961124404668241,second_half
6,31,16,15.096774193548388,1.0598290598290598,0.8731484575119723,0.7937975819531852,second_half
7,8,14,15.096774193548388,0.9273504273504273,0.9315139701104613,0.8964850320202825,second_half
7,9,18,15.096774193548388,1.192307692307692,1.1054945054945056,0.4331554121923039,second_half
7,10,13,15.096774193548388,0.861111111111111,0.7470238095238095,0.6961124404668241,second_half
7,11,17,15.096774193548388,1.1260683760683758,0.7598388305847077,0.6011749866312058,second_half
7,12,10,15.096774193548388,0.6623931623931624,0.5645342312008979,0.23905729126443812,second_half
7,13,10,15.096774193548388,0.6623931623931624,0.529505582137161,0.23905729126443812,second_half
7,14,21,15.096774193548388,1.391025641025641,1.1220498251748252,0.1495164693933021,second_half
7,15,10,15.096774193548388,0.6623931623931624,0.6477272727272727,0.23905729126443812,second_half
7,16,9,15.096774193548388,0.596153846153846,0.4134905660377359,0.11880341025384131,second_half
7,17,17,15.096774193548388,1.1260683760683758,1.046409379579873,0.6011749866312058,second_half
7,18,17,15.096774193548388,1.1260683760683758,0.933340727595386,0.6011749866312058,second_half
7,19,19,15.096774193548388,1.2585470085470085,1.0043149946062568,0.29638836576123884,second_half
7,20,12,15.096774193548388,0.7948717948717949,0.6026334592222109,0.5145402005166057,second_half
7,21,20,15.096774193548388,1.3247863247863247,0.9978352747139471,0.19254627585628603,second_half
7,22,18,15.096774193548388,1.192307692307692,0.987012987012987,0.4331554121923039,second_half
7,23,13,15.096774193548388,0.861111111111111,0.6442152103559871,0.6961124404668241,second_half
7,24,16,15.096774193548388,1.0598290598290598,1.0282099936748894,0.7937975819531852,second_half
7,25,15,15.096774193548388,0.9935897435897435,0.8802899228431144,1.0,second_half
7,26,11,15.096774193548388,0.7286324786324786,0.709498614260519,0.3606953041477349,second_half
7,27,16,15.096774193548388,1.0598290598290598,0.738863287250384,0.7937975819531852,second_half
7,28,16,15.096774193548388,1.0598290598290598,0.8689927583936801,0.7937975819531852,second_half
7,29,14,15.096774193548388,0.9273504273504273,0.6849122807017544,0.8964850320202825,second_half
7,30,14,15.096774193548388,0.9273504273504273,0.7353535353535353,0.8964850320202825,second_half
7,31,18,15.096774193548388,1.192307692307692,0.771592044319317,0.4331554121923039,second_half
8,9,13,15.096774193548388,0.861111111111111,0.8544287548138639,0.6961124404668241,second_half
8,10,15,15.096774193548388,0.9935897435897435,1.0912921348314606,1.0,second_half
8,11,17,15.096774193548388,1.1260683760683758,0.9225243147656941,0.6011749866312058,second_half
8,12,15,15.096774193548388,0.9935897435897435,1.151470588235294,1.0,second_half
8,13,9,15.096774193548388,0.596153846153846,0.5570494186046512,0.11880341025384131,second_half
8,14,17,15.096774193548388,1.1260683760683758,1.0070037986704654,0.6011749866312058,second_half
8,15,2,15.096774193548388,0.13247863247863248,0.12683284457478006,6.779574803934737e-05,second_half
8,16,11,15.096774193548388,0.7286324786324786,0.6333562271062271,0.3606953041477349,second_half
8,17,11,15.096774193548388,0.7286324786324786,0.7057644110275689,0.3606953041477349,second_half
8,18,5,15.096774193548388,0.3311965811965812,0.251010101010101,0.005665688795520086,second_half
8,19,12,15.096774193548388,0.7948717948717949,0.6532311062431544,0.5145402005166057,second_half
8,20,11,15.096774193548388,0.7286324786324786,0.648342670401494,0.3606953041477349,second_half
8,21,16,15.096774193548388,1.0598290598290598,0.8854038310742691,0.7937975819531852,second_half
8,22,15,15.096774193548388,0.9935897435897435,0.9283088235294118,1.0,second_half
8,23,12,15.096774193548388,0.7948717948717949,0.6992585727525487,0.5145402005166057,second_half
8,24,8,15.096774193548388,0.5299145299145299,0.5082190087751823,0.0673711763094548,second_half
8,25,11,15.096774193548388,0.7286324786324786,0.7057644110275689,0.3606953041477349,second_half
8,26,12,15.096774193548388,0.7948717948717949,0.9524096385542169,0.5145402005166057,second_half
8,27,19,15.096774193548388,1.2585470085470085,1.1422018348623852,0.29638836576123884,second_half
8,28,15,15.096774193548388,0.9935897435897435,0.9621212121212122,1.0,second_half
8,29,15,15.096774193548388,0.9935897435897435,0.9068509615384616,1.0,second_half
8,30,12,15.096774193548388,0.7948717948717949,0.7243230347131099,0.5145402005166057,second_half
8,31,15,15.096774193548388,0.9935897435897435,0.7303427419354839,1.0,second_half
9,10,12,15.096774193548388,0.7948717948717949,0.6820652173913043,0.5145402005166057,second_half
9,11,20,15.096774193548388,1.3247863247863247,0.9674175382139983,0.19254627585628603,second_half
9,12,9,15.096774193548388,0.596153846153846,0.5024975024975025,0.11880341025384131,second_half
9,13,18,15.096774193548388,1.192307692307692,1.1655172413793105,0.4331554121923039,second_half
9,14,22,15.096774193548388,1.4572649572649572,1.2194626326484534,0.08826587488485256,second_half
9,15,13,15.096774193548388,0.861111111111111,0.9187969924812031,0.6961124404668241,second_half
9,16,11,15.096774193548388,0.7286324786324786,0.5342981760507534,0.3606953041477349,second_half
9,17,13,15.096774193548388,0.861111111111111,0.7371816638370119,0.6961124404668241,second_half
9,18,14,15.096774193548388,0.9273504273504273,0.7269854645038972,0.8964850320202825,second_half
9,19,18,15.096774193548388,1.192307692307692,0.9423076923076923,0.4331554121923039,second_half
9,20,6,15.096774193548388,0.39743589743589747,0.2677295217152281,0.012863930534541365,second_half
9,21,22,15.096774193548388,1.4572649572649572,1.1643121060638992,0.08826587488485256,second_half
9,22,15,15.096774193548388,0.9935897435897435,0.777988614800759,1.0,second_half
9,23,12,15.096774193548388,0.7948717948717949,0.5889423076923077,0.5145402005166057,second_half
9,24,13,15.096774193548388,0.861111111111111,0.7868421052631579,0.6961124404668241,second_half
9,25,13,15.096774193548388,0.861111111111111,0.7371816638370119,0.6961124404668241,second_half
9,26,12,15.096774193548388,0.7948717948717949,0.803125,0.5145402005166057,second_half
9,27,18,15.096774193548388,1.192307692307692,0.88,0.4331554121923039,second_half
9,28,10,15.096774193548388,0.6623931623931624,0.4807692307692308,0.23905729126443812,second_half
9,29,15,15.096774193548388,0.9935897435897435,0.7599255583126551,1.0,second_half
9,30,18,15.096774193548388,1.192307692307692,1.0505263157894738,0.4331554121923039,second_half
9,31,14,15.096774193548388,0.9273504273504273,0.5588085106382978,0.8964850320202825,second_half
10,11,12,15.096774193548388,0.7948717948717949,0.5141933165648581,0.5145402005166057,second_half
10,12,14,15.096774193548388,0.9273504273504273,0.9260981912144702,0.8964850320202825,second_half
10,13,14,15.096774193548388,0.9273504273504273,0.8666666666666667,0.8964850320202825,second_half
10,14,10,15.096774193548388,0.6623931623931624,0.44680851063829785,0.23905729126443812,second_half
10,15,13,15.096774193548388,0.861111111111111,0.9666048237476809,0.6961124404668241,second_half
10,16,12,15.096774193548388,0.7948717948717949,0.6268467707893626,0.5145402005166057,second_half
10,17,14,15.096774193548388,0.9273504273504273,0.8555555555555555,0.8964850320202825,second_half
10,18,14,15.096774193548388,0.9273504273504273,0.7654565456545654,0.8964850320202825,second_half
10,19,13,15.096774193548388,0.861111111111111,0.6408912188728703,0.6961124404668241,second_half
10,20,20,15.096774193548388,1.3247863247863247,1.2928827444956477,0.19254627585628603,second_half
10,21,16,15.096774193548388,1.0598290598290598,0.7803700724054706,0.7937975819531852,second_half
10,22,12,15.096774193548388,0.7948717948717949,0.6124223602484472,0.5145402005166057,second_half
10,23,13,15.096774193548388,0.861111111111111,0.6865464632454924,0.6961124404668241,second_half
10,24,13,15.096774193548388,0.861111111111111,0.827922077922078,0.6961124404668241,second_half
10,25,12,15.096774193548388,0.7948717948717949,0.6993524514338575,0.5145402005166057,second_half
10,26,6,15.096774193548388,0.39743589743589747,0.36449928808732796,0.012863930534541365,second_half
10,27,13,15.096774193548388,0.861111111111111,0.6,0.6961124404668241,second_half
10,28,13,15.096774193548388,0.861111111111111,0.7029702970297029,0.6961124404668241,second_half
10,29,18,15.096774193548388,1.192307692307692,1.0299332258807277,0.4331554121923039,second_half
10,30,17,15.096774193548388,1.1260683760683758,1.0217911877394636,0.6011749866312058,second_half
10,31,22,15.096774193548388,1.4572649572649572,1.102981029810298,0.08826587488485256,second_half
11,12,14,15.096774193548388,0.9273504273504273,0.6607387140902873,0.8964850320202825,second_half
11,13,16,15.096774193548388,1.0598290598290598,0.7375396139441083,0.7937975819531852,second_half
11,14,24,15.096774193548388,1.5897435897435899,1.0202561540557726,0.026337968735321536,second_half
11,15,14,15.096774193548388,0.9273504273504273,0.7631578947368421,0.8964850320202825,second_half
11,16,20,15.096774193548388,1.3247863247863247,0.8830926874708896,0.19254627585628603,second_half
11,17,16,15.096774193548388,1.0598290598290598,0.7278252611585945,0.7937975819531852,second_half
11,18,13,15.096774193548388,0.861111111111111,0.4959967320261438,0.6961124404668241,second_half
11,19,14,15.096774193548388,0.9273504273504273,0.5021786492374728,0.8964850320202825,second_half
11,20,18,15.096774193548388,1.192307692307692,0.7809610983981693,0.4331554121923039,second_half
11,21,16,15.096774193548388,1.0598290598290598,0.5518493306103925,0.7937975819531852,second_half
11,22,16,15.096774193548388,1.0598290598290598,0.6336633663366337,0.7937975819531852,second_half
11,23,18,15.096774193548388,1.192307692307692,0.7522626441881101,0.4331554121923039,second_half
11,24,8,15.096774193548388,0.5299145299145299,0.3275698924731183,0.0673711763094548,second_half
11,25,16,15.096774193548388,1.0598290598290598,0.7278252611585945,0.7937975819531852,second_half
11,26,20,15.096774193548388,1.3247863247863247,1.22173058013766,0.19254627585628603,second_half
11,27,10,15.096774193548388,0.6623931623931624,0.3107344632768362,0.23905729126443812,second_half
11,28,22,15.096774193548388,1.4572649572649572,1.027614571092832,0.08826587488485256,second_half
11,29,24,15.096774193548388,1.5897435897435899,1.0985997102848866,0.026337968735321536,second_half
11,30,19,15.096774193548388,1.2585470085470085,0.8421985815602837,0.29638836576123884,second_half
11,31,23,15.096774193548388,1.5235042735042734,0.8165360501567398,0.04935227035325754,second_half
12,13,13,15.096774193548388,0.861111111111111,0.828335832083958,0.6961124404668241,second_half
12,14,13,15.096774193548388,0.861111111111111,0.6537356321839081,0.6961124404668241,second_half
12,15,13,15.096774193548388,0.861111111111111,1.0188087774294672,0.6961124404668241,second_half
12,16,11,15.096774193548388,0.7286324786324786,0.5918323249783924,0.3606953041477349,second_half
12,17,18,15.096774193548388,1.192307692307692,1.2821507760532151,0.4331554121923039,second_half
12,18,12,15.096774193548388,0.7948717948717949,0.6606354810238305,0.5145402005166057,second_half
12,19,15,15.096774193548388,0.9935897435897435,0.8163826278174822,1.0,second_half
12,20,10,15.096774193548388,0.6623931623931624,0.5382955771305286,0.23905729126443812,second_half
12,21,15,15.096774193548388,0.9935897435897435,0.7554179566563467,1.0,second_half
12,22,18,15.096774193548388,1.192307692307692,1.1152993348115299,0.4331554121923039,second_half
12,23,14,15.096774193548388,0.9273504273504273,0.7979936160510716,0.8964850320202825,second_half
12,24,13,15.096774193548388,0.861111111111111,0.8727795193312434,0.6961124404668241,second_half
12,25,12,15.096774193548388,0.7948717948717949,0.7369439071566731,0.5145402005166057,second_half
12,26,7,15.096774193548388,0.46367521367521364,0.4578115117014548,0.035775208689358656,second_half
12,27,16,15.096774193548388,1.0598290598290598,0.8333333333333334,0.7937975819531852,second_half
12,28,16,15.096774193548388,1.0598290598290598,0.9795918367346939,0.7937975819531852,second_half
12,29,9,15.096774193548388,0.596153846153846,0.44235764235764236,0.11880341025384131,second_half
12,30,15,15.096774193548388,0.9935897435897435,0.907563025210084,1.0,second_half
12,31,18,15.096774193548388,1.192307692307692,0.8726063293690788,0.4331554121923039,second_half
13,14,9,15.096774193548388,0.596153846153846,0.38873922413793105,0.11880341025384131,second_half
13,15,15,15.096774193548388,0.9935897435897435,1.16,1.0,second_half
13,16,19,15.096774193548388,1.2585470085470085,1.1529796511627908,0.29638836576123884,second_half
13,17,11,15.096774193548388,0.7286324786324786,0.6183650615901456,0.3606953041477349,second_half
13,18,18,15.096774193548388,1.192307692307692,1.066477070742979,0.4331554121923039,second_half
13,19,23,15.096774193548388,1.5235042735042734,1.4109386548410938,0.04935227035325754,second_half
13,20,10,15.096774193548388,0.6623931623931624,0.5048543689320388,0.23905729126443812,second_half
13,21,17,15.096774193548388,1.1260683760683758,0.8365462662337663,0.6011749866312058,second_half
13,22,15,15.096774193548388,0.9935897435897435,0.8088235294117647,1.0,second_half
13,23,12,15.096774193548388,0.7948717948717949,0.6116625310173698,0.5145402005166057,second_half
13,24,15,15.096774193548388,0.9935897435897435,0.9903100775193798,1.0,second_half
13,25,10,15.096774193548388,0.6623931623931624,0.5493421052631579,0.23905729126443812,second_half
13,26,12,15.096774193548388,0.7948717948717949,0.8338709677419355,0.5145402005166057,second_half
13,27,15,15.096774193548388,0.9935897435897435,0.7138643067846607,1.0,second_half
13,28,14,15.096774193548388,0.9273504273504273,0.7646153846153846,0.8964850320202825,second_half
13,29,14,15.096774193548388,0.9273504273504273,0.7208791208791209,0.8964850320202825,second_half
13,30,9,15.096774193548388,0.596153846153846,0.4444110576923077,0.11880341025384131,second_half
13,31,16,15.096774193548388,1.0598290598290598,0.6927925459029871,0.7937975819531852,second_half
14,15,13,15.096774193548388,0.861111111111111,0.7537105751391465,0.6961124404668241,second_half
14,16,11,15.096774193548388,0.7286324786324786,0.43884952766531715,0.3606953041477349,second_half
14,17,16,15.096774193548388,1.0598290598290598,0.7942915392456676,0.7937975819531852,second_half
14,18,14,15.096774193548388,0.9273504273504273,0.5944161983765944,0.8964850320202825,second_half
14,19,14,15.096774193548388,0.9273504273504273,0.5477143810477144,0.8964850320202825,second_half
14,20,15,15.096774193548388,0.9935897435897435,0.6665120593692022,1.0,second_half
14,21,21,15.096774193548388,1.391025641025641,0.8768696581196581,0.1495164693933021,second_half
14,22,17,15.096774193548388,1.1260683760683758,0.7508333333333334,0.6011749866312058,second_half
14,23,16,15.096774193548388,1.0598290598290598,0.7001834862385321,0.7937975819531852,second_half
14,24,12,15.096774193548388,0.7948717948717949,0.5822809983096351,0.5145402005166057,second_half
14,25,16,15.096774193548388,1.0598290598290598,0.7942915392456676,0.7937975819531852,second_half
14,26,15,15.096774193548388,0.9935897435897435,0.885478158205431,1.0,second_half
14,27,15,15.096774193548388,0.9935897435897435,0.5599356395816573,1.0,second_half
14,28,15,15.096774193548388,0.9935897435897435,0.6584022038567493,1.0,second_half
14,29,13,15.096774193548388,0.861111111111111,0.5157513477088949,0.6961124404668241,second_half
14,30,25,15.096774193548388,1.6559829059829059,1.3892045454545454,0.01789582141866634,second_half
14,31,22,15.096774193548388,1.4572649572649572,0.8397643349099659,0.08826587488485256,second_half
15,16,12,15.096774193548388,0.7948717948717949,0.760268857356236,0.5145402005166057,second_half
15,17,6,15.096774193548388,0.39743589743589747,0.3657142857142857,0.012863930534541365,second_half
15,18,19,15.096774193548388,1.2585470085470085,1.4383802816901408,0.29638836576123884,second_half
15,19,11,15.096774193548388,0.7286324786324786,0.6284639069449196,0.3606953041477349,second_half
15,20,13,15.096774193548388,0.861111111111111,0.8644155844155844,0.6961124404668241,second_half
15,21,4,15.096774193548388,0.26495726495726496,0.18120930232558138,0.001550084944235848,second_half
15,22,16,15.096774193548388,1.0598290598290598,1.0939256087770939,0.7937975819531852,second_half
15,23,9,15.096774193548388,0.596153846153846,0.5244029075804777,0.11880341025384131,second_half
15,24,11,15.096774193548388,0.7286324786324786,0.8075949367088607,0.3606953041477349,second_half
15,25,12,15.096774193548388,0.7948717948717949,0.8477905073649754,0.5145402005166057,second_half
15,26,15,15.096774193548388,0.9935897435897435,1.3896103896103895,1.0,second_half
15,27,12,15.096774193548388,0.7948717948717949,0.6578249336870027,0.5145402005166057,second_half
15,28,12,15.096774193548388,0.7948717948717949,0.7692307692307693,0.5145402005166057,second_half
15,29,14,15.096774193548388,0.9273504273504273,0.8894736842105263,0.8964850320202825,second_half
15,30,9,15.096774193548388,0.596153846153846,0.5427350427350427,0.11880341025384131,second_half
15,31,12,15.096774193548388,0.7948717948717949,0.5875227135069655,0.5145402005166057,second_half
16,17,15,15.096774193548388,0.9935897435897435,0.8175824175824176,1.0,second_half
16,18,17,15.096774193548388,1.1260683760683758,0.8655768429820908,0.6011749866312058,second_half
16,19,13,15.096774193548388,0.861111111111111,0.5589134736463393,0.6961124404668241,second_half
16,20,16,15.096774193548388,1.0598290598290598,0.8164115380610226,0.7937975819531852,second_half
16,21,15,15.096774193548388,0.9935897435897435,0.6223684210526316,1.0,second_half
16,22,19,15.096774193548388,1.2585470085470085,0.9875637755102041,0.29638836576123884,second_half
16,23,18,15.096774193548388,1.192307692307692,0.9259415106248685,0.4331554121923039,second_half
16,24,12,15.096774193548388,0.7948717948717949,0.651903567143013,0.5145402005166057,second_half
16,25,8,15.096774193548388,0.5299145299145299,0.37306885370970816,0.0673711763094548,second_half
16,26,15,15.096774193548388,0.9935897435897435,0.9935064935064936,1.0,second_half
16,27,16,15.096774193548388,1.0598290598290598,0.6854256854256854,0.7937975819531852,second_half
16,28,17,15.096774193548388,1.1260683760683758,0.8762886597938144,0.6011749866312058,second_half
16,29,16,15.096774193548388,1.0598290598290598,0.7594390507011867,0.7937975819531852,second_half
16,30,16,15.096774193548388,1.0598290598290598,0.8164115380610226,0.7937975819531852,second_half
16,31,24,15.096774193548388,1.5897435897435899,1.0824653607262302,0.026337968735321536,second_half
17,18,14,15.096774193548388,0.9273504273504273,0.7458028411536806,0.8964850320202825,second_half
17,19,17,15.096774193548388,1.1260683760683758,0.8932049224184055,0.6011749866312058,second_half
17,20,16,15.096774193548388,1.0598290598290598,0.9145475372279496,0.7937975819531852,second_half
17,21,19,15.096774193548388,1.2585470085470085,0.9648902821316614,0.29638836576123884,second_half
17,22,14,15.096774193548388,0.9273504273504273,0.7283663993246096,0.8964850320202825,second_half
17,23,17,15.096774193548388,1.1260683760683758,0.9589149926228578,0.6011749866312058,second_half
17,24,10,15.096774193548388,0.6623931623931624,0.5780677655677655,0.23905729126443812,second_half
17,25,13,15.096774193548388,0.861111111111111,0.7560411608278413,0.6961124404668241,second_half
17,26,10,15.096774193548388,0.6623931623931624,0.6529471544715447,0.23905729126443812,second_half
17,27,16,15.096774193548388,1.0598290598290598,0.7682539682539683,0.7937975819531852,second_half
17,28,16,15.096774193548388,1.0598290598290598,0.9034013605442177,0.7937975819531852,second_half
17,29,14,15.096774193548388,0.9273504273504273,0.7115942028985507,0.8964850320202825,second_half
17,30,16,15.096774193548388,1.0598290598290598,0.9145475372279496,0.7937975819531852,second_half
17,31,18,15.096774193548388,1.192307692307692,0.8029676934635612,0.4331554121923039,second_half
18,19,21,15.096774193548388,1.391025641025641,1.0749947335159047,0.1495164693933021,second_half
18,20,22,15.096774193548388,1.4572649572649572,1.2893772893772895,0.08826587488485256,second_half
18,21,17,15.096774193548388,1.1260683760683758,0.7356960641399417,0.6011749866312058,second_half
18,22,19,15.096774193548388,1.2585470085470085,0.9875637755102041,0.29638836576123884,second_half
18,23,13,15.096774193548388,0.861111111111111,0.5988958690272226,0.6961124404668241,second_half
18,24,12,15.096774193548388,0.7948717948717949,0.651903567143013,0.5145402005166057,second_half
18,25,16,15.096774193548388,1.0598290598290598,0.8924803591470258,0.7937975819531852,second_half
18,26,11,15.096774193548388,0.7286324786324786,0.6607312440645774,0.3606953041477349,second_half
18,27,16,15.096774193548388,1.0598290598290598,0.6854256854256854,0.7937975819531852,second_half
18,28,15,15.096774193548388,0.9935897435897435,0.7393939393939394,1.0,second_half
18,29,12,15.096774193548388,0.7948717948717949,0.5226385990381998,0.5145402005166057,second_half
18,30,21,15.096774193548388,1.391025641025641,1.2020120259019427,0.1495164693933021,second_half
18,31,17,15.096774193548388,1.1260683760683758,0.6611743057878889,0.6011749866312058,second_half
19,20,14,15.096774193548388,0.9273504273504273,0.6298166853722409,0.8964850320202825,second_half
19,21,22,15.096774193548388,1.4572649572649572,0.9725233644859813,0.08826587488485256,second_half
19,22,14,15.096774193548388,0.9273504273504273,0.6003236245954693,0.8964850320202825,second_half
19,23,22,15.096774193548388,1.4572649572649572,1.1374468085106384,0.08826587488485256,second_half
19,24,17,15.096774193548388,1.1260683760683758,0.9560090702947845,0.6011749866312058,second_half
19,25,15,15.096774193548388,0.9935897435897435,0.7533121084522953,1.0,second_half
19,26,12,15.096774193548388,0.7948717948717949,0.6818181818181818,0.5145402005166057,second_half
19,27,17,15.096774193548388,1.1260683760683758,0.684084084084084,0.6011749866312058,second_half
19,28,22,15.096774193548388,1.4572649572649572,1.1669565217391304,0.08826587488485256,second_half
19,29,12,15.096774193548388,0.7948717948717949,0.4822429906542056,0.5145402005166057,second_half
19,30,14,15.096774193548388,0.9273504273504273,0.6298166853722409,0.8964850320202825,second_half
19,31,23,15.096774193548388,1.5235042735042734,0.9292929292929293,0.04935227035325754,second_half
20,21,13,15.096774193548388,0.861111111111111,0.5300862068965517,0.6961124404668241,second_half
20,22,20,15.096774193548388,1.3247863247863247,1.0907881609577652,0.19254627585628603,second_half
20,23,15,15.096774193548388,0.9935897435897435,0.7395433420893109,1.0,second_half
20,24,14,15.096774193548388,0.9273504273504273,0.8159758504586091,0.8964850320202825,second_half
20,25,19,15.096774193548388,1.2585470085470085,1.1662998288089998,0.29638836576123884,second_half
20,26,13,15.096774193548388,0.861111111111111,0.839240506329114,0.6961124404668241,second_half
20,27,18,15.096774193548388,1.192307692307692,0.8250717703349282,0.4331554121923039,second_half
20,28,17,15.096774193548388,1.1260683760683758,0.8981958762886598,0.6011749866312058,second_half
20,29,15,15.096774193548388,0.9935897435897435,0.7137951334379906,1.0,second_half
20,30,11,15.096774193548388,0.7286324786324786,0.5148981161091888,0.3606953041477349,second_half
20,31,18,15.096774193548388,1.192307692307692,0.7328403653762505,0.4331554121923039,second_half
21,22,13,15.096774193548388,0.861111111111111,0.5053879310344828,0.6961124404668241,second_half
21,23,21,15.096774193548388,1.391025641025641,0.9783625730994152,0.1495164693933021,second_half
21,24,16,15.096774193548388,1.0598290598290598,0.8129099427381572,0.7937975819531852,second_half
21,25,23,15.096774193548388,1.5235042735042734,1.280972948397363,0.04935227035325754,second_half
21,26,16,15.096774193548388,1.0598290598290598,0.9259431765253843,0.7937975819531852,second_half
21,27,23,15.096774193548388,1.5235042735042734,0.9671159029649595,0.04935227035325754,second_half
21,28,18,15.096774193548388,1.192307692307692,0.8057432432432432,0.4331554121923039,second_half
21,29,16,15.096774193548388,1.0598290598290598,0.6461036171492396,0.7937975819531852,second_half
21,30,22,15.096774193548388,1.4572649572649572,1.089041799322173,0.08826587488485256,second_half
21,31,24,15.096774193548388,1.5897435897435899,0.9103105590062112,0.026337968735321536,second_half
22,23,14,15.096774193548388,0.9273504273504273,0.6436322101656197,0.8964850320202825,second_half
22,24,15,15.096774193548388,0.9935897435897435,0.8532831737346102,1.0,second_half
22,25,10,15.096774193548388,0.6623931623931624,0.4760514018691589,0.23905729126443812,second_half
22,26,13,15.096774193548388,0.861111111111111,0.8006329113924051,0.6961124404668241,second_half
22,27,21,15.096774193548388,1.391025641025641,0.9772196261682243,0.1495164693933021,second_half
22,28,12,15.096774193548388,0.7948717948717949,0.5411764705882353,0.5145402005166057,second_half
22,29,18,15.096774193548388,1.192307692307692,0.8712871287128713,0.4331554121923039,second_half
22,30,11,15.096774193548388,0.7286324786324786,0.4913984461709212,0.3606953041477349,second_half
22,31,17,15.096774193548388,1.1260683760683758,0.6451639344262295,0.6011749866312058,second_half
23,24,13,15.096774193548388,0.861111111111111,0.7142541924095323,0.6961124404668241,second_half
23,25,14,15.096774193548388,0.9273504273504273,0.736999147485081,0.8964850320202825,second_half
23,26,11,15.096774193548388,0.7286324786324786,0.6531452087007642,0.3606953041477349,second_half
23,27,14,15.096774193548388,0.9273504273504273,0.5682834537323701,0.8964850320202825,second_half
23,28,23,15.096774193548388,1.5235042735042734,1.3452676355902162,0.04935227035325754,second_half
23,29,17,15.096774193548388,1.1260683760683758,0.8148148148148148,0.6011749866312058,second_half
23,30,18,15.096774193548388,1.192307692307692,0.9493018259935553,0.4331554121923039,second_half
23,31,16,15.096774193548388,1.0598290598290598,0.6022764227642277,0.7937975819531852,second_half
24,25,16,15.096774193548388,1.0598290598290598,1.0687581699346405,0.7937975819531852,second_half
24,26,3,15.096774193548388,0.19871794871794873,0.17610639761522587,0.00035849853215439993,second_half
24,27,18,15.096774193548388,1.192307692307692,0.9680175246440307,0.4331554121923039,second_half
24,28,17,15.096774193548388,1.1260683760683758,1.0515463917525774,0.6011749866312058,second_half
24,29,14,15.096774193548388,0.9273504273504273,0.7601532567049808,0.8964850320202825,second_half
24,30,12,15.096774193548388,0.7948717948717949,0.6674824785849371,0.5145402005166057,second_half
24,31,18,15.096774193548388,1.192307692307692,0.8603007069600717,0.4331554121923039,second_half
25,26,18,15.096774193548388,1.192307692307692,1.442874692874693,0.4331554121923039,second_half
25,27,18,15.096774193548388,1.192307692307692,0.9037190082644628,0.4331554121923039,second_half
25,28,10,15.096774193548388,0.6623931623931624,0.49278846153846156,0.23905729126443812,second_half
25,29,11,15.096774193548388,0.7286324786324786,0.5231968810916179,0.3606953041477349,second_half
25,30,9,15.096774193548388,0.596153846153846,0.4389373513084853,0.11880341025384131,second_half
25,31,17,15.096774193548388,1.1260683760683758,0.7421256216614478,0.6011749866312058,second_half
26,27,19,15.096774193548388,1.2585470085470085,1.196305140128189,0.29638836576123884,second_half
26,28,11,15.096774193548388,0.7286324786324786,0.6684645810859403,0.3606953041477349,second_half
26,29,13,15.096774193548388,0.861111111111111,0.7824217817052782,0.6961124404668241,second_half
26,30,12,15.096774193548388,0.7948717948717949,0.755940594059406,0.5145402005166057,second_half
26,31,16,15.096774193548388,1.0598290598290598,0.8335472828412495,0.7937975819531852,second_half
27,28,15,15.096774193548388,0.9935897435897435,0.636899973183159,1.0,second_half
27,29,22,15.096774193548388,1.4572649572649572,1.0206185567010309,0.08826587488485256,second_half
27,30,18,15.096774193548388,1.192307692307692,0.8250717703349282,0.4331554121923039,second_half
27,31,21,15.096774193548388,1.391025641025641,0.7584349754474893,0.1495164693933021,second_half
28,29,21,15.096774193548388,1.391025641025641,1.1290322580645162,0.1495164693933021,second_half
28,30,14,15.096774193548388,0.9273504273504273,0.6915151515151515,0.8964850320202825,second_half
28,31,11,15.096774193548388,0.7286324786324786,0.38379854368932037,0.3606953041477349,second_half
29,30,18,15.096774193548388,1.192307692307692,0.9154768108389786,0.4331554121923039,second_half
29,31,17,15.096774193548388,1.1260683760683758,0.6297814207650273,0.6011749866312058,second_half
30,31,20,15.096774193548388,1.3247863247863247,0.849372006867263,0.19254627585628603,second_half
1,2,9,7.548387096774194,1.192307692307692,1.0885341074020318,0.5772107413890271,q1
1,3,12,7.548387096774194,1.5897435897435899,2.0155038759689923,0.13530517452715526,q1
1,4,5,7.548387096774194,0.6623931623931624,0.5484861781483107,0.4605283765634254,q1
1,5,7,7.548387096774194,0.9273504273504273,0.9538706256627784,1.0,q1
1,6,8,7.548387096774194,1.0598290598290598,1.0625,0.8525964477576938,q1
1,7,5,7.548387096774194,0.6623931623931624,0.5484861781483107,0.4605283765634254,q1
1,8,5,7.548387096774194,0.6623931623931624,0.5883720930232558,0.4605283765634254,q1
1,9,5,7.548387096774194,0.6623931623931624,0.6666666666666666,0.4605283765634254,q1
1,10,7,7.548387096774194,0.9273504273504273,0.7530487804878049,1.0,q1
1,11,9,7.548387096774194,1.192307692307692,0.9155107187894073,0.5772107413890271,q1
1,12,9,7.548387096774194,1.192307692307692,1.5173076923076922,0.5772107413890271,q1
1,13,6,7.548387096774194,0.7948717948717949,0.7405247813411079,0.713291991792435,q1
1,14,7,7.548387096774194,0.9273504273504273,0.7698447893569845,1.0,q1
1,15,6,7.548387096774194,0.7948717948717949,0.8877551020408163,0.713291991792435,q1
1,16,5,7.548387096774194,0.6623931623931624,0.5018359853121175,0.4605283765634254,q1
1,17,4,7.548387096774194,0.5299145299145299,0.41919191919191917,0.2654538030170721,q1
1,18,7,7.548387096774194,0.9273504273504273,0.8053382420616659,1.0,q1
1,19,2,7.548387096774194,0.26495726495726496,0.19604743083003953,0.03995448836050852,q1
1,20,5,7.548387096774194,0.6623931623931624,0.6027527289985761,0.4605283765634254,q1
1,21,10,7.548387096774194,1.3247863247863247,1.3980263157894737,0.35315791020466714,q1
1,22,3,7.548387096774194,0.39743589743589747,0.3006060606060606,0.09809544584071431,q1
1,23,7,7.548387096774194,0.9273504273504273,0.8436154949784792,1.0,q1
1,24,3,7.548387096774194,0.39743589743589747,0.2644808743169399,0.09809544584071431,q1
1,25,5,7.548387096774194,0.6623931623931624,0.5745554035567716,0.4605283765634254,q1
1,26,8,7.548387096774194,1.0598290598290598,0.9882352941176471,0.8525964477576938,q1
1,27,9,7.548387096774194,1.192307692307692,1.323076923076923,0.5772107413890271,q1
1,28,7,7.548387096774194,0.9273504273504273,0.9070121951219512,1.0,q1
1,29,4,7.548387096774194,0.5299145299145299,0.4951644100580271,0.2654538030170721,q1
1,30,8,7.548387096774194,1.0598290598290598,1.1466666666666667,0.8525964477576938,q1
1,31,5,7.548387096774194,0.6623931623931624,0.5745554035567716,0.4605283765634254,q1
2,3,9,7.548387096774194,1.192307692307692,0.8970467596390485,0.5772107413890271,q1
2,4,7,7.548387096774194,0.9273504273504273,0.593939393939394,1.0,q1
2,5,3,7.548387096774194,0.39743589743589747,0.24305084745762712,0.09809544584071431,q1
2,6,5,7.548387096774194,0.6623931623931624,0.4093567251461988,0.4605283765634254,q1
2,7,10,7.548387096774194,1.3247863247863247,0.9655448717948718,0.35315791020466714,q1
2,8,7,7.548387096774194,0.9273504273504273,0.6390151515151515,1.0,q1
2,9,9,7.548387096774194,1.192307692307692,1.0271514035895075,0.5772107413890271,q1
2,10,9,7.548387096774194,1.192307692307692,0.7389937106918238,0.5772107413890271,q1
2,11,13,7.548387096774194,1.722222222222222,1.07984246330111,0.06128009786972832,q1
2,12,6,7.548387096774194,0.7948717948717949,0.6129568106312292,0.713291991792435,q1
2,13,12,7.548387096774194,1.5897435897435899,1.3730232558139535,0.13530517452715526,q1
2,14,6,7.548387096774194,0.7948717948717949,0.4457908163265306,0.713291991792435,q1
2,15,5,7.548387096774194,0.6623931623931624,0.5018359853121175,0.4605283765634254,q1
2,16,9,7.548387096774194,1.192307692307692,0.7561409754360983,0.5772107413890271,q1
2,17,5,7.548387096774194,0.6623931623931624,0.39059913935782853,0.4605283765634254,q1
2,18,9,7.548387096774194,1.192307692307692,0.7924528301886793,0.5772107413890271,q1
2,19,9,7.548387096774194,1.192307692307692,0.8525943396226415,0.5772107413890271,q1
2,20,8,7.548387096774194,1.0598290598290598,0.782608695652174,0.8525964477576938,q1
2,21,8,7.548387096774194,1.0598290598290598,0.7081481481481482,0.8525964477576938,q1
2,22,11,7.548387096774194,1.4572649572649572,1.110554860241969,0.19505962118243958,q1
2,23,9,7.548387096774194,1.192307692307692,0.8317289179822872,0.5772107413890271,q1
2,24,10,7.548387096774194,1.3247863247863247,0.8368945868945868,0.35315791020466714,q1
2,25,5,7.548387096774194,0.6623931623931624,0.4093567251461988,0.4605283765634254,q1
2,26,12,7.548387096774194,1.5897435897435899,1.235744680851064,0.13530517452715526,q1
2,27,6,7.548387096774194,0.7948717948717949,0.5379464285714286,0.713291991792435,q1
2,28,6,7.548387096774194,0.7948717948717949,0.5247813411078717,0.713291991792435,q1
2,29,12,7.548387096774194,1.5897435897435899,1.5384615384615385,0.13530517452715526,q1
2,30,10,7.548387096774194,1.3247863247863247,1.1001788908765653,0.35315791020466714,q1
2,31,9,7.548387096774194,1.192307692307692,0.874347651545564,0.5772107413890271,q1
3,4,6,7.548387096774194,0.7948717948717949,0.5745682888540031,0.713291991792435,q1
3,5,8,7.548387096774194,1.0598290598290598,0.9494089834515367,0.8525964477576938,q1
3,6,8,7.548387096774194,1.0598290598290598,0.8794326241134752,0.8525964477576938,q1
3,7,11,7.548387096774194,1.4572649572649572,1.324468085106383,0.19505962118243958,q1
3,8,5,7.548387096774194,0.6623931623931624,0.492,0.4605283765634254,q1
3,9,4,7.548387096774194,0.5299145299145299,0.42625745950554134,0.2654538030170721,q1
3,10,7,7.548387096774194,0.9273504273504273,0.625,1.0,q1
3,11,13,7.548387096774194,1.722222222222222,1.2978279030910609,0.06128009786972832,q1
3,12,5,7.548387096774194,0.6623931623931624,0.5727272727272728,0.4605283765634254,q1
3,13,7,7.548387096774194,0.9273504273504273,0.7534722222222222,1.0,q1
3,14,5,7.548387096774194,0.6623931623931624,0.4192982456140351,0.4605283765634254,q1
3,15,6,7.548387096774194,0.7948717948717949,0.7405247813411079,0.713291991792435,q1
3,16,5,7.548387096774194,0.6623931623931624,0.4192982456140351,0.4605283765634254,q1
3,17,6,7.548387096774194,0.7948717948717949,0.5745682888540031,0.713291991792435,q1
3,18,2,7.548387096774194,0.26495726495726496,0.15484710474951205,0.03995448836050852,q1
3,19,6,7.548387096774194,0.7948717948717949,0.5882352941176471,0.713291991792435,q1
3,20,8,7.548387096774194,1.0598290598290598,0.9250693802035153,0.8525964477576938,q1
3,21,6,7.548387096774194,0.7948717948717949,0.5745682888540031,0.713291991792435,q1
3,22,11,7.548387096774194,1.4572649572649572,1.324468085106383,0.19505962118243958,q1
3,23,8,7.548387096774194,1.0598290598290598,0.8374468085106384,0.8525964477576938,q1
3,24,8,7.548387096774194,1.0598290598290598,0.729483282674772,0.8525964477576938,q1
3,25,11,7.548387096774194,1.4572649572649572,1.3944444444444444,0.19505962118243958,q1
3,26,9,7.548387096774194,1.192307692307692,0.9626086956521739,0.5772107413890271,q1
3,27,8,7.548387096774194,1.0598290598290598,0.9250693802035153,0.8525964477576938,q1
3,28,6,7.548387096774194,0.7948717948717949,0.6172428154935443,0.713291991792435,q1
3,29,7,7.548387096774194,0.9273504273504273,0.8352272727272727,1.0,q1
3,30,6,7.548387096774194,0.7948717948717949,0.6487190620929223,0.713291991792435,q1
3,31,7,7.548387096774194,0.9273504273504273,0.7351190476190477,1.0,q1
4,5,6,7.548387096774194,0.7948717948717949,0.6039279869067103,0.713291991792435,q1
4,6,7,7.548387096774194,0.9273504273504273,0.6834733893557423,1.0,q1
4,7,7,7.548387096774194,0.9273504273504273,0.6512879661668589,1.0,q1
4,8,9,7.548387096774194,1.192307692307692,0.9862466725820763,0.5772107413890271,q1
4,9,8,7.548387096774194,1.0598290598290598,0.9561904761904761,0.8525964477576938,q1
4,10,9,7.548387096774194,1.192307692307692,0.8129251700680272,0.5772107413890271,q1
4,11,7,7.548387096774194,0.9273504273504273,0.5010893246187363,1.0,q1
4,12,5,7.548387096774194,0.6623931623931624,0.5338765008576329,0.4605283765634254,q1
4,13,10,7.548387096774194,1.3247863247863247,1.1481481481481481,0.35315791020466714,q1
4,14,11,7.548387096774194,1.4572649572649572,1.110554860241969,0.19505962118243958,q1
4,15,7,7.548387096774194,0.9273504273504273,0.8436154949784792,1.0,q1
4,16,10,7.548387096774194,1.3247863247863247,0.9655448717948718,0.35315791020466714,q1
4,17,5,7.548387096774194,0.6623931623931624,0.42719829120683517,0.4605283765634254,q1
4,18,8,7.548387096774194,1.0598290598290598,0.7415384615384616,0.8525964477576938,q1
4,19,9,7.548387096774194,1.192307692307692,0.9375,0.5772107413890271,q1
4,20,4,7.548387096774194,0.5299145299145299,0.36,0.2654538030170721,q1
4,21,13,7.548387096774194,1.722222222222222,1.5920987654320988,0.06128009786972832,q1
4,22,9,7.548387096774194,1.192307692307692,0.914618908788005,0.5772107413890271,q1
4,23,7,7.548387096774194,0.9273504273504273,0.6512879661668589,1.0,q1
4,24,9,7.548387096774194,1.192307692307692,0.7948051948051948,0.5772107413890271,q1
4,25,6,7.548387096774194,0.7948717948717949,0.5607692307692308,0.713291991792435,q1
4,26,12,7.548387096774194,1.5897435897435899,1.3654024051803886,0.13530517452715526,q1
4,27,6,7.548387096774194,0.7948717948717949,0.5889423076923077,0.713291991792435,q1
4,28,9,7.548387096774194,1.192307692307692,0.9862466725820763,0.5772107413890271,q1
4,29,5,7.548387096774194,0.6623931623931624,0.5065627563576702,0.4605283765634254,q1
4,30,9,7.548387096774194,1.192307692307692,1.0394248608534322,0.5772107413890271,q1
4,31,7,7.548387096774194,0.9273504273504273,0.6834733893557423,1.0,q1
5,6,13,7.548387096774194,1.722222222222222,1.927325581395349,0.06128009786972832,q1
5,7,11,7.548387096774194,1.4572649572649572,1.3986828774062816,0.19505962118243958,q1
5,8,5,7.548387096774194,0.6623931623931624,0.5166666666666667,0.4605283765634254,q1
5,9,4,7.548387096774194,0.5299145299145299,0.4472049689440994,0.2654538030170721,q1
5,10,7,7.548387096774194,0.9273504273504273,0.657608695652174,1.0,q1
5,11,12,7.548387096774194,1.5897435897435899,1.2111017661900756,0.13530517452715526,q1
5,12,8,7.548387096774194,1.0598290598290598,1.1143631436314363,0.8525964477576938,q1
5,13,6,7.548387096774194,0.7948717948717949,0.6487190620929223,0.713291991792435,q1
5,14,7,7.548387096774194,0.9273504273504273,0.6723320158102767,1.0,q1
5,15,8,7.548387096774194,1.0598290598290598,1.1466666666666667,0.8525964477576938,q1
5,16,6,7.548387096774194,0.7948717948717949,0.5516717325227963,0.713291991792435,q1
5,17,10,7.548387096774194,1.3247863247863247,1.2112403100775193,0.35315791020466714,q1
5,18,10,7.548387096774194,1.3247863247863247,1.1534883720930234,0.35315791020466714,q1
5,19,6,7.548387096774194,0.7948717948717949,0.6182728410513142,0.713291991792435,q1
5,20,3,7.548387096774194,0.39743589743589747,0.29058823529411765,0.09809544584071431,q1
5,21,6,7.548387096774194,0.7948717948717949,0.6039279869067103,0.713291991792435,q1
5,22,4,7.548387096774194,0.5299145299145299,0.3688586545729403,0.2654538030170721,q1
5,23,8,7.548387096774194,1.0598290598290598,0.8817777777777778,0.8525964477576938,q1
5,24,6,7.548387096774194,0.7948717948717949,0.5282465150403521,0.713291991792435,q1
5,25,4,7.548387096774194,0.5299145299145299,0.38618524332810045,0.2654538030170721,q1
5,26,4,7.548387096774194,0.5299145299145299,0.3606679035250464,0.2654538030170721,q1
5,27,14,7.548387096774194,1.8547008547008546,2.3153846153846156,0.02555536229162719,q1
5,28,8,7.548387096774194,1.0598290598290598,0.9494089834515367,0.8525964477576938,q1
5,29,6,7.548387096774194,0.7948717948717949,0.7177304964539007,0.713291991792435,q1
5,30,5,7.548387096774194,0.6623931623931624,0.5425347222222222,0.4605283765634254,q1
5,31,7,7.548387096774194,0.9273504273504273,0.7732919254658385,1.0,q1
6,7,7,7.548387096774194,0.9273504273504273,0.6834733893557423,1.0,q1
6,8,8,7.548387096774194,1.0598290598290598,0.8794326241134752,0.8525964477576938,q1
6,9,5,7.548387096774194,0.6623931623931624,0.5446623093681917,0.4605283765634254,q1
6,10,7,7.548387096774194,0.9273504273504273,0.6096938775510204,1.0,q1
6,11,13,7.548387096774194,1.722222222222222,1.2623419012647898,0.06128009786972832,q1
6,12,9,7.548387096774194,1.192307692307692,1.2207446808510638,0.5772107413890271,q1
6,13,7,7.548387096774194,0.9273504273504273,0.7351190476190477,1.0,q1
6,14,7,7.548387096774194,0.9273504273504273,0.6233766233766234,1.0,q1
6,15,6,7.548387096774194,0.7948717948717949,0.7228571428571429,0.713291991792435,q1
6,16,8,7.548387096774194,1.0598290598290598,0.7438271604938271,0.8525964477576938,q1
6,17,13,7.548387096774194,1.722222222222222,1.6795865633074936,0.06128009786972832,q1
6,18,5,7.548387096774194,0.6623931623931624,0.42780748663101603,0.4605283765634254,q1
6,19,4,7.548387096774194,0.5299145299145299,0.35123367198838895,0.2654538030170721,q1
6,20,5,7.548387096774194,0.6623931623931624,0.4921968787515006,0.4605283765634254,q1
6,21,6,7.548387096774194,0.7948717948717949,0.5607692307692308,0.713291991792435,q1
6,22,8,7.548387096774194,1.0598290598290598,0.8166666666666667,0.8525964477576938,q1
6,23,8,7.548387096774194,1.0598290598290598,0.8166666666666667,0.8525964477576938,q1
6,24,8,7.548387096774194,1.0598290598290598,0.7113095238095238,0.8525964477576938,q1
6,25,5,7.548387096774194,0.6623931623931624,0.46905036524413685,0.4605283765634254,q1
6,26,3,7.548387096774194,0.39743589743589747,0.2415768194070081,0.09809544584071431,q1
6,27,9,7.548387096774194,1.192307692307692,1.0638297872340425,0.5772107413890271,q1
6,28,10,7.548387096774194,1.3247863247863247,1.2077294685990339,0.35315791020466714,q1
6,29,6,7.548387096774194,0.7948717948717949,0.6666666666666666,0.713291991792435,q1
6,30,8,7.548387096774194,1.0598290598290598,0.9259259259259259,0.8525964477576938,q1
6,31,8,7.548387096774194,1.0598290598290598,0.8576388888888888,0.8525964477576938,q1
7,8,4,7.548387096774194,0.5299145299145299,0.3514887436456064,0.2654538030170721,q1
7,9,5,7.548387096774194,0.6623931623931624,0.519916142557652,0.4605283765634254,q1
7,10,6,7.548387096774194,0.7948717948717949,0.4777327935222672,0.713291991792435,q1
7,11,9,7.548387096774194,1.192307692307692,0.6985613917698227,0.5772107413890271,q1
7,12,4,7.548387096774194,0.5299145299145299,0.4082304526748971,0.2654538030170721,q1
7,13,11,7.548387096774194,1.4572649572649572,1.324468085106383,0.19505962118243958,q1
7,14,6,7.548387096774194,0.7948717948717949,0.4883241758241758,0.713291991792435,q1
7,15,5,7.548387096774194,0.6623931623931624,0.5484861781483107,0.4605283765634254,q1
7,16,12,7.548387096774194,1.5897435897435899,1.2678260869565217,0.13530517452715526,q1
7,17,12,7.548387096774194,1.5897435897435899,1.4007561436672968,0.13530517452715526,q1
7,18,8,7.548387096774194,1.0598290598290598,0.7415384615384616,0.8525964477576938,q1
7,19,9,7.548387096774194,1.192307692307692,0.9375,0.5772107413890271,q1
7,20,5,7.548387096774194,0.6623931623931624,0.46977281478629185,0.4605283765634254,q1
7,21,8,7.548387096774194,1.0598290598290598,0.7776,0.8525964477576938,q1
7,22,8,7.548387096774194,1.0598290598290598,0.7776,0.8525964477576938,q1
7,23,9,7.548387096774194,1.192307692307692,0.914618908788005,0.5772107413890271,q1
7,24,7,7.548387096774194,0.9273504273504273,0.5682834537323701,1.0,q1
7,25,10,7.548387096774194,1.3247863247863247,1.118659420289855,0.35315791020466714,q1
7,26,6,7.548387096774194,0.7948717948717949,0.5224963715529753,0.713291991792435,q1
7,27,8,7.548387096774194,1.0598290598290598,0.8591304347826086,0.8525964477576938,q1
7,28,4,7.548387096774194,0.5299145299145299,0.3514887436456064,0.2654538030170721,q1
7,29,8,7.548387096774194,1.0598290598290598,0.9302325581395349,0.8525964477576938,q1
7,30,7,7.548387096774194,0.9273504273504273,0.736999147485081,1.0,q1
7,31,10,7.548387096774194,1.3247863247863247,1.118659420289855,0.35315791020466714,q1
8,9,10,7.548387096774194,1.3247863247863247,1.4222222222222223,0.35315791020466714,q1
8,10,7,7.548387096774194,0.9273504273504273,0.625,1.0,q1
8,11,6,7.548387096774194,0.7948717948717949,0.44387755102040816,0.713291991792435,q1
8,12,9,7.548387096774194,1.192307692307692,1.2521739130434784,0.5772107413890271,q1
8,13,5,7.548387096774194,0.6623931623931624,0.492,0.4605283765634254,q1
8,14,11,7.548387096774194,1.4572649572649572,1.2009803921568627,0.19505962118243958,q1
8,15,8,7.548387096774194,1.0598290598290598,1.0893617021276596,0.8525964477576938,q1
8,16,5,7.548387096774194,0.6623931623931624,0.4192982456140351,0.4605283765634254,q1
8,17,10,7.548387096774194,1.3247863247863247,1.1481481481481481,0.35315791020466714,q1
8,18,11,7.548387096774194,1.4572649572649572,1.260204081632653,0.19505962118243958,q1
8,19,7,7.548387096774194,0.9273504273504273,0.7175,1.0,q1
8,20,5,7.548387096774194,0.6623931623931624,0.5040816326530613,0.4605283765634254,q1
8,21,9,7.548387096774194,1.192307692307692,0.9862466725820763,0.5772107413890271,q1
8,22,7,7.548387096774194,0.9273504273504273,0.7005718954248366,1.0,q1
8,23,10,7.548387096774194,1.3247863247863247,1.1481481481481481,0.35315791020466714,q1
8,24,10,7.548387096774194,1.3247863247863247,0.9958847736625515,0.35315791020466714,q1
8,25,7,7.548387096774194,0.9273504273504273,0.7351190476190477,1.0,q1
8,26,6,7.548387096774194,0.7948717948717949,0.5614170196380439,0.713291991792435,q1
8,27,5,7.548387096774194,0.6623931623931624,0.5040816326530613,0.4605283765634254,q1
8,28,9,7.548387096774194,1.192307692307692,1.063327032136106,0.5772107413890271,q1
8,29,6,7.548387096774194,0.7948717948717949,0.6829931972789116,0.713291991792435,q1
8,30,7,7.548387096774194,0.9273504273504273,0.792572463768116,1.0,q1
8,31,7,7.548387096774194,0.9273504273504273,0.7351190476190477,1.0,q1
9,10,7,7.548387096774194,0.9273504273504273,0.7122093023255814,1.0,q1
9,11,8,7.548387096774194,1.0598290598290598,0.7342549923195084,0.8525964477576938,q1
9,12,6,7.548387096774194,0.7948717948717949,0.8181818181818182,0.713291991792435,q1
9,13,6,7.548387096774194,0.7948717948717949,0.7012987012987013,0.713291991792435,q1
9,14,4,7.548387096774194,0.5299145299145299,0.36431784107946025,0.2654538030170721,q1
9,15,10,7.548387096774194,1.3247863247863247,1.730263157894737,0.35315791020466714,q1
9,16,8,7.548387096774194,1.0598290598290598,0.8712522045855379,0.8525964477576938,q1
9,17,3,7.548387096774194,0.39743589743589747,0.28549323017408124,0.09809544584071431,q1
9,18,10,7.548387096774194,1.3247863247863247,1.255,0.35315791020466714,q1
9,19,6,7.548387096774194,0.7948717948717949,0.6684491978609626,0.713291991792435,q1
9,20,8,7.548387096774194,1.0598290598290598,1.0559006211180124,0.8525964477576938,q1
9,21,7,7.548387096774194,0.9273504273504273,0.7979936160510716,1.0,q1
9,22,8,7.548387096774194,1.0598290598290598,0.9561904761904761,0.8525964477576938,q1
9,23,6,7.548387096774194,0.7948717948717949,0.652972027972028,0.713291991792435,q1
9,24,7,7.548387096774194,0.9273504273504273,0.696858425132599,1.0,q1
9,25,7,7.548387096774194,0.9273504273504273,0.8372093023255814,1.0,q1
9,26,8,7.548387096774194,1.0598290598290598,0.9337068160597572,0.8525964477576938,q1
9,27,2,7.548387096774194,0.26495726495726496,0.19951923076923078,0.03995448836050852,q1
9,28,3,7.548387096774194,0.39743589743589747,0.30564648117839605,0.09809544584071431,q1
9,29,12,7.548387096774194,1.5897435897435899,2.1214574898785425,0.13530517452715526,q1
9,30,7,7.548387096774194,0.9273504273504273,0.9024266936299292,1.0,q1
9,31,7,7.548387096774194,0.9273504273504273,0.8372093023255814,1.0,q1
10,11,15,7.548387096774194,1.987179487179487,1.3238636363636365,0.014239732756122846,q1
10,12,3,7.548387096774194,0.39743589743589747,0.26304347826086955,0.09809544584071431,q1
10,13,11,7.548387096774194,1.4572649572649572,1.1730769230769231,0.19505962118243958,q1
10,14,9,7.548387096774194,1.192307692307692,0.7389937106918238,0.5772107413890271,q1
10,15,6,7.548387096774194,0.7948717948717949,0.6165413533834586,0.713291991792435,q1
10,16,11,7.548387096774194,1.4572649572649572,0.9830316742081447,0.19505962118243958,q1
10,17,6,7.548387096774194,0.7948717948717949,0.4777327935222672,0.713291991792435,q1
10,18,11,7.548387096774194,1.4572649572649572,1.031789638932496,0.19505962118243958,q1
10,19,8,7.548387096774194,1.0598290598290598,0.7094619666048237,0.8525964477576938,q1
10,20,6,7.548387096774194,0.7948717948717949,0.5263157894736842,0.713291991792435,q1
10,21,10,7.548387096774194,1.3247863247863247,0.9433962264150944,0.35315791020466714,q1
10,22,12,7.548387096774194,1.5897435897435899,1.237851662404092,0.13530517452715526,q1
10,23,10,7.548387096774194,1.3247863247863247,0.9433962264150944,0.35315791020466714,q1
10,24,10,7.548387096774194,1.3247863247863247,0.8176100628930818,0.35315791020466714,q1
10,25,9,7.548387096774194,1.192307692307692,0.8546099290780141,0.5772107413890271,q1
10,26,7,7.548387096774194,0.9273504273504273,0.5673076923076923,1.0,q1
10,27,10,7.548387096774194,1.3247863247863247,1.0463121783876501,0.35315791020466714,q1
10,28,9,7.548387096774194,1.192307692307692,0.8768115942028986,0.5772107413890271,q1
10,29,5,7.548387096774194,0.6623931623931624,0.4535232383808096,0.4605283765634254,q1
10,30,9,7.548387096774194,1.192307692307692,0.9242424242424242,0.5772107413890271,q1
10,31,9,7.548387096774194,1.192307692307692,0.8546099290780141,0.5772107413890271,q1
11,12,14,7.548387096774194,1.8547008547008546,1.7571428571428571,0.02555536229162719,q1
11,13,8,7.548387096774194,1.0598290598290598,0.6424159231297186,0.8525964477576938,q1
11,14,6,7.548387096774194,0.7948717948717949,0.37667410714285715,0.713291991792435,q1
11,15,6,7.548387096774194,0.7948717948717949,0.5334821428571429,0.713291991792435,q1
11,16,11,7.548387096774194,1.4572649572649572,0.840810900631439,0.19505962118243958,q1
11,17,6,7.548387096774194,0.7948717948717949,0.4128605769230769,0.713291991792435,q1
11,18,15,7.548387096774194,1.987179487179487,1.4303030303030304,0.014239732756122846,q1
11,19,7,7.548387096774194,0.9273504273504273,0.5133333333333333,1.0,q1
11,20,11,7.548387096774194,1.4572649572649572,1.0319274733937722,0.19505962118243958,q1
11,21,7,7.548387096774194,0.9273504273504273,0.5010893246187363,1.0,q1
11,22,9,7.548387096774194,1.192307692307692,0.6985613917698227,0.5772107413890271,q1
11,23,10,7.548387096774194,1.3247863247863247,0.8090277777777778,0.35315791020466714,q1
11,24,10,7.548387096774194,1.3247863247863247,0.7006172839506173,0.35315791020466714,q1
11,25,6,7.548387096774194,0.7948717948717949,0.433125,0.713291991792435,q1
11,26,8,7.548387096774194,1.0598290598290598,0.58191018342821,0.8525964477576938,q1
11,27,8,7.548387096774194,1.0598290598290598,0.6591865357643759,0.8525964477576938,q1
11,28,8,7.548387096774194,1.0598290598290598,0.6424159231297186,0.8525964477576938,q1
11,29,5,7.548387096774194,0.6623931623931624,0.39297658862876256,0.4605283765634254,q1
11,30,9,7.548387096774194,1.192307692307692,0.7947093889716841,0.5772107413890271,q1
11,31,11,7.548387096774194,1.4572649572649572,0.9777777777777777,0.19505962118243958,q1
12,13,5,7.548387096774194,0.6623931623931624,0.5727272727272728,0.4605283765634254,q1
12,14,8,7.548387096774194,1.0598290598290598,0.8961156278229448,0.8525964477576938,q1
12,15,3,7.548387096774194,0.39743589743589747,0.372463768115942,0.09809544584071431,q1
12,16,3,7.548387096774194,0.39743589743589747,0.2686072218128224,0.09809544584071431,q1
12,17,5,7.548387096774194,0.6623931623931624,0.5338765008576329,0.4605283765634254,q1
12,18,10,7.548387096774194,1.3247863247863247,1.2923076923076924,0.35315791020466714,q1
12,19,6,7.548387096774194,0.7948717948717949,0.6867305061559508,0.713291991792435,q1
12,20,11,7.548387096774194,1.4572649572649572,1.7435740514075888,0.19505962118243958,q1
12,21,5,7.548387096774194,0.6623931623931624,0.5338765008576329,0.4605283765634254,q1
12,22,3,7.548387096774194,0.39743589743589747,0.2928853754940711,0.09809544584071431,q1
12,23,10,7.548387096774194,1.3247863247863247,1.356837606837607,0.35315791020466714,q1
12,24,7,7.548387096774194,0.9273504273504273,0.716374269005848,1.0,q1
12,25,3,7.548387096774194,0.39743589743589747,0.30639868744872845,0.09809544584071431,q1
12,26,7,7.548387096774194,0.9273504273504273,0.8012820512820513,1.0,q1
12,27,10,7.548387096774194,1.3247863247863247,1.5034965034965035,0.35315791020466714,q1
12,28,3,7.548387096774194,0.39743589743589747,0.31354515050167225,0.09809544584071431,q1
12,29,2,7.548387096774194,0.26495726495726496,0.21971341728180635,0.03995448836050852,q1
12,30,6,7.548387096774194,0.7948717948717949,0.7570509648688768,0.713291991792435,q1
12,31,11,7.548387096774194,1.4572649572649572,1.6532163742690058,0.19505962118243958,q1
13,14,9,7.548387096774194,1.192307692307692,0.8970467596390485,0.5772107413890271,q1
13,15,8,7.548387096774194,1.0598290598290598,1.0893617021276596,0.8525964477576938,q1
13,16,12,7.548387096774194,1.5897435897435899,1.3730232558139535,0.13530517452715526,q1
13,17,8,7.548387096774194,1.0598290598290598,0.8374468085106384,0.8525964477576938,q1
13,18,7,7.548387096774194,0.9273504273504273,0.6686320754716981,1.0,q1
13,19,11,7.548387096774194,1.4572649572649572,1.358695652173913,0.19505962118243958,q1
13,20,3,7.548387096774194,0.39743589743589747,0.27714932126696834,0.09809544584071431,q1
13,21,6,7.548387096774194,0.7948717948717949,0.5745682888540031,0.713291991792435,q1
13,22,7,7.548387096774194,0.9273504273504273,0.7005718954248366,1.0,q1
13,23,5,7.548387096774194,0.6623931623931624,0.45849056603773586,0.4605283765634254,q1
13,24,12,7.548387096774194,1.5897435897435899,1.3094812164579606,0.13530517452715526,q1
13,25,7,7.548387096774194,0.9273504273504273,0.7351190476190477,1.0,q1
13,26,7,7.548387096774194,0.9273504273504273,0.6842948717948718,1.0,q1
13,27,2,7.548387096774194,0.26495726495726496,0.17706821480406387,0.03995448836050852,q1
13,28,9,7.548387096774194,1.192307692307692,1.063327032136106,0.5772107413890271,q1
13,29,3,7.548387096774194,0.39743589743589747,0.2980769230769231,0.09809544584071431,q1
13,30,6,7.548387096774194,0.7948717948717949,0.6487190620929223,0.713291991792435,q1
13,31,4,7.548387096774194,0.5299145299145299,0.3680241327300151,0.2654538030170721,q1
14,15,6,7.548387096774194,0.7948717948717949,0.6301020408163265,0.713291991792435,q1
14,16,10,7.548387096774194,1.3247863247863247,0.8764792899408284,0.35315791020466714,q1
14,17,10,7.548387096774194,1.3247863247863247,0.9655448717948718,0.35315791020466714,q1
14,18,7,7.548387096774194,0.9273504273504273,0.5667238421955403,1.0,q1
14,19,11,7.548387096774194,1.4572649572649572,1.139386189258312,0.19505962118243958,q1
14,20,12,7.548387096774194,1.5897435897435899,1.4114285714285715,0.13530517452715526,q1
14,21,8,7.548387096774194,1.0598290598290598,0.7081481481481482,0.8525964477576938,q1
14,22,7,7.548387096774194,0.9273504273504273,0.593939393939394,1.0,q1
14,23,10,7.548387096774194,1.3247863247863247,0.9655448717948718,0.35315791020466714,q1
14,24,10,7.548387096774194,1.3247863247863247,0.8368945868945868,0.35315791020466714,q1
14,25,11,7.548387096774194,1.4572649572649572,1.1694989106753813,0.19505962118243958,q1
14,26,10,7.548387096774194,1.3247863247863247,0.9419152276295133,0.35315791020466714,q1
14,27,6,7.548387096774194,0.7948717948717949,0.5379464285714286,0.713291991792435,q1
14,28,11,7.548387096774194,1.4572649572649572,1.2009803921568627,0.19505962118243958,q1
14,29,11,7.548387096774194,1.4572649572649572,1.3426470588235293,0.19505962118243958,q1
14,30,6,7.548387096774194,0.7948717948717949,0.5516717325227963,0.713291991792435,q1
14,31,6,7.548387096774194,0.7948717948717949,0.5121428571428571,0.713291991792435,q1
15,16,4,7.548387096774194,0.5299145299145299,0.384012539184953,0.2654538030170721,q1
15,17,6,7.548387096774194,0.7948717948717949,0.6895604395604396,0.713291991792435,q1
15,18,4,7.548387096774194,0.5299145299145299,0.400974025974026,0.2654538030170721,q1
15,19,7,7.548387096774194,0.9273504273504273,0.8639024390243902,1.0,q1
15,20,6,7.548387096774194,0.7948717948717949,0.7589285714285714,0.713291991792435,q1
15,21,7,7.548387096774194,0.9273504273504273,0.8436154949784792,1.0,q1
15,22,11,7.548387096774194,1.4572649572649572,1.6193214491086831,0.19505962118243958,q1
15,23,4,7.548387096774194,0.5299145299145299,0.41919191919191917,0.2654538030170721,q1
15,24,4,7.548387096774194,0.5299145299145299,0.36818181818181817,0.2654538030170721,q1
15,25,9,7.548387096774194,1.192307692307692,1.2569558101472995,0.5772107413890271,q1
15,26,4,7.548387096774194,0.5299145299145299,0.4099173553719008,0.2654538030170721,q1
15,27,7,7.548387096774194,0.9273504273504273,0.9299429164504411,1.0,q1
15,28,8,7.548387096774194,1.0598290598290598,1.0893617021276596,0.8525964477576938,q1
15,29,5,7.548387096774194,0.6623931623931624,0.6496461071789686,0.4605283765634254,q1
15,30,7,7.548387096774194,0.9273504273504273,0.9538706256627784,1.0,q1
15,31,9,7.548387096774194,1.192307692307692,1.2569558101472995,0.5772107413890271,q1
16,17,10,7.548387096774194,1.3247863247863247,0.9655448717948718,0.35315791020466714,q1
16,18,6,7.548387096774194,0.7948717948717949,0.4662698412698413,0.713291991792435,q1
16,19,9,7.548387096774194,1.192307692307692,0.8525943396226415,0.5772107413890271,q1
16,20,5,7.548387096774194,0.6623931623931624,0.4296455424274973,0.4605283765634254,q1
16,21,7,7.548387096774194,0.9273504273504273,0.593939393939394,1.0,q1
16,22,11,7.548387096774194,1.4572649572649572,1.110554860241969,0.19505962118243958,q1
16,23,9,7.548387096774194,1.192307692307692,0.8317289179822872,0.5772107413890271,q1
16,24,11,7.548387096774194,1.4572649572649572,0.9604143544210136,0.19505962118243958,q1
16,25,14,7.548387096774194,1.8547008547008546,1.7152777777777777,0.02555536229162719,q1
16,26,13,7.548387096774194,1.722222222222222,1.40150842945874,0.06128009786972832,q1
16,27,4,7.548387096774194,0.5299145299145299,0.3296551724137931,0.2654538030170721,q1
16,28,7,7.548387096774194,0.9273504273504273,0.6390151515151515,1.0,q1
16,29,8,7.548387096774194,1.0598290598290598,0.8475452196382429,0.8525964477576938,q1
16,30,5,7.548387096774194,0.6623931623931624,0.44042397660818716,0.4605283765634254,q1
16,31,10,7.548387096774194,1.3247863247863247,1.015886287625418,0.35315791020466714,q1
17,18,10,7.548387096774194,1.3247863247863247,1.0125,0.35315791020466714,q1
17,19,11,7.548387096774194,1.4572649572649572,1.2567067530064755,0.19505962118243958,q1
17,20,9,7.548387096774194,1.192307692307692,1.0122448979591836,0.5772107413890271,q1
17,21,7,7.548387096774194,0.9273504273504273,0.6512879661668589,1.0,q1
17,22,6,7.548387096774194,0.7948717948717949,0.5347633136094675,0.713291991792435,q1
17,23,12,7.548387096774194,1.5897435897435899,1.4007561436672968,0.13530517452715526,q1
17,24,10,7.548387096774194,1.3247863247863247,0.9220679012345679,0.35315791020466714,q1
17,25,5,7.548387096774194,0.6623931623931624,0.4476507584165742,0.4605283765634254,q1
17,26,9,7.548387096774194,1.192307692307692,0.8926530612244898,0.5772107413890271,q1
17,27,7,7.548387096774194,0.9273504273504273,0.718397997496871,1.0,q1
17,28,6,7.548387096774194,0.7948717948717949,0.5745682888540031,0.713291991792435,q1
17,29,10,7.548387096774194,1.3247863247863247,1.2804878048780488,0.35315791020466714,q1
17,30,5,7.548387096774194,0.6623931623931624,0.4815251572327044,0.4605283765634254,q1
17,31,6,7.548387096774194,0.7948717948717949,0.5607692307692308,0.713291991792435,q1
18,19,4,7.548387096774194,0.5299145299145299,0.32075471698113206,0.2654538030170721,q1
18,20,11,7.548387096774194,1.4572649572649572,1.2947318462268629,0.19505962118243958,q1
18,21,8,7.548387096774194,1.0598290598290598,0.7415384615384616,0.8525964477576938,q1
18,22,11,7.548387096774194,1.4572649572649572,1.1654363873208857,0.19505962118243958,q1
18,23,5,7.548387096774194,0.6623931623931624,0.40823327615780447,0.4605283765634254,q1
18,24,6,7.548387096774194,0.7948717948717949,0.446360153256705,0.713291991792435,q1
18,25,8,7.548387096774194,1.0598290598290598,0.7788461538461539,0.8525964477576938,q1
18,26,8,7.548387096774194,1.0598290598290598,0.7239819004524887,0.8525964477576938,q1
18,27,8,7.548387096774194,1.0598290598290598,0.8193979933110368,0.8525964477576938,q1
18,28,7,7.548387096774194,0.9273504273504273,0.6686320754716981,1.0,q1
18,29,8,7.548387096774194,1.0598290598290598,0.8872987477638641,0.8525964477576938,q1
18,30,6,7.548387096774194,0.7948717948717949,0.5768321513002365,0.713291991792435,q1
18,31,10,7.548387096774194,1.3247863247863247,1.065217391304348,0.35315791020466714,q1
19,20,9,7.548387096774194,1.192307692307692,1.0375,0.5772107413890271,q1
19,21,8,7.548387096774194,1.0598290598290598,0.796734693877551,0.8525964477576938,q1
19,22,10,7.548387096774194,1.3247863247863247,1.0904255319148937,0.35315791020466714,q1
19,23,8,7.548387096774194,1.0598290598290598,0.796734693877551,0.8525964477576938,q1
19,24,9,7.548387096774194,1.192307692307692,0.8147727272727273,0.5772107413890271,q1
19,25,6,7.548387096774194,0.7948717948717949,0.5741176470588235,0.713291991792435,q1
19,26,9,7.548387096774194,1.192307692307692,0.915,0.5772107413890271,q1
19,27,7,7.548387096774194,0.9273504273504273,0.7357446808510638,1.0,q1
19,28,9,7.548387096774194,1.192307692307692,1.0108695652173914,0.5772107413890271,q1
19,29,6,7.548387096774194,0.7948717948717949,0.6509803921568628,0.713291991792435,q1
19,30,7,7.548387096774194,0.9273504273504273,0.7547826086956522,1.0,q1
19,31,8,7.548387096774194,1.0598290598290598,0.8367346938775511,0.8525964477576938,q1
20,21,8,7.548387096774194,1.0598290598290598,0.8591304347826086,0.8525964477576938,q1
20,22,8,7.548387096774194,1.0598290598290598,0.8591304347826086,0.8525964477576938,q1
20,23,8,7.548387096774194,1.0598290598290598,0.8591304347826086,0.8525964477576938,q1
20,24,6,7.548387096774194,0.7948717948717949,0.5150862068965517,0.713291991792435,q1
20,25,10,7.548387096774194,1.3247863247863247,1.2401185770750989,0.35315791020466714,q1
20,26,6,7.548387096774194,0.7948717948717949,0.5754716981132075,0.713291991792435,q1
20,27,9,7.548387096774194,1.192307692307692,1.12,0.5772107413890271,q1
20,28,7,7.548387096774194,0.9273504273504273,0.7726063829787234,1.0,q1
20,29,8,7.548387096774194,1.0598290598290598,1.0273003033367036,0.8525964477576938,q1
20,30,4,7.548387096774194,0.5299145299145299,0.4048979591836735,0.2654538030170721,q1
20,31,8,7.548387096774194,1.0598290598290598,0.9021739130434783,0.8525964477576938,q1
21,22,10,7.548387096774194,1.3247863247863247,1.0633680555555556,0.35315791020466714,q1
21,23,7,7.548387096774194,0.9273504273504273,0.6512879661668589,1.0,q1
21,24,5,7.548387096774194,0.6623931623931624,0.37416053725615606,0.4605283765634254,q1
21,25,5,7.548387096774194,0.6623931623931624,0.4476507584165742,0.4605283765634254,q1
21,26,5,7.548387096774194,0.6623931623931624,0.4175401816911251,0.4605283765634254,q1
21,27,11,7.548387096774194,1.4572649572649572,1.3607125185551707,0.19505962118243958,q1
21,28,13,7.548387096774194,1.722222222222222,1.7264550264550265,0.06128009786972832,q1
21,29,10,7.548387096774194,1.3247863247863247,1.2804878048780488,0.35315791020466714,q1
21,30,8,7.548387096774194,1.0598290598290598,0.8817777777777778,0.8525964477576938,q1
21,31,4,7.548387096774194,0.5299145299145299,0.3433048433048433,0.2654538030170721,q1
22,23,7,7.548387096774194,0.9273504273504273,0.6512879661668589,1.0,q1
22,24,5,7.548387096774194,0.6623931623931624,0.37416053725615606,0.4605283765634254,q1
22,25,10,7.548387096774194,1.3247863247863247,1.118659420289855,0.35315791020466714,q1
22,26,10,7.548387096774194,1.3247863247863247,1.0374149659863945,0.35315791020466714,q1
22,27,8,7.548387096774194,1.0598290598290598,0.8591304347826086,0.8525964477576938,q1
22,28,6,7.548387096774194,0.7948717948717949,0.5745682888540031,0.713291991792435,q1
22,29,5,7.548387096774194,0.6623931623931624,0.5065627563576702,0.4605283765634254,q1
22,30,6,7.548387096774194,0.7948717948717949,0.6039279869067103,0.713291991792435,q1
22,31,1,7.548387096774194,0.13247863247863248,0.0759170653907496,0.008652381615514812,q1
23,24,9,7.548387096774194,1.192307692307692,0.7948051948051948,0.5772107413890271,q1
23,25,7,7.548387096774194,0.9273504273504273,0.6834733893557423,1.0,q1
23,26,8,7.548387096774194,1.0598290598290598,0.7592156862745097,0.8525964477576938,q1
23,27,8,7.548387096774194,1.0598290598290598,0.8591304347826086,0.8525964477576938,q1
23,28,2,7.548387096774194,0.26495726495726496,0.16172506738544473,0.03995448836050852,q1
23,29,7,7.548387096774194,0.9273504273504273,0.7767379679144385,1.0,q1
23,30,7,7.548387096774194,0.9273504273504273,0.736999147485081,1.0,q1
23,31,7,7.548387096774194,0.9273504273504273,0.6834733893557423,1.0,q1
24,25,12,7.548387096774194,1.5897435897435899,1.2744755244755244,0.13530517452715526,q1
24,26,13,7.548387096774194,1.722222222222222,1.3354646206308611,0.06128009786972832,q1
24,27,8,7.548387096774194,1.0598290598290598,0.7484472049689441,0.8525964477576938,q1
24,28,12,7.548387096774194,1.5897435897435899,1.3094812164579606,0.13530517452715526,q1
24,29,11,7.548387096774194,1.4572649572649572,1.2816037735849057,0.19505962118243958,q1
24,30,10,7.548387096774194,1.3247863247863247,1.0508182601205858,0.35315791020466714,q1
24,31,8,7.548387096774194,1.0598290598290598,0.7113095238095238,0.8525964477576938,q1
25,26,7,7.548387096774194,0.9273504273504273,0.6675824175824175,1.0,q1
25,27,4,7.548387096774194,0.5299145299145299,0.3769230769230769,0.2654538030170721,q1
25,28,11,7.548387096774194,1.4572649572649572,1.3944444444444444,0.19505962118243958,q1
25,29,4,7.548387096774194,0.5299145299145299,0.40589198036006546,0.2654538030170721,q1
25,30,9,7.548387096774194,1.192307692307692,1.0923597678916828,0.5772107413890271,q1
25,31,7,7.548387096774194,0.9273504273504273,0.717201166180758,1.0,q1
26,27,6,7.548387096774194,0.7948717948717949,0.5754716981132075,0.713291991792435,q1
26,28,7,7.548387096774194,0.9273504273504273,0.6842948717948718,1.0,q1
26,29,4,7.548387096774194,0.5299145299145299,0.379110251450677,0.2654538030170721,q1
26,30,9,7.548387096774194,1.192307692307692,1.0145454545454546,0.5772107413890271,q1
26,31,11,7.548387096774194,1.4572649572649572,1.2578703703703704,0.19505962118243958,q1
27,28,6,7.548387096774194,0.7948717948717949,0.6326530612244898,0.713291991792435,q1
27,29,8,7.548387096774194,1.0598290598290598,1.0273003033367036,0.8525964477576938,q1
27,30,4,7.548387096774194,0.5299145299145299,0.4048979591836735,0.2654538030170721,q1
27,31,8,7.548387096774194,1.0598290598290598,0.9021739130434783,0.8525964477576938,q1
28,29,6,7.548387096774194,0.7948717948717949,0.6829931972789116,0.713291991792435,q1
28,30,6,7.548387096774194,0.7948717948717949,0.6487190620929223,0.713291991792435,q1
28,31,5,7.548387096774194,0.6623931623931624,0.4803921568627451,0.4605283765634254,q1
29,30,7,7.548387096774194,0.9273504273504273,0.8784584980237155,1.0,q1
29,31,5,7.548387096774194,0.6623931623931624,0.530690537084399,0.4605283765634254,q1
30,31,9,7.548387096774194,1.192307692307692,1.0923597678916828,0.5772107413890271,q1
1,2,7,7.548387096774194,0.9273504273504273,1.3897058823529411,1.0,q2
1,3,6,7.548387096774194,0.7948717948717949,0.9592705167173252,0.713291991792435,q2
1,4,5,7.548387096774194,0.6623931623931624,0.7971014492753623,0.4605283765634254,q2
1,5,7,7.548387096774194,0.9273504273504273,1.096638655462185,1.0,q2
1,6,7,7.548387096774194,0.9273504273504273,1.2446524064171123,1.0,q2
1,7,3,7.548387096774194,0.39743589743589747,0.45308924485125857,0.09809544584071431,q2
1,8,2,7.548387096774194,0.26495726495726496,0.26666666666666666,0.03995448836050852,q2
1,9,3,7.548387096774194,0.39743589743589747,0.4309210526315789,0.09809544584071431,q2
1,10,13,7.548387096774194,1.722222222222222,2.3035714285714284,0.06128009786972832,q2
1,11,5,7.548387096774194,0.6623931623931624,0.603448275862069,0.4605283765634254,q2
1,12,5,7.548387096774194,0.6623931623931624,0.7053376906318083,0.4605283765634254,q2
1,13,4,7.548387096774194,0.5299145299145299,0.5242223355430903,0.2654538030170721,q2
1,14,3,7.548387096774194,0.39743589743589747,0.35041551246537395,0.09809544584071431,q2
1,15,9,7.548387096774194,1.192307692307692,1.4625,0.5772107413890271,q2
1,16,7,7.548387096774194,0.9273504273504273,1.096638655462185,1.0,q2
1,17,8,7.548387096774194,1.0598290598290598,1.2912801484230056,0.8525964477576938,q2
1,18,4,7.548387096774194,0.5299145299145299,0.6535626535626535,0.2654538030170721,q2
1,19,1,7.548387096774194,0.13247863247863248,0.09423076923076923,0.008652381615514812,q2
1,20,5,7.548387096774194,0.6623931623931624,0.5445326278659612,0.4605283765634254,q2
1,21,6,7.548387096774194,0.7948717948717949,0.9131195335276968,0.713291991792435,q2
1,22,4,7.548387096774194,0.5299145299145299,0.4412937527691626,0.2654538030170721,q2
1,23,9,7.548387096774194,1.192307692307692,1.3954326923076923,0.5772107413890271,q2
1,24,6,7.548387096774194,0.7948717948717949,0.831266846361186,0.713291991792435,q2
1,25,6,7.548387096774194,0.7948717948717949,0.831266846361186,0.713291991792435,q2
1,26,5,7.548387096774194,0.6623931623931624,0.7771867612293144,0.4605283765634254,q2
1,27,3,7.548387096774194,0.39743589743589747,0.3580827067669173,0.09809544584071431,q2
1,28,6,7.548387096774194,0.7948717948717949,0.9357142857142857,0.713291991792435,q2
1,29,6,7.548387096774194,0.7948717948717949,0.9131195335276968,0.713291991792435,q2
1,30,5,7.548387096774194,0.6623931623931624,0.494281045751634,0.4605283765634254,q2
1,31,4,7.548387096774194,0.5299145299145299,0.5242223355430903,0.2654538030170721,q2
2,3,7,7.548387096774194,0.9273504273504273,0.9815217391304348,1.0,q2
2,4,4,7.548387096774194,0.5299145299145299,0.5086590796635329,0.2654538030170721,q2
2,5,10,7.548387096774194,1.3247863247863247,1.5158636897767332,0.35315791020466714,q2
2,6,5,7.548387096774194,0.6623931623931624,0.6677018633540373,0.4605283765634254,q2
2,7,2,7.548387096774194,0.26495726495726496,0.24302600472813238,0.03995448836050852,q2
2,8,3,7.548387096774194,0.39743589743589747,0.35482374768089053,0.09809544584071431,q2
2,9,4,7.548387096774194,0.5299145299145299,0.5086590796635329,0.2654538030170721,q2
2,10,7,7.548387096774194,0.9273504273504273,0.7422413793103448,1.0,q2
2,11,8,7.548387096774194,1.0598290598290598,0.9286713286713286,0.8525964477576938,q2
2,12,6,7.548387096774194,0.7948717948717949,0.7434146341463415,0.713291991792435,q2
2,13,10,7.548387096774194,1.3247863247863247,1.4778608395629673,0.35315791020466714,q2
2,14,9,7.548387096774194,1.192307692307692,1.174922600619195,0.5772107413890271,q2
2,15,7,7.548387096774194,0.9273504273504273,0.8480769230769231,1.0,q2
2,16,8,7.548387096774194,1.0598290598290598,1.0940170940170941,0.8525964477576938,q2
2,17,7,7.548387096774194,0.9273504273504273,0.889,1.0,q2
2,18,1,7.548387096774194,0.13247863247863248,0.11887141535615171,0.008652381615514812,q2
2,19,9,7.548387096774194,1.192307692307692,1.0263157894736843,0.5772107413890271,q2
2,20,7,7.548387096774194,0.9273504273504273,0.6971311475409836,1.0,q2
2,21,4,7.548387096774194,0.5299145299145299,0.46146830825353397,0.2654538030170721,q2
2,22,7,7.548387096774194,0.9273504273504273,0.7422413793103448,1.0,q2
2,23,5,7.548387096774194,0.6623931623931624,0.5272108843537415,0.4605283765634254,q2
2,24,9,7.548387096774194,1.192307692307692,1.2031578947368422,0.5772107413890271,q2
2,25,4,7.548387096774194,0.5299145299145299,0.4211416490486258,0.2654538030170721,q2
2,26,2,7.548387096774194,0.26495726495726496,0.22577777777777777,0.03995448836050852,q2
2,27,5,7.548387096774194,0.6623931623931624,0.5511463844797179,0.4605283765634254,q2
2,28,7,7.548387096774194,0.9273504273504273,0.9569148936170213,1.0,q2
2,29,6,7.548387096774194,0.7948717948717949,0.7615729218516675,0.713291991792435,q2
2,30,11,7.548387096774194,1.4572649572649572,1.1926523297491038,0.19505962118243958,q2
2,31,7,7.548387096774194,0.9273504273504273,0.889,1.0,q2
3,4,4,7.548387096774194,0.5299145299145299,0.43595310464611375,0.2654538030170721,q2
3,5,6,7.548387096774194,0.7948717948717949,0.6331914893617021,0.713291991792435,q2
3,6,4,7.548387096774194,0.5299145299145299,0.43595310464611375,0.2654538030170721,q2
3,7,8,7.548387096774194,1.0598290598290598,1.1143631436314363,0.8525964477576938,q2
3,8,8,7.548387096774194,1.0598290598290598,1.0262626262626262,0.8525964477576938,q2
3,9,9,7.548387096774194,1.192307692307692,1.2467532467532467,0.5772107413890271,q2
3,10,9,7.548387096774194,1.192307692307692,0.8839285714285714,0.5772107413890271,q2
3,11,11,7.548387096774194,1.4572649572649572,1.239010989010989,0.19505962118243958,q2
3,12,6,7.548387096774194,0.7948717948717949,0.6331914893617021,0.713291991792435,q2
3,13,6,7.548387096774194,0.7948717948717949,0.6182728410513142,0.713291991792435,q2
3,14,13,7.548387096774194,1.722222222222222,1.7356382978723404,0.06128009786972832,q2
3,15,8,7.548387096774194,1.0598290598290598,0.8610021786492374,0.8525964477576938,q2
3,16,9,7.548387096774194,1.192307692307692,1.0923597678916828,0.5772107413890271,q2
3,17,5,7.548387096774194,0.6623931623931624,0.49278846153846156,0.4605283765634254,q2
3,18,9,7.548387096774194,1.192307692307692,1.3583916083916083,0.5772107413890271,q2
3,19,11,7.548387096774194,1.4572649572649572,1.1571428571428573,0.19505962118243958,q2
3,20,7,7.548387096774194,0.9273504273504273,0.5912330719885959,1.0,q2
3,21,5,7.548387096774194,0.6623931623931624,0.5166666666666667,0.4605283765634254,q2
3,22,9,7.548387096774194,1.192307692307692,0.8839285714285714,0.5772107413890271,q2
3,23,4,7.548387096774194,0.5299145299145299,0.3451485857500895,0.2654538030170721,q2
3,24,7,7.548387096774194,0.9273504273504273,0.7198996655518395,1.0,q2
3,25,12,7.548387096774194,1.5897435897435899,1.563051375194603,0.13530517452715526,q2
3,26,5,7.548387096774194,0.6623931623931624,0.5562943262411347,0.4605283765634254,q2
3,27,1,7.548387096774194,0.13247863247863248,0.07957559681697612,0.008652381615514812,q2
3,28,3,7.548387096774194,0.39743589743589747,0.29058823529411765,0.09809544584071431,q2
3,29,6,7.548387096774194,0.7948717948717949,0.6487190620929223,0.713291991792435,q2
3,30,9,7.548387096774194,1.192307692307692,0.7478693181818182,0.5772107413890271,q2
3,31,5,7.548387096774194,0.6623931623931624,0.49278846153846156,0.4605283765634254,q2
4,5,5,7.548387096774194,0.6623931623931624,0.530690537084399,0.4605283765634254,q2
4,6,6,7.548387096774194,0.7948717948717949,0.7555555555555555,0.713291991792435,q2
4,7,7,7.548387096774194,0.9273504273504273,0.9772727272727273,1.0,q2
4,8,6,7.548387096774194,0.7948717948717949,0.736231884057971,0.713291991792435,q2
4,9,7,7.548387096774194,0.9273504273504273,0.9256198347107438,1.0,q2
4,10,6,7.548387096774194,0.7948717948717949,0.5446327683615819,0.713291991792435,q2
4,11,6,7.548387096774194,0.7948717948717949,0.5684210526315789,0.713291991792435,q2
4,12,4,7.548387096774194,0.5299145299145299,0.40589198036006546,0.2654538030170721,q2
4,13,6,7.548387096774194,0.7948717948717949,0.6509803921568628,0.713291991792435,q2
4,14,6,7.548387096774194,0.7948717948717949,0.6074074074074074,0.713291991792435,q2
4,15,11,7.548387096774194,1.4572649572649572,1.44375,0.19505962118243958,q2
4,16,5,7.548387096774194,0.6623931623931624,0.530690537084399,0.4605283765634254,q2
4,17,9,7.548387096774194,1.192307692307692,1.125,0.5772107413890271,q2
4,18,6,7.548387096774194,0.7948717948717949,0.819047619047619,0.713291991792435,q2
4,19,12,7.548387096774194,1.5897435897435899,1.4017094017094016,0.13530517452715526,q2
4,20,9,7.548387096774194,1.192307692307692,0.8753026634382567,0.5772107413890271,q2
4,21,4,7.548387096774194,0.5299145299145299,0.41551939924906134,0.2654538030170721,q2
4,22,11,7.548387096774194,1.4572649572649572,1.2527777777777778,0.19505962118243958,q2
4,23,6,7.548387096774194,0.7948717948717949,0.593939393939394,0.713291991792435,q2
4,24,3,7.548387096774194,0.39743589743589747,0.27232142857142855,0.09809544584071431,q2
4,25,7,7.548387096774194,0.9273504273504273,0.7587412587412588,1.0,q2
4,26,11,7.548387096774194,1.4572649572649572,1.7371951219512196,0.19505962118243958,q2
4,27,8,7.548387096774194,1.0598290598290598,0.908344733242134,0.8525964477576938,q2
4,28,6,7.548387096774194,0.7948717948717949,0.7,0.713291991792435,q2
4,29,5,7.548387096774194,0.6623931623931624,0.5434782608695652,0.4605283765634254,q2
4,30,8,7.548387096774194,1.0598290598290598,0.6726296958855098,0.8525964477576938,q2
4,31,11,7.548387096774194,1.4572649572649572,1.5184782608695653,0.19505962118243958,q2
5,6,7,7.548387096774194,0.9273504273504273,0.814935064935065,1.0,q2
5,7,8,7.548387096774194,1.0598290598290598,1.032520325203252,0.8525964477576938,q2
5,8,4,7.548387096774194,0.5299145299145299,0.3958333333333333,0.2654538030170721,q2
5,9,6,7.548387096774194,0.7948717948717949,0.6666666666666666,0.713291991792435,q2
5,10,8,7.548387096774194,1.0598290598290598,0.695906432748538,0.8525964477576938,q2
5,11,5,7.548387096774194,0.6623931623931624,0.40060851926977686,0.4605283765634254,q2
5,12,8,7.548387096774194,1.0598290598290598,0.8576388888888888,0.8525964477576938,q2
5,13,8,7.548387096774194,1.0598290598290598,0.8367346938775511,0.8525964477576938,q2
5,14,6,7.548387096774194,0.7948717948717949,0.5355555555555556,0.713291991792435,q2
5,15,7,7.548387096774194,0.9273504273504273,0.6675824175824175,1.0,q2
5,16,10,7.548387096774194,1.3247863247863247,1.1767485822306238,0.35315791020466714,q2
5,17,5,7.548387096774194,0.6623931623931624,0.4581447963800905,0.4605283765634254,q2
5,18,5,7.548387096774194,0.6623931623931624,0.5745554035567716,0.4605283765634254,q2
5,19,12,7.548387096774194,1.5897435897435899,1.2171717171717171,0.13530517452715526,q2
5,20,10,7.548387096774194,1.3247863247863247,0.8883058470764618,0.35315791020466714,q2
5,21,9,7.548387096774194,1.192307692307692,1.0365402405180388,0.5772107413890271,q2
5,22,9,7.548387096774194,1.192307692307692,0.8172492401215805,0.5772107413890271,q2
5,23,9,7.548387096774194,1.192307692307692,0.8948445171849427,0.5772107413890271,q2
5,24,7,7.548387096774194,0.9273504273504273,0.6675824175824175,1.0,q2
5,25,9,7.548387096774194,1.192307692307692,0.9382978723404255,0.5772107413890271,q2
5,26,6,7.548387096774194,0.7948717948717949,0.6495652173913044,0.713291991792435,q2
5,27,7,7.548387096774194,0.9273504273504273,0.6675824175824175,1.0,q2
5,28,5,7.548387096774194,0.6623931623931624,0.4921968787515006,0.4605283765634254,q2
5,29,6,7.548387096774194,0.7948717948717949,0.6024489795918367,0.713291991792435,q2
5,30,12,7.548387096774194,1.5897435897435899,1.0461997019374067,0.13530517452715526,q2
5,31,8,7.548387096774194,1.0598290598290598,0.8367346938775511,0.8525964477576938,q2
6,7,1,7.548387096774194,0.13247863247863248,0.105,0.008652381615514812,q2
6,8,6,7.548387096774194,0.7948717948717949,0.736231884057971,0.713291991792435,q2
6,9,7,7.548387096774194,0.9273504273504273,0.9256198347107438,1.0,q2
6,10,9,7.548387096774194,1.192307692307692,0.9336734693877551,0.5772107413890271,q2
6,11,6,7.548387096774194,0.7948717948717949,0.5684210526315789,0.713291991792435,q2
6,12,7,7.548387096774194,0.9273504273504273,0.814935064935065,1.0,q2
6,13,4,7.548387096774194,0.5299145299145299,0.3966278602970694,0.2654538030170721,q2
6,14,10,7.548387096774194,1.3247863247863247,1.2195121951219512,0.35315791020466714,q2
6,15,7,7.548387096774194,0.9273504273504273,0.7587412587412588,1.0,q2
6,16,6,7.548387096774194,0.7948717948717949,0.6666666666666666,0.713291991792435,q2
6,17,5,7.548387096774194,0.6623931623931624,0.5183946488294314,0.4605283765634254,q2
6,18,6,7.548387096774194,0.7948717948717949,0.819047619047619,0.713291991792435,q2
6,19,9,7.548387096774194,1.192307692307692,0.9135338345864662,0.5772107413890271,q2
6,20,7,7.548387096774194,0.9273504273504273,0.6233233979135618,1.0,q2
6,21,10,7.548387096774194,1.3247863247863247,1.3821138211382114,0.35315791020466714,q2
6,22,7,7.548387096774194,0.9273504273504273,0.6637931034482759,1.0,q2
6,23,8,7.548387096774194,1.0598290598290598,0.8670469504168495,0.8525964477576938,q2
6,24,9,7.548387096774194,1.192307692307692,1.0714285714285714,0.5772107413890271,q2
6,25,7,7.548387096774194,0.9273504273504273,0.7587412587412588,1.0,q2
6,26,5,7.548387096774194,0.6623931623931624,0.5851063829787234,0.4605283765634254,q2
6,27,8,7.548387096774194,1.0598290598290598,0.908344733242134,0.8525964477576938,q2
6,28,10,7.548387096774194,1.3247863247863247,1.419068736141907,0.35315791020466714,q2
6,29,5,7.548387096774194,0.6623931623931624,0.5434782608695652,0.4605283765634254,q2
6,30,7,7.548387096774194,0.9273504273504273,0.5640495867768595,1.0,q2
6,31,9,7.548387096774194,1.192307692307692,1.125,0.5772107413890271,q2
7,8,7,7.548387096774194,0.9273504273504273,0.9518518518518518,1.0,q2
7,9,6,7.548387096774194,0.7948717948717949,0.7968992248062016,0.713291991792435,q2
7,10,7,7.548387096774194,0.9273504273504273,0.7011494252873564,1.0,q2
7,11,9,7.548387096774194,1.192307692307692,1.0333333333333334,0.5772107413890271,q2
7,12,10,7.548387096774194,1.3247863247863247,1.4269788182831662,0.35315791020466714,q2
7,13,6,7.548387096774194,0.7948717948717949,0.6867305061559508,0.713291991792435,q2
7,14,8,7.548387096774194,1.0598290598290598,0.9380863039399625,0.8525964477576938,q2
7,15,7,7.548387096774194,0.9273504273504273,0.8012820512820513,1.0,q2
7,16,8,7.548387096774194,1.0598290598290598,1.032520325203252,0.8525964477576938,q2
7,17,11,7.548387096774194,1.4572649572649572,1.6109839816933638,0.19505962118243958,q2
7,18,9,7.548387096774194,1.192307692307692,1.5173076923076922,0.5772107413890271,q2
7,19,2,7.548387096774194,0.26495726495726496,0.15824468085106383,0.03995448836050852,q2
7,20,7,7.548387096774194,0.9273504273504273,0.6584699453551912,1.0,q2
7,21,6,7.548387096774194,0.7948717948717949,0.7204556241101091,0.713291991792435,q2
7,22,6,7.548387096774194,0.7948717948717949,0.5746945210878991,0.713291991792435,q2
7,23,7,7.548387096774194,0.9273504273504273,0.7654320987654321,1.0,q2
7,24,5,7.548387096774194,0.6623931623931624,0.5218855218855218,0.4605283765634254,q2
7,25,8,7.548387096774194,1.0598290598290598,0.9603060736489718,0.8525964477576938,q2
7,26,6,7.548387096774194,0.7948717948717949,0.7765419615773509,0.713291991792435,q2
7,27,10,7.548387096774194,1.3247863247863247,1.3239141810570383,0.35315791020466714,q2
7,28,5,7.548387096774194,0.6623931623931624,0.5867346938775511,0.4605283765634254,q2
7,29,3,7.548387096774194,0.39743589743589747,0.31354515050167225,0.09809544584071431,q2
7,30,7,7.548387096774194,0.9273504273504273,0.5959595959595959,1.0,q2
7,31,7,7.548387096774194,0.9273504273504273,0.84,1.0,q2
8,9,7,7.548387096774194,0.9273504273504273,0.9015151515151515,1.0,q2
8,10,7,7.548387096774194,0.9273504273504273,0.6463601532567049,1.0,q2
8,11,8,7.548387096774194,1.0598290598290598,0.8066115702479338,0.8525964477576938,q2
8,12,4,7.548387096774194,0.5299145299145299,0.3958333333333333,0.2654538030170721,q2
8,13,10,7.548387096774194,1.3247863247863247,1.2765957446808511,0.35315791020466714,q2
8,14,6,7.548387096774194,0.7948717948717949,0.5917874396135265,0.713291991792435,q2
8,15,9,7.548387096774194,1.192307692307692,1.042325581395349,0.5772107413890271,q2
8,16,5,7.548387096774194,0.6623931623931624,0.5173133083020443,0.4605283765634254,q2
8,17,3,7.548387096774194,0.39743589743589747,0.2777777777777778,0.09809544584071431,q2
8,18,5,7.548387096774194,0.6623931623931624,0.6333498268184067,0.4605283765634254,q2
8,19,12,7.548387096774194,1.5897435897435899,1.3611111111111112,0.13530517452715526,q2
8,20,9,7.548387096774194,1.192307692307692,0.8513992905005913,0.5772107413890271,q2
8,21,9,7.548387096774194,1.192307692307692,1.1511627906976745,0.5772107413890271,q2
8,22,7,7.548387096774194,0.9273504273504273,0.6463601532567049,1.0,q2
8,23,4,7.548387096774194,0.5299145299145299,0.3538011695906433,0.2654538030170721,q2
8,24,12,7.548387096774194,1.5897435897435899,1.6085106382978724,0.13530517452715526,q2
8,25,4,7.548387096774194,0.5299145299145299,0.3696969696969697,0.2654538030170721,q2
8,26,8,7.548387096774194,1.0598290598290598,1.0537190082644627,0.8525964477576938,q2
8,27,8,7.548387096774194,1.0598290598290598,0.8841354723707665,0.8525964477576938,q2
8,28,9,7.548387096774194,1.192307692307692,1.1813953488372093,0.5772107413890271,q2
8,29,5,7.548387096774194,0.6623931623931624,0.5297872340425532,0.4605283765634254,q2
8,30,10,7.548387096774194,1.3247863247863247,0.891912320483749,0.35315791020466714,q2
8,31,11,7.548387096774194,1.4572649572649572,1.475609756097561,0.19505962118243958,q2
9,10,5,7.548387096774194,0.6623931623931624,0.43478260869565216,0.4605283765634254,q2
9,11,6,7.548387096774194,0.7948717948717949,0.5684210526315789,0.713291991792435,q2
9,12,4,7.548387096774194,0.5299145299145299,0.40589198036006546,0.2654538030170721,q2
9,13,6,7.548387096774194,0.7948717948717949,0.6509803921568628,0.713291991792435,q2
9,14,12,7.548387096774194,1.5897435897435899,1.6153846153846154,0.13530517452715526,q2
9,15,6,7.548387096774194,0.7948717948717949,0.6213836477987421,0.713291991792435,q2
9,16,5,7.548387096774194,0.6623931623931624,0.530690537084399,0.4605283765634254,q2
9,17,5,7.548387096774194,0.6623931623931624,0.5183946488294314,0.4605283765634254,q2
9,18,4,7.548387096774194,0.5299145299145299,0.4951644100580271,0.2654538030170721,q2
9,19,10,7.548387096774194,1.3247863247863247,1.0627177700348431,0.35315791020466714,q2
9,20,7,7.548387096774194,0.9273504273504273,0.6233233979135618,1.0,q2
9,21,3,7.548387096774194,0.39743589743589747,0.2980769230769231,0.09809544584071431,q2
9,22,9,7.548387096774194,1.192307692307692,0.9336734693877551,0.5772107413890271,q2
9,23,10,7.548387096774194,1.3247863247863247,1.1908177905308466,0.35315791020466714,q2
9,24,5,7.548387096774194,0.6623931623931624,0.49516908212560384,0.4605283765634254,q2
9,25,6,7.548387096774194,0.7948717948717949,0.6213836477987421,0.713291991792435,q2
9,26,8,7.548387096774194,1.0598290598290598,1.0824524312896406,0.8525964477576938,q2
9,27,9,7.548387096774194,1.192307692307692,1.0714285714285714,0.5772107413890271,q2
9,28,5,7.548387096774194,0.6623931623931624,0.5567879325643301,0.4605283765634254,q2
9,29,12,7.548387096774194,1.5897435897435899,1.8389982110912344,0.13530517452715526,q2
9,30,6,7.548387096774194,0.7948717948717949,0.46368159203980097,0.713291991792435,q2
9,31,12,7.548387096774194,1.5897435897435899,1.7435897435897436,0.13530517452715526,q2
10,11,8,7.548387096774194,1.0598290598290598,0.5894736842105263,0.8525964477576938,q2
10,12,10,7.548387096774194,1.3247863247863247,0.9486166007905138,0.35315791020466714,q2
10,13,6,7.548387096774194,0.7948717948717949,0.46859421734795614,0.713291991792435,q2
10,14,5,7.548387096774194,0.6623931623931624,0.35,0.4605283765634254,q2
10,15,10,7.548387096774194,1.3247863247863247,0.8794063079777366,0.35315791020466714,q2
10,16,11,7.548387096774194,1.4572649572649572,1.0909465020576132,0.19505962118243958,q2
10,17,9,7.548387096774194,1.192307692307692,0.796875,0.5772107413890271,q2
10,18,2,7.548387096774194,0.26495726495726496,0.16563146997929606,0.03995448836050852,q2
10,19,6,7.548387096774194,0.7948717948717949,0.38305084745762713,0.713291991792435,q2
10,20,16,7.548387096774194,2.1196581196581197,1.469387755102041,0.00490860883760566,q2
10,21,11,7.548387096774194,1.4572649572649572,1.1203703703703705,0.19505962118243958,q2
10,22,11,7.548387096774194,1.4572649572649572,0.8751714677640604,0.19505962118243958,q2
10,23,13,7.548387096774194,1.722222222222222,1.2395833333333333,0.06128009786972832,q2
10,24,13,7.548387096774194,1.722222222222222,1.3043478260869565,0.06128009786972832,q2
10,25,8,7.548387096774194,1.0598290598290598,0.6467148262813898,0.8525964477576938,q2
10,26,7,7.548387096774194,0.9273504273504273,0.6463601532567049,1.0,q2
10,27,13,7.548387096774194,1.722222222222222,1.3043478260869565,0.06128009786972832,q2
10,28,8,7.548387096774194,1.0598290598290598,0.7322654462242563,0.8525964477576938,q2
10,29,5,7.548387096774194,0.6623931623931624,0.3933333333333333,0.4605283765634254,q2
10,30,8,7.548387096774194,1.0598290598290598,0.47719298245614034,0.8525964477576938,q2
10,31,9,7.548387096774194,1.192307692307692,0.796875,0.5772107413890271,q2
11,12,5,7.548387096774194,0.6623931623931624,0.40060851926977686,0.4605283765634254,q2
11,13,6,7.548387096774194,0.7948717948717949,0.4891640866873065,0.713291991792435,q2
11,14,11,7.548387096774194,1.4572649572649572,1.031789638932496,0.19505962118243958,q2
11,15,9,7.548387096774194,1.192307692307692,0.7933333333333333,0.5772107413890271,q2
11,16,9,7.548387096774194,1.192307692307692,0.8546099290780141,0.5772107413890271,q2
11,17,13,7.548387096774194,1.722222222222222,1.4418181818181819,0.06128009786972832,q2
11,18,10,7.548387096774194,1.3247863247863247,1.2413108242303872,0.35315791020466714,q2
11,19,11,7.548387096774194,1.4572649572649572,0.8961538461538462,0.19505962118243958,q2
11,20,9,7.548387096774194,1.192307692307692,0.6468926553672316,0.5772107413890271,q2
11,21,4,7.548387096774194,0.5299145299145299,0.3150548354935194,0.2654538030170721,q2
11,22,13,7.548387096774194,1.722222222222222,1.18,0.06128009786972832,q2
11,23,7,7.548387096774194,0.9273504273504273,0.5416666666666666,1.0,q2
11,24,8,7.548387096774194,1.0598290598290598,0.6759358288770053,0.8525964477576938,q2
11,25,6,7.548387096774194,0.7948717948717949,0.4667328699106256,0.713291991792435,q2
11,26,7,7.548387096774194,0.9273504273504273,0.675,1.0,q2
11,27,10,7.548387096774194,1.3247863247863247,0.9202926453600309,0.35315791020466714,q2
11,28,7,7.548387096774194,0.9273504273504273,0.6409574468085106,1.0,q2
11,29,11,7.548387096774194,1.4572649572649572,1.1730769230769231,0.19505962118243958,q2
11,30,17,7.548387096774194,2.2521367521367517,1.531055900621118,0.0023298313880942677,q2
11,31,7,7.548387096774194,0.9273504273504273,0.595,1.0,q2
12,13,10,7.548387096774194,1.3247863247863247,1.147086031452359,0.35315791020466714,q2
12,14,9,7.548387096774194,1.192307692307692,0.9161451814768461,0.5772107413890271,q2
12,15,5,7.548387096774194,0.6623931623931624,0.4375453885257807,0.4605283765634254,q2
12,16,10,7.548387096774194,1.3247863247863247,1.1767485822306238,0.35315791020466714,q2
12,17,12,7.548387096774194,1.5897435897435899,1.5151515151515151,0.13530517452715526,q2
12,18,7,7.548387096774194,0.9273504273504273,0.8850174216027874,1.0,q2
12,19,10,7.548387096774194,1.3247863247863247,0.9277950310559007,0.35315791020466714,q2
12,20,13,7.548387096774194,1.722222222222222,1.3192389006342495,0.06128009786972832,q2
12,21,8,7.548387096774194,1.0598290598290598,0.8794326241134752,0.8525964477576938,q2
12,22,6,7.548387096774194,0.7948717948717949,0.48,0.713291991792435,q2
12,23,6,7.548387096774194,0.7948717948717949,0.5236363636363637,0.713291991792435,q2
12,24,12,7.548387096774194,1.5897435897435899,1.4390715667311411,0.13530517452715526,q2
12,25,8,7.548387096774194,1.0598290598290598,0.7973856209150327,0.8525964477576938,q2
12,26,7,7.548387096774194,0.9273504273504273,0.7936507936507936,1.0,q2
12,27,5,7.548387096774194,0.6623931623931624,0.4375453885257807,0.4605283765634254,q2
12,28,5,7.548387096774194,0.6623931623931624,0.4921968787515006,0.4605283765634254,q2
12,29,4,7.548387096774194,0.5299145299145299,0.3680241327300151,0.2654538030170721,q2
12,30,14,7.548387096774194,1.8547008547008546,1.3333333333333333,0.02555536229162719,q2
12,31,4,7.548387096774194,0.5299145299145299,0.35123367198838895,0.2654538030170721,q2
13,14,4,7.548387096774194,0.5299145299145299,0.32075471698113206,0.2654538030170721,q2
13,15,8,7.548387096774194,1.0598290598290598,0.7779111644657863,0.8525964477576938,q2
13,16,7,7.548387096774194,0.9273504273504273,0.7,1.0,q2
13,17,6,7.548387096774194,0.7948717948717949,0.5605536332179931,0.713291991792435,q2
13,18,5,7.548387096774194,0.6623931623931624,0.5612701252236136,0.4605283765634254,q2
13,19,11,7.548387096774194,1.4572649572649572,1.0391304347826087,0.19505962118243958,q2
13,20,10,7.548387096774194,1.3247863247863247,0.8657373440939105,0.35315791020466714,q2
13,21,12,7.548387096774194,1.5897435897435899,1.5565891472868216,0.13530517452715526,q2
13,22,6,7.548387096774194,0.7948717948717949,0.46859421734795614,0.713291991792435,q2
13,23,12,7.548387096774194,1.5897435897435899,1.3333333333333333,0.13530517452715526,q2
13,24,5,7.548387096774194,0.6623931623931624,0.42735042735042733,0.4605283765634254,q2
13,25,11,7.548387096774194,1.4572649572649572,1.2255434782608696,0.19505962118243958,q2
13,26,7,7.548387096774194,0.9273504273504273,0.7746666666666666,1.0,q2
13,27,12,7.548387096774194,1.5897435897435899,1.401418439716312,0.13530517452715526,q2
13,28,7,7.548387096774194,0.9273504273504273,0.7357446808510638,1.0,q2
13,29,6,7.548387096774194,0.7948717948717949,0.5882352941176471,0.713291991792435,q2
13,30,10,7.548387096774194,1.3247863247863247,0.7801418439716312,0.35315791020466714,q2
13,31,7,7.548387096774194,0.9273504273504273,0.6832,1.0,q2
14,15,9,7.548387096774194,1.192307692307692,0.8505882352941176,0.5772107413890271,q2
14,16,4,7.548387096774194,0.5299145299145299,0.3282967032967033,0.2654538030170721,q2
14,17,8,7.548387096774194,1.0598290598290598,0.7598116169544741,0.8525964477576938,q2
14,18,5,7.548387096774194,0.6623931623931624,0.5243128964059197,0.4605283765634254,q2
14,19,5,7.548387096774194,0.6623931623931624,0.34277198211624443,0.4605283765634254,q2
14,20,9,7.548387096774194,1.192307692307692,0.6939182452642074,0.5772107413890271,q2
14,21,5,7.548387096774194,0.6623931623931624,0.4381818181818182,0.4605283765634254,q2
14,22,10,7.548387096774194,1.3247863247863247,0.8581818181818182,0.35315791020466714,q2
14,23,8,7.548387096774194,1.0598290598290598,0.690856313497823,0.8525964477576938,q2
14,24,13,7.548387096774194,1.722222222222222,1.473172987974098,0.06128009786972832,q2
14,25,13,7.548387096774194,1.722222222222222,1.473172987974098,0.06128009786972832,q2
14,26,12,7.548387096774194,1.5897435897435899,1.56875,0.13530517452715526,q2
14,27,7,7.548387096774194,0.9273504273504273,0.6070391872278664,1.0,q2
14,28,4,7.548387096774194,0.5299145299145299,0.3442857142857143,0.2654538030170721,q2
14,29,7,7.548387096774194,0.9273504273504273,0.6686320754716981,1.0,q2
14,30,11,7.548387096774194,1.4572649572649572,0.8291639236339697,0.19505962118243958,q2
14,31,8,7.548387096774194,1.0598290598290598,0.7598116169544741,0.8525964477576938,q2
15,16,5,7.548387096774194,0.6623931623931624,0.4375453885257807,0.4605283765634254,q2
15,17,9,7.548387096774194,1.192307692307692,0.915,0.5772107413890271,q2
15,18,5,7.548387096774194,0.6623931623931624,0.5361757105943152,0.4605283765634254,q2
15,19,4,7.548387096774194,0.5299145299145299,0.2697947214076246,0.2654538030170721,q2
15,20,10,7.548387096774194,1.3247863247863247,0.8233638282899367,0.35315791020466714,q2
15,21,11,7.548387096774194,1.4572649572649572,1.2916666666666667,0.19505962118243958,q2
15,22,7,7.548387096774194,0.9273504273504273,0.5431034482758621,1.0,q2
15,23,11,7.548387096774194,1.4572649572649572,1.1091666666666666,0.19505962118243958,q2
15,24,8,7.548387096774194,1.0598290598290598,0.7412533640907343,0.8525964477576938,q2
15,25,7,7.548387096774194,0.9273504273504273,0.621301775147929,1.0,q2
15,26,12,7.548387096774194,1.5897435897435899,1.6085106382978724,0.13530517452715526,q2
15,27,2,7.548387096774194,0.26495726495726496,0.14465989535241613,0.03995448836050852,q2
15,28,6,7.548387096774194,0.7948717948717949,0.5754716981132075,0.713291991792435,q2
15,29,8,7.548387096774194,1.0598290598290598,0.8176887776387151,0.8525964477576938,q2
15,30,9,7.548387096774194,1.192307692307692,0.64125,0.5772107413890271,q2
15,31,10,7.548387096774194,1.3247863247863247,1.0638297872340425,0.35315791020466714,q2
16,17,6,7.548387096774194,0.7948717948717949,0.5741176470588235,0.713291991792435,q2
16,18,5,7.548387096774194,0.6623931623931624,0.5745554035567716,0.4605283765634254,q2
16,19,8,7.548387096774194,1.0598290598290598,0.6810344827586207,0.8525964477576938,q2
16,20,12,7.548387096774194,1.5897435897435899,1.1639610389610389,0.13530517452715526,q2
16,21,6,7.548387096774194,0.7948717948717949,0.6024489795918367,0.713291991792435,q2
16,22,8,7.548387096774194,1.0598290598290598,0.695906432748538,0.8525964477576938,q2
16,23,7,7.548387096774194,0.9273504273504273,0.6375661375661376,1.0,q2
16,24,8,7.548387096774194,1.0598290598290598,0.7973856209150327,0.8525964477576938,q2
16,25,5,7.548387096774194,0.6623931623931624,0.4375453885257807,0.4605283765634254,q2
16,26,6,7.548387096774194,0.7948717948717949,0.6495652173913044,0.713291991792435,q2
16,27,5,7.548387096774194,0.6623931623931624,0.4375453885257807,0.4605283765634254,q2
16,28,9,7.548387096774194,1.192307692307692,1.0638297872340425,0.5772107413890271,q2
16,29,8,7.548387096774194,1.0598290598290598,0.8794326241134752,0.8525964477576938,q2
16,30,14,7.548387096774194,1.8547008547008546,1.3333333333333333,0.02555536229162719,q2
16,31,8,7.548387096774194,1.0598290598290598,0.8367346938775511,0.8525964477576938,q2
17,18,4,7.548387096774194,0.5299145299145299,0.4288164665523156,0.2654538030170721,q2
17,19,11,7.548387096774194,1.4572649572649572,1.0391304347826087,0.19505962118243958,q2
17,20,10,7.548387096774194,1.3247863247863247,0.8657373440939105,0.35315791020466714,q2
17,21,6,7.548387096774194,0.7948717948717949,0.5882352941176471,0.713291991792435,q2
17,22,12,7.548387096774194,1.5897435897435899,1.2125786163522012,0.13530517452715526,q2
17,23,6,7.548387096774194,0.7948717948717949,0.5112299465240642,0.713291991792435,q2
17,24,8,7.548387096774194,1.0598290598290598,0.7779111644657863,0.8525964477576938,q2
17,25,9,7.548387096774194,1.192307692307692,0.915,0.5772107413890271,q2
17,26,5,7.548387096774194,0.6623931623931624,0.5053191489361702,0.4605283765634254,q2
17,27,5,7.548387096774194,0.6623931623931624,0.42735042735042733,0.4605283765634254,q2
17,28,7,7.548387096774194,0.9273504273504273,0.7357446808510638,1.0,q2
17,29,9,7.548387096774194,1.192307692307692,1.0108695652173914,0.5772107413890271,q2
17,30,10,7.548387096774194,1.3247863247863247,0.7801418439716312,0.35315791020466714,q2
17,31,5,7.548387096774194,0.6623931623931624,0.4474852071005917,0.4605283765634254,q2
18,19,9,7.548387096774194,1.192307692307692,0.9959514170040485,0.5772107413890271,q2
18,20,6,7.548387096774194,0.7948717948717949,0.5552995391705069,0.713291991792435,q2
18,21,10,7.548387096774194,1.3247863247863247,1.5087719298245614,0.35315791020466714,q2
18,22,7,7.548387096774194,0.9273504273504273,0.7211942809083264,1.0,q2
18,23,7,7.548387096774194,0.9273504273504273,0.7872628726287263,1.0,q2
18,24,9,7.548387096774194,1.192307692307692,1.1676923076923076,0.5772107413890271,q2
18,25,7,7.548387096774194,0.9273504273504273,0.824108818011257,1.0,q2
18,26,7,7.548387096774194,0.9273504273504273,0.9788617886178862,1.0,q2
18,27,7,7.548387096774194,0.9273504273504273,0.824108818011257,1.0,q2
18,28,7,7.548387096774194,0.9273504273504273,0.9299429164504411,1.0,q2
18,29,5,7.548387096774194,0.6623931623931624,0.5883720930232558,0.4605283765634254,q2
18,30,13,7.548387096774194,1.722222222222222,1.5042857142857142,0.06128009786972832,q2
18,31,6,7.548387096774194,0.7948717948717949,0.7058823529411765,0.713291991792435,q2
19,20,13,7.548387096774194,1.722222222222222,1.0257289879931388,0.06128009786972832,q2
19,21,6,7.548387096774194,0.7948717948717949,0.4816326530612245,0.713291991792435,q2
19,22,12,7.548387096774194,1.5897435897435899,0.9727463312368972,0.13530517452715526,q2
19,23,10,7.548387096774194,1.3247863247863247,0.819327731092437,0.35315791020466714,q2
19,24,5,7.548387096774194,0.6623931623931624,0.35063752276867033,0.4605283765634254,q2
19,25,8,7.548387096774194,1.0598290598290598,0.6328600405679513,0.8525964477576938,q2
19,26,4,7.548387096774194,0.5299145299145299,0.3185483870967742,0.2654538030170721,q2
19,27,9,7.548387096774194,1.192307692307692,0.7421052631578947,0.5772107413890271,q2
19,28,11,7.548387096774194,1.4572649572649572,1.1255813953488372,0.19505962118243958,q2
19,29,11,7.548387096774194,1.4572649572649572,1.0954545454545455,0.19505962118243958,q2
19,30,12,7.548387096774194,1.5897435897435899,0.8160291438979964,0.13530517452715526,q2
19,31,10,7.548387096774194,1.3247863247863247,0.9042553191489362,0.35315791020466714,q2
20,21,4,7.548387096774194,0.5299145299145299,0.28431372549019607,0.2654538030170721,q2
20,22,8,7.548387096774194,1.0598290598290598,0.5286549707602339,0.8525964477576938,q2
20,23,12,7.548387096774194,1.5897435897435899,1.0233236151603498,0.13530517452715526,q2
20,24,11,7.548387096774194,1.4572649572649572,0.9448099415204678,0.19505962118243958,q2
20,25,9,7.548387096774194,1.192307692307692,0.7108474576271187,0.5772107413890271,q2
20,26,6,7.548387096774194,0.7948717948717949,0.49859747545582045,0.713291991792435,q2
20,27,15,7.548387096774194,1.987179487179487,1.5373070325900515,0.014239732756122846,q2
20,28,9,7.548387096774194,1.192307692307692,0.8067796610169492,0.5772107413890271,q2
20,29,8,7.548387096774194,1.0598290598290598,0.6695035460992907,0.8525964477576938,q2
20,30,7,7.548387096774194,0.9273504273504273,0.377297565822156,1.0,q2
20,31,7,7.548387096774194,0.9273504273504273,0.5347540983606557,1.0,q2
21,22,5,7.548387096774194,0.6623931623931624,0.3933333333333333,0.4605283765634254,q2
21,23,9,7.548387096774194,1.192307692307692,0.9180602006688964,0.5772107413890271,q2
21,24,9,7.548387096774194,1.192307692307692,0.9626086956521739,0.5772107413890271,q2
21,25,13,7.548387096774194,1.722222222222222,1.6821946169772257,0.06128009786972832,q2
21,26,7,7.548387096774194,0.9273504273504273,0.8134259259259259,1.0,q2
21,27,10,7.548387096774194,1.3247863247863247,1.1201814058956916,0.35315791020466714,q2
21,28,9,7.548387096774194,1.192307692307692,1.0913043478260869,0.5772107413890271,q2
21,29,3,7.548387096774194,0.39743589743589747,0.27071005917159763,0.09809544584071431,q2
21,30,9,7.548387096774194,1.192307692307692,0.7092391304347826,0.5772107413890271,q2
21,31,7,7.548387096774194,0.9273504273504273,0.7175,1.0,q2
22,23,7,7.548387096774194,0.9273504273504273,0.5185185185185185,1.0,q2
22,24,5,7.548387096774194,0.6623931623931624,0.35802469135802467,0.4605283765634254,q2
22,25,12,7.548387096774194,1.5897435897435899,1.151344841429145,0.13530517452715526,q2
22,26,9,7.548387096774194,1.192307692307692,0.9082225913621262,0.5772107413890271,q2
22,27,12,7.548387096774194,1.5897435897435899,1.151344841429145,0.13530517452715526,q2
22,28,8,7.548387096774194,1.0598290598290598,0.7322654462242563,0.8525964477576938,q2
22,29,10,7.548387096774194,1.3247863247863247,0.9737373737373738,0.35315791020466714,q2
22,30,15,7.548387096774194,1.987179487179487,1.1793103448275861,0.014239732756122846,q2
22,31,8,7.548387096774194,1.0598290598290598,0.6788399570354458,0.8525964477576938,q2
23,24,8,7.548387096774194,1.0598290598290598,0.7073621901590825,0.8525964477576938,q2
23,25,7,7.548387096774194,0.9273504273504273,0.5933048433048433,1.0,q2
23,26,5,7.548387096774194,0.6623931623931624,0.4616261398176292,0.4605283765634254,q2
23,27,6,7.548387096774194,0.7948717948717949,0.4878216123499142,0.713291991792435,q2
23,28,6,7.548387096774194,0.7948717948717949,0.55,0.713291991792435,q2
23,29,12,7.548387096774194,1.5897435897435899,1.4067394399620314,0.13530517452715526,q2
23,30,12,7.548387096774194,1.5897435897435899,0.9193710270993644,0.13530517452715526,q2
23,31,11,7.548387096774194,1.4572649572649572,1.1669565217391304,0.19505962118243958,q2
24,25,11,7.548387096774194,1.4572649572649572,1.1649305555555556,0.19505962118243958,q2
24,26,4,7.548387096774194,0.5299145299145299,0.3696969696969697,0.2654538030170721,q2
24,27,7,7.548387096774194,0.9273504273504273,0.621301775147929,1.0,q2
24,28,6,7.548387096774194,0.7948717948717949,0.5754716981132075,0.713291991792435,q2
24,29,8,7.548387096774194,1.0598290598290598,0.8176887776387151,0.8525964477576938,q2
24,30,8,7.548387096774194,1.0598290598290598,0.5478129713423832,0.8525964477576938,q2
24,31,7,7.548387096774194,0.9273504273504273,0.6515384615384615,1.0,q2
25,26,6,7.548387096774194,0.7948717948717949,0.605414273995078,0.713291991792435,q2
25,27,8,7.548387096774194,1.0598290598290598,0.7412533640907343,0.8525964477576938,q2
25,28,5,7.548387096774194,0.6623931623931624,0.45918367346938777,0.4605283765634254,q2
25,29,6,7.548387096774194,0.7948717948717949,0.5614170196380439,0.713291991792435,q2
25,30,8,7.548387096774194,1.0598290598290598,0.5478129713423832,0.8525964477576938,q2
25,31,6,7.548387096774194,0.7948717948717949,0.5349611542730299,0.713291991792435,q2
26,27,7,7.548387096774194,0.9273504273504273,0.7388888888888889,1.0,q2
26,28,10,7.548387096774194,1.3247863247863247,1.37987012987013,0.35315791020466714,q2
26,29,8,7.548387096774194,1.0598290598290598,0.9748549323017408,0.8525964477576938,q2
26,30,10,7.548387096774194,1.3247863247863247,0.891912320483749,0.35315791020466714,q2
26,31,6,7.548387096774194,0.7948717948717949,0.6342710997442456,0.713291991792435,q2
27,28,11,7.548387096774194,1.4572649572649572,1.3270348837209303,0.19505962118243958,q2
27,29,11,7.548387096774194,1.4572649572649572,1.2916666666666667,0.19505962118243958,q2
27,30,6,7.548387096774194,0.7948717948717949,0.38017459870459025,0.713291991792435,q2
27,31,9,7.548387096774194,1.192307692307692,0.915,0.5772107413890271,q2
28,29,12,7.548387096774194,1.5897435897435899,1.6877076411960132,0.13530517452715526,q2
28,30,6,7.548387096774194,0.7948717948717949,0.4291044776119403,0.713291991792435,q2
28,31,7,7.548387096774194,0.9273504273504273,0.7357446808510638,1.0,q2
29,30,10,7.548387096774194,1.3247863247863247,0.8218694885361552,0.35315791020466714,q2
29,31,4,7.548387096774194,0.5299145299145299,0.35960044395116536,0.2654538030170721,q2
30,31,8,7.548387096774194,1.0598290598290598,0.5751962323390895,0.8525964477576938,q2
1,2,7,7.548387096774194,0.9273504273504273,0.5910554561717353,1.0,q3
1,3,3,7.548387096774194,0.39743589743589747,0.24113475177304963,0.09809544584071431,q3
1,4,3,7.548387096774194,0.39743589743589747,0.31289111389236546,0.09809544584071431,q3
1,5,5,7.548387096774194,0.6623931623931624,0.4861111111111111,0.4605283765634254,q3
1,6,4,7.548387096774194,0.5299145299145299,0.5217391304347826,0.2654538030170721,q3
1,7,8,7.548387096774194,1.0598290598290598,0.9795918367346939,0.8525964477576938,q3
1,8,5,7.548387096774194,0.6623931623931624,0.5856481481481481,0.4605283765634254,q3
1,9,8,7.548387096774194,1.0598290598290598,0.9337068160597572,0.8525964477576938,q3
1,10,7,7.548387096774194,0.9273504273504273,0.9024266936299292,1.0,q3
1,11,13,7.548387096774194,1.722222222222222,1.6440591534931157,0.06128009786972832,q3
1,12,3,7.548387096774194,0.39743589743589747,0.39361702127659576,0.09809544584071431,q3
1,13,5,7.548387096774194,0.6623931623931624,0.7690058479532164,0.4605283765634254,q3
1,14,10,7.548387096774194,1.3247863247863247,1.169811320754717,0.35315791020466714,q3
1,15,5,7.548387096774194,0.6623931623931624,0.6004728132387707,0.4605283765634254,q3
1,16,2,7.548387096774194,0.26495726495726496,0.19951923076923078,0.03995448836050852,q3
1,17,6,7.548387096774194,0.7948717948717949,0.7559288537549407,0.713291991792435,q3
1,18,9,7.548387096774194,1.192307692307692,1.051125703564728,0.5772107413890271,q3
1,19,8,7.548387096774194,1.0598290598290598,0.8912848158131177,0.8525964477576938,q3
1,20,7,7.548387096774194,0.9273504273504273,0.9024266936299292,1.0,q3
1,21,8,7.548387096774194,1.0598290598290598,0.7980295566502463,0.8525964477576938,q3
1,22,4,7.548387096774194,0.5299145299145299,0.3421240199572345,0.2654538030170721,q3
1,23,7,7.548387096774194,0.9273504273504273,0.6820368885324779,1.0,q3
1,24,7,7.548387096774194,0.9273504273504273,0.7617376042123738,1.0,q3
1,25,10,7.548387096774194,1.3247863247863247,1.730263157894737,0.35315791020466714,q3
1,26,6,7.548387096774194,0.7948717948717949,1.003787878787879,0.713291991792435,q3
1,27,9,7.548387096774194,1.192307692307692,0.9603658536585366,0.5772107413890271,q3
1,28,6,7.548387096774194,0.7948717948717949,0.7369439071566731,0.713291991792435,q3
1,29,8,7.548387096774194,1.0598290598290598,1.1746031746031746,0.8525964477576938,q3
1,30,10,7.548387096774194,1.3247863247863247,1.351063829787234,0.35315791020466714,q3
1,31,7,7.548387096774194,0.9273504273504273,0.7281183932346723,1.0,q3
2,3,14,7.548387096774194,1.8547008547008546,1.0537135278514589,0.02555536229162719,q3
2,4,10,7.548387096774194,1.3247863247863247,0.8614369501466276,0.35315791020466714,q3
2,5,10,7.548387096774194,1.3247863247863247,0.7210626185958254,0.35315791020466714,q3
2,6,6,7.548387096774194,0.7948717948717949,0.5277161862527716,0.713291991792435,q3
2,7,10,7.548387096774194,1.3247863247863247,0.7961564859299931,0.35315791020466714,q3
2,8,9,7.548387096774194,1.192307692307692,0.762987012987013,0.5772107413890271,q3
2,9,8,7.548387096774194,1.0598290598290598,0.5588235294117647,0.8525964477576938,q3
2,10,9,7.548387096774194,1.192307692307692,0.762987012987013,0.5772107413890271,q3
2,11,15,7.548387096774194,1.987179487179487,1.1764705882352942,0.014239732756122846,q3
2,12,4,7.548387096774194,0.5299145299145299,0.34146341463414637,0.2654538030170721,q3
2,13,8,7.548387096774194,1.0598290598290598,0.8714285714285714,0.8525964477576938,q3
2,14,11,7.548387096774194,1.4572649572649572,0.7872005044136192,0.19505962118243958,q3
2,15,11,7.548387096774194,1.4572649572649572,1.046781287485006,0.19505962118243958,q3
2,16,13,7.548387096774194,1.722222222222222,1.2790409260024804,0.06128009786972832,q3
2,17,7,7.548387096774194,0.9273504273504273,0.56,1.0,q3
2,18,12,7.548387096774194,1.5897435897435899,0.9387755102040817,0.13530517452715526,q3
2,19,12,7.548387096774194,1.5897435897435899,0.9387755102040817,0.13530517452715526,q3
2,20,7,7.548387096774194,0.9273504273504273,0.545484949832776,1.0,q3
2,21,10,7.548387096774194,1.3247863247863247,0.6422811059907834,0.35315791020466714,q3
2,22,9,7.548387096774194,1.192307692307692,0.5688775510204082,0.5772107413890271,q3
2,23,13,7.548387096774194,1.722222222222222,0.961864406779661,0.06128009786972832,q3
2,24,15,7.548387096774194,1.987179487179487,1.368421052631579,0.014239732756122846,q3
2,25,9,7.548387096774194,1.192307692307692,0.8791208791208791,0.5772107413890271,q3
2,26,7,7.548387096774194,0.9273504273504273,0.7507692307692307,1.0,q3
2,27,13,7.548387096774194,1.722222222222222,0.961864406779661,0.06128009786972832,q3
2,28,8,7.548387096774194,1.0598290598290598,0.65,0.8525964477576938,q3
2,29,8,7.548387096774194,1.0598290598290598,0.7053571428571429,0.8525964477576938,q3
2,30,6,7.548387096774194,0.7948717948717949,0.40641711229946526,0.713291991792435,q3
2,31,7,7.548387096774194,0.9273504273504273,0.43860139860139863,1.0,q3
3,4,9,7.548387096774194,1.192307692307692,0.8421052631578947,0.5772107413890271,q3
3,5,11,7.548387096774194,1.4572649572649572,0.94,0.19505962118243958,q3
3,6,4,7.548387096774194,0.5299145299145299,0.3630907726931733,0.2654538030170721,q3
3,7,6,7.548387096774194,0.7948717948717949,0.4588235294117647,0.713291991792435,q3
3,8,13,7.548387096774194,1.722222222222222,1.5023584905660377,0.06128009786972832,q3
3,9,10,7.548387096774194,1.3247863247863247,0.8600583090379009,0.35315791020466714,q3
3,10,12,7.548387096774194,1.5897435897435899,1.3224932249322494,0.13530517452715526,q3
3,11,10,7.548387096774194,1.3247863247863247,0.7302295918367347,0.35315791020466714,q3
3,12,11,7.548387096774194,1.4572649572649572,1.4764705882352942,0.19505962118243958,q3
3,13,8,7.548387096774194,1.0598290598290598,0.9852216748768473,0.8525964477576938,q3
3,14,14,7.548387096774194,1.8547008547008546,1.2967032967032968,0.02555536229162719,q3
3,15,9,7.548387096774194,1.192307692307692,0.8886168910648715,0.5772107413890271,q3
3,16,10,7.548387096774194,1.3247863247863247,0.9780844155844156,0.35315791020466714,q3
3,17,7,7.548387096774194,0.9273504273504273,0.632768361581921,1.0,q3
3,18,7,7.548387096774194,0.9273504273504273,0.507532956685499,1.0,q3
3,19,8,7.548387096774194,1.0598290598290598,0.6037735849056604,0.8525964477576938,q3
3,20,4,7.548387096774194,0.5299145299145299,0.3107307439104674,0.2654538030170721,q3
3,21,5,7.548387096774194,0.6623931623931624,0.30099435635581834,0.4605283765634254,q3
3,22,15,7.548387096774194,1.987179487179487,1.3823529411764706,0.014239732756122846,q3
3,23,12,7.548387096774194,1.5897435897435899,0.9727463312368972,0.13530517452715526,q3
3,24,6,7.548387096774194,0.7948717948717949,0.42777777777777776,0.713291991792435,q3
3,25,6,7.548387096774194,0.7948717948717949,0.5785714285714286,0.713291991792435,q3
3,26,9,7.548387096774194,1.192307692307692,1.2057416267942584,0.5772107413890271,q3
3,27,10,7.548387096774194,1.3247863247863247,0.7467532467532467,0.35315791020466714,q3
3,28,6,7.548387096774194,0.7948717948717949,0.5063829787234042,0.713291991792435,q3
3,29,7,7.548387096774194,0.9273504273504273,0.6677177769018526,1.0,q3
3,30,5,7.548387096774194,0.6623931623931624,0.3672761664564943,0.4605283765634254,q3
3,31,13,7.548387096774194,1.722222222222222,1.1813631112822487,0.06128009786972832,q3
4,5,7,7.548387096774194,0.9273504273504273,0.6702127659574468,1.0,q3
4,6,7,7.548387096774194,0.9273504273504273,0.9569148936170213,1.0,q3
4,7,7,7.548387096774194,0.9273504273504273,0.7357446808510638,1.0,q3
4,8,3,7.548387096774194,0.39743589743589747,0.29058823529411765,0.09809544584071431,q3
4,9,10,7.548387096774194,1.3247863247863247,1.150278293135436,0.35315791020466714,q3
4,10,6,7.548387096774194,0.7948717948717949,0.6648936170212766,0.713291991792435,q3
4,11,8,7.548387096774194,1.0598290598290598,0.7166416791604198,0.8525964477576938,q3
4,12,3,7.548387096774194,0.39743589743589747,0.35714285714285715,0.09809544584071431,q3
4,13,3,7.548387096774194,0.39743589743589747,0.3779411764705882,0.09809544584071431,q3
4,14,6,7.548387096774194,0.7948717948717949,0.5263157894736842,0.713291991792435,q3
4,15,7,7.548387096774194,0.9273504273504273,0.8340425531914893,1.0,q3
4,16,11,7.548387096774194,1.4572649572649572,1.511087074094105,0.19505962118243958,q3
4,17,7,7.548387096774194,0.9273504273504273,0.8340425531914893,1.0,q3
4,18,7,7.548387096774194,0.9273504273504273,0.6702127659574468,1.0,q3
4,19,11,7.548387096774194,1.4572649572649572,1.263720930232558,0.19505962118243958,q3
4,20,6,7.548387096774194,0.7948717948717949,0.6648936170212766,0.713291991792435,q3
4,21,5,7.548387096774194,0.6623931623931624,0.3947808631649381,0.4605283765634254,q3
4,22,10,7.548387096774194,1.3247863247863247,1.0,0.35315791020466714,q3
4,23,7,7.548387096774194,0.9273504273504273,0.6137197358767424,1.0,q3
4,24,10,7.548387096774194,1.3247863247863247,1.1227272727272728,0.35315791020466714,q3
4,25,5,7.548387096774194,0.6623931623931624,0.6027527289985761,0.4605283765634254,q3
4,26,4,7.548387096774194,0.5299145299145299,0.5452631578947369,0.2654538030170721,q3
4,27,9,7.548387096774194,1.192307692307692,0.8607142857142858,0.5772107413890271,q3
4,28,11,7.548387096774194,1.4572649572649572,1.553156146179402,0.19505962118243958,q3
4,29,9,7.548387096774194,1.192307692307692,1.248780487804878,0.5772107413890271,q3
4,30,5,7.548387096774194,0.6623931623931624,0.4807692307692308,0.4605283765634254,q3
4,31,10,7.548387096774194,1.3247863247863247,1.0708041958041958,0.35315791020466714,q3
5,6,10,7.548387096774194,1.3247863247863247,1.3407525172231054,0.35315791020466714,q3
5,7,8,7.548387096774194,1.0598290598290598,0.7423950712360415,0.8525964477576938,q3
5,8,6,7.548387096774194,0.7948717948717949,0.5640232108317215,0.713291991792435,q3
5,9,9,7.548387096774194,1.192307692307692,0.8307692307692308,0.5772107413890271,q3
5,10,4,7.548387096774194,0.5299145299145299,0.3451485857500895,0.2654538030170721,q3
5,11,8,7.548387096774194,1.0598290598290598,0.6037735849056604,0.8525964477576938,q3
5,12,9,7.548387096774194,1.192307692307692,1.2211538461538463,0.5772107413890271,q3
5,13,8,7.548387096774194,1.0598290598290598,1.0997304582210243,0.8525964477576938,q3
5,14,11,7.548387096774194,1.4572649572649572,1.006923076923077,0.19505962118243958,q3
5,15,6,7.548387096774194,0.7948717948717949,0.5786561264822134,0.713291991792435,q3
5,16,11,7.548387096774194,1.4572649572649572,1.263720930232558,0.19505962118243958,q3
5,17,9,7.548387096774194,1.192307692307692,0.9941860465116279,0.5772107413890271,q3
5,18,9,7.548387096774194,1.192307692307692,0.7921597633136095,0.5772107413890271,q3
5,19,4,7.548387096774194,0.5299145299145299,0.2868574946137273,0.2654538030170721,q3
5,20,14,7.548387096774194,1.8547008547008546,1.917075831969449,0.02555536229162719,q3
5,21,12,7.548387096774194,1.5897435897435899,1.0702947845804989,0.13530517452715526,q3
5,22,10,7.548387096774194,1.3247863247863247,0.8377896613190731,0.35315791020466714,q3
5,23,8,7.548387096774194,1.0598290598290598,0.6170142336974511,0.8525964477576938,q3
5,24,11,7.548387096774194,1.4572649572649572,1.0820408163265307,0.19505962118243958,q3
5,25,8,7.548387096774194,1.0598290598290598,0.9433962264150944,0.8525964477576938,q3
5,26,5,7.548387096774194,0.6623931623931624,0.6105212355212355,0.4605283765634254,q3
5,27,8,7.548387096774194,1.0598290598290598,0.6170142336974511,0.8525964477576938,q3
5,28,5,7.548387096774194,0.6623931623931624,0.45014880952380953,0.4605283765634254,q3
5,29,8,7.548387096774194,1.0598290598290598,0.8912848158131177,0.8525964477576938,q3
5,30,4,7.548387096774194,0.5299145299145299,0.3138033763654419,0.2654538030170721,q3
5,31,6,7.548387096774194,0.7948717948717949,0.45584415584415583,0.713291991792435,q3
6,7,5,7.548387096774194,0.6623931623931624,0.5769230769230769,0.4605283765634254,q3
6,8,6,7.548387096774194,0.7948717948717949,0.8002075765438506,0.713291991792435,q3
6,9,3,7.548387096774194,0.39743589743589747,0.30194805194805197,0.09809544584071431,q3
6,10,8,7.548387096774194,1.0598290598290598,1.1806267806267807,0.8525964477576938,q3
6,11,8,7.548387096774194,1.0598290598290598,0.870026525198939,0.8525964477576938,q3
6,12,7,7.548387096774194,0.9273504273504273,1.225,1.0,q3
6,13,4,7.548387096774194,0.5299145299145299,0.6320810971973763,0.2654538030170721,q3
6,14,8,7.548387096774194,1.0598290598290598,0.9286713286713286,0.8525964477576938,q3
6,15,12,7.548387096774194,1.5897435897435899,2.262857142857143,0.13530517452715526,q3
6,16,6,7.548387096774194,0.7948717948717949,0.7804878048780488,0.713291991792435,q3
6,17,8,7.548387096774194,1.0598290598290598,1.2121212121212122,0.8525964477576938,q3
6,18,11,7.548387096774194,1.4572649572649572,1.5522222222222222,0.19505962118243958,q3
6,19,1,7.548387096774194,0.13247863247863248,0.08840579710144927,0.008652381615514812,q3
6,20,6,7.548387096774194,0.7948717948717949,0.8002075765438506,0.713291991792435,q3
6,21,6,7.548387096774194,0.7948717948717949,0.5951219512195122,0.713291991792435,q3
6,22,6,7.548387096774194,0.7948717948717949,0.6076891277387351,0.713291991792435,q3
6,23,8,7.548387096774194,1.0598290598290598,0.8888888888888888,0.8525964477576938,q3
6,24,5,7.548387096774194,0.6623931623931624,0.538961038961039,0.4605283765634254,q3
6,25,4,7.548387096774194,0.5299145299145299,0.5496828752642706,0.2654538030170721,q3
6,26,3,7.548387096774194,0.39743589743589747,0.4632867132867133,0.09809544584071431,q3
6,27,2,7.548387096774194,0.26495726495726496,0.17001763668430336,0.03995448836050852,q3
6,28,5,7.548387096774194,0.6623931623931624,0.6349206349206349,0.4605283765634254,q3
6,29,8,7.548387096774194,1.0598290598290598,1.2796092796092795,0.8525964477576938,q3
6,30,7,7.548387096774194,0.9273504273504273,0.889,1.0,q3
6,31,10,7.548387096774194,1.3247863247863247,1.3097713097713097,0.35315791020466714,q3
7,8,8,7.548387096774194,1.0598290598290598,0.9034013605442177,0.8525964477576938,q3
7,9,9,7.548387096774194,1.192307692307692,0.915,0.5772107413890271,q3
7,10,8,7.548387096774194,1.0598290598290598,0.9034013605442177,0.8525964477576938,q3
7,11,9,7.548387096774194,1.192307692307692,0.7796052631578947,0.5772107413890271,q3
7,12,5,7.548387096774194,0.6623931623931624,0.6105769230769231,0.4605283765634254,q3
7,13,7,7.548387096774194,0.9273504273504273,1.0033333333333334,1.0,q3
7,14,12,7.548387096774194,1.5897435897435899,1.2705882352941176,0.13530517452715526,q3
7,15,5,7.548387096774194,0.6623931623931624,0.5053191489361702,0.4605283765634254,q3
7,16,4,7.548387096774194,0.5299145299145299,0.36830188679245285,0.2654538030170721,q3
7,17,8,7.548387096774194,1.0598290598290598,0.9276437847866419,0.8525964477576938,q3
7,18,10,7.548387096774194,1.3247863247863247,1.0137672090112642,0.35315791020466714,q3
7,19,11,7.548387096774194,1.4572649572649572,1.1669565217391304,0.19505962118243958,q3
7,20,5,7.548387096774194,0.6623931623931624,0.49278846153846156,0.4605283765634254,q3
7,21,10,7.548387096774194,1.3247863247863247,0.9042553191489362,0.35315791020466714,q3
7,22,10,7.548387096774194,1.3247863247863247,0.9245647969052224,0.35315791020466714,q3
7,23,9,7.548387096774194,1.192307692307692,0.796875,0.5772107413890271,q3
7,24,11,7.548387096774194,1.4572649572649572,1.1956521739130435,0.19505962118243958,q3
7,25,8,7.548387096774194,1.0598290598290598,1.036734693877551,0.8525964477576938,q3
7,26,2,7.548387096774194,0.26495726495726496,0.2309090909090909,0.03995448836050852,q3
7,27,6,7.548387096774194,0.7948717948717949,0.46859421734795614,0.713291991792435,q3
7,28,6,7.548387096774194,0.7948717948717949,0.6182728410513142,0.713291991792435,q3
7,29,4,7.548387096774194,0.5299145299145299,0.40689089417555374,0.2654538030170721,q3
7,30,6,7.548387096774194,0.7948717948717949,0.5605536332179931,0.713291991792435,q3
7,31,11,7.548387096774194,1.4572649572649572,1.139386189258312,0.19505962118243958,q3
8,9,10,7.548387096774194,1.3247863247863247,1.1817750355956336,0.35315791020466714,q3
8,10,9,7.548387096774194,1.192307692307692,1.1807851239669422,0.5772107413890271,q3
8,11,9,7.548387096774194,1.192307692307692,0.8648325358851675,0.5772107413890271,q3
8,12,10,7.548387096774194,1.3247863247863247,1.7475083056478404,0.35315791020466714,q3
8,13,5,7.548387096774194,0.6623931623931624,0.7127192982456141,0.4605283765634254,q3
8,14,8,7.548387096774194,1.0598290598290598,0.7854545454545454,0.8525964477576938,q3
8,15,1,7.548387096774194,0.13247863247863248,0.09313725490196079,0.008652381615514812,q3
8,16,6,7.548387096774194,0.7948717948717949,0.6648936170212766,0.713291991792435,q3
8,17,7,7.548387096774194,0.9273504273504273,0.8555555555555555,1.0,q3
8,18,5,7.548387096774194,0.6623931623931624,0.45014880952380953,0.4605283765634254,q3
8,19,5,7.548387096774194,0.6623931623931624,0.45014880952380953,0.4605283765634254,q3
8,20,5,7.548387096774194,0.6623931623931624,0.5425347222222222,0.4605283765634254,q3
8,21,10,7.548387096774194,1.3247863247863247,1.004983388704319,0.35315791020466714,q3
8,22,6,7.548387096774194,0.7948717948717949,0.5171294626758024,0.713291991792435,q3
8,23,10,7.548387096774194,1.3247863247863247,1.0274841437632136,0.35315791020466714,q3
8,24,4,7.548387096774194,0.5299145299145299,0.35276967930029157,0.2654538030170721,q3
8,25,3,7.548387096774194,0.39743589743589747,0.3373333333333333,0.09809544584071431,q3
8,26,7,7.548387096774194,0.9273504273504273,1.1434782608695653,1.0,q3
8,27,11,7.548387096774194,1.4572649572649572,1.18342151675485,0.19505962118243958,q3
8,28,8,7.548387096774194,1.0598290598290598,0.9995061728395062,0.8525964477576938,q3
8,29,4,7.548387096774194,0.5299145299145299,0.4472049689440994,0.2654538030170721,q3
8,30,9,7.548387096774194,1.192307692307692,1.0653409090909092,0.5772107413890271,q3
8,31,10,7.548387096774194,1.3247863247863247,1.1001788908765653,0.35315791020466714,q3
9,10,4,7.548387096774194,0.5299145299145299,0.3606679035250464,0.2654538030170721,q3
9,11,9,7.548387096774194,1.192307692307692,0.7421052631578947,0.5772107413890271,q3
9,12,4,7.548387096774194,0.5299145299145299,0.4452328159645233,0.2654538030170721,q3
9,13,5,7.548387096774194,0.6623931623931624,0.6189083820662769,0.4605283765634254,q3
9,14,13,7.548387096774194,1.722222222222222,1.3678260869565217,0.06128009786972832,q3
9,15,8,7.548387096774194,1.0598290598290598,0.8841354723707665,0.8525964477576938,q3
9,16,4,7.548387096774194,0.5299145299145299,0.352,0.2654538030170721,q3
9,17,7,7.548387096774194,0.9273504273504273,0.7388888888888889,1.0,q3
9,18,7,7.548387096774194,0.9273504273504273,0.5933048433048433,1.0,q3
9,19,8,7.548387096774194,1.0598290598290598,0.7073621901590825,0.8525964477576938,q3
9,20,5,7.548387096774194,0.6623931623931624,0.470679012345679,0.4605283765634254,q3
9,21,15,7.548387096774194,1.987179487179487,1.61096256684492,0.014239732756122846,q3
9,22,8,7.548387096774194,1.0598290598290598,0.6467148262813898,0.8525964477576938,q3
9,23,9,7.548387096774194,1.192307692307692,0.7585714285714286,0.5772107413890271,q3
9,24,9,7.548387096774194,1.192307692307692,0.8505882352941176,0.5772107413890271,q3
9,25,8,7.548387096774194,1.0598290598290598,0.9882352941176471,0.8525964477576938,q3
9,26,5,7.548387096774194,0.6623931623931624,0.6381381381381381,0.4605283765634254,q3
9,27,12,7.548387096774194,1.5897435897435899,1.151344841429145,0.13530517452715526,q3
9,28,4,7.548387096774194,0.5299145299145299,0.3606679035250464,0.2654538030170721,q3
9,29,7,7.548387096774194,0.9273504273504273,0.7795169946332737,1.0,q3
9,30,12,7.548387096774194,1.5897435897435899,1.401418439716312,0.13530517452715526,q3
9,31,6,7.548387096774194,0.7948717948717949,0.477088948787062,0.713291991792435,q3
10,11,5,7.548387096774194,0.6623931623931624,0.4047131147540984,0.4605283765634254,q3
10,12,2,7.548387096774194,0.26495726495726496,0.23255813953488372,0.03995448836050852,q3
10,13,7,7.548387096774194,0.9273504273504273,1.107487922705314,1.0,q3
10,14,5,7.548387096774194,0.6623931623931624,0.43103448275862066,0.4605283765634254,q3
10,15,9,7.548387096774194,1.192307692307692,1.2130021141649048,0.5772107413890271,q3
10,16,3,7.548387096774194,0.39743589743589747,0.29058823529411765,0.09809544584071431,q3
10,17,6,7.548387096774194,0.7948717948717949,0.6993524514338575,0.713291991792435,q3
10,18,8,7.548387096774194,1.0598290598290598,0.8218029350104822,0.8525964477576938,q3
10,19,7,7.548387096774194,0.9273504273504273,0.6876006441223832,1.0,q3
10,20,11,7.548387096774194,1.4572649572649572,1.5963718820861679,0.19505962118243958,q3
10,21,5,7.548387096774194,0.6623931623931624,0.4047131147540984,0.4605283765634254,q3
10,22,7,7.548387096774194,0.9273504273504273,0.6296851574212894,1.0,q3
10,23,9,7.548387096774194,1.192307692307692,0.8839285714285714,0.5772107413890271,q3
10,24,10,7.548387096774194,1.3247863247863247,1.1534883720930234,0.35315791020466714,q3
10,25,6,7.548387096774194,0.7948717948717949,0.7781155015197568,0.713291991792435,q3
10,26,3,7.548387096774194,0.39743589743589747,0.3984615384615385,0.09809544584071431,q3
10,27,6,7.548387096774194,0.7948717948717949,0.5171294626758024,0.713291991792435,q3
10,28,6,7.548387096774194,0.7948717948717949,0.6817564508827524,0.713291991792435,q3
10,29,9,7.548387096774194,1.192307692307692,1.2821507760532151,0.5772107413890271,q3
10,30,10,7.548387096774194,1.3247863247863247,1.2419594260267195,0.35315791020466714,q3
10,31,11,7.548387096774194,1.4572649572649572,1.2684407096171801,0.19505962118243958,q3
11,12,8,7.548387096774194,1.0598290598290598,0.9245107176141659,0.8525964477576938,q3
11,13,7,7.548387096774194,0.9273504273504273,0.8206214689265536,1.0,q3
11,14,11,7.548387096774194,1.4572649572649572,0.8961538461538462,0.19505962118243958,q3
11,15,11,7.548387096774194,1.4572649572649572,1.1902439024390243,0.19505962118243958,q3
11,16,9,7.548387096774194,1.192307692307692,0.8421052631578947,0.5772107413890271,q3
11,17,6,7.548387096774194,0.7948717948717949,0.5195652173913043,0.713291991792435,q3
11,18,5,7.548387096774194,0.6623931623931624,0.3351873536299766,0.4605283765634254,q3
11,19,8,7.548387096774194,1.0598290598290598,0.6037735849056604,0.8525964477576938,q3
11,20,9,7.548387096774194,1.192307692307692,0.8648325358851675,0.5772107413890271,q3
11,21,9,7.548387096774194,1.192307692307692,0.631578947368421,0.5772107413890271,q3
11,22,7,7.548387096774194,0.9273504273504273,0.46434833430742256,1.0,q3
11,23,12,7.548387096774194,1.5897435897435899,0.9727463312368972,0.13530517452715526,q3
11,24,4,7.548387096774194,0.5299145299145299,0.2638248847926267,0.2654538030170721,q3
11,25,8,7.548387096774194,1.0598290598290598,0.8448275862068966,0.8525964477576938,q3
11,26,10,7.548387096774194,1.3247863247863247,1.4118303571428572,0.35315791020466714,q3
11,27,7,7.548387096774194,0.9273504273504273,0.46434833430742256,1.0,q3
11,28,12,7.548387096774194,1.5897435897435899,1.3224932249322494,0.13530517452715526,q3
11,29,9,7.548387096774194,1.192307692307692,0.9396662387676509,0.5772107413890271,q3
11,30,10,7.548387096774194,1.3247863247863247,0.9042553191489362,0.35315791020466714,q3
11,31,8,7.548387096774194,1.0598290598290598,0.5900383141762452,0.8525964477576938,q3
12,13,5,7.548387096774194,0.6623931623931624,0.881578947368421,0.4605283765634254,q3
12,14,4,7.548387096774194,0.5299145299145299,0.40843323687474165,0.2654538030170721,q3
12,15,9,7.548387096774194,1.192307692307692,1.5290697674418605,0.5772107413890271,q3
12,16,3,7.548387096774194,0.39743589743589747,0.35714285714285715,0.09809544584071431,q3
12,17,4,7.548387096774194,0.5299145299145299,0.524390243902439,0.2654538030170721,q3
12,18,4,7.548387096774194,0.5299145299145299,0.42618741976893454,0.2654538030170721,q3
12,19,8,7.548387096774194,1.0598290598290598,1.0321264660887302,0.8525964477576938,q3
12,20,3,7.548387096774194,0.39743589743589747,0.3657142857142857,0.09809544584071431,q3
12,21,8,7.548387096774194,1.0598290598290598,0.9245107176141659,0.8525964477576938,q3
12,22,11,7.548387096774194,1.4572649572649572,1.5098039215686274,0.19505962118243958,q3
12,23,9,7.548387096774194,1.192307692307692,1.1160714285714286,0.5772107413890271,q3
12,24,5,7.548387096774194,0.6623931623931624,0.5704545454545454,0.4605283765634254,q3
12,25,5,7.548387096774194,0.6623931623931624,0.7645348837209303,0.4605283765634254,q3
12,26,4,7.548387096774194,0.5299145299145299,0.6880616174582799,0.2654538030170721,q3
12,27,7,7.548387096774194,0.9273504273504273,0.7876588021778584,1.0,q3
12,28,8,7.548387096774194,1.0598290598290598,1.2540540540540541,0.8525964477576938,q3
12,29,3,7.548387096774194,0.39743589743589747,0.39361702127659576,0.09809544584071431,q3
12,30,6,7.548387096774194,0.7948717948717949,0.7692307692307693,0.713291991792435,q3
12,31,8,7.548387096774194,1.0598290598290598,1.009009009009009,0.8525964477576938,q3
13,14,3,7.548387096774194,0.39743589743589747,0.31,0.09809544584071431,q3
13,15,7,7.548387096774194,0.9273504273504273,1.1364197530864197,1.0,q3
13,16,7,7.548387096774194,0.9273504273504273,1.0797872340425532,1.0,q3
13,17,5,7.548387096774194,0.6623931623931624,0.7306830907054871,0.4605283765634254,q3
13,18,7,7.548387096774194,0.9273504273504273,0.9146090534979424,1.0,q3
13,19,9,7.548387096774194,1.192307692307692,1.3031674208144797,0.5772107413890271,q3
13,20,4,7.548387096774194,0.5299145299145299,0.5421245421245421,0.2654538030170721,q3
13,21,6,7.548387096774194,0.7948717948717949,0.6702702702702703,0.713291991792435,q3
13,22,6,7.548387096774194,0.7948717948717949,0.6843792945487861,0.713291991792435,q3
13,23,7,7.548387096774194,0.9273504273504273,0.8381226053639846,1.0,q3
13,24,6,7.548387096774194,0.7948717948717949,0.7627627627627628,0.713291991792435,q3
13,25,4,7.548387096774194,0.5299145299145299,0.6153846153846154,0.2654538030170721,q3
13,26,5,7.548387096774194,0.6623931623931624,0.9637268847795164,0.4605283765634254,q3
13,27,6,7.548387096774194,0.7948717948717949,0.6843792945487861,0.713291991792435,q3
13,28,5,7.548387096774194,0.6623931623931624,0.7127192982456141,0.4605283765634254,q3
13,29,5,7.548387096774194,0.6623931623931624,0.7690058479532164,0.4605283765634254,q3
13,30,2,7.548387096774194,0.26495726495726496,0.22439024390243903,0.03995448836050852,q3
13,31,6,7.548387096774194,0.7948717948717949,0.7297297297297297,0.713291991792435,q3
14,15,8,7.548387096774194,1.0598290598290598,0.8066115702479338,0.8525964477576938,q3
14,16,7,7.548387096774194,0.9273504273504273,0.6409574468085106,1.0,q3
14,17,6,7.548387096774194,0.7948717948717949,0.5537757437070938,0.713291991792435,q3
14,18,8,7.548387096774194,1.0598290598290598,0.6449399656946827,0.8525964477576938,q3
14,19,7,7.548387096774194,0.9273504273504273,0.5416666666666666,1.0,q3
14,20,7,7.548387096774194,0.9273504273504273,0.657608695652174,1.0,q3
14,21,9,7.548387096774194,1.192307692307692,0.6754385964912281,0.5772107413890271,q3
14,22,11,7.548387096774194,1.4572649572649572,0.9166666666666666,0.19505962118243958,q3
14,23,8,7.548387096774194,1.0598290598290598,0.5894736842105263,0.8525964477576938,q3
14,24,9,7.548387096774194,1.192307692307692,0.7745098039215687,0.5772107413890271,q3
14,25,7,7.548387096774194,0.9273504273504273,0.7530487804878049,1.0,q3
14,26,11,7.548387096774194,1.4572649572649572,1.7537220843672456,0.19505962118243958,q3
14,27,8,7.548387096774194,1.0598290598290598,0.5894736842105263,0.8525964477576938,q3
14,28,5,7.548387096774194,0.6623931623931624,0.43103448275862066,0.4605283765634254,q3
14,29,5,7.548387096774194,0.6623931623931624,0.46551724137931033,0.4605283765634254,q3
14,30,13,7.548387096774194,1.722222222222222,1.4418181818181819,0.06128009786972832,q3
14,31,7,7.548387096774194,0.9273504273504273,0.5295454545454545,1.0,q3
15,16,6,7.548387096774194,0.7948717948717949,0.6820652173913043,0.713291991792435,q3
15,17,2,7.548387096774194,0.26495726495726496,0.1992,0.03995448836050852,q3
15,18,13,7.548387096774194,1.722222222222222,1.7430555555555556,0.06128009786972832,q3
15,19,9,7.548387096774194,1.192307692307692,0.9941860465116279,0.5772107413890271,q3
15,20,5,7.548387096774194,0.6623931623931624,0.5562943262411347,0.4605283765634254,q3
15,21,4,7.548387096774194,0.5299145299145299,0.3185483870967742,0.2654538030170721,q3
15,22,10,7.548387096774194,1.3247863247863247,1.0562770562770563,0.35315791020466714,q3
15,23,4,7.548387096774194,0.5299145299145299,0.3251366120218579,0.2654538030170721,q3
15,24,8,7.548387096774194,1.0598290598290598,0.8636363636363636,0.8525964477576938,q3
15,25,7,7.548387096774194,0.9273504273504273,0.9788617886178862,1.0,q3
15,26,7,7.548387096774194,0.9273504273504273,1.1733333333333333,1.0,q3
15,27,3,7.548387096774194,0.39743589743589747,0.23403554970375248,0.09809544584071431,q3
15,28,6,7.548387096774194,0.7948717948717949,0.6993524514338575,0.713291991792435,q3
15,29,6,7.548387096774194,0.7948717948717949,0.7559288537549407,0.713291991792435,q3
15,30,4,7.548387096774194,0.5299145299145299,0.3867924528301887,0.2654538030170721,q3
15,31,6,7.548387096774194,0.7948717948717949,0.5659937888198758,0.713291991792435,q3
16,17,7,7.548387096774194,0.9273504273504273,0.8340425531914893,1.0,q3
16,18,9,7.548387096774194,1.192307692307692,0.9423076923076923,0.5772107413890271,q3
16,19,5,7.548387096774194,0.6623931623931624,0.4391399416909621,0.4605283765634254,q3
16,20,5,7.548387096774194,0.6623931623931624,0.5293367346938775,0.4605283765634254,q3
16,21,8,7.548387096774194,1.0598290598290598,0.7166416791604198,0.8525964477576938,q3
16,22,9,7.548387096774194,1.192307692307692,0.8607142857142858,0.5772107413890271,q3
16,23,11,7.548387096774194,1.4572649572649572,1.1511627906976745,0.19505962118243958,q3
16,24,6,7.548387096774194,0.7948717948717949,0.5625,0.713291991792435,q3
16,25,3,7.548387096774194,0.39743589743589747,0.32941176470588235,0.09809544584071431,q3
16,26,5,7.548387096774194,0.6623931623931624,0.7170435741864313,0.4605283765634254,q3
16,27,7,7.548387096774194,0.9273504273504273,0.6137197358767424,1.0,q3
16,28,9,7.548387096774194,1.192307692307692,1.15,0.5772107413890271,q3
16,29,7,7.548387096774194,0.9273504273504273,0.8797624938149431,1.0,q3
16,30,9,7.548387096774194,1.192307692307692,1.0375,0.5772107413890271,q3
16,31,14,7.548387096774194,1.8547008547008546,1.815625,0.02555536229162719,q3
17,18,9,7.548387096774194,1.192307692307692,0.9941860465116279,0.5772107413890271,q3
17,19,9,7.548387096774194,1.192307692307692,0.9941860465116279,0.5772107413890271,q3
17,20,9,7.548387096774194,1.192307692307692,1.2130021141649048,0.5772107413890271,q3
17,21,14,7.548387096774194,1.8547008547008546,1.75,0.02555536229162719,q3
17,22,6,7.548387096774194,0.7948717948717949,0.5305821665438467,0.713291991792435,q3
17,23,7,7.548387096774194,0.9273504273504273,0.6463601532567049,1.0,q3
17,24,6,7.548387096774194,0.7948717948717949,0.5917874396135265,0.713291991792435,q3
17,25,6,7.548387096774194,0.7948717948717949,0.7981366459627329,0.713291991792435,q3
17,26,3,7.548387096774194,0.39743589743589747,0.40816326530612246,0.09809544584071431,q3
17,27,8,7.548387096774194,1.0598290598290598,0.7719298245614035,0.8525964477576938,q3
17,28,4,7.548387096774194,0.5299145299145299,0.42517006802721086,0.2654538030170721,q3
17,29,6,7.548387096774194,0.7948717948717949,0.7559288537549407,0.713291991792435,q3
17,30,10,7.548387096774194,1.3247863247863247,1.2765957446808511,0.35315791020466714,q3
17,31,9,7.548387096774194,1.192307692307692,0.9714787187362879,0.5772107413890271,q3
18,19,9,7.548387096774194,1.192307692307692,0.7921597633136095,0.5772107413890271,q3
18,20,11,7.548387096774194,1.4572649572649572,1.299047619047619,0.19505962118243958,q3
18,21,7,7.548387096774194,0.9273504273504273,0.507532956685499,1.0,q3
18,22,9,7.548387096774194,1.192307692307692,0.7232142857142857,0.5772107413890271,q3
18,23,7,7.548387096774194,0.9273504273504273,0.5185185185185185,1.0,q3
18,24,7,7.548387096774194,0.9273504273504273,0.5796645702306079,1.0,q3
18,25,7,7.548387096774194,0.9273504273504273,0.7872628726287263,1.0,q3
18,26,6,7.548387096774194,0.7948717948717949,0.7696969696969697,0.713291991792435,q3
18,27,9,7.548387096774194,1.192307692307692,0.7232142857142857,0.5772107413890271,q3
18,28,6,7.548387096774194,0.7948717948717949,0.5640232108317215,0.713291991792435,q3
18,29,6,7.548387096774194,0.7948717948717949,0.6099173553719008,0.713291991792435,q3
18,30,12,7.548387096774194,1.5897435897435899,1.3333333333333333,0.13530517452715526,q3
18,31,8,7.548387096774194,1.0598290598290598,0.6596785464709993,0.8525964477576938,q3
19,20,11,7.548387096774194,1.4572649572649572,1.299047619047619,0.19505962118243958,q3
19,21,10,7.548387096774194,1.3247863247863247,0.819327731092437,0.35315791020466714,q3
19,22,8,7.548387096774194,1.0598290598290598,0.6170142336974511,0.8525964477576938,q3
19,23,11,7.548387096774194,1.4572649572649572,0.9614814814814815,0.19505962118243958,q3
19,24,9,7.548387096774194,1.192307692307692,0.8110859728506787,0.5772107413890271,q3
19,25,7,7.548387096774194,0.9273504273504273,0.7872628726287263,1.0,q3
19,26,4,7.548387096774194,0.5299145299145299,0.46537396121883656,0.2654538030170721,q3
19,27,10,7.548387096774194,1.3247863247863247,0.8377896613190731,0.35315791020466714,q3
19,28,12,7.548387096774194,1.5897435897435899,1.4873071179691388,0.13530517452715526,q3
19,29,4,7.548387096774194,0.5299145299145299,0.37223493516399697,0.2654538030170721,q3
19,30,9,7.548387096774194,1.192307692307692,0.8725961538461539,0.5772107413890271,q3
19,31,10,7.548387096774194,1.3247863247863247,0.8974358974358975,0.35315791020466714,q3
20,21,6,7.548387096774194,0.7948717948717949,0.5063829787234042,0.713291991792435,q3
20,22,12,7.548387096774194,1.5897435897435899,1.3529682466635986,0.13530517452715526,q3
20,23,5,7.548387096774194,0.6623931623931624,0.4131944444444444,0.4605283765634254,q3
20,24,8,7.548387096774194,1.0598290598290598,0.841025641025641,0.8525964477576938,q3
20,25,9,7.548387096774194,1.192307692307692,1.3583916083916083,0.5772107413890271,q3
20,26,4,7.548387096774194,0.5299145299145299,0.5585392051557465,0.2654538030170721,q3
20,27,9,7.548387096774194,1.192307692307692,0.8839285714285714,0.5772107413890271,q3
20,28,5,7.548387096774194,0.6623931623931624,0.5425347222222222,0.4605283765634254,q3
20,29,8,7.548387096774194,1.0598290598290598,1.0835978835978837,0.8525964477576938,q3
20,30,4,7.548387096774194,0.5299145299145299,0.37735849056603776,0.2654538030170721,q3
20,31,8,7.548387096774194,1.0598290598290598,0.8032921810699588,0.8525964477576938,q3
21,22,11,7.548387096774194,1.4572649572649572,0.8555555555555555,0.19505962118243958,q3
21,23,13,7.548387096774194,1.722222222222222,1.099056603773585,0.06128009786972832,q3
21,24,8,7.548387096774194,1.0598290598290598,0.6180371352785146,0.8525964477576938,q3
21,25,11,7.548387096774194,1.4572649572649572,1.3405405405405406,0.19505962118243958,q3
21,26,7,7.548387096774194,0.9273504273504273,0.847457627118644,1.0,q3
21,27,14,7.548387096774194,1.8547008547008546,1.2352941176470589,0.02555536229162719,q3
21,28,8,7.548387096774194,1.0598290598290598,0.735632183908046,0.8525964477576938,q3
21,29,5,7.548387096774194,0.6623931623931624,0.4371584699453552,0.4605283765634254,q3
21,30,10,7.548387096774194,1.3247863247863247,0.9042553191489362,0.35315791020466714,q3
21,31,10,7.548387096774194,1.3247863247863247,0.8001373626373627,0.35315791020466714,q3
22,23,5,7.548387096774194,0.6623931623931624,0.3138888888888889,0.4605283765634254,q3
22,24,9,7.548387096774194,1.192307692307692,0.740546218487395,0.5772107413890271,q3
22,25,8,7.548387096774194,1.0598290598290598,0.8631578947368421,0.8525964477576938,q3
22,26,10,7.548387096774194,1.3247863247863247,1.4431818181818181,0.35315791020466714,q3
22,27,14,7.548387096774194,1.8547008547008546,1.2648981161091888,0.02555536229162719,q3
22,28,5,7.548387096774194,0.6623931623931624,0.4131944444444444,0.4605283765634254,q3
22,29,10,7.548387096774194,1.3247863247863247,1.1181818181818182,0.35315791020466714,q3
22,30,5,7.548387096774194,0.6623931623931624,0.375,0.4605283765634254,q3
22,31,9,7.548387096774194,1.192307692307692,0.7065363881401617,0.5772107413890271,q3
23,24,10,7.548387096774194,1.3247863247863247,0.8581818181818182,0.35315791020466714,q3
23,25,7,7.548387096774194,0.9273504273504273,0.7211942809083264,1.0,q3
23,26,4,7.548387096774194,0.5299145299145299,0.42795513373597927,0.2654538030170721,q3
23,27,10,7.548387096774194,1.3247863247863247,0.7636363636363637,0.35315791020466714,q3
23,28,11,7.548387096774194,1.4572649572649572,1.18342151675485,0.19505962118243958,q3
23,29,11,7.548387096774194,1.4572649572649572,1.2901234567901234,0.19505962118243958,q3
23,30,8,7.548387096774194,1.0598290598290598,0.6788399570354458,0.8525964477576938,q3
23,31,8,7.548387096774194,1.0598290598290598,0.6029889538661468,0.8525964477576938,q3
24,25,9,7.548387096774194,1.192307692307692,1.1402714932126696,0.5772107413890271,q3
24,26,2,7.548387096774194,0.26495726495726496,0.21637931034482757,0.03995448836050852,q3
24,27,14,7.548387096774194,1.8547008547008546,1.432225063938619,0.02555536229162719,q3
24,28,7,7.548387096774194,0.9273504273504273,0.7034454470877769,1.0,q3
24,29,7,7.548387096774194,0.9273504273504273,0.7617376042123738,1.0,q3
24,30,9,7.548387096774194,1.192307692307692,0.8933823529411765,0.5772107413890271,q3
24,31,9,7.548387096774194,1.192307692307692,0.7924528301886793,0.5772107413890271,q3
25,26,5,7.548387096774194,0.6623931623931624,0.8359522313010685,0.4605283765634254,q3
25,27,8,7.548387096774194,1.0598290598290598,0.8631578947368421,0.8525964477576938,q3
25,28,3,7.548387096774194,0.39743589743589747,0.3373333333333333,0.09809544584071431,q3
25,29,2,7.548387096774194,0.26495726495726496,0.23097826086956522,0.03995448836050852,q3
25,30,3,7.548387096774194,0.39743589743589747,0.3074074074074074,0.09809544584071431,q3
25,31,6,7.548387096774194,0.7948717948717949,0.6301020408163265,0.713291991792435,q3
26,27,8,7.548387096774194,1.0598290598290598,1.0402476780185759,0.8525964477576938,q3
26,28,7,7.548387096774194,0.9273504273504273,1.1434782608695653,1.0,q3
26,29,3,7.548387096774194,0.39743589743589747,0.4288052373158756,0.09809544584071431,q3
26,30,6,7.548387096774194,0.7948717948717949,0.8431372549019608,0.713291991792435,q3
26,31,6,7.548387096774194,0.7948717948717949,0.7529761904761905,0.713291991792435,q3
27,28,8,7.548387096774194,1.0598290598290598,0.7516569200779727,0.8525964477576938,q3
27,29,7,7.548387096774194,0.9273504273504273,0.6820368885324779,1.0,q3
27,30,9,7.548387096774194,1.192307692307692,0.796875,0.5772107413890271,q3
27,31,8,7.548387096774194,1.0598290598290598,0.6029889538661468,0.8525964477576938,q3
28,29,11,7.548387096774194,1.4572649572649572,1.7393162393162394,0.19505962118243958,q3
28,30,12,7.548387096774194,1.5897435897435899,1.6455284552845528,0.13530517452715526,q3
28,31,3,7.548387096774194,0.39743589743589747,0.24305084745762712,0.09809544584071431,q3
29,30,6,7.548387096774194,0.7948717948717949,0.6684491978609626,0.713291991792435,q3
29,31,7,7.548387096774194,0.9273504273504273,0.7281183932346723,1.0,q3
30,31,7,7.548387096774194,0.9273504273504273,0.6083636363636363,1.0,q3
1,2,8,7.548387096774194,1.0598290598290598,0.6624561403508772,0.8525964477576938,q4
1,3,14,7.548387096774194,1.8547008547008546,1.3277310924369747,0.02555536229162719,q4
1,4,7,7.548387096774194,0.9273504273504273,0.47443519619500596,1.0,q4
1,5,13,7.548387096774194,1.722222222222222,1.5375,0.06128009786972832,q4
1,6,5,7.548387096774194,0.6623931623931624,0.5608108108108109,0.4605283765634254,q4
1,7,8,7.548387096774194,1.0598290598290598,0.7719298245614035,0.8525964477576938,q4
1,8,6,7.548387096774194,0.7948717948717949,0.7062146892655368,0.713291991792435,q4
1,9,7,7.548387096774194,0.9273504273504273,0.7011494252873564,1.0,q4
1,10,7,7.548387096774194,0.9273504273504273,0.6637931034482759,1.0,q4
1,11,12,7.548387096774194,1.5897435897435899,0.9509433962264151,0.13530517452715526,q4
1,12,10,7.548387096774194,1.3247863247863247,0.9737373737373738,0.35315791020466714,q4
1,13,6,7.548387096774194,0.7948717948717949,0.41767554479418884,0.713291991792435,q4
1,14,11,7.548387096774194,1.4572649572649572,0.9386347131445171,0.19505962118243958,q4
1,15,7,7.548387096774194,0.9273504273504273,0.9927697441601779,1.0,q4
1,16,11,7.548387096774194,1.4572649572649572,0.9614814814814815,0.19505962118243958,q4
1,17,8,7.548387096774194,1.0598290598290598,0.7322654462242563,0.8525964477576938,q4
1,18,5,7.548387096774194,0.6623931623931624,0.4030612244897959,0.4605283765634254,q4
1,19,11,7.548387096774194,1.4572649572649572,0.9614814814814815,0.19505962118243958,q4
1,20,10,7.548387096774194,1.3247863247863247,0.8581818181818182,0.35315791020466714,q4
1,21,8,7.548387096774194,1.0598290598290598,0.5894736842105263,0.8525964477576938,q4
1,22,10,7.548387096774194,1.3247863247863247,1.0562770562770563,0.35315791020466714,q4
1,23,8,7.548387096774194,1.0598290598290598,0.7931456548347613,0.8525964477576938,q4
1,24,3,7.548387096774194,0.39743589743589747,0.3157894736842105,0.09809544584071431,q4
1,25,10,7.548387096774194,1.3247863247863247,0.9015151515151515,0.35315791020466714,q4
1,26,5,7.548387096774194,0.6623931623931624,0.4462962962962963,0.4605283765634254,q4
1,27,10,7.548387096774194,1.3247863247863247,0.7993138936535163,0.35315791020466714,q4
1,28,6,7.548387096774194,0.7948717948717949,0.4271186440677966,0.713291991792435,q4
1,29,15,7.548387096774194,1.987179487179487,1.288888888888889,0.014239732756122846,q4
1,30,4,7.548387096774194,0.5299145299145299,0.29508196721311475,0.2654538030170721,q4
1,31,15,7.548387096774194,1.987179487179487,1.0838709677419356,0.014239732756122846,q4
2,3,13,7.548387096774194,1.722222222222222,1.404,0.06128009786972832,q4
2,4,11,7.548387096774194,1.4572649572649572,1.0358550039401104,0.19505962118243958,q4
2,5,7,7.548387096774194,0.9273504273504273,0.736999147485081,1.0,q4
2,6,5,7.548387096774194,0.6623931623931624,0.6527281998980112,0.4605283765634254,q4
2,7,6,7.548387096774194,0.7948717948717949,0.6195652173913043,0.713291991792435,q4
2,8,4,7.548387096774194,0.5299145299145299,0.49707602339181284,0.2654538030170721,q4
2,9,6,7.548387096774194,0.7948717948717949,0.6708407871198568,0.713291991792435,q4
2,10,6,7.548387096774194,0.7948717948717949,0.6358974358974359,0.713291991792435,q4
2,11,9,7.548387096774194,1.192307692307692,0.7441942294159043,0.5772107413890271,q4
2,12,6,7.548387096774194,0.7948717948717949,0.5745682888540031,0.713291991792435,q4
2,13,11,7.548387096774194,1.4572649572649572,1.110554860241969,0.19505962118243958,q4
2,14,9,7.548387096774194,1.192307692307692,0.8317289179822872,0.5772107413890271,q4
2,15,4,7.548387096774194,0.5299145299145299,0.5642701525054467,0.2654538030170721,q4
2,16,8,7.548387096774194,1.0598290598290598,0.7245283018867924,0.8525964477576938,q4
2,17,5,7.548387096774194,0.6623931623931624,0.46977281478629185,0.4605283765634254,q4
2,18,7,7.548387096774194,0.9273504273504273,0.718397997496871,1.0,q4
2,19,8,7.548387096774194,1.0598290598290598,0.7245283018867924,0.8525964477576938,q4
2,20,6,7.548387096774194,0.7948717948717949,0.5106837606837606,0.713291991792435,q4
2,21,8,7.548387096774194,1.0598290598290598,0.6923636363636364,0.8525964477576938,q4
2,22,10,7.548387096774194,1.3247863247863247,1.2450396825396826,0.35315791020466714,q4
2,23,8,7.548387096774194,1.0598290598290598,0.9302325581395349,0.8525964477576938,q4
2,24,7,7.548387096774194,0.9273504273504273,1.0455594002306805,1.0,q4
2,25,9,7.548387096774194,1.192307692307692,0.914618908788005,0.5772107413890271,q4
2,26,5,7.548387096774194,0.6623931623931624,0.519916142557652,0.4605283765634254,q4
2,27,6,7.548387096774194,0.7948717948717949,0.4777327935222672,0.713291991792435,q4
2,28,12,7.548387096774194,1.5897435897435899,1.2990239574090505,0.13530517452715526,q4
2,29,8,7.548387096774194,1.0598290598290598,0.6085245901639345,0.8525964477576938,q4
2,30,9,7.548387096774194,1.192307692307692,0.9613547546678246,0.5772107413890271,q4
2,31,11,7.548387096774194,1.4572649572649572,0.8049645390070922,0.19505962118243958,q4
3,4,16,7.548387096774194,2.1196581196581197,1.6604429005644812,0.00490860883760566,q4
3,5,7,7.548387096774194,0.9273504273504273,0.657608695652174,1.0,q4
3,6,9,7.548387096774194,1.192307692307692,1.2878787878787878,0.5772107413890271,q4
3,7,6,7.548387096774194,0.7948717948717949,0.5537757437070938,0.713291991792435,q4
3,8,5,7.548387096774194,0.6623931623931624,0.5848089468779124,0.4605283765634254,q4
3,9,7,7.548387096774194,0.9273504273504273,0.7321428571428571,1.0,q4
3,10,9,7.548387096774194,1.192307692307692,0.9761904761904762,0.5772107413890271,q4
3,11,11,7.548387096774194,1.4572649572649572,0.8763736263736264,0.19505962118243958,q4
3,12,5,7.548387096774194,0.6623931623931624,0.4103448275862069,0.4605283765634254,q4
3,13,8,7.548387096774194,1.0598290598290598,0.6303030303030303,0.8525964477576938,q4
3,14,12,7.548387096774194,1.5897435897435899,1.12,0.13530517452715526,q4
3,15,5,7.548387096774194,0.6623931623931624,0.6661442006269592,0.4605283765634254,q4
3,16,9,7.548387096774194,1.192307692307692,0.7564102564102564,0.5772107413890271,q4
3,17,7,7.548387096774194,0.9273504273504273,0.6409574468085106,1.0,q4
3,18,4,7.548387096774194,0.5299145299145299,0.3227118644067797,0.2654538030170721,q4
3,19,10,7.548387096774194,1.3247863247863247,0.876803551609323,0.35315791020466714,q4
3,20,14,7.548387096774194,1.8547008547008546,1.5031055900621118,0.02555536229162719,q4
3,21,7,7.548387096774194,0.9273504273504273,0.5178571428571429,1.0,q4
3,22,5,7.548387096774194,0.6623931623931624,0.44203961848862805,0.4605283765634254,q4
3,23,8,7.548387096774194,1.0598290598290598,0.828752642706131,0.8525964477576938,q4
3,24,5,7.548387096774194,0.6623931623931624,0.603448275862069,0.4605283765634254,q4
3,25,9,7.548387096774194,1.192307692307692,0.8129251700680272,0.5772107413890271,q4
3,26,1,7.548387096774194,0.13247863247863248,0.07867017774851877,0.008652381615514812,q4
3,27,12,7.548387096774194,1.5897435897435899,1.0934256055363323,0.13530517452715526,q4
3,28,9,7.548387096774194,1.192307692307692,0.7564102564102564,0.5772107413890271,q4
3,29,4,7.548387096774194,0.5299145299145299,0.23259452411994785,0.2654538030170721,q4
3,30,6,7.548387096774194,0.7948717948717949,0.5010526315789474,0.713291991792435,q4
3,31,15,7.548387096774194,1.987179487179487,1.1391129032258065,0.014239732756122846,q4
4,5,7,7.548387096774194,0.9273504273504273,0.6296851574212894,1.0,q4
4,6,4,7.548387096774194,0.5299145299145299,0.42795513373597927,0.2654538030170721,q4
4,7,4,7.548387096774194,0.5299145299145299,0.3251366120218579,0.2654538030170721,q4
4,8,5,7.548387096774194,0.6623931623931624,0.5608108108108109,0.4605283765634254,q4
4,9,10,7.548387096774194,1.3247863247863247,1.1515151515151516,0.35315791020466714,q4
4,10,6,7.548387096774194,0.7948717948717949,0.5446327683615819,0.713291991792435,q4
4,11,14,7.548387096774194,1.8547008547008546,1.2068072512023678,0.02555536229162719,q4
4,12,6,7.548387096774194,0.7948717948717949,0.4918713248011069,0.713291991792435,q4
4,13,12,7.548387096774194,1.5897435897435899,1.068679245283019,0.13530517452715526,q4
4,14,7,7.548387096774194,0.9273504273504273,0.506896551724138,1.0,q4
4,15,8,7.548387096774194,1.0598290598290598,1.1976608187134503,0.8525964477576938,q4
4,16,14,7.548387096774194,1.8547008547008546,1.3959115561118065,0.02555536229162719,q4
4,17,5,7.548387096774194,0.6623931623931624,0.4030612244897959,0.4605283765634254,q4
4,18,11,7.548387096774194,1.4572649572649572,1.1511627906976745,0.19505962118243958,q4
4,19,7,7.548387096774194,0.9273504273504273,0.5185185185185185,1.0,q4
4,20,7,7.548387096774194,0.9273504273504273,0.5305790500975928,1.0,q4
4,21,9,7.548387096774194,1.192307692307692,0.6904761904761905,0.5772107413890271,q4
4,22,6,7.548387096774194,0.7948717948717949,0.5305821665438467,0.713291991792435,q4
4,23,5,7.548387096774194,0.6623931623931624,0.43478260869565216,0.4605283765634254,q4
4,24,8,7.548387096774194,1.0598290598290598,1.0760233918128654,0.8525964477576938,q4
4,25,8,7.548387096774194,1.0598290598290598,0.6624561403508772,0.8525964477576938,q4
4,26,11,7.548387096774194,1.4572649572649572,1.2901234567901234,0.19505962118243958,q4
4,27,11,7.548387096774194,1.4572649572649572,0.9166666666666666,0.19505962118243958,q4
4,28,6,7.548387096774194,0.7948717948717949,0.4271186440677966,0.713291991792435,q4
4,29,11,7.548387096774194,1.4572649572649572,0.8007662835249042,0.19505962118243958,q4
4,30,10,7.548387096774194,1.3247863247863247,0.9486166007905138,0.35315791020466714,q4
4,31,14,7.548387096774194,1.8547008547008546,0.971677559912854,0.02555536229162719,q4
5,6,7,7.548387096774194,0.9273504273504273,1.1434782608695653,1.0,q4
5,7,6,7.548387096774194,0.7948717948717949,0.6993524514338575,0.713291991792435,q4
5,8,8,7.548387096774194,1.0598290598290598,1.380392156862745,0.8525964477576938,q4
5,9,4,7.548387096774194,0.5299145299145299,0.45895691609977324,0.2654538030170721,q4
5,10,7,7.548387096774194,0.9273504273504273,0.8784584980237155,1.0,q4
5,11,8,7.548387096774194,1.0598290598290598,0.72015065913371,0.8525964477576938,q4
5,12,10,7.548387096774194,1.3247863247863247,1.3074935400516796,0.35315791020466714,q4
5,13,6,7.548387096774194,0.7948717948717949,0.5516717325227963,0.713291991792435,q4
5,14,6,7.548387096774194,0.7948717948717949,0.5516717325227963,0.713291991792435,q4
5,15,4,7.548387096774194,0.5299145299145299,0.6338535414165666,0.2654538030170721,q4
5,16,7,7.548387096774194,0.9273504273504273,0.6876006441223832,1.0,q4
5,17,3,7.548387096774194,0.39743589743589747,0.29058823529411765,0.09809544584071431,q4
5,18,8,7.548387096774194,1.0598290598290598,0.9739130434782609,0.8525964477576938,q4
5,19,8,7.548387096774194,1.0598290598290598,0.8218029350104822,0.8525964477576938,q4
5,20,8,7.548387096774194,1.0598290598290598,0.841025641025641,0.8525964477576938,q4
5,21,7,7.548387096774194,0.9273504273504273,0.657608695652174,1.0,q4
5,22,7,7.548387096774194,0.9273504273504273,0.8555555555555555,1.0,q4
5,23,6,7.548387096774194,0.7948717948717949,0.7177304964539007,0.713291991792435,q4
5,24,7,7.548387096774194,0.9273504273504273,1.1815856777493605,1.0,q4
5,25,5,7.548387096774194,0.6623931623931624,0.4815251572327044,0.4605283765634254,q4
5,26,5,7.548387096774194,0.6623931623931624,0.5856481481481481,0.4605283765634254,q4
5,27,9,7.548387096774194,1.192307692307692,0.9242424242424242,0.5772107413890271,q4
5,28,7,7.548387096774194,0.9273504273504273,0.6876006441223832,1.0,q4
5,29,10,7.548387096774194,1.3247863247863247,0.9420575482853765,0.35315791020466714,q4
5,30,10,7.548387096774194,1.3247863247863247,1.2740141557128413,0.35315791020466714,q4
5,31,5,7.548387096774194,0.6623931623931624,0.3269675925925926,0.4605283765634254,q4
6,7,4,7.548387096774194,0.5299145299145299,0.5723684210526315,0.2654538030170721,q4
6,8,8,7.548387096774194,1.0598290598290598,1.9031141868512111,0.8525964477576938,q4
6,9,1,7.548387096774194,0.13247863247863248,0.1326219512195122,0.008652381615514812,q4
6,10,4,7.548387096774194,0.5299145299145299,0.5867861142217246,0.2654538030170721,q4
6,11,9,7.548387096774194,1.192307692307692,1.1802507836990597,0.5772107413890271,q4
6,12,6,7.548387096774194,0.7948717948717949,0.8843537414965986,0.713291991792435,q4
6,13,7,7.548387096774194,0.9273504273504273,0.9236363636363636,1.0,q4
6,14,9,7.548387096774194,1.192307692307692,1.3173241852487136,0.5772107413890271,q4
6,15,2,7.548387096774194,0.26495726495726496,0.37916666666666665,0.03995448836050852,q4
6,16,5,7.548387096774194,0.6623931623931624,0.6105212355212355,0.4605283765634254,q4
6,17,5,7.548387096774194,0.6623931623931624,0.7170435741864313,0.4605283765634254,q4
6,18,1,7.548387096774194,0.13247863247863248,0.11780947998159227,0.008652381615514812,q4
6,19,6,7.548387096774194,0.7948717948717949,0.7696969696969697,0.713291991792435,q4
6,20,7,7.548387096774194,0.9273504273504273,0.9660377358490566,1.0,q4
6,21,6,7.548387096774194,0.7948717948717949,0.7368421052631579,0.713291991792435,q4
6,22,4,7.548387096774194,0.5299145299145299,0.5723684210526315,0.2654538030170721,q4
6,23,9,7.548387096774194,1.192307692307692,1.7337662337662338,0.5772107413890271,q4
6,24,4,7.548387096774194,0.5299145299145299,0.7738264580369844,0.2654538030170721,q4
6,25,7,7.548387096774194,0.9273504273504273,1.011764705882353,1.0,q4
6,26,4,7.548387096774194,0.5299145299145299,0.6018306636155606,0.2654538030170721,q4
6,27,7,7.548387096774194,0.9273504273504273,0.9035714285714286,1.0,q4
6,28,3,7.548387096774194,0.39743589743589747,0.3328912466843501,0.09809544584071431,q4
6,29,8,7.548387096774194,1.0598290598290598,0.9566055930568949,0.8525964477576938,q4
6,30,6,7.548387096774194,0.7948717948717949,0.8633333333333333,0.713291991792435,q4
6,31,6,7.548387096774194,0.7948717948717949,0.5586854460093896,0.713291991792435,q4
7,8,6,7.548387096774194,0.7948717948717949,0.9528985507246377,0.713291991792435,q4
7,9,9,7.548387096774194,1.192307692307692,1.3552325581395348,0.5772107413890271,q4
7,10,5,7.548387096774194,0.6623931623931624,0.5851063829787234,0.4605283765634254,q4
7,11,8,7.548387096774194,1.0598290598290598,0.7395993836671803,0.8525964477576938,q4
7,12,5,7.548387096774194,0.6623931623931624,0.5297872340425532,0.4605283765634254,q4
7,13,3,7.548387096774194,0.39743589743589747,0.24904877205119336,0.09809544584071431,q4
7,14,9,7.548387096774194,1.192307692307692,0.9714787187362879,0.5772107413890271,q4
7,15,5,7.548387096774194,0.6623931623931624,0.8575112830431979,0.4605283765634254,q4
7,16,5,7.548387096774194,0.6623931623931624,0.4616261398176292,0.4605283765634254,q4
7,17,9,7.548387096774194,1.192307692307692,1.1813953488372093,0.5772107413890271,q4
7,18,7,7.548387096774194,0.9273504273504273,0.8340425531914893,1.0,q4
7,19,8,7.548387096774194,1.0598290598290598,0.8439108061749572,0.8525964477576938,q4
7,20,7,7.548387096774194,0.9273504273504273,0.7220125786163522,1.0,q4
7,21,10,7.548387096774194,1.3247863247863247,1.105121293800539,0.35315791020466714,q4
7,22,8,7.548387096774194,1.0598290598290598,1.0537190082644627,0.8525964477576938,q4
7,23,4,7.548387096774194,0.5299145299145299,0.44680851063829785,0.2654538030170721,q4
7,24,5,7.548387096774194,0.6623931623931624,0.7771867612293144,0.4605283765634254,q4
7,25,7,7.548387096774194,0.9273504273504273,0.7564270152505447,1.0,q4
7,26,9,7.548387096774194,1.192307692307692,1.3170731707317074,0.5772107413890271,q4
7,27,10,7.548387096774194,1.3247863247863247,1.105121293800539,0.35315791020466714,q4
7,28,10,7.548387096774194,1.3247863247863247,1.157796451914099,0.35315791020466714,q4
7,29,10,7.548387096774194,1.3247863247863247,0.9685230024213075,0.35315791020466714,q4
7,30,8,7.548387096774194,1.0598290598290598,0.9507575757575758,0.8525964477576938,q4
7,31,7,7.548387096774194,0.9273504273504273,0.5088888888888888,1.0,q4
8,9,3,7.548387096774194,0.39743589743589747,0.4397993311036789,0.09809544584071431,q4
8,10,6,7.548387096774194,0.7948717948717949,0.9777777777777777,0.713291991792435,q4
8,11,8,7.548387096774194,1.0598290598290598,0.9970089730807578,0.8525964477576938,q4
8,12,5,7.548387096774194,0.6623931623931624,0.7,0.4605283765634254,q4
8,13,4,7.548387096774194,0.5299145299145299,0.455535390199637,0.2654538030170721,q4
8,14,9,7.548387096774194,1.192307692307692,1.3173241852487136,0.5772107413890271,q4
8,15,1,7.548387096774194,0.13247863247863248,0.17930125247198417,0.008652381615514812,q4
8,16,5,7.548387096774194,0.6623931623931624,0.6105212355212355,0.4605283765634254,q4
8,17,4,7.548387096774194,0.5299145299145299,0.5452631578947369,0.2654538030170721,q4
8,18,0,7.548387096774194,0.0,0.0,0.0012129723763472573,q4
8,19,7,7.548387096774194,0.9273504273504273,0.9444444444444444,1.0,q4
8,20,6,7.548387096774194,0.7948717948717949,0.7870370370370371,0.713291991792435,q4
8,21,6,7.548387096774194,0.7948717948717949,0.7368421052631579,0.713291991792435,q4
8,22,9,7.548387096774194,1.192307692307692,1.6871035940803383,0.5772107413890271,q4
8,23,2,7.548387096774194,0.26495726495726496,0.2653061224489796,0.03995448836050852,q4
8,24,4,7.548387096774194,0.5299145299145299,0.7738264580369844,0.2654538030170721,q4
8,25,8,7.548387096774194,1.0598290598290598,1.2188235294117646,0.8525964477576938,q4
8,26,5,7.548387096774194,0.6623931623931624,0.7927927927927928,0.4605283765634254,q4
8,27,8,7.548387096774194,1.0598290598290598,1.0866310160427808,0.8525964477576938,q4
8,28,7,7.548387096774194,0.9273504273504273,0.9444444444444444,1.0,q4
8,29,11,7.548387096774194,1.4572649572649572,1.53559510567297,0.19505962118243958,q4
8,30,3,7.548387096774194,0.39743589743589747,0.37155297532656023,0.09809544584071431,q4
8,31,5,7.548387096774194,0.6623931623931624,0.44481981981981983,0.4605283765634254,q4
9,10,8,7.548387096774194,1.0598290598290598,1.1752694271128759,0.8525964477576938,q4
9,11,11,7.548387096774194,1.4572649572649572,1.2716165413533835,0.19505962118243958,q4
9,12,5,7.548387096774194,0.6623931623931624,0.5727272727272728,0.4605283765634254,q4
9,13,13,7.548387096774194,1.722222222222222,1.8645124716553287,0.06128009786972832,q4
9,14,9,7.548387096774194,1.192307692307692,1.0570754716981132,0.5772107413890271,q4
9,15,5,7.548387096774194,0.6623931623931624,0.9263085399449036,0.4605283765634254,q4
9,16,7,7.548387096774194,0.9273504273504273,0.7654320987654321,1.0,q4
9,17,6,7.548387096774194,0.7948717948717949,0.7383720930232558,0.713291991792435,q4
9,18,7,7.548387096774194,0.9273504273504273,0.9042553191489362,1.0,q4
9,19,10,7.548387096774194,1.3247863247863247,1.2619406737053795,0.35315791020466714,q4
9,20,1,7.548387096774194,0.13247863247863248,0.0858050847457627,0.008652381615514812,q4
9,21,7,7.548387096774194,0.9273504273504273,0.7321428571428571,1.0,q4
9,22,7,7.548387096774194,0.9273504273504273,0.9518518518518518,1.0,q4
9,23,3,7.548387096774194,0.39743589743589747,0.3451086956521739,0.09809544584071431,q4
9,24,4,7.548387096774194,0.5299145299145299,0.6366366366366366,0.2654538030170721,q4
9,25,5,7.548387096774194,0.6623931623931624,0.5338765008576329,0.4605283765634254,q4
9,26,7,7.548387096774194,0.9273504273504273,1.003875968992248,1.0,q4
9,27,6,7.548387096774194,0.7948717948717949,0.5997552019583844,0.713291991792435,q4
9,28,6,7.548387096774194,0.7948717948717949,0.6266384778012685,0.713291991792435,q4
9,29,8,7.548387096774194,1.0598290598290598,0.7708916433426629,0.8525964477576938,q4
9,30,6,7.548387096774194,0.7948717948717949,0.7032558139534884,0.713291991792435,q4
9,31,8,7.548387096774194,1.0598290598290598,0.6588900671615412,0.8525964477576938,q4
10,11,7,7.548387096774194,0.9273504273504273,0.6363636363636364,1.0,q4
10,12,12,7.548387096774194,1.5897435897435899,1.8389982110912344,0.13530517452715526,q4
10,13,7,7.548387096774194,0.9273504273504273,0.7086776859504132,1.0,q4
10,14,5,7.548387096774194,0.6623931623931624,0.4633867276887872,0.4605283765634254,q4
10,15,4,7.548387096774194,0.5299145299145299,0.6658322903629537,0.2654538030170721,q4
10,16,9,7.548387096774194,1.192307692307692,1.021978021978022,0.5772107413890271,q4
10,17,8,7.548387096774194,1.0598290598290598,1.0273003033367036,0.8525964477576938,q4
10,18,6,7.548387096774194,0.7948717948717949,0.7,0.713291991792435,q4
10,19,6,7.548387096774194,0.7948717948717949,0.593939393939394,0.713291991792435,q4
10,20,9,7.548387096774194,1.192307692307692,1.046218487394958,0.5772107413890271,q4
10,21,11,7.548387096774194,1.4572649572649572,1.3115384615384615,0.19505962118243958,q4
10,22,5,7.548387096774194,0.6623931623931624,0.5851063829787234,0.4605283765634254,q4
10,23,4,7.548387096774194,0.5299145299145299,0.45812584880036217,0.2654538030170721,q4
10,24,3,7.548387096774194,0.39743589743589747,0.4309210526315789,0.09809544584071431,q4
10,25,6,7.548387096774194,0.7948717948717949,0.6358974358974359,0.713291991792435,q4
10,26,3,7.548387096774194,0.39743589743589747,0.33643617021276595,0.09809544584071431,q4
10,27,7,7.548387096774194,0.9273504273504273,0.6931818181818182,1.0,q4
10,28,7,7.548387096774194,0.9273504273504273,0.7247474747474747,1.0,q4
10,29,9,7.548387096774194,1.192307692307692,0.8571428571428571,0.5772107413890271,q4
10,30,7,7.548387096774194,0.9273504273504273,0.814935064935065,1.0,q4
10,31,11,7.548387096774194,1.4572649572649572,0.975,0.19505962118243958,q4
11,12,6,7.548387096774194,0.7948717948717949,0.4717296754767481,0.713291991792435,q4
11,13,9,7.548387096774194,1.192307692307692,0.6763175016265452,0.5772107413890271,q4
11,14,13,7.548387096774194,1.722222222222222,1.154572940287226,0.06128009786972832,q4
11,15,3,7.548387096774194,0.39743589743589747,0.33348214285714284,0.09809544584071431,q4
11,16,11,7.548387096774194,1.4572649572649572,0.9192857142857143,0.19505962118243958,q4
11,17,10,7.548387096774194,1.3247863247863247,0.9569377990430622,0.35315791020466714,q4
11,18,8,7.548387096774194,1.0598290598290598,0.7015475313190862,0.8525964477576938,q4
11,19,6,7.548387096774194,0.7948717948717949,0.4095380029806259,0.713291991792435,q4
11,20,9,7.548387096774194,1.192307692307692,0.7089249492900609,0.5772107413890271,q4
11,21,7,7.548387096774194,0.9273504273504273,0.475,1.0,q4
11,22,9,7.548387096774194,1.192307692307692,0.8696872493985566,0.5772107413890271,q4
11,23,6,7.548387096774194,0.7948717948717949,0.5224043715846994,0.713291991792435,q4
11,24,4,7.548387096774194,0.5299145299145299,0.42385242385242383,0.2654538030170721,q4
11,25,8,7.548387096774194,1.0598290598290598,0.6345762711864407,0.8525964477576938,q4
11,26,10,7.548387096774194,1.3247863247863247,1.0701754385964912,0.35315791020466714,q4
11,27,3,7.548387096774194,0.39743589743589747,0.175,0.09809544584071431,q4
11,28,10,7.548387096774194,1.3247863247863247,0.8015135878912969,0.35315791020466714,q4
11,29,15,7.548387096774194,1.987179487179487,1.2286324786324787,0.014239732756122846,q4
11,30,9,7.548387096774194,1.192307692307692,0.7824651504035216,0.5772107413890271,q4
11,31,15,7.548387096774194,1.987179487179487,1.03287841191067,0.014239732756122846,q4
12,13,8,7.548387096774194,1.0598290598290598,0.7628053585500394,0.8525964477576938,q4
12,14,9,7.548387096774194,1.192307692307692,0.8970467596390485,0.5772107413890271,q4
12,15,4,7.548387096774194,0.5299145299145299,0.6043829296424452,0.2654538030170721,q4
12,16,8,7.548387096774194,1.0598290598290598,0.7804094741067844,0.8525964477576938,q4
12,17,14,7.548387096774194,1.8547008547008546,2.1853658536585368,0.02555536229162719,q4
12,18,8,7.548387096774194,1.0598290598290598,0.9250693802035153,0.8525964477576938,q4
12,19,7,7.548387096774194,0.9273504273504273,0.6535493827160493,1.0,q4
12,20,7,7.548387096774194,0.9273504273504273,0.6686320754716981,1.0,q4
12,21,7,7.548387096774194,0.9273504273504273,0.625,1.0,q4
12,22,7,7.548387096774194,0.9273504273504273,0.8134259259259259,1.0,q4
12,23,5,7.548387096774194,0.6623931623931624,0.5434782608695652,0.4605283765634254,q4
12,24,8,7.548387096774194,1.0598290598290598,1.3565441650548034,0.8525964477576938,q4
12,25,7,7.548387096774194,0.9273504273504273,0.7005718954248366,1.0,q4
12,26,3,7.548387096774194,0.39743589743589747,0.30564648117839605,0.09809544584071431,q4
12,27,9,7.548387096774194,1.192307692307692,0.8768115942028986,0.5772107413890271,q4
12,28,8,7.548387096774194,1.0598290598290598,0.7804094741067844,0.8525964477576938,q4
12,29,6,7.548387096774194,0.7948717948717949,0.45286686103012636,0.713291991792435,q4
12,30,9,7.548387096774194,1.192307692307692,1.0365402405180388,0.5772107413890271,q4
12,31,10,7.548387096774194,1.3247863247863247,0.7595356550580431,0.35315791020466714,q4
13,14,6,7.548387096774194,0.7948717948717949,0.4457908163265306,0.713291991792435,q4
13,15,8,7.548387096774194,1.0598290598290598,1.2790123456790123,0.8525964477576938,q4
13,16,12,7.548387096774194,1.5897435897435899,1.1755102040816328,0.13530517452715526,q4
13,17,6,7.548387096774194,0.7948717948717949,0.5379464285714286,0.713291991792435,q4
13,18,11,7.548387096774194,1.4572649572649572,1.2339261285909713,0.19505962118243958,q4
13,19,14,7.548387096774194,1.8547008547008546,1.50177304964539,0.02555536229162719,q4
13,20,6,7.548387096774194,0.7948717948717949,0.4662698412698413,0.713291991792435,q4
13,21,11,7.548387096774194,1.4572649572649572,0.9830316742081447,0.19505962118243958,q4
13,22,9,7.548387096774194,1.192307692307692,0.9714787187362879,0.5772107413890271,q4
13,23,5,7.548387096774194,0.6623931623931624,0.4633867276887872,0.4605283765634254,q4
13,24,9,7.548387096774194,1.192307692307692,1.3637971698113207,0.5772107413890271,q4
13,25,6,7.548387096774194,0.7948717948717949,0.4883241758241758,0.713291991792435,q4
13,26,7,7.548387096774194,0.9273504273504273,0.7281183932346723,1.0,q4
13,27,9,7.548387096774194,1.192307692307692,0.7389937106918238,0.5772107413890271,q4
13,28,9,7.548387096774194,1.192307692307692,0.7739477503628447,0.5772107413890271,q4
13,29,9,7.548387096774194,1.192307692307692,0.6481132075471698,0.5772107413890271,q4
13,30,7,7.548387096774194,0.9273504273504273,0.6233766233766234,1.0,q4
13,31,10,7.548387096774194,1.3247863247863247,0.6371986222732492,0.35315791020466714,q4
14,15,5,7.548387096774194,0.6623931623931624,0.6804891015417331,0.4605283765634254,q4
14,16,4,7.548387096774194,0.5299145299145299,0.2807017543859649,0.2654538030170721,q4
14,17,10,7.548387096774194,1.3247863247863247,1.0708041958041958,0.35315791020466714,q4
14,18,6,7.548387096774194,0.7948717948717949,0.5379464285714286,0.713291991792435,q4
14,19,7,7.548387096774194,0.9273504273504273,0.5538720538720538,1.0,q4
14,20,8,7.548387096774194,1.0598290598290598,0.6752136752136753,0.8525964477576938,q4
14,21,12,7.548387096774194,1.5897435897435899,1.12,0.13530517452715526,q4
14,22,6,7.548387096774194,0.7948717948717949,0.5659937888198758,0.713291991792435,q4
14,23,8,7.548387096774194,1.0598290598290598,0.8475452196382429,0.8525964477576938,q4
14,24,3,7.548387096774194,0.39743589743589747,0.33586083853702053,0.09809544584071431,q4
14,25,9,7.548387096774194,1.192307692307692,0.8317289179822872,0.5772107413890271,q4
14,26,4,7.548387096774194,0.5299145299145299,0.36431784107946025,0.2654538030170721,q4
14,27,7,7.548387096774194,0.9273504273504273,0.5295454545454545,1.0,q4
14,28,10,7.548387096774194,1.3247863247863247,0.8974358974358975,0.35315791020466714,q4
14,29,8,7.548387096774194,1.0598290598290598,0.5537340619307832,0.8525964477576938,q4
14,30,12,7.548387096774194,1.5897435897435899,1.3363636363636364,0.13530517452715526,q4
14,31,15,7.548387096774194,1.987179487179487,1.168496911461908,0.014239732756122846,q4
15,16,6,7.548387096774194,0.7948717948717949,0.8795454545454545,0.713291991792435,q4
15,17,4,7.548387096774194,0.5299145299145299,0.6188235294117647,0.2654538030170721,q4
15,18,6,7.548387096774194,0.7948717948717949,1.03515625,0.713291991792435,q4
15,19,2,7.548387096774194,0.26495726495726496,0.2391713747645951,0.03995448836050852,q4
15,20,8,7.548387096774194,1.0598290598290598,1.3384615384615384,0.8525964477576938,q4
15,21,0,7.548387096774194,0.0,0.0,0.0012129723763472573,q4
15,22,6,7.548387096774194,0.7948717948717949,1.0883152173913044,0.713291991792435,q4
15,23,5,7.548387096774194,0.6623931623931624,0.8794466403162056,0.4605283765634254,q4
15,24,3,7.548387096774194,0.39743589743589747,0.6203007518796992,0.09809544584071431,q4
15,25,5,7.548387096774194,0.6623931623931624,0.743281875357347,0.4605283765634254,q4
15,26,8,7.548387096774194,1.0598290598290598,1.7206349206349207,0.8525964477576938,q4
15,27,9,7.548387096774194,1.192307692307692,1.4885057471264367,0.5772107413890271,q4
15,28,6,7.548387096774194,0.7948717948717949,0.8795454545454545,0.713291991792435,q4
15,29,8,7.548387096774194,1.0598290598290598,1.1016393442622952,0.8525964477576938,q4
15,30,5,7.548387096774194,0.6623931623931624,0.7783719548425431,0.4605283765634254,q4
15,31,6,7.548387096774194,0.7948717948717949,0.6390845070422535,0.713291991792435,q4
16,17,8,7.548387096774194,1.0598290598290598,0.800656275635767,0.8525964477576938,q4
16,18,8,7.548387096774194,1.0598290598290598,0.800656275635767,0.8525964477576938,q4
16,19,8,7.548387096774194,1.0598290598290598,0.6749733001067996,0.8525964477576938,q4
16,20,11,7.548387096774194,1.4572649572649572,1.0820408163265307,0.19505962118243958,q4
16,21,7,7.548387096774194,0.9273504273504273,0.5416666666666666,1.0,q4
16,22,10,7.548387096774194,1.3247863247863247,1.157796451914099,0.35315791020466714,q4
16,23,7,7.548387096774194,0.9273504273504273,0.7247474747474747,1.0,q4
16,24,6,7.548387096774194,0.7948717948717949,0.7948051948051948,0.713291991792435,q4
16,25,5,7.548387096774194,0.6623931623931624,0.3992587601078167,0.4605283765634254,q4
16,26,10,7.548387096774194,1.3247863247863247,1.2254901960784315,0.35315791020466714,q4
16,27,9,7.548387096774194,1.192307692307692,0.7564102564102564,0.5772107413890271,q4
16,28,8,7.548387096774194,1.0598290598290598,0.6749733001067996,0.8525964477576938,q4
16,29,9,7.548387096774194,1.192307692307692,0.6634615384615384,0.5772107413890271,q4
16,30,7,7.548387096774194,0.9273504273504273,0.6375661375661376,1.0,q4
16,31,10,7.548387096774194,1.3247863247863247,0.652619256657887,0.35315791020466714,q4
17,18,5,7.548387096774194,0.6623931623931624,0.5164514785506039,0.4605283765634254,q4
17,19,8,7.548387096774194,1.0598290598290598,0.800656275635767,0.8525964477576938,q4
17,20,7,7.548387096774194,0.9273504273504273,0.6856684062625452,1.0,q4
17,21,5,7.548387096774194,0.6623931623931624,0.42047853624208303,0.4605283765634254,q4
17,22,8,7.548387096774194,1.0598290598290598,1.0,0.8525964477576938,q4
17,23,10,7.548387096774194,1.3247863247863247,1.419068736141907,0.35315791020466714,q4
17,24,4,7.548387096774194,0.5299145299145299,0.5621621621621622,0.2654538030170721,q4
17,25,7,7.548387096774194,0.9273504273504273,0.718397997496871,1.0,q4
17,26,7,7.548387096774194,0.9273504273504273,0.8797624938149431,1.0,q4
17,27,8,7.548387096774194,1.0598290598290598,0.7652173913043478,0.8525964477576938,q4
17,28,12,7.548387096774194,1.5897435897435899,1.446064139941691,0.13530517452715526,q4
17,29,8,7.548387096774194,1.0598290598290598,0.6728439059158945,0.8525964477576938,q4
17,30,6,7.548387096774194,0.7948717948717949,0.6175,0.713291991792435,q4
17,31,9,7.548387096774194,1.192307692307692,0.6735294117647059,0.5772107413890271,q4
18,19,12,7.548387096774194,1.5897435897435899,1.446064139941691,0.13530517452715526,q4
18,20,11,7.548387096774194,1.4572649572649572,1.2947318462268629,0.19505962118243958,q4
18,21,10,7.548387096774194,1.3247863247863247,1.0463121783876501,0.35315791020466714,q4
18,22,10,7.548387096774194,1.3247863247863247,1.37987012987013,0.35315791020466714,q4
18,23,6,7.548387096774194,0.7948717948717949,0.7,0.713291991792435,q4
18,24,5,7.548387096774194,0.6623931623931624,0.7397959183673469,0.4605283765634254,q4
18,25,9,7.548387096774194,1.192307692307692,1.0122448979591836,0.5772107413890271,q4
18,26,5,7.548387096774194,0.6623931623931624,0.5714285714285714,0.4605283765634254,q4
18,27,7,7.548387096774194,0.9273504273504273,0.6409574468085106,1.0,q4
18,28,9,7.548387096774194,1.192307692307692,0.9423076923076923,0.5772107413890271,q4
18,29,6,7.548387096774194,0.7948717948717949,0.4642857142857143,0.713291991792435,q4
18,30,9,7.548387096774194,1.192307692307692,1.0638297872340425,0.5772107413890271,q4
18,31,9,7.548387096774194,1.192307692307692,0.6735294117647059,0.5772107413890271,q4
19,20,3,7.548387096774194,0.39743589743589747,0.21143375680580762,0.09809544584071431,q4
19,21,12,7.548387096774194,1.5897435897435899,1.1476590636254502,0.13530517452715526,q4
19,22,6,7.548387096774194,0.7948717948717949,0.5786561264822134,0.713291991792435,q4
19,23,11,7.548387096774194,1.4572649572649572,1.375,0.19505962118243958,q4
19,24,8,7.548387096774194,1.0598290598290598,1.1755288736420813,0.8525964477576938,q4
19,25,8,7.548387096774194,1.0598290598290598,0.7245283018867924,0.8525964477576938,q4
19,26,8,7.548387096774194,1.0598290598290598,0.8912848158131177,0.8525964477576938,q4
19,27,7,7.548387096774194,0.9273504273504273,0.5416666666666666,1.0,q4
19,28,10,7.548387096774194,1.3247863247863247,0.9188773548635141,0.35315791020466714,q4
19,29,8,7.548387096774194,1.0598290598290598,0.5666563563253944,0.8525964477576938,q4
19,30,5,7.548387096774194,0.6623931623931624,0.4184173669467787,0.4605283765634254,q4
19,31,13,7.548387096774194,1.722222222222222,0.9563802083333334,0.06128009786972832,q4
20,21,7,7.548387096774194,0.9273504273504273,0.5542452830188679,1.0,q4
20,22,8,7.548387096774194,1.0598290598290598,0.8636363636363636,0.8525964477576938,q4
20,23,10,7.548387096774194,1.3247863247863247,1.2195121951219512,0.35315791020466714,q4
20,24,6,7.548387096774194,0.7948717948717949,0.8126984126984127,0.713291991792435,q4
20,25,10,7.548387096774194,1.3247863247863247,1.0125,0.35315791020466714,q4
20,26,9,7.548387096774194,1.192307692307692,1.0760401721664274,0.5772107413890271,q4
20,27,9,7.548387096774194,1.192307692307692,0.7745098039215687,0.5772107413890271,q4
20,28,12,7.548387096774194,1.5897435897435899,1.2346938775510203,0.13530517452715526,q4
20,29,7,7.548387096774194,0.9273504273504273,0.4878271454656117,1.0,q4
20,30,7,7.548387096774194,0.9273504273504273,0.6522911051212938,1.0,q4
20,31,10,7.548387096774194,1.3247863247863247,0.6686567164179105,0.35315791020466714,q4
21,22,2,7.548387096774194,0.26495726495726496,0.1560655737704918,0.03995448836050852,q4
21,23,8,7.548387096774194,1.0598290598290598,0.828752642706131,0.8525964477576938,q4
21,24,8,7.548387096774194,1.0598290598290598,1.1239669421487604,0.8525964477576938,q4
21,25,12,7.548387096774194,1.5897435897435899,1.237851662404092,0.13530517452715526,q4
21,26,9,7.548387096774194,1.192307692307692,1.0040650406504066,0.5772107413890271,q4
21,27,9,7.548387096774194,1.192307692307692,0.7222222222222222,0.5772107413890271,q4
21,28,10,7.548387096774194,1.3247863247863247,0.876803551609323,0.35315791020466714,q4
21,29,11,7.548387096774194,1.4572649572649572,0.8388594164456233,0.19505962118243958,q4
21,30,12,7.548387096774194,1.5897435897435899,1.304812834224599,0.13530517452715526,q4
21,31,14,7.548387096774194,1.8547008547008546,1.0204081632653061,0.02555536229162719,q4
22,23,9,7.548387096774194,1.192307692307692,1.2807308970099667,0.5772107413890271,q4
22,24,6,7.548387096774194,0.7948717948717949,0.9838509316770186,0.713291991792435,q4
22,25,2,7.548387096774194,0.26495726495726496,0.17357142857142857,0.03995448836050852,q4
22,26,3,7.548387096774194,0.39743589743589747,0.3282674772036474,0.09809544584071431,q4
22,27,7,7.548387096774194,0.9273504273504273,0.675,1.0,q4
22,28,7,7.548387096774194,0.9273504273504273,0.7057613168724279,1.0,q4
22,29,8,7.548387096774194,1.0598290598290598,0.7093889716840537,0.8525964477576938,q4
22,30,6,7.548387096774194,0.7948717948717949,0.6495652173913044,0.713291991792435,q4
22,31,8,7.548387096774194,1.0598290598290598,0.6060606060606061,0.8525964477576938,q4
23,24,3,7.548387096774194,0.39743589743589747,0.4309210526315789,0.09809544584071431,q4
23,25,7,7.548387096774194,0.9273504273504273,0.7767379679144385,1.0,q4
23,26,7,7.548387096774194,0.9273504273504273,0.9508456659619451,1.0,q4
23,27,4,7.548387096774194,0.5299145299145299,0.3476379372520736,0.2654538030170721,q4
23,28,12,7.548387096774194,1.5897435897435899,1.576138147566719,0.13530517452715526,q4
23,29,6,7.548387096774194,0.7948717948717949,0.5015873015873016,0.713291991792435,q4
23,30,10,7.548387096774194,1.3247863247863247,1.346765641569459,0.35315791020466714,q4
23,31,8,7.548387096774194,1.0598290598290598,0.6228513650151668,0.8525964477576938,q4
24,25,7,7.548387096774194,0.9273504273504273,1.0455594002306805,1.0,q4
24,26,1,7.548387096774194,0.13247863247863248,0.13316326530612244,0.008652381615514812,q4
24,27,4,7.548387096774194,0.5299145299145299,0.45991754466330736,0.2654538030170721,q4
24,28,10,7.548387096774194,1.3247863247863247,1.6382036685641999,0.35315791020466714,q4
24,29,7,7.548387096774194,0.9273504273504273,0.8235294117647058,1.0,q4
24,30,3,7.548387096774194,0.39743589743589747,0.3828202581926514,0.09809544584071431,q4
24,31,9,7.548387096774194,1.192307692307692,1.0009191176470589,0.5772107413890271,q4
25,26,13,7.548387096774194,1.722222222222222,1.9987987987987987,0.06128009786972832,q4
25,27,10,7.548387096774194,1.3247863247863247,0.9433962264150944,0.35315791020466714,q4
25,28,7,7.548387096774194,0.9273504273504273,0.6074800290486565,1.0,q4
25,29,9,7.548387096774194,1.192307692307692,0.713265306122449,0.5772107413890271,q4
25,30,6,7.548387096774194,0.7948717948717949,0.5607692307692308,0.713291991792435,q4
25,31,11,7.548387096774194,1.4572649572649572,0.8049645390070922,0.19505962118243958,q4
26,27,11,7.548387096774194,1.4572649572649572,1.3505917159763314,0.19505962118243958,q4
26,28,4,7.548387096774194,0.5299145299145299,0.37223493516399697,0.2654538030170721,q4
26,29,10,7.548387096774194,1.3247863247863247,1.0254237288135593,0.35315791020466714,q4
26,30,6,7.548387096774194,0.7948717948717949,0.6845454545454546,0.713291991792435,q4
26,31,10,7.548387096774194,1.3247863247863247,0.8731343283582089,0.35315791020466714,q4
27,28,7,7.548387096774194,0.9273504273504273,0.5416666666666666,1.0,q4
27,29,15,7.548387096774194,1.987179487179487,1.3541666666666667,0.014239732756122846,q4
27,30,9,7.548387096774194,1.192307692307692,0.8546099290780141,0.5772107413890271,q4
27,31,13,7.548387096774194,1.722222222222222,0.91,0.06128009786972832,q4
28,29,10,7.548387096774194,1.3247863247863247,0.7676969092721835,0.35315791020466714,q4
28,30,2,7.548387096774194,0.26495726495726496,0.14814814814814814,0.03995448836050852,q4
28,31,8,7.548387096774194,1.0598290598290598,0.4834563850150396,0.8525964477576938,q4
29,30,12,7.548387096774194,1.5897435897435899,1.138755980861244,0.13530517452715526,q4
29,31,10,7.548387096774194,1.3247863247863247,0.5438907159119656,0.35315791020466714,q4
30,31,13,7.548387096774194,1.722222222222222,1.0912063953488371,0.06128009786972832,q4
