draw_no,strategy,max_match,n_3plus,n_4plus,n_5,cost,payout,profit
1,A_pure_random_top10,1,0,0,0,2000,0,-2000
2,A_pure_random_top10,2,0,0,0,2000,0,-2000
3,A_pure_random_top10,2,0,0,0,2000,0,-2000
4,A_pure_random_top10,2,0,0,0,2000,0,-2000
5,A_pure_random_top10,2,0,0,0,2000,0,-2000
6,A_pure_random_top10,2,0,0,0,2000,0,-2000
7,A_pure_random_top10,2,0,0,0,2000,0,-2000
8,A_pure_random_top10,1,0,0,0,2000,0,-2000
9,A_pure_random_top10,2,0,0,0,2000,0,-2000
10,A_pure_random_top10,2,0,0,0,2000,0,-2000
11,A_pure_random_top10,2,0,0,0,2000,0,-2000
12,A_pure_random_top10,2,0,0,0,2000,0,-2000
13,A_pure_random_top10,2,0,0,0,2000,0,-2000
14,A_pure_random_top10,1,0,0,0,2000,0,-2000
15,A_pure_random_top10,2,0,0,0,2000,0,-2000
16,A_pure_random_top10,2,0,0,0,2000,0,-2000
17,A_pure_random_top10,2,0,0,0,2000,0,-2000
18,A_pure_random_top10,2,0,0,0,2000,0,-2000
19,A_pure_random_top10,2,0,0,0,2000,0,-2000
20,A_pure_random_top10,3,1,0,0,2000,1000,-1000
21,A_pure_random_top10,2,0,0,0,2000,0,-2000
22,A_pure_random_top10,3,2,0,0,2000,2000,0
23,A_pure_random_top10,2,0,0,0,2000,0,-2000
24,A_pure_random_top10,3,1,0,0,2000,800,-1200
25,A_pure_random_top10,2,0,0,0,2000,0,-2000
26,A_pure_random_top10,2,0,0,0,2000,0,-2000
27,A_pure_random_top10,2,0,0,0,2000,0,-2000
28,A_pure_random_top10,2,0,0,0,2000,0,-2000
29,A_pure_random_top10,2,0,0,0,2000,0,-2000
30,A_pure_random_top10,2,0,0,0,2000,0,-2000
31,A_pure_random_top10,2,0,0,0,2000,0,-2000
32,A_pure_random_top10,2,0,0,0,2000,0,-2000
33,A_pure_random_top10,2,0,0,0,2000,0,-2000
34,A_pure_random_top10,3,1,0,0,2000,1000,-1000
35,A_pure_random_top10,2,0,0,0,2000,0,-2000
36,A_pure_random_top10,3,1,0,0,2000,1000,-1000
37,A_pure_random_top10,2,0,0,0,2000,0,-2000
38,A_pure_random_top10,2,0,0,0,2000,0,-2000
39,A_pure_random_top10,2,0,0,0,2000,0,-2000
40,A_pure_random_top10,2,0,0,0,2000,0,-2000
41,A_pure_random_top10,2,0,0,0,2000,0,-2000
42,A_pure_random_top10,2,0,0,0,2000,0,-2000
43,A_pure_random_top10,2,0,0,0,2000,0,-2000
44,A_pure_random_top10,2,0,0,0,2000,0,-2000
45,A_pure_random_top10,2,0,0,0,2000,0,-2000
46,A_pure_random_top10,2,0,0,0,2000,0,-2000
47,A_pure_random_top10,1,0,0,0,2000,0,-2000
48,A_pure_random_top10,2,0,0,0,2000,0,-2000
49,A_pure_random_top10,3,1,0,0,2000,1300,-700
50,A_pure_random_top10,3,1,0,0,2000,1100,-900
51,A_pure_random_top10,3,1,0,0,2000,1100,-900
52,A_pure_random_top10,2,0,0,0,2000,0,-2000
53,A_pure_random_top10,2,0,0,0,2000,0,-2000
54,A_pure_random_top10,2,0,0,0,2000,0,-2000
55,A_pure_random_top10,2,0,0,0,2000,0,-2000
56,A_pure_random_top10,2,0,0,0,2000,0,-2000
57,A_pure_random_top10,3,1,0,0,2000,1200,-800
58,A_pure_random_top10,3,1,0,0,2000,800,-1200
59,A_pure_random_top10,1,0,0,0,2000,0,-2000
60,A_pure_random_top10,2,0,0,0,2000,0,-2000
61,A_pure_random_top10,2,0,0,0,2000,0,-2000
62,A_pure_random_top10,2,0,0,0,2000,0,-2000
63,A_pure_random_top10,2,0,0,0,2000,0,-2000
64,A_pure_random_top10,3,1,0,0,2000,800,-1200
65,A_pure_random_top10,1,0,0,0,2000,0,-2000
66,A_pure_random_top10,3,1,0,0,2000,1000,-1000
67,A_pure_random_top10,2,0,0,0,2000,0,-2000
68,A_pure_random_top10,2,0,0,0,2000,0,-2000
69,A_pure_random_top10,2,0,0,0,2000,0,-2000
70,A_pure_random_top10,2,0,0,0,2000,0,-2000
71,A_pure_random_top10,3,1,0,0,2000,1100,-900
72,A_pure_random_top10,2,0,0,0,2000,0,-2000
73,A_pure_random_top10,2,0,0,0,2000,0,-2000
74,A_pure_random_top10,1,0,0,0,2000,0,-2000
75,A_pure_random_top10,3,1,0,0,2000,1000,-1000
76,A_pure_random_top10,2,0,0,0,2000,0,-2000
77,A_pure_random_top10,3,1,0,0,2000,800,-1200
78,A_pure_random_top10,2,0,0,0,2000,0,-2000
79,A_pure_random_top10,2,0,0,0,2000,0,-2000
80,A_pure_random_top10,2,0,0,0,2000,0,-2000
81,A_pure_random_top10,1,0,0,0,2000,0,-2000
82,A_pure_random_top10,3,2,0,0,2000,2200,200
83,A_pure_random_top10,2,0,0,0,2000,0,-2000
84,A_pure_random_top10,2,0,0,0,2000,0,-2000
85,A_pure_random_top10,1,0,0,0,2000,0,-2000
86,A_pure_random_top10,1,0,0,0,2000,0,-2000
87,A_pure_random_top10,3,1,0,0,2000,800,-1200
88,A_pure_random_top10,2,0,0,0,2000,0,-2000
89,A_pure_random_top10,1,0,0,0,2000,0,-2000
90,A_pure_random_top10,2,0,0,0,2000,0,-2000
91,A_pure_random_top10,2,0,0,0,2000,0,-2000
92,A_pure_random_top10,2,0,0,0,2000,0,-2000
93,A_pure_random_top10,1,0,0,0,2000,0,-2000
94,A_pure_random_top10,3,1,0,0,2000,1400,-600
95,A_pure_random_top10,2,0,0,0,2000,0,-2000
96,A_pure_random_top10,2,0,0,0,2000,0,-2000
97,A_pure_random_top10,2,0,0,0,2000,0,-2000
98,A_pure_random_top10,2,0,0,0,2000,0,-2000
99,A_pure_random_top10,2,0,0,0,2000,0,-2000
100,A_pure_random_top10,3,1,0,0,2000,1200,-800
101,A_pure_random_top10,2,0,0,0,2000,0,-2000
102,A_pure_random_top10,3,2,0,0,2000,1800,-200
103,A_pure_random_top10,1,0,0,0,2000,0,-2000
104,A_pure_random_top10,2,0,0,0,2000,0,-2000
105,A_pure_random_top10,2,0,0,0,2000,0,-2000
106,A_pure_random_top10,2,0,0,0,2000,0,-2000
107,A_pure_random_top10,2,0,0,0,2000,0,-2000
108,A_pure_random_top10,2,0,0,0,2000,0,-2000
109,A_pure_random_top10,2,0,0,0,2000,0,-2000
110,A_pure_random_top10,2,0,0,0,2000,0,-2000
111,A_pure_random_top10,3,1,0,0,2000,1100,-900
112,A_pure_random_top10,2,0,0,0,2000,0,-2000
113,A_pure_random_top10,2,0,0,0,2000,0,-2000
114,A_pure_random_top10,2,0,0,0,2000,0,-2000
115,A_pure_random_top10,2,0,0,0,2000,0,-2000
116,A_pure_random_top10,2,0,0,0,2000,0,-2000
117,A_pure_random_top10,3,1,0,0,2000,700,-1300
118,A_pure_random_top10,2,0,0,0,2000,0,-2000
119,A_pure_random_top10,2,0,0,0,2000,0,-2000
120,A_pure_random_top10,2,0,0,0,2000,0,-2000
121,A_pure_random_top10,1,0,0,0,2000,0,-2000
122,A_pure_random_top10,3,1,0,0,2000,1200,-800
123,A_pure_random_top10,2,0,0,0,2000,0,-2000
124,A_pure_random_top10,3,1,0,0,2000,800,-1200
125,A_pure_random_top10,3,1,0,0,2000,1100,-900
126,A_pure_random_top10,2,0,0,0,2000,0,-2000
127,A_pure_random_top10,2,0,0,0,2000,0,-2000
128,A_pure_random_top10,2,0,0,0,2000,0,-2000
129,A_pure_random_top10,2,0,0,0,2000,0,-2000
130,A_pure_random_top10,2,0,0,0,2000,0,-2000
131,A_pure_random_top10,2,0,0,0,2000,0,-2000
132,A_pure_random_top10,3,1,0,0,2000,900,-1100
133,A_pure_random_top10,2,0,0,0,2000,0,-2000
134,A_pure_random_top10,2,0,0,0,2000,0,-2000
135,A_pure_random_top10,2,0,0,0,2000,0,-2000
136,A_pure_random_top10,2,0,0,0,2000,0,-2000
137,A_pure_random_top10,1,0,0,0,2000,0,-2000
138,A_pure_random_top10,2,0,0,0,2000,0,-2000
139,A_pure_random_top10,2,0,0,0,2000,0,-2000
140,A_pure_random_top10,4,1,1,0,2000,13100,11100
141,A_pure_random_top10,2,0,0,0,2000,0,-2000
142,A_pure_random_top10,2,0,0,0,2000,0,-2000
143,A_pure_random_top10,2,0,0,0,2000,0,-2000
144,A_pure_random_top10,2,0,0,0,2000,0,-2000
145,A_pure_random_top10,2,0,0,0,2000,0,-2000
146,A_pure_random_top10,2,0,0,0,2000,0,-2000
147,A_pure_random_top10,2,0,0,0,2000,0,-2000
148,A_pure_random_top10,2,0,0,0,2000,0,-2000
149,A_pure_random_top10,2,0,0,0,2000,0,-2000
150,A_pure_random_top10,2,0,0,0,2000,0,-2000
151,A_pure_random_top10,2,0,0,0,2000,0,-2000
152,A_pure_random_top10,3,1,0,0,2000,900,-1100
153,A_pure_random_top10,3,1,0,0,2000,900,-1100
154,A_pure_random_top10,3,1,0,0,2000,1100,-900
155,A_pure_random_top10,1,0,0,0,2000,0,-2000
156,A_pure_random_top10,2,0,0,0,2000,0,-2000
157,A_pure_random_top10,2,0,0,0,2000,0,-2000
158,A_pure_random_top10,2,0,0,0,2000,0,-2000
159,A_pure_random_top10,2,0,0,0,2000,0,-2000
160,A_pure_random_top10,1,0,0,0,2000,0,-2000
161,A_pure_random_top10,2,0,0,0,2000,0,-2000
162,A_pure_random_top10,2,0,0,0,2000,0,-2000
163,A_pure_random_top10,3,2,0,0,2000,1800,-200
164,A_pure_random_top10,2,0,0,0,2000,0,-2000
165,A_pure_random_top10,2,0,0,0,2000,0,-2000
166,A_pure_random_top10,2,0,0,0,2000,0,-2000
167,A_pure_random_top10,2,0,0,0,2000,0,-2000
168,A_pure_random_top10,2,0,0,0,2000,0,-2000
169,A_pure_random_top10,2,0,0,0,2000,0,-2000
170,A_pure_random_top10,2,0,0,0,2000,0,-2000
171,A_pure_random_top10,2,0,0,0,2000,0,-2000
172,A_pure_random_top10,2,0,0,0,2000,0,-2000
173,A_pure_random_top10,3,1,0,0,2000,1000,-1000
174,A_pure_random_top10,1,0,0,0,2000,0,-2000
175,A_pure_random_top10,2,0,0,0,2000,0,-2000
176,A_pure_random_top10,2,0,0,0,2000,0,-2000
177,A_pure_random_top10,3,1,0,0,2000,1000,-1000
178,A_pure_random_top10,3,1,0,0,2000,1100,-900
179,A_pure_random_top10,2,0,0,0,2000,0,-2000
180,A_pure_random_top10,2,0,0,0,2000,0,-2000
181,A_pure_random_top10,2,0,0,0,2000,0,-2000
182,A_pure_random_top10,2,0,0,0,2000,0,-2000
183,A_pure_random_top10,3,1,0,0,2000,800,-1200
184,A_pure_random_top10,3,1,0,0,2000,1000,-1000
185,A_pure_random_top10,2,0,0,0,2000,0,-2000
186,A_pure_random_top10,2,0,0,0,2000,0,-2000
187,A_pure_random_top10,2,0,0,0,2000,0,-2000
188,A_pure_random_top10,2,0,0,0,2000,0,-2000
189,A_pure_random_top10,2,0,0,0,2000,0,-2000
190,A_pure_random_top10,2,0,0,0,2000,0,-2000
191,A_pure_random_top10,2,0,0,0,2000,0,-2000
192,A_pure_random_top10,2,0,0,0,2000,0,-2000
193,A_pure_random_top10,2,0,0,0,2000,0,-2000
194,A_pure_random_top10,1,0,0,0,2000,0,-2000
195,A_pure_random_top10,1,0,0,0,2000,0,-2000
196,A_pure_random_top10,2,0,0,0,2000,0,-2000
197,A_pure_random_top10,3,1,0,0,2000,1200,-800
198,A_pure_random_top10,3,1,0,0,2000,1000,-1000
199,A_pure_random_top10,2,0,0,0,2000,0,-2000
200,A_pure_random_top10,2,0,0,0,2000,0,-2000
201,A_pure_random_top10,1,0,0,0,2000,0,-2000
202,A_pure_random_top10,2,0,0,0,2000,0,-2000
203,A_pure_random_top10,1,0,0,0,2000,0,-2000
204,A_pure_random_top10,2,0,0,0,2000,0,-2000
205,A_pure_random_top10,2,0,0,0,2000,0,-2000
206,A_pure_random_top10,2,0,0,0,2000,0,-2000
207,A_pure_random_top10,3,1,0,0,2000,900,-1100
208,A_pure_random_top10,1,0,0,0,2000,0,-2000
209,A_pure_random_top10,3,1,0,0,2000,900,-1100
210,A_pure_random_top10,3,1,0,0,2000,1000,-1000
211,A_pure_random_top10,2,0,0,0,2000,0,-2000
212,A_pure_random_top10,2,0,0,0,2000,0,-2000
213,A_pure_random_top10,2,0,0,0,2000,0,-2000
214,A_pure_random_top10,3,1,0,0,2000,700,-1300
215,A_pure_random_top10,3,1,0,0,2000,1000,-1000
216,A_pure_random_top10,2,0,0,0,2000,0,-2000
217,A_pure_random_top10,1,0,0,0,2000,0,-2000
218,A_pure_random_top10,2,0,0,0,2000,0,-2000
219,A_pure_random_top10,2,0,0,0,2000,0,-2000
220,A_pure_random_top10,2,0,0,0,2000,0,-2000
221,A_pure_random_top10,2,0,0,0,2000,0,-2000
222,A_pure_random_top10,2,0,0,0,2000,0,-2000
223,A_pure_random_top10,1,0,0,0,2000,0,-2000
224,A_pure_random_top10,2,0,0,0,2000,0,-2000
225,A_pure_random_top10,1,0,0,0,2000,0,-2000
226,A_pure_random_top10,2,0,0,0,2000,0,-2000
227,A_pure_random_top10,2,0,0,0,2000,0,-2000
228,A_pure_random_top10,3,1,0,0,2000,1000,-1000
229,A_pure_random_top10,1,0,0,0,2000,0,-2000
230,A_pure_random_top10,2,0,0,0,2000,0,-2000
231,A_pure_random_top10,2,0,0,0,2000,0,-2000
232,A_pure_random_top10,2,0,0,0,2000,0,-2000
233,A_pure_random_top10,2,0,0,0,2000,0,-2000
234,A_pure_random_top10,3,1,0,0,2000,900,-1100
235,A_pure_random_top10,2,0,0,0,2000,0,-2000
236,A_pure_random_top10,2,0,0,0,2000,0,-2000
237,A_pure_random_top10,2,0,0,0,2000,0,-2000
238,A_pure_random_top10,3,1,0,0,2000,1000,-1000
239,A_pure_random_top10,1,0,0,0,2000,0,-2000
240,A_pure_random_top10,1,0,0,0,2000,0,-2000
241,A_pure_random_top10,2,0,0,0,2000,0,-2000
242,A_pure_random_top10,2,0,0,0,2000,0,-2000
243,A_pure_random_top10,1,0,0,0,2000,0,-2000
244,A_pure_random_top10,2,0,0,0,2000,0,-2000
245,A_pure_random_top10,2,0,0,0,2000,0,-2000
246,A_pure_random_top10,1,0,0,0,2000,0,-2000
247,A_pure_random_top10,3,1,0,0,2000,1000,-1000
248,A_pure_random_top10,3,2,0,0,2000,1400,-600
249,A_pure_random_top10,3,1,0,0,2000,1000,-1000
250,A_pure_random_top10,2,0,0,0,2000,0,-2000
251,A_pure_random_top10,2,0,0,0,2000,0,-2000
252,A_pure_random_top10,1,0,0,0,2000,0,-2000
253,A_pure_random_top10,2,0,0,0,2000,0,-2000
254,A_pure_random_top10,2,0,0,0,2000,0,-2000
255,A_pure_random_top10,2,0,0,0,2000,0,-2000
256,A_pure_random_top10,3,1,0,0,2000,900,-1100
257,A_pure_random_top10,2,0,0,0,2000,0,-2000
258,A_pure_random_top10,1,0,0,0,2000,0,-2000
259,A_pure_random_top10,2,0,0,0,2000,0,-2000
260,A_pure_random_top10,2,0,0,0,2000,0,-2000
261,A_pure_random_top10,2,0,0,0,2000,0,-2000
262,A_pure_random_top10,2,0,0,0,2000,0,-2000
263,A_pure_random_top10,2,0,0,0,2000,0,-2000
264,A_pure_random_top10,2,0,0,0,2000,0,-2000
265,A_pure_random_top10,1,0,0,0,2000,0,-2000
266,A_pure_random_top10,2,0,0,0,2000,0,-2000
267,A_pure_random_top10,2,0,0,0,2000,0,-2000
268,A_pure_random_top10,2,0,0,0,2000,0,-2000
269,A_pure_random_top10,2,0,0,0,2000,0,-2000
270,A_pure_random_top10,1,0,0,0,2000,0,-2000
271,A_pure_random_top10,2,0,0,0,2000,0,-2000
272,A_pure_random_top10,2,0,0,0,2000,0,-2000
273,A_pure_random_top10,1,0,0,0,2000,0,-2000
274,A_pure_random_top10,3,1,0,0,2000,1000,-1000
275,A_pure_random_top10,2,0,0,0,2000,0,-2000
276,A_pure_random_top10,2,0,0,0,2000,0,-2000
277,A_pure_random_top10,2,0,0,0,2000,0,-2000
278,A_pure_random_top10,2,0,0,0,2000,0,-2000
279,A_pure_random_top10,2,0,0,0,2000,0,-2000
280,A_pure_random_top10,2,0,0,0,2000,0,-2000
281,A_pure_random_top10,3,1,0,0,2000,800,-1200
282,A_pure_random_top10,1,0,0,0,2000,0,-2000
283,A_pure_random_top10,2,0,0,0,2000,0,-2000
284,A_pure_random_top10,1,0,0,0,2000,0,-2000
285,A_pure_random_top10,2,0,0,0,2000,0,-2000
286,A_pure_random_top10,2,0,0,0,2000,0,-2000
287,A_pure_random_top10,1,0,0,0,2000,0,-2000
288,A_pure_random_top10,2,0,0,0,2000,0,-2000
289,A_pure_random_top10,2,0,0,0,2000,0,-2000
290,A_pure_random_top10,2,0,0,0,2000,0,-2000
291,A_pure_random_top10,2,0,0,0,2000,0,-2000
292,A_pure_random_top10,2,0,0,0,2000,0,-2000
293,A_pure_random_top10,2,0,0,0,2000,0,-2000
294,A_pure_random_top10,2,0,0,0,2000,0,-2000
295,A_pure_random_top10,1,0,0,0,2000,0,-2000
296,A_pure_random_top10,2,0,0,0,2000,0,-2000
297,A_pure_random_top10,2,0,0,0,2000,0,-2000
298,A_pure_random_top10,2,0,0,0,2000,0,-2000
299,A_pure_random_top10,2,0,0,0,2000,0,-2000
300,A_pure_random_top10,2,0,0,0,2000,0,-2000
301,A_pure_random_top10,3,1,0,0,2000,800,-1200
302,A_pure_random_top10,3,1,0,0,2000,1200,-800
303,A_pure_random_top10,2,0,0,0,2000,0,-2000
304,A_pure_random_top10,2,0,0,0,2000,0,-2000
305,A_pure_random_top10,2,0,0,0,2000,0,-2000
306,A_pure_random_top10,2,0,0,0,2000,0,-2000
307,A_pure_random_top10,2,0,0,0,2000,0,-2000
308,A_pure_random_top10,2,0,0,0,2000,0,-2000
309,A_pure_random_top10,2,0,0,0,2000,0,-2000
310,A_pure_random_top10,1,0,0,0,2000,0,-2000
311,A_pure_random_top10,2,0,0,0,2000,0,-2000
312,A_pure_random_top10,3,1,0,0,2000,900,-1100
313,A_pure_random_top10,2,0,0,0,2000,0,-2000
314,A_pure_random_top10,2,0,0,0,2000,0,-2000
315,A_pure_random_top10,2,0,0,0,2000,0,-2000
316,A_pure_random_top10,2,0,0,0,2000,0,-2000
317,A_pure_random_top10,2,0,0,0,2000,0,-2000
318,A_pure_random_top10,2,0,0,0,2000,0,-2000
319,A_pure_random_top10,2,0,0,0,2000,0,-2000
320,A_pure_random_top10,2,0,0,0,2000,0,-2000
321,A_pure_random_top10,2,0,0,0,2000,0,-2000
322,A_pure_random_top10,2,0,0,0,2000,0,-2000
323,A_pure_random_top10,2,0,0,0,2000,0,-2000
324,A_pure_random_top10,3,1,0,0,2000,1000,-1000
325,A_pure_random_top10,1,0,0,0,2000,0,-2000
326,A_pure_random_top10,2,0,0,0,2000,0,-2000
327,A_pure_random_top10,2,0,0,0,2000,0,-2000
328,A_pure_random_top10,2,0,0,0,2000,0,-2000
329,A_pure_random_top10,3,1,0,0,2000,900,-1100
330,A_pure_random_top10,2,0,0,0,2000,0,-2000
331,A_pure_random_top10,2,0,0,0,2000,0,-2000
332,A_pure_random_top10,2,0,0,0,2000,0,-2000
333,A_pure_random_top10,1,0,0,0,2000,0,-2000
334,A_pure_random_top10,2,0,0,0,2000,0,-2000
335,A_pure_random_top10,2,0,0,0,2000,0,-2000
336,A_pure_random_top10,2,0,0,0,2000,0,-2000
337,A_pure_random_top10,2,0,0,0,2000,0,-2000
338,A_pure_random_top10,2,0,0,0,2000,0,-2000
339,A_pure_random_top10,3,2,0,0,2000,1600,-400
340,A_pure_random_top10,2,0,0,0,2000,0,-2000
341,A_pure_random_top10,2,0,0,0,2000,0,-2000
342,A_pure_random_top10,3,1,0,0,2000,1000,-1000
343,A_pure_random_top10,1,0,0,0,2000,0,-2000
344,A_pure_random_top10,2,0,0,0,2000,0,-2000
345,A_pure_random_top10,2,0,0,0,2000,0,-2000
346,A_pure_random_top10,2,0,0,0,2000,0,-2000
347,A_pure_random_top10,2,0,0,0,2000,0,-2000
348,A_pure_random_top10,3,1,0,0,2000,900,-1100
349,A_pure_random_top10,2,0,0,0,2000,0,-2000
350,A_pure_random_top10,2,0,0,0,2000,0,-2000
351,A_pure_random_top10,2,0,0,0,2000,0,-2000
352,A_pure_random_top10,2,0,0,0,2000,0,-2000
353,A_pure_random_top10,3,1,0,0,2000,800,-1200
354,A_pure_random_top10,4,1,1,0,2000,10000,8000
355,A_pure_random_top10,2,0,0,0,2000,0,-2000
356,A_pure_random_top10,3,1,0,0,2000,800,-1200
357,A_pure_random_top10,2,0,0,0,2000,0,-2000
358,A_pure_random_top10,2,0,0,0,2000,0,-2000
359,A_pure_random_top10,2,0,0,0,2000,0,-2000
360,A_pure_random_top10,2,0,0,0,2000,0,-2000
361,A_pure_random_top10,2,0,0,0,2000,0,-2000
362,A_pure_random_top10,2,0,0,0,2000,0,-2000
363,A_pure_random_top10,2,0,0,0,2000,0,-2000
364,A_pure_random_top10,2,0,0,0,2000,0,-2000
365,A_pure_random_top10,2,0,0,0,2000,0,-2000
366,A_pure_random_top10,2,0,0,0,2000,0,-2000
367,A_pure_random_top10,3,1,0,0,2000,900,-1100
368,A_pure_random_top10,1,0,0,0,2000,0,-2000
369,A_pure_random_top10,1,0,0,0,2000,0,-2000
370,A_pure_random_top10,2,0,0,0,2000,0,-2000
371,A_pure_random_top10,2,0,0,0,2000,0,-2000
372,A_pure_random_top10,2,0,0,0,2000,0,-2000
373,A_pure_random_top10,2,0,0,0,2000,0,-2000
374,A_pure_random_top10,1,0,0,0,2000,0,-2000
375,A_pure_random_top10,2,0,0,0,2000,0,-2000
376,A_pure_random_top10,2,0,0,0,2000,0,-2000
377,A_pure_random_top10,2,0,0,0,2000,0,-2000
378,A_pure_random_top10,2,0,0,0,2000,0,-2000
379,A_pure_random_top10,2,0,0,0,2000,0,-2000
380,A_pure_random_top10,2,0,0,0,2000,0,-2000
381,A_pure_random_top10,2,0,0,0,2000,0,-2000
382,A_pure_random_top10,2,0,0,0,2000,0,-2000
383,A_pure_random_top10,2,0,0,0,2000,0,-2000
384,A_pure_random_top10,3,1,0,0,2000,900,-1100
385,A_pure_random_top10,2,0,0,0,2000,0,-2000
386,A_pure_random_top10,2,0,0,0,2000,0,-2000
387,A_pure_random_top10,2,0,0,0,2000,0,-2000
388,A_pure_random_top10,1,0,0,0,2000,0,-2000
389,A_pure_random_top10,2,0,0,0,2000,0,-2000
390,A_pure_random_top10,3,1,0,0,2000,800,-1200
391,A_pure_random_top10,2,0,0,0,2000,0,-2000
392,A_pure_random_top10,2,0,0,0,2000,0,-2000
393,A_pure_random_top10,1,0,0,0,2000,0,-2000
394,A_pure_random_top10,2,0,0,0,2000,0,-2000
395,A_pure_random_top10,2,0,0,0,2000,0,-2000
396,A_pure_random_top10,2,0,0,0,2000,0,-2000
397,A_pure_random_top10,2,0,0,0,2000,0,-2000
398,A_pure_random_top10,2,0,0,0,2000,0,-2000
399,A_pure_random_top10,3,1,0,0,2000,800,-1200
400,A_pure_random_top10,1,0,0,0,2000,0,-2000
401,A_pure_random_top10,2,0,0,0,2000,0,-2000
402,A_pure_random_top10,2,0,0,0,2000,0,-2000
403,A_pure_random_top10,2,0,0,0,2000,0,-2000
404,A_pure_random_top10,2,0,0,0,2000,0,-2000
405,A_pure_random_top10,3,1,0,0,2000,800,-1200
406,A_pure_random_top10,2,0,0,0,2000,0,-2000
407,A_pure_random_top10,2,0,0,0,2000,0,-2000
408,A_pure_random_top10,2,0,0,0,2000,0,-2000
409,A_pure_random_top10,2,0,0,0,2000,0,-2000
410,A_pure_random_top10,2,0,0,0,2000,0,-2000
411,A_pure_random_top10,2,0,0,0,2000,0,-2000
412,A_pure_random_top10,1,0,0,0,2000,0,-2000
413,A_pure_random_top10,1,0,0,0,2000,0,-2000
414,A_pure_random_top10,3,1,0,0,2000,900,-1100
415,A_pure_random_top10,3,1,0,0,2000,800,-1200
416,A_pure_random_top10,3,1,0,0,2000,900,-1100
417,A_pure_random_top10,2,0,0,0,2000,0,-2000
418,A_pure_random_top10,2,0,0,0,2000,0,-2000
419,A_pure_random_top10,2,0,0,0,2000,0,-2000
420,A_pure_random_top10,2,0,0,0,2000,0,-2000
421,A_pure_random_top10,2,0,0,0,2000,0,-2000
422,A_pure_random_top10,3,1,0,0,2000,900,-1100
423,A_pure_random_top10,2,0,0,0,2000,0,-2000
424,A_pure_random_top10,2,0,0,0,2000,0,-2000
425,A_pure_random_top10,2,0,0,0,2000,0,-2000
426,A_pure_random_top10,3,1,0,0,2000,1000,-1000
427,A_pure_random_top10,2,0,0,0,2000,0,-2000
428,A_pure_random_top10,2,0,0,0,2000,0,-2000
429,A_pure_random_top10,2,0,0,0,2000,0,-2000
430,A_pure_random_top10,1,0,0,0,2000,0,-2000
431,A_pure_random_top10,3,1,0,0,2000,1000,-1000
432,A_pure_random_top10,3,1,0,0,2000,900,-1100
433,A_pure_random_top10,3,1,0,0,2000,1100,-900
434,A_pure_random_top10,2,0,0,0,2000,0,-2000
435,A_pure_random_top10,2,0,0,0,2000,0,-2000
436,A_pure_random_top10,3,1,0,0,2000,900,-1100
437,A_pure_random_top10,2,0,0,0,2000,0,-2000
438,A_pure_random_top10,3,1,0,0,2000,1200,-800
439,A_pure_random_top10,2,0,0,0,2000,0,-2000
440,A_pure_random_top10,2,0,0,0,2000,0,-2000
441,A_pure_random_top10,1,0,0,0,2000,0,-2000
442,A_pure_random_top10,2,0,0,0,2000,0,-2000
443,A_pure_random_top10,2,0,0,0,2000,0,-2000
444,A_pure_random_top10,2,0,0,0,2000,0,-2000
445,A_pure_random_top10,3,1,0,0,2000,1100,-900
446,A_pure_random_top10,2,0,0,0,2000,0,-2000
447,A_pure_random_top10,2,0,0,0,2000,0,-2000
448,A_pure_random_top10,2,0,0,0,2000,0,-2000
449,A_pure_random_top10,3,1,0,0,2000,900,-1100
450,A_pure_random_top10,3,1,0,0,2000,800,-1200
451,A_pure_random_top10,2,0,0,0,2000,0,-2000
452,A_pure_random_top10,2,0,0,0,2000,0,-2000
453,A_pure_random_top10,2,0,0,0,2000,0,-2000
454,A_pure_random_top10,2,0,0,0,2000,0,-2000
455,A_pure_random_top10,3,1,0,0,2000,1200,-800
456,A_pure_random_top10,2,0,0,0,2000,0,-2000
457,A_pure_random_top10,2,0,0,0,2000,0,-2000
458,A_pure_random_top10,2,0,0,0,2000,0,-2000
459,A_pure_random_top10,2,0,0,0,2000,0,-2000
460,A_pure_random_top10,3,1,0,0,2000,800,-1200
461,A_pure_random_top10,2,0,0,0,2000,0,-2000
462,A_pure_random_top10,1,0,0,0,2000,0,-2000
463,A_pure_random_top10,2,0,0,0,2000,0,-2000
464,A_pure_random_top10,1,0,0,0,2000,0,-2000
465,A_pure_random_top10,1,0,0,0,2000,0,-2000
466,A_pure_random_top10,2,0,0,0,2000,0,-2000
467,A_pure_random_top10,1,0,0,0,2000,0,-2000
468,A_pure_random_top10,2,0,0,0,2000,0,-2000
469,A_pure_random_top10,2,0,0,0,2000,0,-2000
470,A_pure_random_top10,2,0,0,0,2000,0,-2000
471,A_pure_random_top10,2,0,0,0,2000,0,-2000
472,A_pure_random_top10,3,1,0,0,2000,1100,-900
473,A_pure_random_top10,2,0,0,0,2000,0,-2000
474,A_pure_random_top10,2,0,0,0,2000,0,-2000
475,A_pure_random_top10,3,1,0,0,2000,900,-1100
476,A_pure_random_top10,2,0,0,0,2000,0,-2000
477,A_pure_random_top10,2,0,0,0,2000,0,-2000
478,A_pure_random_top10,1,0,0,0,2000,0,-2000
479,A_pure_random_top10,2,0,0,0,2000,0,-2000
480,A_pure_random_top10,2,0,0,0,2000,0,-2000
481,A_pure_random_top10,2,0,0,0,2000,0,-2000
482,A_pure_random_top10,2,0,0,0,2000,0,-2000
483,A_pure_random_top10,2,0,0,0,2000,0,-2000
484,A_pure_random_top10,2,0,0,0,2000,0,-2000
485,A_pure_random_top10,2,0,0,0,2000,0,-2000
486,A_pure_random_top10,1,0,0,0,2000,0,-2000
487,A_pure_random_top10,3,1,0,0,2000,1100,-900
488,A_pure_random_top10,2,0,0,0,2000,0,-2000
489,A_pure_random_top10,2,0,0,0,2000,0,-2000
490,A_pure_random_top10,2,0,0,0,2000,0,-2000
491,A_pure_random_top10,2,0,0,0,2000,0,-2000
492,A_pure_random_top10,2,0,0,0,2000,0,-2000
493,A_pure_random_top10,1,0,0,0,2000,0,-2000
494,A_pure_random_top10,2,0,0,0,2000,0,-2000
495,A_pure_random_top10,2,0,0,0,2000,0,-2000
496,A_pure_random_top10,2,0,0,0,2000,0,-2000
497,A_pure_random_top10,3,1,0,0,2000,1100,-900
498,A_pure_random_top10,2,0,0,0,2000,0,-2000
499,A_pure_random_top10,2,0,0,0,2000,0,-2000
500,A_pure_random_top10,2,0,0,0,2000,0,-2000
501,A_pure_random_top10,2,0,0,0,2000,0,-2000
502,A_pure_random_top10,2,0,0,0,2000,0,-2000
503,A_pure_random_top10,1,0,0,0,2000,0,-2000
504,A_pure_random_top10,2,0,0,0,2000,0,-2000
505,A_pure_random_top10,2,0,0,0,2000,0,-2000
506,A_pure_random_top10,3,1,0,0,2000,900,-1100
507,A_pure_random_top10,2,0,0,0,2000,0,-2000
508,A_pure_random_top10,2,0,0,0,2000,0,-2000
509,A_pure_random_top10,2,0,0,0,2000,0,-2000
510,A_pure_random_top10,1,0,0,0,2000,0,-2000
511,A_pure_random_top10,2,0,0,0,2000,0,-2000
512,A_pure_random_top10,3,1,0,0,2000,900,-1100
513,A_pure_random_top10,2,0,0,0,2000,0,-2000
514,A_pure_random_top10,2,0,0,0,2000,0,-2000
515,A_pure_random_top10,2,0,0,0,2000,0,-2000
516,A_pure_random_top10,2,0,0,0,2000,0,-2000
517,A_pure_random_top10,2,0,0,0,2000,0,-2000
518,A_pure_random_top10,2,0,0,0,2000,0,-2000
519,A_pure_random_top10,1,0,0,0,2000,0,-2000
520,A_pure_random_top10,3,1,0,0,2000,900,-1100
521,A_pure_random_top10,2,0,0,0,2000,0,-2000
522,A_pure_random_top10,2,0,0,0,2000,0,-2000
523,A_pure_random_top10,3,1,0,0,2000,900,-1100
524,A_pure_random_top10,4,1,1,0,2000,10500,8500
525,A_pure_random_top10,2,0,0,0,2000,0,-2000
526,A_pure_random_top10,3,1,0,0,2000,1100,-900
527,A_pure_random_top10,2,0,0,0,2000,0,-2000
528,A_pure_random_top10,3,1,0,0,2000,1000,-1000
529,A_pure_random_top10,2,0,0,0,2000,0,-2000
530,A_pure_random_top10,1,0,0,0,2000,0,-2000
531,A_pure_random_top10,1,0,0,0,2000,0,-2000
532,A_pure_random_top10,3,1,0,0,2000,900,-1100
533,A_pure_random_top10,2,0,0,0,2000,0,-2000
534,A_pure_random_top10,2,0,0,0,2000,0,-2000
535,A_pure_random_top10,1,0,0,0,2000,0,-2000
536,A_pure_random_top10,3,1,0,0,2000,1100,-900
537,A_pure_random_top10,2,0,0,0,2000,0,-2000
538,A_pure_random_top10,2,0,0,0,2000,0,-2000
539,A_pure_random_top10,2,0,0,0,2000,0,-2000
540,A_pure_random_top10,2,0,0,0,2000,0,-2000
541,A_pure_random_top10,2,0,0,0,2000,0,-2000
542,A_pure_random_top10,2,0,0,0,2000,0,-2000
543,A_pure_random_top10,2,0,0,0,2000,0,-2000
544,A_pure_random_top10,2,0,0,0,2000,0,-2000
545,A_pure_random_top10,3,1,0,0,2000,1100,-900
546,A_pure_random_top10,2,0,0,0,2000,0,-2000
547,A_pure_random_top10,3,1,0,0,2000,1100,-900
548,A_pure_random_top10,2,0,0,0,2000,0,-2000
549,A_pure_random_top10,1,0,0,0,2000,0,-2000
550,A_pure_random_top10,2,0,0,0,2000,0,-2000
551,A_pure_random_top10,2,0,0,0,2000,0,-2000
552,A_pure_random_top10,3,1,0,0,2000,800,-1200
553,A_pure_random_top10,2,0,0,0,2000,0,-2000
554,A_pure_random_top10,3,1,0,0,2000,1000,-1000
555,A_pure_random_top10,2,0,0,0,2000,0,-2000
556,A_pure_random_top10,2,0,0,0,2000,0,-2000
557,A_pure_random_top10,1,0,0,0,2000,0,-2000
558,A_pure_random_top10,2,0,0,0,2000,0,-2000
559,A_pure_random_top10,1,0,0,0,2000,0,-2000
560,A_pure_random_top10,3,1,0,0,2000,900,-1100
561,A_pure_random_top10,2,0,0,0,2000,0,-2000
562,A_pure_random_top10,2,0,0,0,2000,0,-2000
563,A_pure_random_top10,2,0,0,0,2000,0,-2000
564,A_pure_random_top10,2,0,0,0,2000,0,-2000
565,A_pure_random_top10,1,0,0,0,2000,0,-2000
566,A_pure_random_top10,3,2,0,0,2000,1600,-400
567,A_pure_random_top10,2,0,0,0,2000,0,-2000
568,A_pure_random_top10,2,0,0,0,2000,0,-2000
569,A_pure_random_top10,2,0,0,0,2000,0,-2000
570,A_pure_random_top10,2,0,0,0,2000,0,-2000
571,A_pure_random_top10,2,0,0,0,2000,0,-2000
572,A_pure_random_top10,2,0,0,0,2000,0,-2000
573,A_pure_random_top10,1,0,0,0,2000,0,-2000
574,A_pure_random_top10,2,0,0,0,2000,0,-2000
575,A_pure_random_top10,2,0,0,0,2000,0,-2000
576,A_pure_random_top10,2,0,0,0,2000,0,-2000
577,A_pure_random_top10,1,0,0,0,2000,0,-2000
578,A_pure_random_top10,2,0,0,0,2000,0,-2000
579,A_pure_random_top10,2,0,0,0,2000,0,-2000
580,A_pure_random_top10,2,0,0,0,2000,0,-2000
581,A_pure_random_top10,1,0,0,0,2000,0,-2000
582,A_pure_random_top10,2,0,0,0,2000,0,-2000
583,A_pure_random_top10,1,0,0,0,2000,0,-2000
584,A_pure_random_top10,2,0,0,0,2000,0,-2000
585,A_pure_random_top10,2,0,0,0,2000,0,-2000
586,A_pure_random_top10,1,0,0,0,2000,0,-2000
587,A_pure_random_top10,2,0,0,0,2000,0,-2000
588,A_pure_random_top10,2,0,0,0,2000,0,-2000
589,A_pure_random_top10,2,0,0,0,2000,0,-2000
590,A_pure_random_top10,2,0,0,0,2000,0,-2000
591,A_pure_random_top10,2,0,0,0,2000,0,-2000
592,A_pure_random_top10,2,0,0,0,2000,0,-2000
593,A_pure_random_top10,2,0,0,0,2000,0,-2000
594,A_pure_random_top10,3,1,0,0,2000,900,-1100
595,A_pure_random_top10,2,0,0,0,2000,0,-2000
596,A_pure_random_top10,3,1,0,0,2000,900,-1100
597,A_pure_random_top10,2,0,0,0,2000,0,-2000
598,A_pure_random_top10,2,0,0,0,2000,0,-2000
599,A_pure_random_top10,3,1,0,0,2000,800,-1200
600,A_pure_random_top10,1,0,0,0,2000,0,-2000
601,A_pure_random_top10,3,1,0,0,2000,1000,-1000
602,A_pure_random_top10,2,0,0,0,2000,0,-2000
603,A_pure_random_top10,2,0,0,0,2000,0,-2000
604,A_pure_random_top10,2,0,0,0,2000,0,-2000
605,A_pure_random_top10,4,1,1,0,2000,8900,6900
606,A_pure_random_top10,2,0,0,0,2000,0,-2000
607,A_pure_random_top10,2,0,0,0,2000,0,-2000
608,A_pure_random_top10,1,0,0,0,2000,0,-2000
609,A_pure_random_top10,2,0,0,0,2000,0,-2000
610,A_pure_random_top10,2,0,0,0,2000,0,-2000
611,A_pure_random_top10,2,0,0,0,2000,0,-2000
612,A_pure_random_top10,2,0,0,0,2000,0,-2000
613,A_pure_random_top10,1,0,0,0,2000,0,-2000
614,A_pure_random_top10,2,0,0,0,2000,0,-2000
615,A_pure_random_top10,2,0,0,0,2000,0,-2000
616,A_pure_random_top10,2,0,0,0,2000,0,-2000
617,A_pure_random_top10,2,0,0,0,2000,0,-2000
618,A_pure_random_top10,3,1,0,0,2000,1000,-1000
619,A_pure_random_top10,2,0,0,0,2000,0,-2000
620,A_pure_random_top10,2,0,0,0,2000,0,-2000
621,A_pure_random_top10,2,0,0,0,2000,0,-2000
622,A_pure_random_top10,2,0,0,0,2000,0,-2000
623,A_pure_random_top10,2,0,0,0,2000,0,-2000
624,A_pure_random_top10,1,0,0,0,2000,0,-2000
625,A_pure_random_top10,2,0,0,0,2000,0,-2000
626,A_pure_random_top10,2,0,0,0,2000,0,-2000
627,A_pure_random_top10,2,0,0,0,2000,0,-2000
628,A_pure_random_top10,2,0,0,0,2000,0,-2000
629,A_pure_random_top10,2,0,0,0,2000,0,-2000
630,A_pure_random_top10,2,0,0,0,2000,0,-2000
631,A_pure_random_top10,3,1,0,0,2000,1000,-1000
632,A_pure_random_top10,3,1,0,0,2000,900,-1100
633,A_pure_random_top10,2,0,0,0,2000,0,-2000
634,A_pure_random_top10,2,0,0,0,2000,0,-2000
635,A_pure_random_top10,3,1,0,0,2000,1000,-1000
636,A_pure_random_top10,2,0,0,0,2000,0,-2000
637,A_pure_random_top10,3,1,0,0,2000,1000,-1000
638,A_pure_random_top10,2,0,0,0,2000,0,-2000
639,A_pure_random_top10,2,0,0,0,2000,0,-2000
640,A_pure_random_top10,1,0,0,0,2000,0,-2000
641,A_pure_random_top10,2,0,0,0,2000,0,-2000
642,A_pure_random_top10,3,1,0,0,2000,1200,-800
643,A_pure_random_top10,3,1,0,0,2000,1000,-1000
644,A_pure_random_top10,2,0,0,0,2000,0,-2000
645,A_pure_random_top10,2,0,0,0,2000,0,-2000
646,A_pure_random_top10,2,0,0,0,2000,0,-2000
647,A_pure_random_top10,2,0,0,0,2000,0,-2000
648,A_pure_random_top10,2,0,0,0,2000,0,-2000
649,A_pure_random_top10,1,0,0,0,2000,0,-2000
650,A_pure_random_top10,2,0,0,0,2000,0,-2000
651,A_pure_random_top10,2,0,0,0,2000,0,-2000
652,A_pure_random_top10,2,0,0,0,2000,0,-2000
653,A_pure_random_top10,2,0,0,0,2000,0,-2000
654,A_pure_random_top10,2,0,0,0,2000,0,-2000
655,A_pure_random_top10,4,1,1,0,2000,9900,7900
656,A_pure_random_top10,2,0,0,0,2000,0,-2000
657,A_pure_random_top10,3,1,0,0,2000,900,-1100
658,A_pure_random_top10,3,1,0,0,2000,800,-1200
659,A_pure_random_top10,2,0,0,0,2000,0,-2000
660,A_pure_random_top10,2,0,0,0,2000,0,-2000
661,A_pure_random_top10,2,0,0,0,2000,0,-2000
662,A_pure_random_top10,2,0,0,0,2000,0,-2000
663,A_pure_random_top10,3,1,0,0,2000,1100,-900
664,A_pure_random_top10,2,0,0,0,2000,0,-2000
665,A_pure_random_top10,2,0,0,0,2000,0,-2000
666,A_pure_random_top10,3,1,0,0,2000,900,-1100
667,A_pure_random_top10,3,1,0,0,2000,1000,-1000
668,A_pure_random_top10,2,0,0,0,2000,0,-2000
669,A_pure_random_top10,2,0,0,0,2000,0,-2000
670,A_pure_random_top10,2,0,0,0,2000,0,-2000
671,A_pure_random_top10,2,0,0,0,2000,0,-2000
672,A_pure_random_top10,2,0,0,0,2000,0,-2000
673,A_pure_random_top10,1,0,0,0,2000,0,-2000
674,A_pure_random_top10,2,0,0,0,2000,0,-2000
675,A_pure_random_top10,2,0,0,0,2000,0,-2000
676,A_pure_random_top10,2,0,0,0,2000,0,-2000
677,A_pure_random_top10,2,0,0,0,2000,0,-2000
678,A_pure_random_top10,2,0,0,0,2000,0,-2000
679,A_pure_random_top10,2,0,0,0,2000,0,-2000
680,A_pure_random_top10,1,0,0,0,2000,0,-2000
681,A_pure_random_top10,1,0,0,0,2000,0,-2000
682,A_pure_random_top10,2,0,0,0,2000,0,-2000
683,A_pure_random_top10,2,0,0,0,2000,0,-2000
684,A_pure_random_top10,3,1,0,0,2000,1000,-1000
685,A_pure_random_top10,2,0,0,0,2000,0,-2000
686,A_pure_random_top10,2,0,0,0,2000,0,-2000
687,A_pure_random_top10,2,0,0,0,2000,0,-2000
688,A_pure_random_top10,1,0,0,0,2000,0,-2000
689,A_pure_random_top10,2,0,0,0,2000,0,-2000
690,A_pure_random_top10,1,0,0,0,2000,0,-2000
691,A_pure_random_top10,1,0,0,0,2000,0,-2000
692,A_pure_random_top10,2,0,0,0,2000,0,-2000
693,A_pure_random_top10,2,0,0,0,2000,0,-2000
694,A_pure_random_top10,2,0,0,0,2000,0,-2000
695,A_pure_random_top10,2,0,0,0,2000,0,-2000
696,A_pure_random_top10,3,1,0,0,2000,900,-1100
697,A_pure_random_top10,2,0,0,0,2000,0,-2000
698,A_pure_random_top10,1,0,0,0,2000,0,-2000
699,A_pure_random_top10,2,0,0,0,2000,0,-2000
700,A_pure_random_top10,2,0,0,0,2000,0,-2000
701,A_pure_random_top10,2,0,0,0,2000,0,-2000
702,A_pure_random_top10,2,0,0,0,2000,0,-2000
703,A_pure_random_top10,2,0,0,0,2000,0,-2000
704,A_pure_random_top10,3,1,0,0,2000,900,-1100
705,A_pure_random_top10,1,0,0,0,2000,0,-2000
706,A_pure_random_top10,2,0,0,0,2000,0,-2000
707,A_pure_random_top10,3,1,0,0,2000,900,-1100
708,A_pure_random_top10,2,0,0,0,2000,0,-2000
709,A_pure_random_top10,1,0,0,0,2000,0,-2000
710,A_pure_random_top10,3,1,0,0,2000,1000,-1000
711,A_pure_random_top10,2,0,0,0,2000,0,-2000
712,A_pure_random_top10,3,1,0,0,2000,900,-1100
713,A_pure_random_top10,2,0,0,0,2000,0,-2000
714,A_pure_random_top10,2,0,0,0,2000,0,-2000
715,A_pure_random_top10,2,0,0,0,2000,0,-2000
716,A_pure_random_top10,2,0,0,0,2000,0,-2000
717,A_pure_random_top10,2,0,0,0,2000,0,-2000
718,A_pure_random_top10,1,0,0,0,2000,0,-2000
719,A_pure_random_top10,3,1,0,0,2000,900,-1100
720,A_pure_random_top10,2,0,0,0,2000,0,-2000
721,A_pure_random_top10,2,0,0,0,2000,0,-2000
722,A_pure_random_top10,2,0,0,0,2000,0,-2000
723,A_pure_random_top10,2,0,0,0,2000,0,-2000
724,A_pure_random_top10,3,1,0,0,2000,900,-1100
725,A_pure_random_top10,2,0,0,0,2000,0,-2000
726,A_pure_random_top10,3,1,0,0,2000,1100,-900
727,A_pure_random_top10,2,0,0,0,2000,0,-2000
728,A_pure_random_top10,2,0,0,0,2000,0,-2000
729,A_pure_random_top10,1,0,0,0,2000,0,-2000
730,A_pure_random_top10,2,0,0,0,2000,0,-2000
731,A_pure_random_top10,3,1,0,0,2000,1000,-1000
732,A_pure_random_top10,2,0,0,0,2000,0,-2000
733,A_pure_random_top10,2,0,0,0,2000,0,-2000
734,A_pure_random_top10,1,0,0,0,2000,0,-2000
735,A_pure_random_top10,2,0,0,0,2000,0,-2000
736,A_pure_random_top10,3,1,0,0,2000,1100,-900
737,A_pure_random_top10,2,0,0,0,2000,0,-2000
738,A_pure_random_top10,2,0,0,0,2000,0,-2000
739,A_pure_random_top10,2,0,0,0,2000,0,-2000
740,A_pure_random_top10,3,1,0,0,2000,1000,-1000
741,A_pure_random_top10,2,0,0,0,2000,0,-2000
742,A_pure_random_top10,2,0,0,0,2000,0,-2000
743,A_pure_random_top10,1,0,0,0,2000,0,-2000
744,A_pure_random_top10,1,0,0,0,2000,0,-2000
745,A_pure_random_top10,2,0,0,0,2000,0,-2000
746,A_pure_random_top10,1,0,0,0,2000,0,-2000
747,A_pure_random_top10,1,0,0,0,2000,0,-2000
748,A_pure_random_top10,2,0,0,0,2000,0,-2000
749,A_pure_random_top10,2,0,0,0,2000,0,-2000
750,A_pure_random_top10,2,0,0,0,2000,0,-2000
751,A_pure_random_top10,3,1,0,0,2000,1000,-1000
752,A_pure_random_top10,2,0,0,0,2000,0,-2000
753,A_pure_random_top10,3,1,0,0,2000,1000,-1000
754,A_pure_random_top10,3,1,0,0,2000,800,-1200
755,A_pure_random_top10,2,0,0,0,2000,0,-2000
756,A_pure_random_top10,2,0,0,0,2000,0,-2000
757,A_pure_random_top10,2,0,0,0,2000,0,-2000
758,A_pure_random_top10,2,0,0,0,2000,0,-2000
759,A_pure_random_top10,3,1,0,0,2000,900,-1100
760,A_pure_random_top10,3,1,0,0,2000,1000,-1000
761,A_pure_random_top10,2,0,0,0,2000,0,-2000
762,A_pure_random_top10,2,0,0,0,2000,0,-2000
763,A_pure_random_top10,3,1,0,0,2000,800,-1200
764,A_pure_random_top10,2,0,0,0,2000,0,-2000
765,A_pure_random_top10,2,0,0,0,2000,0,-2000
766,A_pure_random_top10,2,0,0,0,2000,0,-2000
767,A_pure_random_top10,2,0,0,0,2000,0,-2000
768,A_pure_random_top10,2,0,0,0,2000,0,-2000
769,A_pure_random_top10,2,0,0,0,2000,0,-2000
770,A_pure_random_top10,2,0,0,0,2000,0,-2000
771,A_pure_random_top10,2,0,0,0,2000,0,-2000
772,A_pure_random_top10,2,0,0,0,2000,0,-2000
773,A_pure_random_top10,2,0,0,0,2000,0,-2000
774,A_pure_random_top10,3,1,0,0,2000,1100,-900
775,A_pure_random_top10,2,0,0,0,2000,0,-2000
776,A_pure_random_top10,2,0,0,0,2000,0,-2000
777,A_pure_random_top10,2,0,0,0,2000,0,-2000
778,A_pure_random_top10,2,0,0,0,2000,0,-2000
779,A_pure_random_top10,2,0,0,0,2000,0,-2000
780,A_pure_random_top10,2,0,0,0,2000,0,-2000
781,A_pure_random_top10,1,0,0,0,2000,0,-2000
782,A_pure_random_top10,2,0,0,0,2000,0,-2000
783,A_pure_random_top10,2,0,0,0,2000,0,-2000
784,A_pure_random_top10,2,0,0,0,2000,0,-2000
785,A_pure_random_top10,2,0,0,0,2000,0,-2000
786,A_pure_random_top10,1,0,0,0,2000,0,-2000
787,A_pure_random_top10,2,0,0,0,2000,0,-2000
788,A_pure_random_top10,2,0,0,0,2000,0,-2000
789,A_pure_random_top10,2,0,0,0,2000,0,-2000
790,A_pure_random_top10,2,0,0,0,2000,0,-2000
791,A_pure_random_top10,2,0,0,0,2000,0,-2000
792,A_pure_random_top10,2,0,0,0,2000,0,-2000
793,A_pure_random_top10,3,2,0,0,2000,2000,0
794,A_pure_random_top10,2,0,0,0,2000,0,-2000
795,A_pure_random_top10,3,1,0,0,2000,800,-1200
796,A_pure_random_top10,2,0,0,0,2000,0,-2000
797,A_pure_random_top10,2,0,0,0,2000,0,-2000
798,A_pure_random_top10,1,0,0,0,2000,0,-2000
799,A_pure_random_top10,2,0,0,0,2000,0,-2000
800,A_pure_random_top10,2,0,0,0,2000,0,-2000
801,A_pure_random_top10,2,0,0,0,2000,0,-2000
802,A_pure_random_top10,2,0,0,0,2000,0,-2000
803,A_pure_random_top10,2,0,0,0,2000,0,-2000
804,A_pure_random_top10,1,0,0,0,2000,0,-2000
805,A_pure_random_top10,2,0,0,0,2000,0,-2000
806,A_pure_random_top10,1,0,0,0,2000,0,-2000
807,A_pure_random_top10,2,0,0,0,2000,0,-2000
808,A_pure_random_top10,2,0,0,0,2000,0,-2000
809,A_pure_random_top10,2,0,0,0,2000,0,-2000
810,A_pure_random_top10,3,1,0,0,2000,900,-1100
811,A_pure_random_top10,2,0,0,0,2000,0,-2000
812,A_pure_random_top10,1,0,0,0,2000,0,-2000
813,A_pure_random_top10,2,0,0,0,2000,0,-2000
814,A_pure_random_top10,2,0,0,0,2000,0,-2000
815,A_pure_random_top10,2,0,0,0,2000,0,-2000
816,A_pure_random_top10,3,1,0,0,2000,900,-1100
817,A_pure_random_top10,2,0,0,0,2000,0,-2000
818,A_pure_random_top10,2,0,0,0,2000,0,-2000
819,A_pure_random_top10,2,0,0,0,2000,0,-2000
820,A_pure_random_top10,2,0,0,0,2000,0,-2000
821,A_pure_random_top10,2,0,0,0,2000,0,-2000
822,A_pure_random_top10,2,0,0,0,2000,0,-2000
823,A_pure_random_top10,3,1,0,0,2000,900,-1100
824,A_pure_random_top10,2,0,0,0,2000,0,-2000
825,A_pure_random_top10,2,0,0,0,2000,0,-2000
826,A_pure_random_top10,2,0,0,0,2000,0,-2000
827,A_pure_random_top10,1,0,0,0,2000,0,-2000
828,A_pure_random_top10,2,0,0,0,2000,0,-2000
829,A_pure_random_top10,2,0,0,0,2000,0,-2000
830,A_pure_random_top10,3,2,0,0,2000,2000,0
831,A_pure_random_top10,2,0,0,0,2000,0,-2000
832,A_pure_random_top10,2,0,0,0,2000,0,-2000
833,A_pure_random_top10,2,0,0,0,2000,0,-2000
834,A_pure_random_top10,1,0,0,0,2000,0,-2000
835,A_pure_random_top10,2,0,0,0,2000,0,-2000
836,A_pure_random_top10,2,0,0,0,2000,0,-2000
837,A_pure_random_top10,2,0,0,0,2000,0,-2000
838,A_pure_random_top10,2,0,0,0,2000,0,-2000
839,A_pure_random_top10,2,0,0,0,2000,0,-2000
840,A_pure_random_top10,2,0,0,0,2000,0,-2000
841,A_pure_random_top10,3,1,0,0,2000,900,-1100
842,A_pure_random_top10,3,1,0,0,2000,1100,-900
843,A_pure_random_top10,2,0,0,0,2000,0,-2000
844,A_pure_random_top10,2,0,0,0,2000,0,-2000
845,A_pure_random_top10,1,0,0,0,2000,0,-2000
846,A_pure_random_top10,2,0,0,0,2000,0,-2000
847,A_pure_random_top10,3,1,0,0,2000,1100,-900
848,A_pure_random_top10,3,1,0,0,2000,1000,-1000
849,A_pure_random_top10,2,0,0,0,2000,0,-2000
850,A_pure_random_top10,3,1,0,0,2000,1200,-800
851,A_pure_random_top10,3,1,0,0,2000,1100,-900
852,A_pure_random_top10,3,1,0,0,2000,900,-1100
853,A_pure_random_top10,2,0,0,0,2000,0,-2000
854,A_pure_random_top10,2,0,0,0,2000,0,-2000
855,A_pure_random_top10,3,1,0,0,2000,900,-1100
856,A_pure_random_top10,2,0,0,0,2000,0,-2000
857,A_pure_random_top10,3,1,0,0,2000,1000,-1000
858,A_pure_random_top10,2,0,0,0,2000,0,-2000
859,A_pure_random_top10,3,2,0,0,2000,2200,200
860,A_pure_random_top10,2,0,0,0,2000,0,-2000
861,A_pure_random_top10,2,0,0,0,2000,0,-2000
862,A_pure_random_top10,2,0,0,0,2000,0,-2000
863,A_pure_random_top10,2,0,0,0,2000,0,-2000
864,A_pure_random_top10,2,0,0,0,2000,0,-2000
865,A_pure_random_top10,1,0,0,0,2000,0,-2000
866,A_pure_random_top10,3,1,0,0,2000,1000,-1000
867,A_pure_random_top10,1,0,0,0,2000,0,-2000
868,A_pure_random_top10,2,0,0,0,2000,0,-2000
869,A_pure_random_top10,2,0,0,0,2000,0,-2000
870,A_pure_random_top10,2,0,0,0,2000,0,-2000
871,A_pure_random_top10,2,0,0,0,2000,0,-2000
872,A_pure_random_top10,3,1,0,0,2000,900,-1100
873,A_pure_random_top10,2,0,0,0,2000,0,-2000
874,A_pure_random_top10,3,2,0,0,2000,2000,0
875,A_pure_random_top10,3,1,0,0,2000,700,-1300
876,A_pure_random_top10,2,0,0,0,2000,0,-2000
877,A_pure_random_top10,2,0,0,0,2000,0,-2000
878,A_pure_random_top10,1,0,0,0,2000,0,-2000
879,A_pure_random_top10,3,1,0,0,2000,1000,-1000
880,A_pure_random_top10,2,0,0,0,2000,0,-2000
881,A_pure_random_top10,1,0,0,0,2000,0,-2000
882,A_pure_random_top10,2,0,0,0,2000,0,-2000
883,A_pure_random_top10,3,1,0,0,2000,1200,-800
884,A_pure_random_top10,2,0,0,0,2000,0,-2000
885,A_pure_random_top10,2,0,0,0,2000,0,-2000
886,A_pure_random_top10,2,0,0,0,2000,0,-2000
887,A_pure_random_top10,2,0,0,0,2000,0,-2000
888,A_pure_random_top10,1,0,0,0,2000,0,-2000
889,A_pure_random_top10,2,0,0,0,2000,0,-2000
890,A_pure_random_top10,3,2,0,0,2000,1800,-200
891,A_pure_random_top10,2,0,0,0,2000,0,-2000
892,A_pure_random_top10,1,0,0,0,2000,0,-2000
893,A_pure_random_top10,2,0,0,0,2000,0,-2000
894,A_pure_random_top10,3,1,0,0,2000,1000,-1000
895,A_pure_random_top10,2,0,0,0,2000,0,-2000
896,A_pure_random_top10,2,0,0,0,2000,0,-2000
897,A_pure_random_top10,2,0,0,0,2000,0,-2000
898,A_pure_random_top10,1,0,0,0,2000,0,-2000
899,A_pure_random_top10,3,1,0,0,2000,1100,-900
900,A_pure_random_top10,2,0,0,0,2000,0,-2000
901,A_pure_random_top10,3,1,0,0,2000,1000,-1000
902,A_pure_random_top10,2,0,0,0,2000,0,-2000
903,A_pure_random_top10,3,1,0,0,2000,1000,-1000
904,A_pure_random_top10,3,1,0,0,2000,900,-1100
905,A_pure_random_top10,3,2,0,0,2000,1800,-200
906,A_pure_random_top10,3,1,0,0,2000,900,-1100
907,A_pure_random_top10,2,0,0,0,2000,0,-2000
908,A_pure_random_top10,3,2,0,0,2000,2200,200
909,A_pure_random_top10,2,0,0,0,2000,0,-2000
910,A_pure_random_top10,3,1,0,0,2000,1100,-900
911,A_pure_random_top10,2,0,0,0,2000,0,-2000
912,A_pure_random_top10,2,0,0,0,2000,0,-2000
913,A_pure_random_top10,2,0,0,0,2000,0,-2000
914,A_pure_random_top10,3,1,0,0,2000,900,-1100
915,A_pure_random_top10,2,0,0,0,2000,0,-2000
916,A_pure_random_top10,2,0,0,0,2000,0,-2000
917,A_pure_random_top10,2,0,0,0,2000,0,-2000
918,A_pure_random_top10,3,1,0,0,2000,1200,-800
919,A_pure_random_top10,2,0,0,0,2000,0,-2000
920,A_pure_random_top10,2,0,0,0,2000,0,-2000
921,A_pure_random_top10,2,0,0,0,2000,0,-2000
922,A_pure_random_top10,3,1,0,0,2000,1000,-1000
923,A_pure_random_top10,2,0,0,0,2000,0,-2000
924,A_pure_random_top10,2,0,0,0,2000,0,-2000
925,A_pure_random_top10,2,0,0,0,2000,0,-2000
926,A_pure_random_top10,2,0,0,0,2000,0,-2000
927,A_pure_random_top10,2,0,0,0,2000,0,-2000
928,A_pure_random_top10,2,0,0,0,2000,0,-2000
929,A_pure_random_top10,1,0,0,0,2000,0,-2000
930,A_pure_random_top10,2,0,0,0,2000,0,-2000
931,A_pure_random_top10,2,0,0,0,2000,0,-2000
932,A_pure_random_top10,2,0,0,0,2000,0,-2000
933,A_pure_random_top10,3,4,0,0,2000,4000,2000
934,A_pure_random_top10,3,2,0,0,2000,1600,-400
935,A_pure_random_top10,2,0,0,0,2000,0,-2000
936,A_pure_random_top10,2,0,0,0,2000,0,-2000
937,A_pure_random_top10,2,0,0,0,2000,0,-2000
938,A_pure_random_top10,1,0,0,0,2000,0,-2000
939,A_pure_random_top10,2,0,0,0,2000,0,-2000
940,A_pure_random_top10,2,0,0,0,2000,0,-2000
941,A_pure_random_top10,2,0,0,0,2000,0,-2000
942,A_pure_random_top10,2,0,0,0,2000,0,-2000
943,A_pure_random_top10,2,0,0,0,2000,0,-2000
944,A_pure_random_top10,2,0,0,0,2000,0,-2000
945,A_pure_random_top10,2,0,0,0,2000,0,-2000
946,A_pure_random_top10,2,0,0,0,2000,0,-2000
947,A_pure_random_top10,2,0,0,0,2000,0,-2000
948,A_pure_random_top10,2,0,0,0,2000,0,-2000
949,A_pure_random_top10,2,0,0,0,2000,0,-2000
950,A_pure_random_top10,2,0,0,0,2000,0,-2000
951,A_pure_random_top10,2,0,0,0,2000,0,-2000
952,A_pure_random_top10,2,0,0,0,2000,0,-2000
953,A_pure_random_top10,3,1,0,0,2000,900,-1100
954,A_pure_random_top10,2,0,0,0,2000,0,-2000
955,A_pure_random_top10,2,0,0,0,2000,0,-2000
956,A_pure_random_top10,2,0,0,0,2000,0,-2000
957,A_pure_random_top10,3,1,0,0,2000,1100,-900
958,A_pure_random_top10,2,0,0,0,2000,0,-2000
959,A_pure_random_top10,2,0,0,0,2000,0,-2000
960,A_pure_random_top10,3,1,0,0,2000,1000,-1000
961,A_pure_random_top10,1,0,0,0,2000,0,-2000
962,A_pure_random_top10,3,1,0,0,2000,800,-1200
963,A_pure_random_top10,3,1,0,0,2000,800,-1200
964,A_pure_random_top10,2,0,0,0,2000,0,-2000
965,A_pure_random_top10,1,0,0,0,2000,0,-2000
966,A_pure_random_top10,1,0,0,0,2000,0,-2000
967,A_pure_random_top10,2,0,0,0,2000,0,-2000
968,A_pure_random_top10,1,0,0,0,2000,0,-2000
969,A_pure_random_top10,2,0,0,0,2000,0,-2000
970,A_pure_random_top10,2,0,0,0,2000,0,-2000
971,A_pure_random_top10,2,0,0,0,2000,0,-2000
972,A_pure_random_top10,2,0,0,0,2000,0,-2000
973,A_pure_random_top10,2,0,0,0,2000,0,-2000
974,A_pure_random_top10,3,1,0,0,2000,1000,-1000
975,A_pure_random_top10,2,0,0,0,2000,0,-2000
976,A_pure_random_top10,3,1,0,0,2000,1000,-1000
977,A_pure_random_top10,3,1,0,0,2000,1000,-1000
978,A_pure_random_top10,1,0,0,0,2000,0,-2000
979,A_pure_random_top10,3,1,0,0,2000,1200,-800
980,A_pure_random_top10,3,1,0,0,2000,1000,-1000
981,A_pure_random_top10,2,0,0,0,2000,0,-2000
982,A_pure_random_top10,2,0,0,0,2000,0,-2000
983,A_pure_random_top10,2,0,0,0,2000,0,-2000
984,A_pure_random_top10,2,0,0,0,2000,0,-2000
985,A_pure_random_top10,2,0,0,0,2000,0,-2000
986,A_pure_random_top10,2,0,0,0,2000,0,-2000
987,A_pure_random_top10,1,0,0,0,2000,0,-2000
988,A_pure_random_top10,2,0,0,0,2000,0,-2000
989,A_pure_random_top10,1,0,0,0,2000,0,-2000
990,A_pure_random_top10,1,0,0,0,2000,0,-2000
991,A_pure_random_top10,2,0,0,0,2000,0,-2000
992,A_pure_random_top10,3,1,0,0,2000,1300,-700
993,A_pure_random_top10,3,1,0,0,2000,1100,-900
994,A_pure_random_top10,2,0,0,0,2000,0,-2000
995,A_pure_random_top10,4,1,1,0,2000,10600,8600
996,A_pure_random_top10,2,0,0,0,2000,0,-2000
997,A_pure_random_top10,1,0,0,0,2000,0,-2000
998,A_pure_random_top10,2,0,0,0,2000,0,-2000
999,A_pure_random_top10,2,0,0,0,2000,0,-2000
1000,A_pure_random_top10,3,1,0,0,2000,900,-1100
1001,A_pure_random_top10,2,0,0,0,2000,0,-2000
1002,A_pure_random_top10,2,0,0,0,2000,0,-2000
1003,A_pure_random_top10,1,0,0,0,2000,0,-2000
1004,A_pure_random_top10,2,0,0,0,2000,0,-2000
1005,A_pure_random_top10,2,0,0,0,2000,0,-2000
1006,A_pure_random_top10,3,1,0,0,2000,1000,-1000
1007,A_pure_random_top10,2,0,0,0,2000,0,-2000
1008,A_pure_random_top10,2,0,0,0,2000,0,-2000
1009,A_pure_random_top10,1,0,0,0,2000,0,-2000
1010,A_pure_random_top10,2,0,0,0,2000,0,-2000
1011,A_pure_random_top10,3,1,0,0,2000,1100,-900
1012,A_pure_random_top10,2,0,0,0,2000,0,-2000
1013,A_pure_random_top10,2,0,0,0,2000,0,-2000
1014,A_pure_random_top10,2,0,0,0,2000,0,-2000
1015,A_pure_random_top10,2,0,0,0,2000,0,-2000
1016,A_pure_random_top10,3,1,0,0,2000,1000,-1000
1017,A_pure_random_top10,2,0,0,0,2000,0,-2000
1018,A_pure_random_top10,2,0,0,0,2000,0,-2000
1019,A_pure_random_top10,1,0,0,0,2000,0,-2000
1020,A_pure_random_top10,2,0,0,0,2000,0,-2000
1021,A_pure_random_top10,2,0,0,0,2000,0,-2000
1022,A_pure_random_top10,1,0,0,0,2000,0,-2000
1023,A_pure_random_top10,2,0,0,0,2000,0,-2000
1024,A_pure_random_top10,2,0,0,0,2000,0,-2000
1025,A_pure_random_top10,1,0,0,0,2000,0,-2000
1026,A_pure_random_top10,2,0,0,0,2000,0,-2000
1027,A_pure_random_top10,1,0,0,0,2000,0,-2000
1028,A_pure_random_top10,2,0,0,0,2000,0,-2000
1029,A_pure_random_top10,1,0,0,0,2000,0,-2000
1030,A_pure_random_top10,3,1,0,0,2000,1300,-700
1031,A_pure_random_top10,3,1,0,0,2000,800,-1200
1032,A_pure_random_top10,2,0,0,0,2000,0,-2000
1033,A_pure_random_top10,2,0,0,0,2000,0,-2000
1034,A_pure_random_top10,1,0,0,0,2000,0,-2000
1035,A_pure_random_top10,2,0,0,0,2000,0,-2000
1036,A_pure_random_top10,3,1,0,0,2000,900,-1100
1037,A_pure_random_top10,1,0,0,0,2000,0,-2000
1038,A_pure_random_top10,2,0,0,0,2000,0,-2000
1039,A_pure_random_top10,3,1,0,0,2000,1000,-1000
1040,A_pure_random_top10,3,1,0,0,2000,900,-1100
1041,A_pure_random_top10,2,0,0,0,2000,0,-2000
1042,A_pure_random_top10,2,0,0,0,2000,0,-2000
1043,A_pure_random_top10,2,0,0,0,2000,0,-2000
1044,A_pure_random_top10,2,0,0,0,2000,0,-2000
1045,A_pure_random_top10,2,0,0,0,2000,0,-2000
1046,A_pure_random_top10,2,0,0,0,2000,0,-2000
1047,A_pure_random_top10,3,1,0,0,2000,900,-1100
1048,A_pure_random_top10,2,0,0,0,2000,0,-2000
1049,A_pure_random_top10,2,0,0,0,2000,0,-2000
1050,A_pure_random_top10,3,1,0,0,2000,900,-1100
1051,A_pure_random_top10,1,0,0,0,2000,0,-2000
1052,A_pure_random_top10,3,1,0,0,2000,900,-1100
1053,A_pure_random_top10,2,0,0,0,2000,0,-2000
1054,A_pure_random_top10,2,0,0,0,2000,0,-2000
1055,A_pure_random_top10,2,0,0,0,2000,0,-2000
1056,A_pure_random_top10,2,0,0,0,2000,0,-2000
1057,A_pure_random_top10,2,0,0,0,2000,0,-2000
1058,A_pure_random_top10,2,0,0,0,2000,0,-2000
1059,A_pure_random_top10,2,0,0,0,2000,0,-2000
1060,A_pure_random_top10,2,0,0,0,2000,0,-2000
1061,A_pure_random_top10,3,1,0,0,2000,800,-1200
1062,A_pure_random_top10,2,0,0,0,2000,0,-2000
1063,A_pure_random_top10,2,0,0,0,2000,0,-2000
1064,A_pure_random_top10,2,0,0,0,2000,0,-2000
1065,A_pure_random_top10,2,0,0,0,2000,0,-2000
1066,A_pure_random_top10,2,0,0,0,2000,0,-2000
1067,A_pure_random_top10,2,0,0,0,2000,0,-2000
1068,A_pure_random_top10,3,1,0,0,2000,1000,-1000
1069,A_pure_random_top10,2,0,0,0,2000,0,-2000
1070,A_pure_random_top10,2,0,0,0,2000,0,-2000
1071,A_pure_random_top10,2,0,0,0,2000,0,-2000
1072,A_pure_random_top10,2,0,0,0,2000,0,-2000
1073,A_pure_random_top10,3,1,0,0,2000,1000,-1000
1074,A_pure_random_top10,2,0,0,0,2000,0,-2000
1075,A_pure_random_top10,2,0,0,0,2000,0,-2000
1076,A_pure_random_top10,1,0,0,0,2000,0,-2000
1077,A_pure_random_top10,2,0,0,0,2000,0,-2000
1078,A_pure_random_top10,2,0,0,0,2000,0,-2000
1079,A_pure_random_top10,3,1,0,0,2000,900,-1100
1080,A_pure_random_top10,2,0,0,0,2000,0,-2000
1081,A_pure_random_top10,2,0,0,0,2000,0,-2000
1082,A_pure_random_top10,3,1,0,0,2000,1100,-900
1083,A_pure_random_top10,3,1,0,0,2000,1100,-900
1084,A_pure_random_top10,1,0,0,0,2000,0,-2000
1085,A_pure_random_top10,3,1,0,0,2000,1000,-1000
1086,A_pure_random_top10,1,0,0,0,2000,0,-2000
1087,A_pure_random_top10,2,0,0,0,2000,0,-2000
1088,A_pure_random_top10,2,0,0,0,2000,0,-2000
1089,A_pure_random_top10,2,0,0,0,2000,0,-2000
1090,A_pure_random_top10,2,0,0,0,2000,0,-2000
1091,A_pure_random_top10,3,1,0,0,2000,1100,-900
1092,A_pure_random_top10,1,0,0,0,2000,0,-2000
1093,A_pure_random_top10,2,0,0,0,2000,0,-2000
1094,A_pure_random_top10,2,0,0,0,2000,0,-2000
1095,A_pure_random_top10,2,0,0,0,2000,0,-2000
1096,A_pure_random_top10,3,1,0,0,2000,1100,-900
1097,A_pure_random_top10,1,0,0,0,2000,0,-2000
1098,A_pure_random_top10,2,0,0,0,2000,0,-2000
1099,A_pure_random_top10,2,0,0,0,2000,0,-2000
1100,A_pure_random_top10,2,0,0,0,2000,0,-2000
1101,A_pure_random_top10,1,0,0,0,2000,0,-2000
1102,A_pure_random_top10,2,0,0,0,2000,0,-2000
1103,A_pure_random_top10,2,0,0,0,2000,0,-2000
1104,A_pure_random_top10,2,0,0,0,2000,0,-2000
1105,A_pure_random_top10,3,1,0,0,2000,1000,-1000
1106,A_pure_random_top10,2,0,0,0,2000,0,-2000
1107,A_pure_random_top10,2,0,0,0,2000,0,-2000
1108,A_pure_random_top10,2,0,0,0,2000,0,-2000
1109,A_pure_random_top10,2,0,0,0,2000,0,-2000
1110,A_pure_random_top10,2,0,0,0,2000,0,-2000
1111,A_pure_random_top10,2,0,0,0,2000,0,-2000
1112,A_pure_random_top10,2,0,0,0,2000,0,-2000
1113,A_pure_random_top10,2,0,0,0,2000,0,-2000
1114,A_pure_random_top10,3,1,0,0,2000,1000,-1000
1115,A_pure_random_top10,2,0,0,0,2000,0,-2000
1116,A_pure_random_top10,3,1,0,0,2000,1000,-1000
1117,A_pure_random_top10,2,0,0,0,2000,0,-2000
1118,A_pure_random_top10,2,0,0,0,2000,0,-2000
1119,A_pure_random_top10,2,0,0,0,2000,0,-2000
1120,A_pure_random_top10,2,0,0,0,2000,0,-2000
1121,A_pure_random_top10,2,0,0,0,2000,0,-2000
1122,A_pure_random_top10,3,1,0,0,2000,1000,-1000
1123,A_pure_random_top10,2,0,0,0,2000,0,-2000
1124,A_pure_random_top10,2,0,0,0,2000,0,-2000
1125,A_pure_random_top10,3,1,0,0,2000,1000,-1000
1126,A_pure_random_top10,2,0,0,0,2000,0,-2000
1127,A_pure_random_top10,3,2,0,0,2000,2000,0
1128,A_pure_random_top10,2,0,0,0,2000,0,-2000
1129,A_pure_random_top10,2,0,0,0,2000,0,-2000
1130,A_pure_random_top10,2,0,0,0,2000,0,-2000
1131,A_pure_random_top10,2,0,0,0,2000,0,-2000
1132,A_pure_random_top10,3,1,0,0,2000,1000,-1000
1133,A_pure_random_top10,1,0,0,0,2000,0,-2000
1134,A_pure_random_top10,2,0,0,0,2000,0,-2000
1135,A_pure_random_top10,2,0,0,0,2000,0,-2000
1136,A_pure_random_top10,1,0,0,0,2000,0,-2000
1137,A_pure_random_top10,1,0,0,0,2000,0,-2000
1138,A_pure_random_top10,2,0,0,0,2000,0,-2000
1139,A_pure_random_top10,2,0,0,0,2000,0,-2000
1140,A_pure_random_top10,2,0,0,0,2000,0,-2000
1141,A_pure_random_top10,2,0,0,0,2000,0,-2000
1142,A_pure_random_top10,1,0,0,0,2000,0,-2000
1143,A_pure_random_top10,1,0,0,0,2000,0,-2000
1144,A_pure_random_top10,2,0,0,0,2000,0,-2000
1145,A_pure_random_top10,3,1,0,0,2000,1000,-1000
1146,A_pure_random_top10,3,1,0,0,2000,900,-1100
1147,A_pure_random_top10,3,1,0,0,2000,800,-1200
1148,A_pure_random_top10,1,0,0,0,2000,0,-2000
1149,A_pure_random_top10,3,1,0,0,2000,1100,-900
1150,A_pure_random_top10,1,0,0,0,2000,0,-2000
1151,A_pure_random_top10,3,1,0,0,2000,1100,-900
1152,A_pure_random_top10,2,0,0,0,2000,0,-2000
1153,A_pure_random_top10,2,0,0,0,2000,0,-2000
1154,A_pure_random_top10,2,0,0,0,2000,0,-2000
1155,A_pure_random_top10,3,1,0,0,2000,1200,-800
1156,A_pure_random_top10,2,0,0,0,2000,0,-2000
1157,A_pure_random_top10,2,0,0,0,2000,0,-2000
1158,A_pure_random_top10,2,0,0,0,2000,0,-2000
1159,A_pure_random_top10,3,2,0,0,2000,2000,0
1160,A_pure_random_top10,2,0,0,0,2000,0,-2000
1161,A_pure_random_top10,2,0,0,0,2000,0,-2000
1162,A_pure_random_top10,2,0,0,0,2000,0,-2000
1163,A_pure_random_top10,2,0,0,0,2000,0,-2000
1164,A_pure_random_top10,1,0,0,0,2000,0,-2000
1165,A_pure_random_top10,2,0,0,0,2000,0,-2000
1166,A_pure_random_top10,2,0,0,0,2000,0,-2000
1167,A_pure_random_top10,1,0,0,0,2000,0,-2000
1168,A_pure_random_top10,2,0,0,0,2000,0,-2000
1169,A_pure_random_top10,2,0,0,0,2000,0,-2000
1170,A_pure_random_top10,3,1,0,0,2000,1100,-900
1171,A_pure_random_top10,2,0,0,0,2000,0,-2000
1172,A_pure_random_top10,2,0,0,0,2000,0,-2000
1173,A_pure_random_top10,3,1,0,0,2000,800,-1200
1174,A_pure_random_top10,2,0,0,0,2000,0,-2000
1175,A_pure_random_top10,2,0,0,0,2000,0,-2000
1176,A_pure_random_top10,2,0,0,0,2000,0,-2000
1177,A_pure_random_top10,2,0,0,0,2000,0,-2000
1178,A_pure_random_top10,2,0,0,0,2000,0,-2000
1179,A_pure_random_top10,2,0,0,0,2000,0,-2000
1180,A_pure_random_top10,2,0,0,0,2000,0,-2000
1181,A_pure_random_top10,2,0,0,0,2000,0,-2000
1182,A_pure_random_top10,3,1,0,0,2000,1100,-900
1183,A_pure_random_top10,2,0,0,0,2000,0,-2000
1184,A_pure_random_top10,1,0,0,0,2000,0,-2000
1185,A_pure_random_top10,2,0,0,0,2000,0,-2000
1186,A_pure_random_top10,2,0,0,0,2000,0,-2000
1187,A_pure_random_top10,2,0,0,0,2000,0,-2000
1188,A_pure_random_top10,2,0,0,0,2000,0,-2000
1189,A_pure_random_top10,2,0,0,0,2000,0,-2000
1190,A_pure_random_top10,1,0,0,0,2000,0,-2000
1191,A_pure_random_top10,2,0,0,0,2000,0,-2000
1192,A_pure_random_top10,1,0,0,0,2000,0,-2000
1193,A_pure_random_top10,2,0,0,0,2000,0,-2000
1194,A_pure_random_top10,1,0,0,0,2000,0,-2000
1195,A_pure_random_top10,2,0,0,0,2000,0,-2000
1196,A_pure_random_top10,3,1,0,0,2000,1000,-1000
1197,A_pure_random_top10,2,0,0,0,2000,0,-2000
1198,A_pure_random_top10,2,0,0,0,2000,0,-2000
1199,A_pure_random_top10,2,0,0,0,2000,0,-2000
1200,A_pure_random_top10,2,0,0,0,2000,0,-2000
1201,A_pure_random_top10,2,0,0,0,2000,0,-2000
1202,A_pure_random_top10,3,1,0,0,2000,1000,-1000
1203,A_pure_random_top10,2,0,0,0,2000,0,-2000
1204,A_pure_random_top10,2,0,0,0,2000,0,-2000
1205,A_pure_random_top10,2,0,0,0,2000,0,-2000
1206,A_pure_random_top10,3,2,0,0,2000,1800,-200
1207,A_pure_random_top10,2,0,0,0,2000,0,-2000
1208,A_pure_random_top10,2,0,0,0,2000,0,-2000
1209,A_pure_random_top10,2,0,0,0,2000,0,-2000
1210,A_pure_random_top10,2,0,0,0,2000,0,-2000
1211,A_pure_random_top10,2,0,0,0,2000,0,-2000
1212,A_pure_random_top10,2,0,0,0,2000,0,-2000
1213,A_pure_random_top10,2,0,0,0,2000,0,-2000
1214,A_pure_random_top10,2,0,0,0,2000,0,-2000
1215,A_pure_random_top10,2,0,0,0,2000,0,-2000
1216,A_pure_random_top10,3,1,0,0,2000,1000,-1000
1217,A_pure_random_top10,2,0,0,0,2000,0,-2000
1218,A_pure_random_top10,2,0,0,0,2000,0,-2000
1219,A_pure_random_top10,2,0,0,0,2000,0,-2000
1220,A_pure_random_top10,2,0,0,0,2000,0,-2000
1221,A_pure_random_top10,3,1,0,0,2000,1000,-1000
1222,A_pure_random_top10,3,1,0,0,2000,1100,-900
1223,A_pure_random_top10,2,0,0,0,2000,0,-2000
1224,A_pure_random_top10,2,0,0,0,2000,0,-2000
1225,A_pure_random_top10,2,0,0,0,2000,0,-2000
1226,A_pure_random_top10,2,0,0,0,2000,0,-2000
1227,A_pure_random_top10,2,0,0,0,2000,0,-2000
1228,A_pure_random_top10,2,0,0,0,2000,0,-2000
1229,A_pure_random_top10,2,0,0,0,2000,0,-2000
1230,A_pure_random_top10,2,0,0,0,2000,0,-2000
1231,A_pure_random_top10,1,0,0,0,2000,0,-2000
1232,A_pure_random_top10,3,1,0,0,2000,900,-1100
1233,A_pure_random_top10,2,0,0,0,2000,0,-2000
1234,A_pure_random_top10,2,0,0,0,2000,0,-2000
1235,A_pure_random_top10,1,0,0,0,2000,0,-2000
1236,A_pure_random_top10,3,1,0,0,2000,1100,-900
1237,A_pure_random_top10,2,0,0,0,2000,0,-2000
1238,A_pure_random_top10,2,0,0,0,2000,0,-2000
1239,A_pure_random_top10,2,0,0,0,2000,0,-2000
1240,A_pure_random_top10,2,0,0,0,2000,0,-2000
1241,A_pure_random_top10,1,0,0,0,2000,0,-2000
1242,A_pure_random_top10,1,0,0,0,2000,0,-2000
1243,A_pure_random_top10,2,0,0,0,2000,0,-2000
1244,A_pure_random_top10,1,0,0,0,2000,0,-2000
1245,A_pure_random_top10,2,0,0,0,2000,0,-2000
1246,A_pure_random_top10,2,0,0,0,2000,0,-2000
1247,A_pure_random_top10,1,0,0,0,2000,0,-2000
1248,A_pure_random_top10,2,0,0,0,2000,0,-2000
1249,A_pure_random_top10,3,1,0,0,2000,800,-1200
1250,A_pure_random_top10,1,0,0,0,2000,0,-2000
1251,A_pure_random_top10,2,0,0,0,2000,0,-2000
1252,A_pure_random_top10,1,0,0,0,2000,0,-2000
1253,A_pure_random_top10,1,0,0,0,2000,0,-2000
1254,A_pure_random_top10,4,2,1,0,2000,8700,6700
1255,A_pure_random_top10,2,0,0,0,2000,0,-2000
1256,A_pure_random_top10,2,0,0,0,2000,0,-2000
1257,A_pure_random_top10,2,0,0,0,2000,0,-2000
1258,A_pure_random_top10,2,0,0,0,2000,0,-2000
1259,A_pure_random_top10,2,0,0,0,2000,0,-2000
1260,A_pure_random_top10,2,0,0,0,2000,0,-2000
1261,A_pure_random_top10,2,0,0,0,2000,0,-2000
1262,A_pure_random_top10,2,0,0,0,2000,0,-2000
1263,A_pure_random_top10,2,0,0,0,2000,0,-2000
1264,A_pure_random_top10,3,1,0,0,2000,900,-1100
1265,A_pure_random_top10,4,2,1,0,2000,11100,9100
1266,A_pure_random_top10,2,0,0,0,2000,0,-2000
1267,A_pure_random_top10,3,1,0,0,2000,1100,-900
1268,A_pure_random_top10,2,0,0,0,2000,0,-2000
1269,A_pure_random_top10,2,0,0,0,2000,0,-2000
1270,A_pure_random_top10,2,0,0,0,2000,0,-2000
1271,A_pure_random_top10,2,0,0,0,2000,0,-2000
1272,A_pure_random_top10,2,0,0,0,2000,0,-2000
1273,A_pure_random_top10,2,0,0,0,2000,0,-2000
1274,A_pure_random_top10,2,0,0,0,2000,0,-2000
1275,A_pure_random_top10,1,0,0,0,2000,0,-2000
1276,A_pure_random_top10,2,0,0,0,2000,0,-2000
1277,A_pure_random_top10,2,0,0,0,2000,0,-2000
1278,A_pure_random_top10,3,1,0,0,2000,900,-1100
1279,A_pure_random_top10,2,0,0,0,2000,0,-2000
1280,A_pure_random_top10,3,1,0,0,2000,1000,-1000
1281,A_pure_random_top10,2,0,0,0,2000,0,-2000
1282,A_pure_random_top10,2,0,0,0,2000,0,-2000
1283,A_pure_random_top10,4,1,1,0,2000,9600,7600
1284,A_pure_random_top10,2,0,0,0,2000,0,-2000
1285,A_pure_random_top10,1,0,0,0,2000,0,-2000
1286,A_pure_random_top10,2,0,0,0,2000,0,-2000
1287,A_pure_random_top10,2,0,0,0,2000,0,-2000
1288,A_pure_random_top10,1,0,0,0,2000,0,-2000
1289,A_pure_random_top10,3,1,0,0,2000,1100,-900
1290,A_pure_random_top10,2,0,0,0,2000,0,-2000
1291,A_pure_random_top10,1,0,0,0,2000,0,-2000
1292,A_pure_random_top10,2,0,0,0,2000,0,-2000
1293,A_pure_random_top10,2,0,0,0,2000,0,-2000
1294,A_pure_random_top10,2,0,0,0,2000,0,-2000
1295,A_pure_random_top10,2,0,0,0,2000,0,-2000
1296,A_pure_random_top10,3,1,0,0,2000,1000,-1000
1297,A_pure_random_top10,1,0,0,0,2000,0,-2000
1298,A_pure_random_top10,2,0,0,0,2000,0,-2000
1299,A_pure_random_top10,2,0,0,0,2000,0,-2000
1300,A_pure_random_top10,2,0,0,0,2000,0,-2000
1301,A_pure_random_top10,2,0,0,0,2000,0,-2000
1302,A_pure_random_top10,2,0,0,0,2000,0,-2000
1303,A_pure_random_top10,1,0,0,0,2000,0,-2000
1304,A_pure_random_top10,3,2,0,0,2000,2200,200
1305,A_pure_random_top10,2,0,0,0,2000,0,-2000
1306,A_pure_random_top10,2,0,0,0,2000,0,-2000
1307,A_pure_random_top10,1,0,0,0,2000,0,-2000
1308,A_pure_random_top10,1,0,0,0,2000,0,-2000
1309,A_pure_random_top10,2,0,0,0,2000,0,-2000
1310,A_pure_random_top10,3,2,0,0,2000,2000,0
1311,A_pure_random_top10,2,0,0,0,2000,0,-2000
1312,A_pure_random_top10,2,0,0,0,2000,0,-2000
1313,A_pure_random_top10,2,0,0,0,2000,0,-2000
1314,A_pure_random_top10,2,0,0,0,2000,0,-2000
1315,A_pure_random_top10,2,0,0,0,2000,0,-2000
1316,A_pure_random_top10,3,1,0,0,2000,800,-1200
1317,A_pure_random_top10,3,1,0,0,2000,1100,-900
1318,A_pure_random_top10,1,0,0,0,2000,0,-2000
1319,A_pure_random_top10,2,0,0,0,2000,0,-2000
1320,A_pure_random_top10,3,1,0,0,2000,800,-1200
1321,A_pure_random_top10,1,0,0,0,2000,0,-2000
1322,A_pure_random_top10,3,1,0,0,2000,1000,-1000
1323,A_pure_random_top10,2,0,0,0,2000,0,-2000
1324,A_pure_random_top10,2,0,0,0,2000,0,-2000
1325,A_pure_random_top10,2,0,0,0,2000,0,-2000
1326,A_pure_random_top10,2,0,0,0,2000,0,-2000
1327,A_pure_random_top10,2,0,0,0,2000,0,-2000
1328,A_pure_random_top10,2,0,0,0,2000,0,-2000
1329,A_pure_random_top10,3,1,0,0,2000,900,-1100
1330,A_pure_random_top10,2,0,0,0,2000,0,-2000
1331,A_pure_random_top10,2,0,0,0,2000,0,-2000
1332,A_pure_random_top10,1,0,0,0,2000,0,-2000
1333,A_pure_random_top10,4,1,1,0,2000,7800,5800
1334,A_pure_random_top10,1,0,0,0,2000,0,-2000
1335,A_pure_random_top10,1,0,0,0,2000,0,-2000
1336,A_pure_random_top10,3,1,0,0,2000,1100,-900
1337,A_pure_random_top10,3,1,0,0,2000,1000,-1000
1338,A_pure_random_top10,2,0,0,0,2000,0,-2000
1339,A_pure_random_top10,2,0,0,0,2000,0,-2000
1340,A_pure_random_top10,2,0,0,0,2000,0,-2000
1341,A_pure_random_top10,2,0,0,0,2000,0,-2000
1342,A_pure_random_top10,2,0,0,0,2000,0,-2000
1343,A_pure_random_top10,2,0,0,0,2000,0,-2000
1344,A_pure_random_top10,3,2,0,0,2000,1800,-200
1345,A_pure_random_top10,3,1,0,0,2000,800,-1200
1346,A_pure_random_top10,2,0,0,0,2000,0,-2000
1347,A_pure_random_top10,3,1,0,0,2000,900,-1100
1348,A_pure_random_top10,2,0,0,0,2000,0,-2000
1349,A_pure_random_top10,2,0,0,0,2000,0,-2000
1350,A_pure_random_top10,2,0,0,0,2000,0,-2000
1351,A_pure_random_top10,1,0,0,0,2000,0,-2000
1352,A_pure_random_top10,2,0,0,0,2000,0,-2000
1353,A_pure_random_top10,1,0,0,0,2000,0,-2000
1354,A_pure_random_top10,2,0,0,0,2000,0,-2000
1355,A_pure_random_top10,2,0,0,0,2000,0,-2000
1356,A_pure_random_top10,2,0,0,0,2000,0,-2000
1357,A_pure_random_top10,3,1,0,0,2000,900,-1100
1358,A_pure_random_top10,2,0,0,0,2000,0,-2000
1359,A_pure_random_top10,3,1,0,0,2000,1200,-800
1360,A_pure_random_top10,3,1,0,0,2000,1000,-1000
1361,A_pure_random_top10,2,0,0,0,2000,0,-2000
1362,A_pure_random_top10,1,0,0,0,2000,0,-2000
1363,A_pure_random_top10,3,2,0,0,2000,2200,200
1364,A_pure_random_top10,2,0,0,0,2000,0,-2000
1365,A_pure_random_top10,2,0,0,0,2000,0,-2000
1366,A_pure_random_top10,2,0,0,0,2000,0,-2000
1367,A_pure_random_top10,2,0,0,0,2000,0,-2000
1368,A_pure_random_top10,2,0,0,0,2000,0,-2000
1369,A_pure_random_top10,2,0,0,0,2000,0,-2000
1370,A_pure_random_top10,2,0,0,0,2000,0,-2000
1371,A_pure_random_top10,2,0,0,0,2000,0,-2000
1372,A_pure_random_top10,3,1,0,0,2000,1000,-1000
1373,A_pure_random_top10,2,0,0,0,2000,0,-2000
1374,A_pure_random_top10,2,0,0,0,2000,0,-2000
1375,A_pure_random_top10,2,0,0,0,2000,0,-2000
1376,A_pure_random_top10,2,0,0,0,2000,0,-2000
1377,A_pure_random_top10,2,0,0,0,2000,0,-2000
1378,A_pure_random_top10,3,1,0,0,2000,1000,-1000
1379,A_pure_random_top10,2,0,0,0,2000,0,-2000
1380,A_pure_random_top10,2,0,0,0,2000,0,-2000
1381,A_pure_random_top10,2,0,0,0,2000,0,-2000
1382,A_pure_random_top10,2,0,0,0,2000,0,-2000
1383,A_pure_random_top10,2,0,0,0,2000,0,-2000
1384,A_pure_random_top10,2,0,0,0,2000,0,-2000
1385,A_pure_random_top10,3,1,0,0,2000,900,-1100
1386,A_pure_random_top10,2,0,0,0,2000,0,-2000
1387,A_pure_random_top10,2,0,0,0,2000,0,-2000
1388,A_pure_random_top10,2,0,0,0,2000,0,-2000
1389,A_pure_random_top10,2,0,0,0,2000,0,-2000
1390,A_pure_random_top10,2,0,0,0,2000,0,-2000
1391,A_pure_random_top10,3,1,0,0,2000,900,-1100
1392,A_pure_random_top10,2,0,0,0,2000,0,-2000
1393,A_pure_random_top10,2,0,0,0,2000,0,-2000
1394,A_pure_random_top10,1,0,0,0,2000,0,-2000
1395,A_pure_random_top10,2,0,0,0,2000,0,-2000
1396,A_pure_random_top10,2,0,0,0,2000,0,-2000
1397,A_pure_random_top10,2,0,0,0,2000,0,-2000
1398,A_pure_random_top10,2,0,0,0,2000,0,-2000
1399,A_pure_random_top10,2,0,0,0,2000,0,-2000
1400,A_pure_random_top10,2,0,0,0,2000,0,-2000
1401,A_pure_random_top10,2,0,0,0,2000,0,-2000
1402,A_pure_random_top10,3,1,0,0,2000,1000,-1000
1403,A_pure_random_top10,2,0,0,0,2000,0,-2000
1404,A_pure_random_top10,2,0,0,0,2000,0,-2000
1,B_diversified_top10,1,0,0,0,2000,0,-2000
2,B_diversified_top10,2,0,0,0,2000,0,-2000
3,B_diversified_top10,2,0,0,0,2000,0,-2000
4,B_diversified_top10,2,0,0,0,2000,0,-2000
5,B_diversified_top10,2,0,0,0,2000,0,-2000
6,B_diversified_top10,2,0,0,0,2000,0,-2000
7,B_diversified_top10,2,0,0,0,2000,0,-2000
8,B_diversified_top10,1,0,0,0,2000,0,-2000
9,B_diversified_top10,3,1,0,0,2000,800,-1200
10,B_diversified_top10,2,0,0,0,2000,0,-2000
11,B_diversified_top10,2,0,0,0,2000,0,-2000
12,B_diversified_top10,2,0,0,0,2000,0,-2000
13,B_diversified_top10,2,0,0,0,2000,0,-2000
14,B_diversified_top10,2,0,0,0,2000,0,-2000
15,B_diversified_top10,2,0,0,0,2000,0,-2000
16,B_diversified_top10,2,0,0,0,2000,0,-2000
17,B_diversified_top10,1,0,0,0,2000,0,-2000
18,B_diversified_top10,2,0,0,0,2000,0,-2000
19,B_diversified_top10,2,0,0,0,2000,0,-2000
20,B_diversified_top10,3,1,0,0,2000,1000,-1000
21,B_diversified_top10,2,0,0,0,2000,0,-2000
22,B_diversified_top10,3,2,0,0,2000,2000,0
23,B_diversified_top10,2,0,0,0,2000,0,-2000
24,B_diversified_top10,2,0,0,0,2000,0,-2000
25,B_diversified_top10,2,0,0,0,2000,0,-2000
26,B_diversified_top10,2,0,0,0,2000,0,-2000
27,B_diversified_top10,2,0,0,0,2000,0,-2000
28,B_diversified_top10,2,0,0,0,2000,0,-2000
29,B_diversified_top10,2,0,0,0,2000,0,-2000
30,B_diversified_top10,2,0,0,0,2000,0,-2000
31,B_diversified_top10,2,0,0,0,2000,0,-2000
32,B_diversified_top10,2,0,0,0,2000,0,-2000
33,B_diversified_top10,2,0,0,0,2000,0,-2000
34,B_diversified_top10,3,1,0,0,2000,1000,-1000
35,B_diversified_top10,2,0,0,0,2000,0,-2000
36,B_diversified_top10,3,1,0,0,2000,1000,-1000
37,B_diversified_top10,2,0,0,0,2000,0,-2000
38,B_diversified_top10,2,0,0,0,2000,0,-2000
39,B_diversified_top10,2,0,0,0,2000,0,-2000
40,B_diversified_top10,2,0,0,0,2000,0,-2000
41,B_diversified_top10,2,0,0,0,2000,0,-2000
42,B_diversified_top10,2,0,0,0,2000,0,-2000
43,B_diversified_top10,2,0,0,0,2000,0,-2000
44,B_diversified_top10,2,0,0,0,2000,0,-2000
45,B_diversified_top10,2,0,0,0,2000,0,-2000
46,B_diversified_top10,2,0,0,0,2000,0,-2000
47,B_diversified_top10,1,0,0,0,2000,0,-2000
48,B_diversified_top10,2,0,0,0,2000,0,-2000
49,B_diversified_top10,3,1,0,0,2000,1300,-700
50,B_diversified_top10,3,1,0,0,2000,1100,-900
51,B_diversified_top10,3,1,0,0,2000,1100,-900
52,B_diversified_top10,2,0,0,0,2000,0,-2000
53,B_diversified_top10,2,0,0,0,2000,0,-2000
54,B_diversified_top10,2,0,0,0,2000,0,-2000
55,B_diversified_top10,2,0,0,0,2000,0,-2000
56,B_diversified_top10,2,0,0,0,2000,0,-2000
57,B_diversified_top10,3,1,0,0,2000,1200,-800
58,B_diversified_top10,3,1,0,0,2000,800,-1200
59,B_diversified_top10,1,0,0,0,2000,0,-2000
60,B_diversified_top10,2,0,0,0,2000,0,-2000
61,B_diversified_top10,2,0,0,0,2000,0,-2000
62,B_diversified_top10,2,0,0,0,2000,0,-2000
63,B_diversified_top10,2,0,0,0,2000,0,-2000
64,B_diversified_top10,3,1,0,0,2000,800,-1200
65,B_diversified_top10,1,0,0,0,2000,0,-2000
66,B_diversified_top10,3,1,0,0,2000,1000,-1000
67,B_diversified_top10,2,0,0,0,2000,0,-2000
68,B_diversified_top10,2,0,0,0,2000,0,-2000
69,B_diversified_top10,2,0,0,0,2000,0,-2000
70,B_diversified_top10,2,0,0,0,2000,0,-2000
71,B_diversified_top10,3,1,0,0,2000,1100,-900
72,B_diversified_top10,2,0,0,0,2000,0,-2000
73,B_diversified_top10,2,0,0,0,2000,0,-2000
74,B_diversified_top10,1,0,0,0,2000,0,-2000
75,B_diversified_top10,3,1,0,0,2000,1000,-1000
76,B_diversified_top10,2,0,0,0,2000,0,-2000
77,B_diversified_top10,2,0,0,0,2000,0,-2000
78,B_diversified_top10,2,0,0,0,2000,0,-2000
79,B_diversified_top10,2,0,0,0,2000,0,-2000
80,B_diversified_top10,2,0,0,0,2000,0,-2000
81,B_diversified_top10,1,0,0,0,2000,0,-2000
82,B_diversified_top10,3,1,0,0,2000,1100,-900
83,B_diversified_top10,2,0,0,0,2000,0,-2000
84,B_diversified_top10,2,0,0,0,2000,0,-2000
85,B_diversified_top10,3,1,0,0,2000,1000,-1000
86,B_diversified_top10,2,0,0,0,2000,0,-2000
87,B_diversified_top10,3,1,0,0,2000,800,-1200
88,B_diversified_top10,2,0,0,0,2000,0,-2000
89,B_diversified_top10,1,0,0,0,2000,0,-2000
90,B_diversified_top10,2,0,0,0,2000,0,-2000
91,B_diversified_top10,2,0,0,0,2000,0,-2000
92,B_diversified_top10,2,0,0,0,2000,0,-2000
93,B_diversified_top10,2,0,0,0,2000,0,-2000
94,B_diversified_top10,3,1,0,0,2000,1400,-600
95,B_diversified_top10,2,0,0,0,2000,0,-2000
96,B_diversified_top10,2,0,0,0,2000,0,-2000
97,B_diversified_top10,2,0,0,0,2000,0,-2000
98,B_diversified_top10,2,0,0,0,2000,0,-2000
99,B_diversified_top10,2,0,0,0,2000,0,-2000
100,B_diversified_top10,3,1,0,0,2000,1200,-800
101,B_diversified_top10,2,0,0,0,2000,0,-2000
102,B_diversified_top10,3,2,0,0,2000,1800,-200
103,B_diversified_top10,2,0,0,0,2000,0,-2000
104,B_diversified_top10,2,0,0,0,2000,0,-2000
105,B_diversified_top10,2,0,0,0,2000,0,-2000
106,B_diversified_top10,2,0,0,0,2000,0,-2000
107,B_diversified_top10,2,0,0,0,2000,0,-2000
108,B_diversified_top10,2,0,0,0,2000,0,-2000
109,B_diversified_top10,2,0,0,0,2000,0,-2000
110,B_diversified_top10,2,0,0,0,2000,0,-2000
111,B_diversified_top10,3,1,0,0,2000,1100,-900
112,B_diversified_top10,2,0,0,0,2000,0,-2000
113,B_diversified_top10,2,0,0,0,2000,0,-2000
114,B_diversified_top10,2,0,0,0,2000,0,-2000
115,B_diversified_top10,2,0,0,0,2000,0,-2000
116,B_diversified_top10,2,0,0,0,2000,0,-2000
117,B_diversified_top10,3,1,0,0,2000,700,-1300
118,B_diversified_top10,2,0,0,0,2000,0,-2000
119,B_diversified_top10,2,0,0,0,2000,0,-2000
120,B_diversified_top10,2,0,0,0,2000,0,-2000
121,B_diversified_top10,1,0,0,0,2000,0,-2000
122,B_diversified_top10,3,1,0,0,2000,1200,-800
123,B_diversified_top10,2,0,0,0,2000,0,-2000
124,B_diversified_top10,3,1,0,0,2000,800,-1200
125,B_diversified_top10,3,1,0,0,2000,1100,-900
126,B_diversified_top10,2,0,0,0,2000,0,-2000
127,B_diversified_top10,2,0,0,0,2000,0,-2000
128,B_diversified_top10,2,0,0,0,2000,0,-2000
129,B_diversified_top10,2,0,0,0,2000,0,-2000
130,B_diversified_top10,2,0,0,0,2000,0,-2000
131,B_diversified_top10,2,0,0,0,2000,0,-2000
132,B_diversified_top10,3,1,0,0,2000,900,-1100
133,B_diversified_top10,2,0,0,0,2000,0,-2000
134,B_diversified_top10,2,0,0,0,2000,0,-2000
135,B_diversified_top10,2,0,0,0,2000,0,-2000
136,B_diversified_top10,2,0,0,0,2000,0,-2000
137,B_diversified_top10,1,0,0,0,2000,0,-2000
138,B_diversified_top10,2,0,0,0,2000,0,-2000
139,B_diversified_top10,2,0,0,0,2000,0,-2000
140,B_diversified_top10,4,1,1,0,2000,13100,11100
141,B_diversified_top10,2,0,0,0,2000,0,-2000
142,B_diversified_top10,2,0,0,0,2000,0,-2000
143,B_diversified_top10,2,0,0,0,2000,0,-2000
144,B_diversified_top10,2,0,0,0,2000,0,-2000
145,B_diversified_top10,2,0,0,0,2000,0,-2000
146,B_diversified_top10,2,0,0,0,2000,0,-2000
147,B_diversified_top10,2,0,0,0,2000,0,-2000
148,B_diversified_top10,2,0,0,0,2000,0,-2000
149,B_diversified_top10,2,0,0,0,2000,0,-2000
150,B_diversified_top10,2,0,0,0,2000,0,-2000
151,B_diversified_top10,2,0,0,0,2000,0,-2000
152,B_diversified_top10,3,1,0,0,2000,900,-1100
153,B_diversified_top10,2,0,0,0,2000,0,-2000
154,B_diversified_top10,3,1,0,0,2000,1100,-900
155,B_diversified_top10,1,0,0,0,2000,0,-2000
156,B_diversified_top10,2,0,0,0,2000,0,-2000
157,B_diversified_top10,2,0,0,0,2000,0,-2000
158,B_diversified_top10,2,0,0,0,2000,0,-2000
159,B_diversified_top10,2,0,0,0,2000,0,-2000
160,B_diversified_top10,1,0,0,0,2000,0,-2000
161,B_diversified_top10,3,1,0,0,2000,1000,-1000
162,B_diversified_top10,2,0,0,0,2000,0,-2000
163,B_diversified_top10,3,2,0,0,2000,1800,-200
164,B_diversified_top10,2,0,0,0,2000,0,-2000
165,B_diversified_top10,2,0,0,0,2000,0,-2000
166,B_diversified_top10,2,0,0,0,2000,0,-2000
167,B_diversified_top10,2,0,0,0,2000,0,-2000
168,B_diversified_top10,2,0,0,0,2000,0,-2000
169,B_diversified_top10,2,0,0,0,2000,0,-2000
170,B_diversified_top10,2,0,0,0,2000,0,-2000
171,B_diversified_top10,2,0,0,0,2000,0,-2000
172,B_diversified_top10,2,0,0,0,2000,0,-2000
173,B_diversified_top10,3,1,0,0,2000,1000,-1000
174,B_diversified_top10,1,0,0,0,2000,0,-2000
175,B_diversified_top10,2,0,0,0,2000,0,-2000
176,B_diversified_top10,2,0,0,0,2000,0,-2000
177,B_diversified_top10,2,0,0,0,2000,0,-2000
178,B_diversified_top10,3,1,0,0,2000,1100,-900
179,B_diversified_top10,2,0,0,0,2000,0,-2000
180,B_diversified_top10,1,0,0,0,2000,0,-2000
181,B_diversified_top10,2,0,0,0,2000,0,-2000
182,B_diversified_top10,2,0,0,0,2000,0,-2000
183,B_diversified_top10,3,1,0,0,2000,800,-1200
184,B_diversified_top10,3,1,0,0,2000,1000,-1000
185,B_diversified_top10,2,0,0,0,2000,0,-2000
186,B_diversified_top10,2,0,0,0,2000,0,-2000
187,B_diversified_top10,2,0,0,0,2000,0,-2000
188,B_diversified_top10,2,0,0,0,2000,0,-2000
189,B_diversified_top10,2,0,0,0,2000,0,-2000
190,B_diversified_top10,2,0,0,0,2000,0,-2000
191,B_diversified_top10,2,0,0,0,2000,0,-2000
192,B_diversified_top10,2,0,0,0,2000,0,-2000
193,B_diversified_top10,2,0,0,0,2000,0,-2000
194,B_diversified_top10,1,0,0,0,2000,0,-2000
195,B_diversified_top10,1,0,0,0,2000,0,-2000
196,B_diversified_top10,2,0,0,0,2000,0,-2000
197,B_diversified_top10,3,1,0,0,2000,1200,-800
198,B_diversified_top10,3,1,0,0,2000,1000,-1000
199,B_diversified_top10,3,1,0,0,2000,1300,-700
200,B_diversified_top10,2,0,0,0,2000,0,-2000
201,B_diversified_top10,1,0,0,0,2000,0,-2000
202,B_diversified_top10,1,0,0,0,2000,0,-2000
203,B_diversified_top10,2,0,0,0,2000,0,-2000
204,B_diversified_top10,2,0,0,0,2000,0,-2000
205,B_diversified_top10,2,0,0,0,2000,0,-2000
206,B_diversified_top10,2,0,0,0,2000,0,-2000
207,B_diversified_top10,3,1,0,0,2000,900,-1100
208,B_diversified_top10,1,0,0,0,2000,0,-2000
209,B_diversified_top10,3,1,0,0,2000,900,-1100
210,B_diversified_top10,3,1,0,0,2000,1000,-1000
211,B_diversified_top10,2,0,0,0,2000,0,-2000
212,B_diversified_top10,2,0,0,0,2000,0,-2000
213,B_diversified_top10,2,0,0,0,2000,0,-2000
214,B_diversified_top10,3,1,0,0,2000,700,-1300
215,B_diversified_top10,3,1,0,0,2000,1000,-1000
216,B_diversified_top10,2,0,0,0,2000,0,-2000
217,B_diversified_top10,1,0,0,0,2000,0,-2000
218,B_diversified_top10,2,0,0,0,2000,0,-2000
219,B_diversified_top10,2,0,0,0,2000,0,-2000
220,B_diversified_top10,2,0,0,0,2000,0,-2000
221,B_diversified_top10,2,0,0,0,2000,0,-2000
222,B_diversified_top10,2,0,0,0,2000,0,-2000
223,B_diversified_top10,1,0,0,0,2000,0,-2000
224,B_diversified_top10,2,0,0,0,2000,0,-2000
225,B_diversified_top10,1,0,0,0,2000,0,-2000
226,B_diversified_top10,2,0,0,0,2000,0,-2000
227,B_diversified_top10,2,0,0,0,2000,0,-2000
228,B_diversified_top10,3,1,0,0,2000,1000,-1000
229,B_diversified_top10,1,0,0,0,2000,0,-2000
230,B_diversified_top10,2,0,0,0,2000,0,-2000
231,B_diversified_top10,2,0,0,0,2000,0,-2000
232,B_diversified_top10,2,0,0,0,2000,0,-2000
233,B_diversified_top10,2,0,0,0,2000,0,-2000
234,B_diversified_top10,3,1,0,0,2000,900,-1100
235,B_diversified_top10,2,0,0,0,2000,0,-2000
236,B_diversified_top10,2,0,0,0,2000,0,-2000
237,B_diversified_top10,2,0,0,0,2000,0,-2000
238,B_diversified_top10,2,0,0,0,2000,0,-2000
239,B_diversified_top10,1,0,0,0,2000,0,-2000
240,B_diversified_top10,1,0,0,0,2000,0,-2000
241,B_diversified_top10,2,0,0,0,2000,0,-2000
242,B_diversified_top10,2,0,0,0,2000,0,-2000
243,B_diversified_top10,1,0,0,0,2000,0,-2000
244,B_diversified_top10,2,0,0,0,2000,0,-2000
245,B_diversified_top10,3,1,0,0,2000,1000,-1000
246,B_diversified_top10,1,0,0,0,2000,0,-2000
247,B_diversified_top10,3,1,0,0,2000,1000,-1000
248,B_diversified_top10,3,2,0,0,2000,1400,-600
249,B_diversified_top10,3,1,0,0,2000,1000,-1000
250,B_diversified_top10,2,0,0,0,2000,0,-2000
251,B_diversified_top10,2,0,0,0,2000,0,-2000
252,B_diversified_top10,1,0,0,0,2000,0,-2000
253,B_diversified_top10,1,0,0,0,2000,0,-2000
254,B_diversified_top10,2,0,0,0,2000,0,-2000
255,B_diversified_top10,2,0,0,0,2000,0,-2000
256,B_diversified_top10,3,1,0,0,2000,900,-1100
257,B_diversified_top10,2,0,0,0,2000,0,-2000
258,B_diversified_top10,1,0,0,0,2000,0,-2000
259,B_diversified_top10,2,0,0,0,2000,0,-2000
260,B_diversified_top10,2,0,0,0,2000,0,-2000
261,B_diversified_top10,2,0,0,0,2000,0,-2000
262,B_diversified_top10,2,0,0,0,2000,0,-2000
263,B_diversified_top10,2,0,0,0,2000,0,-2000
264,B_diversified_top10,2,0,0,0,2000,0,-2000
265,B_diversified_top10,2,0,0,0,2000,0,-2000
266,B_diversified_top10,2,0,0,0,2000,0,-2000
267,B_diversified_top10,2,0,0,0,2000,0,-2000
268,B_diversified_top10,2,0,0,0,2000,0,-2000
269,B_diversified_top10,2,0,0,0,2000,0,-2000
270,B_diversified_top10,1,0,0,0,2000,0,-2000
271,B_diversified_top10,2,0,0,0,2000,0,-2000
272,B_diversified_top10,2,0,0,0,2000,0,-2000
273,B_diversified_top10,1,0,0,0,2000,0,-2000
274,B_diversified_top10,3,1,0,0,2000,1000,-1000
275,B_diversified_top10,2,0,0,0,2000,0,-2000
276,B_diversified_top10,2,0,0,0,2000,0,-2000
277,B_diversified_top10,2,0,0,0,2000,0,-2000
278,B_diversified_top10,2,0,0,0,2000,0,-2000
279,B_diversified_top10,2,0,0,0,2000,0,-2000
280,B_diversified_top10,2,0,0,0,2000,0,-2000
281,B_diversified_top10,3,1,0,0,2000,800,-1200
282,B_diversified_top10,1,0,0,0,2000,0,-2000
283,B_diversified_top10,2,0,0,0,2000,0,-2000
284,B_diversified_top10,3,1,0,0,2000,1000,-1000
285,B_diversified_top10,2,0,0,0,2000,0,-2000
286,B_diversified_top10,2,0,0,0,2000,0,-2000
287,B_diversified_top10,1,0,0,0,2000,0,-2000
288,B_diversified_top10,2,0,0,0,2000,0,-2000
289,B_diversified_top10,2,0,0,0,2000,0,-2000
290,B_diversified_top10,2,0,0,0,2000,0,-2000
291,B_diversified_top10,2,0,0,0,2000,0,-2000
292,B_diversified_top10,2,0,0,0,2000,0,-2000
293,B_diversified_top10,2,0,0,0,2000,0,-2000
294,B_diversified_top10,2,0,0,0,2000,0,-2000
295,B_diversified_top10,3,1,0,0,2000,800,-1200
296,B_diversified_top10,2,0,0,0,2000,0,-2000
297,B_diversified_top10,2,0,0,0,2000,0,-2000
298,B_diversified_top10,2,0,0,0,2000,0,-2000
299,B_diversified_top10,2,0,0,0,2000,0,-2000
300,B_diversified_top10,2,0,0,0,2000,0,-2000
301,B_diversified_top10,3,1,0,0,2000,800,-1200
302,B_diversified_top10,3,1,0,0,2000,1200,-800
303,B_diversified_top10,2,0,0,0,2000,0,-2000
304,B_diversified_top10,2,0,0,0,2000,0,-2000
305,B_diversified_top10,2,0,0,0,2000,0,-2000
306,B_diversified_top10,2,0,0,0,2000,0,-2000
307,B_diversified_top10,2,0,0,0,2000,0,-2000
308,B_diversified_top10,2,0,0,0,2000,0,-2000
309,B_diversified_top10,2,0,0,0,2000,0,-2000
310,B_diversified_top10,1,0,0,0,2000,0,-2000
311,B_diversified_top10,2,0,0,0,2000,0,-2000
312,B_diversified_top10,3,1,0,0,2000,900,-1100
313,B_diversified_top10,2,0,0,0,2000,0,-2000
314,B_diversified_top10,2,0,0,0,2000,0,-2000
315,B_diversified_top10,2,0,0,0,2000,0,-2000
316,B_diversified_top10,2,0,0,0,2000,0,-2000
317,B_diversified_top10,2,0,0,0,2000,0,-2000
318,B_diversified_top10,2,0,0,0,2000,0,-2000
319,B_diversified_top10,2,0,0,0,2000,0,-2000
320,B_diversified_top10,2,0,0,0,2000,0,-2000
321,B_diversified_top10,2,0,0,0,2000,0,-2000
322,B_diversified_top10,2,0,0,0,2000,0,-2000
323,B_diversified_top10,2,0,0,0,2000,0,-2000
324,B_diversified_top10,3,1,0,0,2000,1000,-1000
325,B_diversified_top10,1,0,0,0,2000,0,-2000
326,B_diversified_top10,2,0,0,0,2000,0,-2000
327,B_diversified_top10,2,0,0,0,2000,0,-2000
328,B_diversified_top10,2,0,0,0,2000,0,-2000
329,B_diversified_top10,3,1,0,0,2000,900,-1100
330,B_diversified_top10,2,0,0,0,2000,0,-2000
331,B_diversified_top10,2,0,0,0,2000,0,-2000
332,B_diversified_top10,2,0,0,0,2000,0,-2000
333,B_diversified_top10,2,0,0,0,2000,0,-2000
334,B_diversified_top10,2,0,0,0,2000,0,-2000
335,B_diversified_top10,2,0,0,0,2000,0,-2000
336,B_diversified_top10,2,0,0,0,2000,0,-2000
337,B_diversified_top10,2,0,0,0,2000,0,-2000
338,B_diversified_top10,3,1,0,0,2000,1100,-900
339,B_diversified_top10,3,2,0,0,2000,1600,-400
340,B_diversified_top10,2,0,0,0,2000,0,-2000
341,B_diversified_top10,2,0,0,0,2000,0,-2000
342,B_diversified_top10,3,1,0,0,2000,1000,-1000
343,B_diversified_top10,1,0,0,0,2000,0,-2000
344,B_diversified_top10,2,0,0,0,2000,0,-2000
345,B_diversified_top10,2,0,0,0,2000,0,-2000
346,B_diversified_top10,2,0,0,0,2000,0,-2000
347,B_diversified_top10,2,0,0,0,2000,0,-2000
348,B_diversified_top10,2,0,0,0,2000,0,-2000
349,B_diversified_top10,2,0,0,0,2000,0,-2000
350,B_diversified_top10,2,0,0,0,2000,0,-2000
351,B_diversified_top10,2,0,0,0,2000,0,-2000
352,B_diversified_top10,2,0,0,0,2000,0,-2000
353,B_diversified_top10,3,1,0,0,2000,800,-1200
354,B_diversified_top10,4,1,1,0,2000,10000,8000
355,B_diversified_top10,2,0,0,0,2000,0,-2000
356,B_diversified_top10,3,1,0,0,2000,800,-1200
357,B_diversified_top10,2,0,0,0,2000,0,-2000
358,B_diversified_top10,2,0,0,0,2000,0,-2000
359,B_diversified_top10,2,0,0,0,2000,0,-2000
360,B_diversified_top10,2,0,0,0,2000,0,-2000
361,B_diversified_top10,2,0,0,0,2000,0,-2000
362,B_diversified_top10,2,0,0,0,2000,0,-2000
363,B_diversified_top10,2,0,0,0,2000,0,-2000
364,B_diversified_top10,2,0,0,0,2000,0,-2000
365,B_diversified_top10,2,0,0,0,2000,0,-2000
366,B_diversified_top10,2,0,0,0,2000,0,-2000
367,B_diversified_top10,3,1,0,0,2000,900,-1100
368,B_diversified_top10,1,0,0,0,2000,0,-2000
369,B_diversified_top10,1,0,0,0,2000,0,-2000
370,B_diversified_top10,2,0,0,0,2000,0,-2000
371,B_diversified_top10,2,0,0,0,2000,0,-2000
372,B_diversified_top10,2,0,0,0,2000,0,-2000
373,B_diversified_top10,2,0,0,0,2000,0,-2000
374,B_diversified_top10,1,0,0,0,2000,0,-2000
375,B_diversified_top10,2,0,0,0,2000,0,-2000
376,B_diversified_top10,2,0,0,0,2000,0,-2000
377,B_diversified_top10,1,0,0,0,2000,0,-2000
378,B_diversified_top10,2,0,0,0,2000,0,-2000
379,B_diversified_top10,2,0,0,0,2000,0,-2000
380,B_diversified_top10,2,0,0,0,2000,0,-2000
381,B_diversified_top10,2,0,0,0,2000,0,-2000
382,B_diversified_top10,2,0,0,0,2000,0,-2000
383,B_diversified_top10,2,0,0,0,2000,0,-2000
384,B_diversified_top10,3,1,0,0,2000,900,-1100
385,B_diversified_top10,3,1,0,0,2000,1000,-1000
386,B_diversified_top10,2,0,0,0,2000,0,-2000
387,B_diversified_top10,2,0,0,0,2000,0,-2000
388,B_diversified_top10,1,0,0,0,2000,0,-2000
389,B_diversified_top10,2,0,0,0,2000,0,-2000
390,B_diversified_top10,3,1,0,0,2000,800,-1200
391,B_diversified_top10,2,0,0,0,2000,0,-2000
392,B_diversified_top10,2,0,0,0,2000,0,-2000
393,B_diversified_top10,2,0,0,0,2000,0,-2000
394,B_diversified_top10,2,0,0,0,2000,0,-2000
395,B_diversified_top10,2,0,0,0,2000,0,-2000
396,B_diversified_top10,2,0,0,0,2000,0,-2000
397,B_diversified_top10,2,0,0,0,2000,0,-2000
398,B_diversified_top10,2,0,0,0,2000,0,-2000
399,B_diversified_top10,3,1,0,0,2000,800,-1200
400,B_diversified_top10,1,0,0,0,2000,0,-2000
401,B_diversified_top10,2,0,0,0,2000,0,-2000
402,B_diversified_top10,2,0,0,0,2000,0,-2000
403,B_diversified_top10,2,0,0,0,2000,0,-2000
404,B_diversified_top10,2,0,0,0,2000,0,-2000
405,B_diversified_top10,3,1,0,0,2000,800,-1200
406,B_diversified_top10,2,0,0,0,2000,0,-2000
407,B_diversified_top10,2,0,0,0,2000,0,-2000
408,B_diversified_top10,2,0,0,0,2000,0,-2000
409,B_diversified_top10,2,0,0,0,2000,0,-2000
410,B_diversified_top10,2,0,0,0,2000,0,-2000
411,B_diversified_top10,2,0,0,0,2000,0,-2000
412,B_diversified_top10,1,0,0,0,2000,0,-2000
413,B_diversified_top10,2,0,0,0,2000,0,-2000
414,B_diversified_top10,3,1,0,0,2000,900,-1100
415,B_diversified_top10,3,1,0,0,2000,800,-1200
416,B_diversified_top10,3,1,0,0,2000,900,-1100
417,B_diversified_top10,2,0,0,0,2000,0,-2000
418,B_diversified_top10,2,0,0,0,2000,0,-2000
419,B_diversified_top10,2,0,0,0,2000,0,-2000
420,B_diversified_top10,2,0,0,0,2000,0,-2000
421,B_diversified_top10,2,0,0,0,2000,0,-2000
422,B_diversified_top10,2,0,0,0,2000,0,-2000
423,B_diversified_top10,2,0,0,0,2000,0,-2000
424,B_diversified_top10,2,0,0,0,2000,0,-2000
425,B_diversified_top10,2,0,0,0,2000,0,-2000
426,B_diversified_top10,3,1,0,0,2000,1000,-1000
427,B_diversified_top10,2,0,0,0,2000,0,-2000
428,B_diversified_top10,2,0,0,0,2000,0,-2000
429,B_diversified_top10,2,0,0,0,2000,0,-2000
430,B_diversified_top10,1,0,0,0,2000,0,-2000
431,B_diversified_top10,3,1,0,0,2000,1000,-1000
432,B_diversified_top10,3,1,0,0,2000,900,-1100
433,B_diversified_top10,3,1,0,0,2000,1100,-900
434,B_diversified_top10,2,0,0,0,2000,0,-2000
435,B_diversified_top10,2,0,0,0,2000,0,-2000
436,B_diversified_top10,3,1,0,0,2000,900,-1100
437,B_diversified_top10,2,0,0,0,2000,0,-2000
438,B_diversified_top10,3,1,0,0,2000,1200,-800
439,B_diversified_top10,2,0,0,0,2000,0,-2000
440,B_diversified_top10,2,0,0,0,2000,0,-2000
441,B_diversified_top10,1,0,0,0,2000,0,-2000
442,B_diversified_top10,2,0,0,0,2000,0,-2000
443,B_diversified_top10,2,0,0,0,2000,0,-2000
444,B_diversified_top10,2,0,0,0,2000,0,-2000
445,B_diversified_top10,3,1,0,0,2000,1100,-900
446,B_diversified_top10,2,0,0,0,2000,0,-2000
447,B_diversified_top10,2,0,0,0,2000,0,-2000
448,B_diversified_top10,2,0,0,0,2000,0,-2000
449,B_diversified_top10,3,1,0,0,2000,900,-1100
450,B_diversified_top10,3,1,0,0,2000,800,-1200
451,B_diversified_top10,2,0,0,0,2000,0,-2000
452,B_diversified_top10,2,0,0,0,2000,0,-2000
453,B_diversified_top10,2,0,0,0,2000,0,-2000
454,B_diversified_top10,2,0,0,0,2000,0,-2000
455,B_diversified_top10,3,1,0,0,2000,1200,-800
456,B_diversified_top10,2,0,0,0,2000,0,-2000
457,B_diversified_top10,2,0,0,0,2000,0,-2000
458,B_diversified_top10,2,0,0,0,2000,0,-2000
459,B_diversified_top10,2,0,0,0,2000,0,-2000
460,B_diversified_top10,3,1,0,0,2000,800,-1200
461,B_diversified_top10,2,0,0,0,2000,0,-2000
462,B_diversified_top10,1,0,0,0,2000,0,-2000
463,B_diversified_top10,2,0,0,0,2000,0,-2000
464,B_diversified_top10,1,0,0,0,2000,0,-2000
465,B_diversified_top10,1,0,0,0,2000,0,-2000
466,B_diversified_top10,2,0,0,0,2000,0,-2000
467,B_diversified_top10,1,0,0,0,2000,0,-2000
468,B_diversified_top10,2,0,0,0,2000,0,-2000
469,B_diversified_top10,2,0,0,0,2000,0,-2000
470,B_diversified_top10,2,0,0,0,2000,0,-2000
471,B_diversified_top10,2,0,0,0,2000,0,-2000
472,B_diversified_top10,3,1,0,0,2000,1100,-900
473,B_diversified_top10,2,0,0,0,2000,0,-2000
474,B_diversified_top10,2,0,0,0,2000,0,-2000
475,B_diversified_top10,3,1,0,0,2000,900,-1100
476,B_diversified_top10,2,0,0,0,2000,0,-2000
477,B_diversified_top10,2,0,0,0,2000,0,-2000
478,B_diversified_top10,1,0,0,0,2000,0,-2000
479,B_diversified_top10,2,0,0,0,2000,0,-2000
480,B_diversified_top10,3,1,0,0,2000,1000,-1000
481,B_diversified_top10,2,0,0,0,2000,0,-2000
482,B_diversified_top10,2,0,0,0,2000,0,-2000
483,B_diversified_top10,2,0,0,0,2000,0,-2000
484,B_diversified_top10,2,0,0,0,2000,0,-2000
485,B_diversified_top10,2,0,0,0,2000,0,-2000
486,B_diversified_top10,1,0,0,0,2000,0,-2000
487,B_diversified_top10,3,1,0,0,2000,1100,-900
488,B_diversified_top10,2,0,0,0,2000,0,-2000
489,B_diversified_top10,2,0,0,0,2000,0,-2000
490,B_diversified_top10,2,0,0,0,2000,0,-2000
491,B_diversified_top10,2,0,0,0,2000,0,-2000
492,B_diversified_top10,2,0,0,0,2000,0,-2000
493,B_diversified_top10,1,0,0,0,2000,0,-2000
494,B_diversified_top10,2,0,0,0,2000,0,-2000
495,B_diversified_top10,2,0,0,0,2000,0,-2000
496,B_diversified_top10,2,0,0,0,2000,0,-2000
497,B_diversified_top10,3,1,0,0,2000,1100,-900
498,B_diversified_top10,2,0,0,0,2000,0,-2000
499,B_diversified_top10,2,0,0,0,2000,0,-2000
500,B_diversified_top10,2,0,0,0,2000,0,-2000
501,B_diversified_top10,2,0,0,0,2000,0,-2000
502,B_diversified_top10,2,0,0,0,2000,0,-2000
503,B_diversified_top10,1,0,0,0,2000,0,-2000
504,B_diversified_top10,2,0,0,0,2000,0,-2000
505,B_diversified_top10,2,0,0,0,2000,0,-2000
506,B_diversified_top10,3,1,0,0,2000,900,-1100
507,B_diversified_top10,2,0,0,0,2000,0,-2000
508,B_diversified_top10,2,0,0,0,2000,0,-2000
509,B_diversified_top10,3,1,0,0,2000,900,-1100
510,B_diversified_top10,2,0,0,0,2000,0,-2000
511,B_diversified_top10,2,0,0,0,2000,0,-2000
512,B_diversified_top10,3,1,0,0,2000,900,-1100
513,B_diversified_top10,2,0,0,0,2000,0,-2000
514,B_diversified_top10,2,0,0,0,2000,0,-2000
515,B_diversified_top10,2,0,0,0,2000,0,-2000
516,B_diversified_top10,2,0,0,0,2000,0,-2000
517,B_diversified_top10,2,0,0,0,2000,0,-2000
518,B_diversified_top10,2,0,0,0,2000,0,-2000
519,B_diversified_top10,1,0,0,0,2000,0,-2000
520,B_diversified_top10,3,1,0,0,2000,900,-1100
521,B_diversified_top10,2,0,0,0,2000,0,-2000
522,B_diversified_top10,2,0,0,0,2000,0,-2000
523,B_diversified_top10,3,1,0,0,2000,900,-1100
524,B_diversified_top10,4,1,1,0,2000,10500,8500
525,B_diversified_top10,2,0,0,0,2000,0,-2000
526,B_diversified_top10,3,1,0,0,2000,1100,-900
527,B_diversified_top10,2,0,0,0,2000,0,-2000
528,B_diversified_top10,3,1,0,0,2000,1000,-1000
529,B_diversified_top10,2,0,0,0,2000,0,-2000
530,B_diversified_top10,2,0,0,0,2000,0,-2000
531,B_diversified_top10,3,1,0,0,2000,1000,-1000
532,B_diversified_top10,3,1,0,0,2000,900,-1100
533,B_diversified_top10,2,0,0,0,2000,0,-2000
534,B_diversified_top10,2,0,0,0,2000,0,-2000
535,B_diversified_top10,3,1,0,0,2000,1100,-900
536,B_diversified_top10,3,1,0,0,2000,1100,-900
537,B_diversified_top10,2,0,0,0,2000,0,-2000
538,B_diversified_top10,2,0,0,0,2000,0,-2000
539,B_diversified_top10,2,0,0,0,2000,0,-2000
540,B_diversified_top10,2,0,0,0,2000,0,-2000
541,B_diversified_top10,2,0,0,0,2000,0,-2000
542,B_diversified_top10,2,0,0,0,2000,0,-2000
543,B_diversified_top10,2,0,0,0,2000,0,-2000
544,B_diversified_top10,2,0,0,0,2000,0,-2000
545,B_diversified_top10,3,1,0,0,2000,1100,-900
546,B_diversified_top10,2,0,0,0,2000,0,-2000
547,B_diversified_top10,3,1,0,0,2000,1100,-900
548,B_diversified_top10,2,0,0,0,2000,0,-2000
549,B_diversified_top10,1,0,0,0,2000,0,-2000
550,B_diversified_top10,2,0,0,0,2000,0,-2000
551,B_diversified_top10,2,0,0,0,2000,0,-2000
552,B_diversified_top10,3,1,0,0,2000,800,-1200
553,B_diversified_top10,2,0,0,0,2000,0,-2000
554,B_diversified_top10,3,1,0,0,2000,1000,-1000
555,B_diversified_top10,2,0,0,0,2000,0,-2000
556,B_diversified_top10,2,0,0,0,2000,0,-2000
557,B_diversified_top10,1,0,0,0,2000,0,-2000
558,B_diversified_top10,3,1,0,0,2000,900,-1100
559,B_diversified_top10,1,0,0,0,2000,0,-2000
560,B_diversified_top10,3,1,0,0,2000,900,-1100
561,B_diversified_top10,2,0,0,0,2000,0,-2000
562,B_diversified_top10,2,0,0,0,2000,0,-2000
563,B_diversified_top10,2,0,0,0,2000,0,-2000
564,B_diversified_top10,1,0,0,0,2000,0,-2000
565,B_diversified_top10,1,0,0,0,2000,0,-2000
566,B_diversified_top10,3,2,0,0,2000,1600,-400
567,B_diversified_top10,2,0,0,0,2000,0,-2000
568,B_diversified_top10,2,0,0,0,2000,0,-2000
569,B_diversified_top10,2,0,0,0,2000,0,-2000
570,B_diversified_top10,2,0,0,0,2000,0,-2000
571,B_diversified_top10,2,0,0,0,2000,0,-2000
572,B_diversified_top10,2,0,0,0,2000,0,-2000
573,B_diversified_top10,1,0,0,0,2000,0,-2000
574,B_diversified_top10,2,0,0,0,2000,0,-2000
575,B_diversified_top10,2,0,0,0,2000,0,-2000
576,B_diversified_top10,2,0,0,0,2000,0,-2000
577,B_diversified_top10,1,0,0,0,2000,0,-2000
578,B_diversified_top10,2,0,0,0,2000,0,-2000
579,B_diversified_top10,2,0,0,0,2000,0,-2000
580,B_diversified_top10,2,0,0,0,2000,0,-2000
581,B_diversified_top10,1,0,0,0,2000,0,-2000
582,B_diversified_top10,2,0,0,0,2000,0,-2000
583,B_diversified_top10,1,0,0,0,2000,0,-2000
584,B_diversified_top10,2,0,0,0,2000,0,-2000
585,B_diversified_top10,2,0,0,0,2000,0,-2000
586,B_diversified_top10,1,0,0,0,2000,0,-2000
587,B_diversified_top10,2,0,0,0,2000,0,-2000
588,B_diversified_top10,2,0,0,0,2000,0,-2000
589,B_diversified_top10,2,0,0,0,2000,0,-2000
590,B_diversified_top10,2,0,0,0,2000,0,-2000
591,B_diversified_top10,2,0,0,0,2000,0,-2000
592,B_diversified_top10,2,0,0,0,2000,0,-2000
593,B_diversified_top10,2,0,0,0,2000,0,-2000
594,B_diversified_top10,3,1,0,0,2000,900,-1100
595,B_diversified_top10,2,0,0,0,2000,0,-2000
596,B_diversified_top10,2,0,0,0,2000,0,-2000
597,B_diversified_top10,2,0,0,0,2000,0,-2000
598,B_diversified_top10,2,0,0,0,2000,0,-2000
599,B_diversified_top10,3,1,0,0,2000,800,-1200
600,B_diversified_top10,2,0,0,0,2000,0,-2000
601,B_diversified_top10,3,1,0,0,2000,1000,-1000
602,B_diversified_top10,2,0,0,0,2000,0,-2000
603,B_diversified_top10,2,0,0,0,2000,0,-2000
604,B_diversified_top10,1,0,0,0,2000,0,-2000
605,B_diversified_top10,4,1,1,0,2000,8900,6900
606,B_diversified_top10,2,0,0,0,2000,0,-2000
607,B_diversified_top10,2,0,0,0,2000,0,-2000
608,B_diversified_top10,1,0,0,0,2000,0,-2000
609,B_diversified_top10,2,0,0,0,2000,0,-2000
610,B_diversified_top10,2,0,0,0,2000,0,-2000
611,B_diversified_top10,2,0,0,0,2000,0,-2000
612,B_diversified_top10,2,0,0,0,2000,0,-2000
613,B_diversified_top10,1,0,0,0,2000,0,-2000
614,B_diversified_top10,2,0,0,0,2000,0,-2000
615,B_diversified_top10,2,0,0,0,2000,0,-2000
616,B_diversified_top10,2,0,0,0,2000,0,-2000
617,B_diversified_top10,2,0,0,0,2000,0,-2000
618,B_diversified_top10,3,1,0,0,2000,1000,-1000
619,B_diversified_top10,2,0,0,0,2000,0,-2000
620,B_diversified_top10,1,0,0,0,2000,0,-2000
621,B_diversified_top10,2,0,0,0,2000,0,-2000
622,B_diversified_top10,2,0,0,0,2000,0,-2000
623,B_diversified_top10,2,0,0,0,2000,0,-2000
624,B_diversified_top10,1,0,0,0,2000,0,-2000
625,B_diversified_top10,2,0,0,0,2000,0,-2000
626,B_diversified_top10,2,0,0,0,2000,0,-2000
627,B_diversified_top10,1,0,0,0,2000,0,-2000
628,B_diversified_top10,2,0,0,0,2000,0,-2000
629,B_diversified_top10,2,0,0,0,2000,0,-2000
630,B_diversified_top10,2,0,0,0,2000,0,-2000
631,B_diversified_top10,3,1,0,0,2000,1000,-1000
632,B_diversified_top10,3,1,0,0,2000,900,-1100
633,B_diversified_top10,2,0,0,0,2000,0,-2000
634,B_diversified_top10,2,0,0,0,2000,0,-2000
635,B_diversified_top10,3,1,0,0,2000,1000,-1000
636,B_diversified_top10,2,0,0,0,2000,0,-2000
637,B_diversified_top10,3,1,0,0,2000,1000,-1000
638,B_diversified_top10,2,0,0,0,2000,0,-2000
639,B_diversified_top10,2,0,0,0,2000,0,-2000
640,B_diversified_top10,1,0,0,0,2000,0,-2000
641,B_diversified_top10,2,0,0,0,2000,0,-2000
642,B_diversified_top10,2,0,0,0,2000,0,-2000
643,B_diversified_top10,3,1,0,0,2000,1000,-1000
644,B_diversified_top10,2,0,0,0,2000,0,-2000
645,B_diversified_top10,2,0,0,0,2000,0,-2000
646,B_diversified_top10,2,0,0,0,2000,0,-2000
647,B_diversified_top10,2,0,0,0,2000,0,-2000
648,B_diversified_top10,2,0,0,0,2000,0,-2000
649,B_diversified_top10,1,0,0,0,2000,0,-2000
650,B_diversified_top10,2,0,0,0,2000,0,-2000
651,B_diversified_top10,2,0,0,0,2000,0,-2000
652,B_diversified_top10,2,0,0,0,2000,0,-2000
653,B_diversified_top10,2,0,0,0,2000,0,-2000
654,B_diversified_top10,2,0,0,0,2000,0,-2000
655,B_diversified_top10,4,1,1,0,2000,9900,7900
656,B_diversified_top10,2,0,0,0,2000,0,-2000
657,B_diversified_top10,3,1,0,0,2000,900,-1100
658,B_diversified_top10,3,1,0,0,2000,800,-1200
659,B_diversified_top10,2,0,0,0,2000,0,-2000
660,B_diversified_top10,2,0,0,0,2000,0,-2000
661,B_diversified_top10,2,0,0,0,2000,0,-2000
662,B_diversified_top10,2,0,0,0,2000,0,-2000
663,B_diversified_top10,3,1,0,0,2000,1100,-900
664,B_diversified_top10,2,0,0,0,2000,0,-2000
665,B_diversified_top10,2,0,0,0,2000,0,-2000
666,B_diversified_top10,3,1,0,0,2000,900,-1100
667,B_diversified_top10,3,1,0,0,2000,1000,-1000
668,B_diversified_top10,2,0,0,0,2000,0,-2000
669,B_diversified_top10,2,0,0,0,2000,0,-2000
670,B_diversified_top10,2,0,0,0,2000,0,-2000
671,B_diversified_top10,2,0,0,0,2000,0,-2000
672,B_diversified_top10,2,0,0,0,2000,0,-2000
673,B_diversified_top10,1,0,0,0,2000,0,-2000
674,B_diversified_top10,2,0,0,0,2000,0,-2000
675,B_diversified_top10,2,0,0,0,2000,0,-2000
676,B_diversified_top10,2,0,0,0,2000,0,-2000
677,B_diversified_top10,2,0,0,0,2000,0,-2000
678,B_diversified_top10,2,0,0,0,2000,0,-2000
679,B_diversified_top10,2,0,0,0,2000,0,-2000
680,B_diversified_top10,1,0,0,0,2000,0,-2000
681,B_diversified_top10,1,0,0,0,2000,0,-2000
682,B_diversified_top10,2,0,0,0,2000,0,-2000
683,B_diversified_top10,2,0,0,0,2000,0,-2000
684,B_diversified_top10,3,1,0,0,2000,1000,-1000
685,B_diversified_top10,2,0,0,0,2000,0,-2000
686,B_diversified_top10,2,0,0,0,2000,0,-2000
687,B_diversified_top10,2,0,0,0,2000,0,-2000
688,B_diversified_top10,2,0,0,0,2000,0,-2000
689,B_diversified_top10,2,0,0,0,2000,0,-2000
690,B_diversified_top10,1,0,0,0,2000,0,-2000
691,B_diversified_top10,1,0,0,0,2000,0,-2000
692,B_diversified_top10,2,0,0,0,2000,0,-2000
693,B_diversified_top10,2,0,0,0,2000,0,-2000
694,B_diversified_top10,2,0,0,0,2000,0,-2000
695,B_diversified_top10,2,0,0,0,2000,0,-2000
696,B_diversified_top10,3,1,0,0,2000,900,-1100
697,B_diversified_top10,2,0,0,0,2000,0,-2000
698,B_diversified_top10,1,0,0,0,2000,0,-2000
699,B_diversified_top10,2,0,0,0,2000,0,-2000
700,B_diversified_top10,2,0,0,0,2000,0,-2000
701,B_diversified_top10,2,0,0,0,2000,0,-2000
702,B_diversified_top10,2,0,0,0,2000,0,-2000
703,B_diversified_top10,2,0,0,0,2000,0,-2000
704,B_diversified_top10,3,1,0,0,2000,900,-1100
705,B_diversified_top10,1,0,0,0,2000,0,-2000
706,B_diversified_top10,2,0,0,0,2000,0,-2000
707,B_diversified_top10,3,1,0,0,2000,900,-1100
708,B_diversified_top10,2,0,0,0,2000,0,-2000
709,B_diversified_top10,1,0,0,0,2000,0,-2000
710,B_diversified_top10,3,1,0,0,2000,1000,-1000
711,B_diversified_top10,2,0,0,0,2000,0,-2000
712,B_diversified_top10,3,1,0,0,2000,900,-1100
713,B_diversified_top10,2,0,0,0,2000,0,-2000
714,B_diversified_top10,2,0,0,0,2000,0,-2000
715,B_diversified_top10,2,0,0,0,2000,0,-2000
716,B_diversified_top10,2,0,0,0,2000,0,-2000
717,B_diversified_top10,2,0,0,0,2000,0,-2000
718,B_diversified_top10,1,0,0,0,2000,0,-2000
719,B_diversified_top10,3,1,0,0,2000,900,-1100
720,B_diversified_top10,2,0,0,0,2000,0,-2000
721,B_diversified_top10,2,0,0,0,2000,0,-2000
722,B_diversified_top10,2,0,0,0,2000,0,-2000
723,B_diversified_top10,2,0,0,0,2000,0,-2000
724,B_diversified_top10,3,1,0,0,2000,900,-1100
725,B_diversified_top10,2,0,0,0,2000,0,-2000
726,B_diversified_top10,3,1,0,0,2000,1100,-900
727,B_diversified_top10,2,0,0,0,2000,0,-2000
728,B_diversified_top10,2,0,0,0,2000,0,-2000
729,B_diversified_top10,1,0,0,0,2000,0,-2000
730,B_diversified_top10,2,0,0,0,2000,0,-2000
731,B_diversified_top10,3,1,0,0,2000,1000,-1000
732,B_diversified_top10,2,0,0,0,2000,0,-2000
733,B_diversified_top10,2,0,0,0,2000,0,-2000
734,B_diversified_top10,1,0,0,0,2000,0,-2000
735,B_diversified_top10,2,0,0,0,2000,0,-2000
736,B_diversified_top10,3,1,0,0,2000,1100,-900
737,B_diversified_top10,2,0,0,0,2000,0,-2000
738,B_diversified_top10,2,0,0,0,2000,0,-2000
739,B_diversified_top10,2,0,0,0,2000,0,-2000
740,B_diversified_top10,3,1,0,0,2000,1000,-1000
741,B_diversified_top10,2,0,0,0,2000,0,-2000
742,B_diversified_top10,2,0,0,0,2000,0,-2000
743,B_diversified_top10,1,0,0,0,2000,0,-2000
744,B_diversified_top10,1,0,0,0,2000,0,-2000
745,B_diversified_top10,2,0,0,0,2000,0,-2000
746,B_diversified_top10,1,0,0,0,2000,0,-2000
747,B_diversified_top10,2,0,0,0,2000,0,-2000
748,B_diversified_top10,2,0,0,0,2000,0,-2000
749,B_diversified_top10,2,0,0,0,2000,0,-2000
750,B_diversified_top10,2,0,0,0,2000,0,-2000
751,B_diversified_top10,3,1,0,0,2000,1000,-1000
752,B_diversified_top10,2,0,0,0,2000,0,-2000
753,B_diversified_top10,3,1,0,0,2000,1000,-1000
754,B_diversified_top10,3,1,0,0,2000,800,-1200
755,B_diversified_top10,2,0,0,0,2000,0,-2000
756,B_diversified_top10,2,0,0,0,2000,0,-2000
757,B_diversified_top10,2,0,0,0,2000,0,-2000
758,B_diversified_top10,2,0,0,0,2000,0,-2000
759,B_diversified_top10,3,1,0,0,2000,900,-1100
760,B_diversified_top10,3,1,0,0,2000,1000,-1000
761,B_diversified_top10,2,0,0,0,2000,0,-2000
762,B_diversified_top10,2,0,0,0,2000,0,-2000
763,B_diversified_top10,3,1,0,0,2000,800,-1200
764,B_diversified_top10,2,0,0,0,2000,0,-2000
765,B_diversified_top10,2,0,0,0,2000,0,-2000
766,B_diversified_top10,2,0,0,0,2000,0,-2000
767,B_diversified_top10,2,0,0,0,2000,0,-2000
768,B_diversified_top10,2,0,0,0,2000,0,-2000
769,B_diversified_top10,2,0,0,0,2000,0,-2000
770,B_diversified_top10,2,0,0,0,2000,0,-2000
771,B_diversified_top10,2,0,0,0,2000,0,-2000
772,B_diversified_top10,2,0,0,0,2000,0,-2000
773,B_diversified_top10,2,0,0,0,2000,0,-2000
774,B_diversified_top10,3,1,0,0,2000,1100,-900
775,B_diversified_top10,2,0,0,0,2000,0,-2000
776,B_diversified_top10,2,0,0,0,2000,0,-2000
777,B_diversified_top10,2,0,0,0,2000,0,-2000
778,B_diversified_top10,2,0,0,0,2000,0,-2000
779,B_diversified_top10,2,0,0,0,2000,0,-2000
780,B_diversified_top10,2,0,0,0,2000,0,-2000
781,B_diversified_top10,1,0,0,0,2000,0,-2000
782,B_diversified_top10,2,0,0,0,2000,0,-2000
783,B_diversified_top10,2,0,0,0,2000,0,-2000
784,B_diversified_top10,2,0,0,0,2000,0,-2000
785,B_diversified_top10,2,0,0,0,2000,0,-2000
786,B_diversified_top10,1,0,0,0,2000,0,-2000
787,B_diversified_top10,2,0,0,0,2000,0,-2000
788,B_diversified_top10,2,0,0,0,2000,0,-2000
789,B_diversified_top10,2,0,0,0,2000,0,-2000
790,B_diversified_top10,2,0,0,0,2000,0,-2000
791,B_diversified_top10,2,0,0,0,2000,0,-2000
792,B_diversified_top10,2,0,0,0,2000,0,-2000
793,B_diversified_top10,3,2,0,0,2000,2000,0
794,B_diversified_top10,2,0,0,0,2000,0,-2000
795,B_diversified_top10,3,1,0,0,2000,800,-1200
796,B_diversified_top10,2,0,0,0,2000,0,-2000
797,B_diversified_top10,2,0,0,0,2000,0,-2000
798,B_diversified_top10,1,0,0,0,2000,0,-2000
799,B_diversified_top10,2,0,0,0,2000,0,-2000
800,B_diversified_top10,2,0,0,0,2000,0,-2000
801,B_diversified_top10,2,0,0,0,2000,0,-2000
802,B_diversified_top10,2,0,0,0,2000,0,-2000
803,B_diversified_top10,1,0,0,0,2000,0,-2000
804,B_diversified_top10,1,0,0,0,2000,0,-2000
805,B_diversified_top10,2,0,0,0,2000,0,-2000
806,B_diversified_top10,1,0,0,0,2000,0,-2000
807,B_diversified_top10,2,0,0,0,2000,0,-2000
808,B_diversified_top10,2,0,0,0,2000,0,-2000
809,B_diversified_top10,2,0,0,0,2000,0,-2000
810,B_diversified_top10,3,1,0,0,2000,900,-1100
811,B_diversified_top10,2,0,0,0,2000,0,-2000
812,B_diversified_top10,1,0,0,0,2000,0,-2000
813,B_diversified_top10,2,0,0,0,2000,0,-2000
814,B_diversified_top10,2,0,0,0,2000,0,-2000
815,B_diversified_top10,2,0,0,0,2000,0,-2000
816,B_diversified_top10,3,1,0,0,2000,900,-1100
817,B_diversified_top10,2,0,0,0,2000,0,-2000
818,B_diversified_top10,2,0,0,0,2000,0,-2000
819,B_diversified_top10,2,0,0,0,2000,0,-2000
820,B_diversified_top10,2,0,0,0,2000,0,-2000
821,B_diversified_top10,2,0,0,0,2000,0,-2000
822,B_diversified_top10,3,1,0,0,2000,900,-1100
823,B_diversified_top10,3,1,0,0,2000,900,-1100
824,B_diversified_top10,2,0,0,0,2000,0,-2000
825,B_diversified_top10,2,0,0,0,2000,0,-2000
826,B_diversified_top10,2,0,0,0,2000,0,-2000
827,B_diversified_top10,1,0,0,0,2000,0,-2000
828,B_diversified_top10,2,0,0,0,2000,0,-2000
829,B_diversified_top10,2,0,0,0,2000,0,-2000
830,B_diversified_top10,2,0,0,0,2000,0,-2000
831,B_diversified_top10,2,0,0,0,2000,0,-2000
832,B_diversified_top10,2,0,0,0,2000,0,-2000
833,B_diversified_top10,2,0,0,0,2000,0,-2000
834,B_diversified_top10,2,0,0,0,2000,0,-2000
835,B_diversified_top10,2,0,0,0,2000,0,-2000
836,B_diversified_top10,2,0,0,0,2000,0,-2000
837,B_diversified_top10,2,0,0,0,2000,0,-2000
838,B_diversified_top10,2,0,0,0,2000,0,-2000
839,B_diversified_top10,2,0,0,0,2000,0,-2000
840,B_diversified_top10,2,0,0,0,2000,0,-2000
841,B_diversified_top10,3,1,0,0,2000,900,-1100
842,B_diversified_top10,3,1,0,0,2000,1100,-900
843,B_diversified_top10,2,0,0,0,2000,0,-2000
844,B_diversified_top10,2,0,0,0,2000,0,-2000
845,B_diversified_top10,1,0,0,0,2000,0,-2000
846,B_diversified_top10,2,0,0,0,2000,0,-2000
847,B_diversified_top10,3,1,0,0,2000,1100,-900
848,B_diversified_top10,3,1,0,0,2000,1000,-1000
849,B_diversified_top10,2,0,0,0,2000,0,-2000
850,B_diversified_top10,3,1,0,0,2000,1200,-800
851,B_diversified_top10,3,1,0,0,2000,1100,-900
852,B_diversified_top10,3,1,0,0,2000,900,-1100
853,B_diversified_top10,2,0,0,0,2000,0,-2000
854,B_diversified_top10,2,0,0,0,2000,0,-2000
855,B_diversified_top10,3,1,0,0,2000,900,-1100
856,B_diversified_top10,2,0,0,0,2000,0,-2000
857,B_diversified_top10,3,1,0,0,2000,1000,-1000
858,B_diversified_top10,2,0,0,0,2000,0,-2000
859,B_diversified_top10,3,2,0,0,2000,2200,200
860,B_diversified_top10,3,1,0,0,2000,1000,-1000
861,B_diversified_top10,2,0,0,0,2000,0,-2000
862,B_diversified_top10,2,0,0,0,2000,0,-2000
863,B_diversified_top10,2,0,0,0,2000,0,-2000
864,B_diversified_top10,2,0,0,0,2000,0,-2000
865,B_diversified_top10,1,0,0,0,2000,0,-2000
866,B_diversified_top10,3,1,0,0,2000,1000,-1000
867,B_diversified_top10,1,0,0,0,2000,0,-2000
868,B_diversified_top10,2,0,0,0,2000,0,-2000
869,B_diversified_top10,2,0,0,0,2000,0,-2000
870,B_diversified_top10,2,0,0,0,2000,0,-2000
871,B_diversified_top10,2,0,0,0,2000,0,-2000
872,B_diversified_top10,3,1,0,0,2000,900,-1100
873,B_diversified_top10,2,0,0,0,2000,0,-2000
874,B_diversified_top10,3,2,0,0,2000,2000,0
875,B_diversified_top10,3,1,0,0,2000,700,-1300
876,B_diversified_top10,2,0,0,0,2000,0,-2000
877,B_diversified_top10,2,0,0,0,2000,0,-2000
878,B_diversified_top10,1,0,0,0,2000,0,-2000
879,B_diversified_top10,3,1,0,0,2000,1000,-1000
880,B_diversified_top10,2,0,0,0,2000,0,-2000
881,B_diversified_top10,1,0,0,0,2000,0,-2000
882,B_diversified_top10,2,0,0,0,2000,0,-2000
883,B_diversified_top10,3,1,0,0,2000,1200,-800
884,B_diversified_top10,2,0,0,0,2000,0,-2000
885,B_diversified_top10,2,0,0,0,2000,0,-2000
886,B_diversified_top10,2,0,0,0,2000,0,-2000
887,B_diversified_top10,2,0,0,0,2000,0,-2000
888,B_diversified_top10,2,0,0,0,2000,0,-2000
889,B_diversified_top10,2,0,0,0,2000,0,-2000
890,B_diversified_top10,3,2,0,0,2000,1800,-200
891,B_diversified_top10,2,0,0,0,2000,0,-2000
892,B_diversified_top10,2,0,0,0,2000,0,-2000
893,B_diversified_top10,2,0,0,0,2000,0,-2000
894,B_diversified_top10,3,1,0,0,2000,1000,-1000
895,B_diversified_top10,2,0,0,0,2000,0,-2000
896,B_diversified_top10,2,0,0,0,2000,0,-2000
897,B_diversified_top10,2,0,0,0,2000,0,-2000
898,B_diversified_top10,2,0,0,0,2000,0,-2000
899,B_diversified_top10,3,1,0,0,2000,1100,-900
900,B_diversified_top10,2,0,0,0,2000,0,-2000
901,B_diversified_top10,3,1,0,0,2000,1000,-1000
902,B_diversified_top10,2,0,0,0,2000,0,-2000
903,B_diversified_top10,3,1,0,0,2000,1000,-1000
904,B_diversified_top10,3,1,0,0,2000,900,-1100
905,B_diversified_top10,3,2,0,0,2000,1800,-200
906,B_diversified_top10,3,1,0,0,2000,900,-1100
907,B_diversified_top10,2,0,0,0,2000,0,-2000
908,B_diversified_top10,3,1,0,0,2000,1100,-900
909,B_diversified_top10,2,0,0,0,2000,0,-2000
910,B_diversified_top10,3,1,0,0,2000,1100,-900
911,B_diversified_top10,2,0,0,0,2000,0,-2000
912,B_diversified_top10,2,0,0,0,2000,0,-2000
913,B_diversified_top10,2,0,0,0,2000,0,-2000
914,B_diversified_top10,3,1,0,0,2000,900,-1100
915,B_diversified_top10,2,0,0,0,2000,0,-2000
916,B_diversified_top10,2,0,0,0,2000,0,-2000
917,B_diversified_top10,2,0,0,0,2000,0,-2000
918,B_diversified_top10,3,1,0,0,2000,1200,-800
919,B_diversified_top10,2,0,0,0,2000,0,-2000
920,B_diversified_top10,2,0,0,0,2000,0,-2000
921,B_diversified_top10,2,0,0,0,2000,0,-2000
922,B_diversified_top10,3,1,0,0,2000,1000,-1000
923,B_diversified_top10,2,0,0,0,2000,0,-2000
924,B_diversified_top10,2,0,0,0,2000,0,-2000
925,B_diversified_top10,2,0,0,0,2000,0,-2000
926,B_diversified_top10,2,0,0,0,2000,0,-2000
927,B_diversified_top10,2,0,0,0,2000,0,-2000
928,B_diversified_top10,2,0,0,0,2000,0,-2000
929,B_diversified_top10,1,0,0,0,2000,0,-2000
930,B_diversified_top10,2,0,0,0,2000,0,-2000
931,B_diversified_top10,2,0,0,0,2000,0,-2000
932,B_diversified_top10,2,0,0,0,2000,0,-2000
933,B_diversified_top10,3,3,0,0,2000,3000,1000
934,B_diversified_top10,3,2,0,0,2000,1600,-400
935,B_diversified_top10,2,0,0,0,2000,0,-2000
936,B_diversified_top10,2,0,0,0,2000,0,-2000
937,B_diversified_top10,2,0,0,0,2000,0,-2000
938,B_diversified_top10,1,0,0,0,2000,0,-2000
939,B_diversified_top10,2,0,0,0,2000,0,-2000
940,B_diversified_top10,2,0,0,0,2000,0,-2000
941,B_diversified_top10,2,0,0,0,2000,0,-2000
942,B_diversified_top10,2,0,0,0,2000,0,-2000
943,B_diversified_top10,2,0,0,0,2000,0,-2000
944,B_diversified_top10,2,0,0,0,2000,0,-2000
945,B_diversified_top10,2,0,0,0,2000,0,-2000
946,B_diversified_top10,2,0,0,0,2000,0,-2000
947,B_diversified_top10,2,0,0,0,2000,0,-2000
948,B_diversified_top10,2,0,0,0,2000,0,-2000
949,B_diversified_top10,2,0,0,0,2000,0,-2000
950,B_diversified_top10,2,0,0,0,2000,0,-2000
951,B_diversified_top10,2,0,0,0,2000,0,-2000
952,B_diversified_top10,2,0,0,0,2000,0,-2000
953,B_diversified_top10,1,0,0,0,2000,0,-2000
954,B_diversified_top10,2,0,0,0,2000,0,-2000
955,B_diversified_top10,2,0,0,0,2000,0,-2000
956,B_diversified_top10,2,0,0,0,2000,0,-2000
957,B_diversified_top10,3,2,0,0,2000,2200,200
958,B_diversified_top10,2,0,0,0,2000,0,-2000
959,B_diversified_top10,2,0,0,0,2000,0,-2000
960,B_diversified_top10,3,1,0,0,2000,1000,-1000
961,B_diversified_top10,1,0,0,0,2000,0,-2000
962,B_diversified_top10,3,1,0,0,2000,800,-1200
963,B_diversified_top10,3,1,0,0,2000,800,-1200
964,B_diversified_top10,2,0,0,0,2000,0,-2000
965,B_diversified_top10,1,0,0,0,2000,0,-2000
966,B_diversified_top10,1,0,0,0,2000,0,-2000
967,B_diversified_top10,1,0,0,0,2000,0,-2000
968,B_diversified_top10,1,0,0,0,2000,0,-2000
969,B_diversified_top10,2,0,0,0,2000,0,-2000
970,B_diversified_top10,2,0,0,0,2000,0,-2000
971,B_diversified_top10,2,0,0,0,2000,0,-2000
972,B_diversified_top10,2,0,0,0,2000,0,-2000
973,B_diversified_top10,2,0,0,0,2000,0,-2000
974,B_diversified_top10,3,1,0,0,2000,1000,-1000
975,B_diversified_top10,2,0,0,0,2000,0,-2000
976,B_diversified_top10,3,1,0,0,2000,1000,-1000
977,B_diversified_top10,2,0,0,0,2000,0,-2000
978,B_diversified_top10,1,0,0,0,2000,0,-2000
979,B_diversified_top10,3,1,0,0,2000,1200,-800
980,B_diversified_top10,3,1,0,0,2000,1000,-1000
981,B_diversified_top10,2,0,0,0,2000,0,-2000
982,B_diversified_top10,2,0,0,0,2000,0,-2000
983,B_diversified_top10,2,0,0,0,2000,0,-2000
984,B_diversified_top10,2,0,0,0,2000,0,-2000
985,B_diversified_top10,2,0,0,0,2000,0,-2000
986,B_diversified_top10,2,0,0,0,2000,0,-2000
987,B_diversified_top10,1,0,0,0,2000,0,-2000
988,B_diversified_top10,2,0,0,0,2000,0,-2000
989,B_diversified_top10,1,0,0,0,2000,0,-2000
990,B_diversified_top10,1,0,0,0,2000,0,-2000
991,B_diversified_top10,2,0,0,0,2000,0,-2000
992,B_diversified_top10,3,1,0,0,2000,1300,-700
993,B_diversified_top10,3,1,0,0,2000,1100,-900
994,B_diversified_top10,2,0,0,0,2000,0,-2000
995,B_diversified_top10,4,1,1,0,2000,10600,8600
996,B_diversified_top10,2,0,0,0,2000,0,-2000
997,B_diversified_top10,1,0,0,0,2000,0,-2000
998,B_diversified_top10,2,0,0,0,2000,0,-2000
999,B_diversified_top10,2,0,0,0,2000,0,-2000
1000,B_diversified_top10,3,1,0,0,2000,900,-1100
1001,B_diversified_top10,2,0,0,0,2000,0,-2000
1002,B_diversified_top10,2,0,0,0,2000,0,-2000
1003,B_diversified_top10,1,0,0,0,2000,0,-2000
1004,B_diversified_top10,2,0,0,0,2000,0,-2000
1005,B_diversified_top10,2,0,0,0,2000,0,-2000
1006,B_diversified_top10,3,1,0,0,2000,1000,-1000
1007,B_diversified_top10,2,0,0,0,2000,0,-2000
1008,B_diversified_top10,2,0,0,0,2000,0,-2000
1009,B_diversified_top10,1,0,0,0,2000,0,-2000
1010,B_diversified_top10,2,0,0,0,2000,0,-2000
1011,B_diversified_top10,3,1,0,0,2000,1100,-900
1012,B_diversified_top10,2,0,0,0,2000,0,-2000
1013,B_diversified_top10,2,0,0,0,2000,0,-2000
1014,B_diversified_top10,2,0,0,0,2000,0,-2000
1015,B_diversified_top10,2,0,0,0,2000,0,-2000
1016,B_diversified_top10,3,1,0,0,2000,1000,-1000
1017,B_diversified_top10,2,0,0,0,2000,0,-2000
1018,B_diversified_top10,2,0,0,0,2000,0,-2000
1019,B_diversified_top10,1,0,0,0,2000,0,-2000
1020,B_diversified_top10,2,0,0,0,2000,0,-2000
1021,B_diversified_top10,2,0,0,0,2000,0,-2000
1022,B_diversified_top10,1,0,0,0,2000,0,-2000
1023,B_diversified_top10,2,0,0,0,2000,0,-2000
1024,B_diversified_top10,2,0,0,0,2000,0,-2000
1025,B_diversified_top10,1,0,0,0,2000,0,-2000
1026,B_diversified_top10,2,0,0,0,2000,0,-2000
1027,B_diversified_top10,1,0,0,0,2000,0,-2000
1028,B_diversified_top10,2,0,0,0,2000,0,-2000
1029,B_diversified_top10,2,0,0,0,2000,0,-2000
1030,B_diversified_top10,3,1,0,0,2000,1300,-700
1031,B_diversified_top10,3,1,0,0,2000,800,-1200
1032,B_diversified_top10,2,0,0,0,2000,0,-2000
1033,B_diversified_top10,2,0,0,0,2000,0,-2000
1034,B_diversified_top10,1,0,0,0,2000,0,-2000
1035,B_diversified_top10,2,0,0,0,2000,0,-2000
1036,B_diversified_top10,3,1,0,0,2000,900,-1100
1037,B_diversified_top10,1,0,0,0,2000,0,-2000
1038,B_diversified_top10,2,0,0,0,2000,0,-2000
1039,B_diversified_top10,3,1,0,0,2000,1000,-1000
1040,B_diversified_top10,3,1,0,0,2000,900,-1100
1041,B_diversified_top10,2,0,0,0,2000,0,-2000
1042,B_diversified_top10,2,0,0,0,2000,0,-2000
1043,B_diversified_top10,2,0,0,0,2000,0,-2000
1044,B_diversified_top10,2,0,0,0,2000,0,-2000
1045,B_diversified_top10,2,0,0,0,2000,0,-2000
1046,B_diversified_top10,2,0,0,0,2000,0,-2000
1047,B_diversified_top10,3,1,0,0,2000,900,-1100
1048,B_diversified_top10,2,0,0,0,2000,0,-2000
1049,B_diversified_top10,2,0,0,0,2000,0,-2000
1050,B_diversified_top10,3,1,0,0,2000,900,-1100
1051,B_diversified_top10,1,0,0,0,2000,0,-2000
1052,B_diversified_top10,3,1,0,0,2000,900,-1100
1053,B_diversified_top10,2,0,0,0,2000,0,-2000
1054,B_diversified_top10,2,0,0,0,2000,0,-2000
1055,B_diversified_top10,2,0,0,0,2000,0,-2000
1056,B_diversified_top10,2,0,0,0,2000,0,-2000
1057,B_diversified_top10,2,0,0,0,2000,0,-2000
1058,B_diversified_top10,2,0,0,0,2000,0,-2000
1059,B_diversified_top10,2,0,0,0,2000,0,-2000
1060,B_diversified_top10,2,0,0,0,2000,0,-2000
1061,B_diversified_top10,3,1,0,0,2000,800,-1200
1062,B_diversified_top10,2,0,0,0,2000,0,-2000
1063,B_diversified_top10,2,0,0,0,2000,0,-2000
1064,B_diversified_top10,2,0,0,0,2000,0,-2000
1065,B_diversified_top10,2,0,0,0,2000,0,-2000
1066,B_diversified_top10,2,0,0,0,2000,0,-2000
1067,B_diversified_top10,2,0,0,0,2000,0,-2000
1068,B_diversified_top10,3,1,0,0,2000,1000,-1000
1069,B_diversified_top10,2,0,0,0,2000,0,-2000
1070,B_diversified_top10,2,0,0,0,2000,0,-2000
1071,B_diversified_top10,2,0,0,0,2000,0,-2000
1072,B_diversified_top10,2,0,0,0,2000,0,-2000
1073,B_diversified_top10,3,1,0,0,2000,1000,-1000
1074,B_diversified_top10,2,0,0,0,2000,0,-2000
1075,B_diversified_top10,2,0,0,0,2000,0,-2000
1076,B_diversified_top10,2,0,0,0,2000,0,-2000
1077,B_diversified_top10,2,0,0,0,2000,0,-2000
1078,B_diversified_top10,2,0,0,0,2000,0,-2000
1079,B_diversified_top10,3,1,0,0,2000,900,-1100
1080,B_diversified_top10,2,0,0,0,2000,0,-2000
1081,B_diversified_top10,2,0,0,0,2000,0,-2000
1082,B_diversified_top10,3,1,0,0,2000,1100,-900
1083,B_diversified_top10,3,1,0,0,2000,1100,-900
1084,B_diversified_top10,1,0,0,0,2000,0,-2000
1085,B_diversified_top10,3,1,0,0,2000,1000,-1000
1086,B_diversified_top10,1,0,0,0,2000,0,-2000
1087,B_diversified_top10,2,0,0,0,2000,0,-2000
1088,B_diversified_top10,2,0,0,0,2000,0,-2000
1089,B_diversified_top10,2,0,0,0,2000,0,-2000
1090,B_diversified_top10,2,0,0,0,2000,0,-2000
1091,B_diversified_top10,3,1,0,0,2000,1100,-900
1092,B_diversified_top10,1,0,0,0,2000,0,-2000
1093,B_diversified_top10,2,0,0,0,2000,0,-2000
1094,B_diversified_top10,2,0,0,0,2000,0,-2000
1095,B_diversified_top10,2,0,0,0,2000,0,-2000
1096,B_diversified_top10,3,1,0,0,2000,1100,-900
1097,B_diversified_top10,1,0,0,0,2000,0,-2000
1098,B_diversified_top10,2,0,0,0,2000,0,-2000
1099,B_diversified_top10,2,0,0,0,2000,0,-2000
1100,B_diversified_top10,2,0,0,0,2000,0,-2000
1101,B_diversified_top10,1,0,0,0,2000,0,-2000
1102,B_diversified_top10,2,0,0,0,2000,0,-2000
1103,B_diversified_top10,2,0,0,0,2000,0,-2000
1104,B_diversified_top10,2,0,0,0,2000,0,-2000
1105,B_diversified_top10,3,1,0,0,2000,1000,-1000
1106,B_diversified_top10,2,0,0,0,2000,0,-2000
1107,B_diversified_top10,2,0,0,0,2000,0,-2000
1108,B_diversified_top10,2,0,0,0,2000,0,-2000
1109,B_diversified_top10,2,0,0,0,2000,0,-2000
1110,B_diversified_top10,2,0,0,0,2000,0,-2000
1111,B_diversified_top10,2,0,0,0,2000,0,-2000
1112,B_diversified_top10,2,0,0,0,2000,0,-2000
1113,B_diversified_top10,2,0,0,0,2000,0,-2000
1114,B_diversified_top10,3,1,0,0,2000,1000,-1000
1115,B_diversified_top10,2,0,0,0,2000,0,-2000
1116,B_diversified_top10,3,1,0,0,2000,1000,-1000
1117,B_diversified_top10,2,0,0,0,2000,0,-2000
1118,B_diversified_top10,2,0,0,0,2000,0,-2000
1119,B_diversified_top10,1,0,0,0,2000,0,-2000
1120,B_diversified_top10,2,0,0,0,2000,0,-2000
1121,B_diversified_top10,2,0,0,0,2000,0,-2000
1122,B_diversified_top10,3,1,0,0,2000,1000,-1000
1123,B_diversified_top10,2,0,0,0,2000,0,-2000
1124,B_diversified_top10,1,0,0,0,2000,0,-2000
1125,B_diversified_top10,2,0,0,0,2000,0,-2000
1126,B_diversified_top10,2,0,0,0,2000,0,-2000
1127,B_diversified_top10,3,2,0,0,2000,2000,0
1128,B_diversified_top10,2,0,0,0,2000,0,-2000
1129,B_diversified_top10,2,0,0,0,2000,0,-2000
1130,B_diversified_top10,2,0,0,0,2000,0,-2000
1131,B_diversified_top10,2,0,0,0,2000,0,-2000
1132,B_diversified_top10,3,1,0,0,2000,1000,-1000
1133,B_diversified_top10,1,0,0,0,2000,0,-2000
1134,B_diversified_top10,2,0,0,0,2000,0,-2000
1135,B_diversified_top10,2,0,0,0,2000,0,-2000
1136,B_diversified_top10,1,0,0,0,2000,0,-2000
1137,B_diversified_top10,1,0,0,0,2000,0,-2000
1138,B_diversified_top10,2,0,0,0,2000,0,-2000
1139,B_diversified_top10,1,0,0,0,2000,0,-2000
1140,B_diversified_top10,2,0,0,0,2000,0,-2000
1141,B_diversified_top10,2,0,0,0,2000,0,-2000
1142,B_diversified_top10,1,0,0,0,2000,0,-2000
1143,B_diversified_top10,1,0,0,0,2000,0,-2000
1144,B_diversified_top10,2,0,0,0,2000,0,-2000
1145,B_diversified_top10,3,1,0,0,2000,1000,-1000
1146,B_diversified_top10,3,1,0,0,2000,900,-1100
1147,B_diversified_top10,3,1,0,0,2000,800,-1200
1148,B_diversified_top10,1,0,0,0,2000,0,-2000
1149,B_diversified_top10,2,0,0,0,2000,0,-2000
1150,B_diversified_top10,3,1,0,0,2000,1100,-900
1151,B_diversified_top10,3,1,0,0,2000,1100,-900
1152,B_diversified_top10,2,0,0,0,2000,0,-2000
1153,B_diversified_top10,2,0,0,0,2000,0,-2000
1154,B_diversified_top10,2,0,0,0,2000,0,-2000
1155,B_diversified_top10,3,1,0,0,2000,1200,-800
1156,B_diversified_top10,2,0,0,0,2000,0,-2000
1157,B_diversified_top10,2,0,0,0,2000,0,-2000
1158,B_diversified_top10,2,0,0,0,2000,0,-2000
1159,B_diversified_top10,3,2,0,0,2000,2000,0
1160,B_diversified_top10,2,0,0,0,2000,0,-2000
1161,B_diversified_top10,2,0,0,0,2000,0,-2000
1162,B_diversified_top10,2,0,0,0,2000,0,-2000
1163,B_diversified_top10,2,0,0,0,2000,0,-2000
1164,B_diversified_top10,1,0,0,0,2000,0,-2000
1165,B_diversified_top10,2,0,0,0,2000,0,-2000
1166,B_diversified_top10,2,0,0,0,2000,0,-2000
1167,B_diversified_top10,1,0,0,0,2000,0,-2000
1168,B_diversified_top10,2,0,0,0,2000,0,-2000
1169,B_diversified_top10,2,0,0,0,2000,0,-2000
1170,B_diversified_top10,3,1,0,0,2000,1100,-900
1171,B_diversified_top10,2,0,0,0,2000,0,-2000
1172,B_diversified_top10,2,0,0,0,2000,0,-2000
1173,B_diversified_top10,3,1,0,0,2000,800,-1200
1174,B_diversified_top10,2,0,0,0,2000,0,-2000
1175,B_diversified_top10,2,0,0,0,2000,0,-2000
1176,B_diversified_top10,2,0,0,0,2000,0,-2000
1177,B_diversified_top10,2,0,0,0,2000,0,-2000
1178,B_diversified_top10,2,0,0,0,2000,0,-2000
1179,B_diversified_top10,2,0,0,0,2000,0,-2000
1180,B_diversified_top10,2,0,0,0,2000,0,-2000
1181,B_diversified_top10,2,0,0,0,2000,0,-2000
1182,B_diversified_top10,3,1,0,0,2000,1100,-900
1183,B_diversified_top10,2,0,0,0,2000,0,-2000
1184,B_diversified_top10,1,0,0,0,2000,0,-2000
1185,B_diversified_top10,2,0,0,0,2000,0,-2000
1186,B_diversified_top10,2,0,0,0,2000,0,-2000
1187,B_diversified_top10,2,0,0,0,2000,0,-2000
1188,B_diversified_top10,2,0,0,0,2000,0,-2000
1189,B_diversified_top10,2,0,0,0,2000,0,-2000
1190,B_diversified_top10,1,0,0,0,2000,0,-2000
1191,B_diversified_top10,2,0,0,0,2000,0,-2000
1192,B_diversified_top10,1,0,0,0,2000,0,-2000
1193,B_diversified_top10,2,0,0,0,2000,0,-2000
1194,B_diversified_top10,1,0,0,0,2000,0,-2000
1195,B_diversified_top10,2,0,0,0,2000,0,-2000
1196,B_diversified_top10,3,1,0,0,2000,1000,-1000
1197,B_diversified_top10,2,0,0,0,2000,0,-2000
1198,B_diversified_top10,2,0,0,0,2000,0,-2000
1199,B_diversified_top10,2,0,0,0,2000,0,-2000
1200,B_diversified_top10,2,0,0,0,2000,0,-2000
1201,B_diversified_top10,2,0,0,0,2000,0,-2000
1202,B_diversified_top10,3,1,0,0,2000,1000,-1000
1203,B_diversified_top10,2,0,0,0,2000,0,-2000
1204,B_diversified_top10,2,0,0,0,2000,0,-2000
1205,B_diversified_top10,2,0,0,0,2000,0,-2000
1206,B_diversified_top10,3,1,0,0,2000,900,-1100
1207,B_diversified_top10,2,0,0,0,2000,0,-2000
1208,B_diversified_top10,2,0,0,0,2000,0,-2000
1209,B_diversified_top10,2,0,0,0,2000,0,-2000
1210,B_diversified_top10,2,0,0,0,2000,0,-2000
1211,B_diversified_top10,2,0,0,0,2000,0,-2000
1212,B_diversified_top10,2,0,0,0,2000,0,-2000
1213,B_diversified_top10,2,0,0,0,2000,0,-2000
1214,B_diversified_top10,1,0,0,0,2000,0,-2000
1215,B_diversified_top10,2,0,0,0,2000,0,-2000
1216,B_diversified_top10,3,1,0,0,2000,1000,-1000
1217,B_diversified_top10,2,0,0,0,2000,0,-2000
1218,B_diversified_top10,2,0,0,0,2000,0,-2000
1219,B_diversified_top10,2,0,0,0,2000,0,-2000
1220,B_diversified_top10,2,0,0,0,2000,0,-2000
1221,B_diversified_top10,3,1,0,0,2000,1000,-1000
1222,B_diversified_top10,3,1,0,0,2000,1100,-900
1223,B_diversified_top10,2,0,0,0,2000,0,-2000
1224,B_diversified_top10,2,0,0,0,2000,0,-2000
1225,B_diversified_top10,3,1,0,0,2000,1100,-900
1226,B_diversified_top10,2,0,0,0,2000,0,-2000
1227,B_diversified_top10,2,0,0,0,2000,0,-2000
1228,B_diversified_top10,2,0,0,0,2000,0,-2000
1229,B_diversified_top10,2,0,0,0,2000,0,-2000
1230,B_diversified_top10,2,0,0,0,2000,0,-2000
1231,B_diversified_top10,1,0,0,0,2000,0,-2000
1232,B_diversified_top10,2,0,0,0,2000,0,-2000
1233,B_diversified_top10,2,0,0,0,2000,0,-2000
1234,B_diversified_top10,2,0,0,0,2000,0,-2000
1235,B_diversified_top10,1,0,0,0,2000,0,-2000
1236,B_diversified_top10,3,1,0,0,2000,1100,-900
1237,B_diversified_top10,2,0,0,0,2000,0,-2000
1238,B_diversified_top10,2,0,0,0,2000,0,-2000
1239,B_diversified_top10,2,0,0,0,2000,0,-2000
1240,B_diversified_top10,2,0,0,0,2000,0,-2000
1241,B_diversified_top10,1,0,0,0,2000,0,-2000
1242,B_diversified_top10,1,0,0,0,2000,0,-2000
1243,B_diversified_top10,2,0,0,0,2000,0,-2000
1244,B_diversified_top10,1,0,0,0,2000,0,-2000
1245,B_diversified_top10,2,0,0,0,2000,0,-2000
1246,B_diversified_top10,2,0,0,0,2000,0,-2000
1247,B_diversified_top10,1,0,0,0,2000,0,-2000
1248,B_diversified_top10,2,0,0,0,2000,0,-2000
1249,B_diversified_top10,3,1,0,0,2000,800,-1200
1250,B_diversified_top10,1,0,0,0,2000,0,-2000
1251,B_diversified_top10,2,0,0,0,2000,0,-2000
1252,B_diversified_top10,2,0,0,0,2000,0,-2000
1253,B_diversified_top10,2,0,0,0,2000,0,-2000
1254,B_diversified_top10,4,2,1,0,2000,8700,6700
1255,B_diversified_top10,2,0,0,0,2000,0,-2000
1256,B_diversified_top10,2,0,0,0,2000,0,-2000
1257,B_diversified_top10,2,0,0,0,2000,0,-2000
1258,B_diversified_top10,2,0,0,0,2000,0,-2000
1259,B_diversified_top10,2,0,0,0,2000,0,-2000
1260,B_diversified_top10,2,0,0,0,2000,0,-2000
1261,B_diversified_top10,2,0,0,0,2000,0,-2000
1262,B_diversified_top10,2,0,0,0,2000,0,-2000
1263,B_diversified_top10,2,0,0,0,2000,0,-2000
1264,B_diversified_top10,3,1,0,0,2000,900,-1100
1265,B_diversified_top10,4,1,1,0,2000,10100,8100
1266,B_diversified_top10,2,0,0,0,2000,0,-2000
1267,B_diversified_top10,3,1,0,0,2000,1100,-900
1268,B_diversified_top10,2,0,0,0,2000,0,-2000
1269,B_diversified_top10,2,0,0,0,2000,0,-2000
1270,B_diversified_top10,2,0,0,0,2000,0,-2000
1271,B_diversified_top10,2,0,0,0,2000,0,-2000
1272,B_diversified_top10,2,0,0,0,2000,0,-2000
1273,B_diversified_top10,2,0,0,0,2000,0,-2000
1274,B_diversified_top10,2,0,0,0,2000,0,-2000
1275,B_diversified_top10,1,0,0,0,2000,0,-2000
1276,B_diversified_top10,2,0,0,0,2000,0,-2000
1277,B_diversified_top10,2,0,0,0,2000,0,-2000
1278,B_diversified_top10,3,1,0,0,2000,900,-1100
1279,B_diversified_top10,2,0,0,0,2000,0,-2000
1280,B_diversified_top10,3,1,0,0,2000,1000,-1000
1281,B_diversified_top10,2,0,0,0,2000,0,-2000
1282,B_diversified_top10,2,0,0,0,2000,0,-2000
1283,B_diversified_top10,4,1,1,0,2000,9600,7600
1284,B_diversified_top10,2,0,0,0,2000,0,-2000
1285,B_diversified_top10,1,0,0,0,2000,0,-2000
1286,B_diversified_top10,2,0,0,0,2000,0,-2000
1287,B_diversified_top10,2,0,0,0,2000,0,-2000
1288,B_diversified_top10,1,0,0,0,2000,0,-2000
1289,B_diversified_top10,3,1,0,0,2000,1100,-900
1290,B_diversified_top10,2,0,0,0,2000,0,-2000
1291,B_diversified_top10,1,0,0,0,2000,0,-2000
1292,B_diversified_top10,2,0,0,0,2000,0,-2000
1293,B_diversified_top10,2,0,0,0,2000,0,-2000
1294,B_diversified_top10,2,0,0,0,2000,0,-2000
1295,B_diversified_top10,2,0,0,0,2000,0,-2000
1296,B_diversified_top10,3,1,0,0,2000,1000,-1000
1297,B_diversified_top10,1,0,0,0,2000,0,-2000
1298,B_diversified_top10,2,0,0,0,2000,0,-2000
1299,B_diversified_top10,2,0,0,0,2000,0,-2000
1300,B_diversified_top10,2,0,0,0,2000,0,-2000
1301,B_diversified_top10,2,0,0,0,2000,0,-2000
1302,B_diversified_top10,2,0,0,0,2000,0,-2000
1303,B_diversified_top10,1,0,0,0,2000,0,-2000
1304,B_diversified_top10,3,2,0,0,2000,2200,200
1305,B_diversified_top10,2,0,0,0,2000,0,-2000
1306,B_diversified_top10,2,0,0,0,2000,0,-2000
1307,B_diversified_top10,1,0,0,0,2000,0,-2000
1308,B_diversified_top10,1,0,0,0,2000,0,-2000
1309,B_diversified_top10,2,0,0,0,2000,0,-2000
1310,B_diversified_top10,3,2,0,0,2000,2000,0
1311,B_diversified_top10,2,0,0,0,2000,0,-2000
1312,B_diversified_top10,2,0,0,0,2000,0,-2000
1313,B_diversified_top10,2,0,0,0,2000,0,-2000
1314,B_diversified_top10,1,0,0,0,2000,0,-2000
1315,B_diversified_top10,2,0,0,0,2000,0,-2000
1316,B_diversified_top10,3,1,0,0,2000,800,-1200
1317,B_diversified_top10,3,1,0,0,2000,1100,-900
1318,B_diversified_top10,2,0,0,0,2000,0,-2000
1319,B_diversified_top10,2,0,0,0,2000,0,-2000
1320,B_diversified_top10,3,1,0,0,2000,800,-1200
1321,B_diversified_top10,1,0,0,0,2000,0,-2000
1322,B_diversified_top10,3,1,0,0,2000,1000,-1000
1323,B_diversified_top10,3,1,0,0,2000,900,-1100
1324,B_diversified_top10,2,0,0,0,2000,0,-2000
1325,B_diversified_top10,2,0,0,0,2000,0,-2000
1326,B_diversified_top10,2,0,0,0,2000,0,-2000
1327,B_diversified_top10,2,0,0,0,2000,0,-2000
1328,B_diversified_top10,2,0,0,0,2000,0,-2000
1329,B_diversified_top10,3,1,0,0,2000,900,-1100
1330,B_diversified_top10,2,0,0,0,2000,0,-2000
1331,B_diversified_top10,2,0,0,0,2000,0,-2000
1332,B_diversified_top10,1,0,0,0,2000,0,-2000
1333,B_diversified_top10,4,1,1,0,2000,7800,5800
1334,B_diversified_top10,1,0,0,0,2000,0,-2000
1335,B_diversified_top10,1,0,0,0,2000,0,-2000
1336,B_diversified_top10,3,1,0,0,2000,1100,-900
1337,B_diversified_top10,3,1,0,0,2000,1000,-1000
1338,B_diversified_top10,2,0,0,0,2000,0,-2000
1339,B_diversified_top10,2,0,0,0,2000,0,-2000
1340,B_diversified_top10,2,0,0,0,2000,0,-2000
1341,B_diversified_top10,2,0,0,0,2000,0,-2000
1342,B_diversified_top10,2,0,0,0,2000,0,-2000
1343,B_diversified_top10,2,0,0,0,2000,0,-2000
1344,B_diversified_top10,3,2,0,0,2000,1800,-200
1345,B_diversified_top10,3,1,0,0,2000,800,-1200
1346,B_diversified_top10,2,0,0,0,2000,0,-2000
1347,B_diversified_top10,3,1,0,0,2000,900,-1100
1348,B_diversified_top10,2,0,0,0,2000,0,-2000
1349,B_diversified_top10,2,0,0,0,2000,0,-2000
1350,B_diversified_top10,2,0,0,0,2000,0,-2000
1351,B_diversified_top10,1,0,0,0,2000,0,-2000
1352,B_diversified_top10,2,0,0,0,2000,0,-2000
1353,B_diversified_top10,1,0,0,0,2000,0,-2000
1354,B_diversified_top10,2,0,0,0,2000,0,-2000
1355,B_diversified_top10,2,0,0,0,2000,0,-2000
1356,B_diversified_top10,2,0,0,0,2000,0,-2000
1357,B_diversified_top10,1,0,0,0,2000,0,-2000
1358,B_diversified_top10,2,0,0,0,2000,0,-2000
1359,B_diversified_top10,3,1,0,0,2000,1200,-800
1360,B_diversified_top10,3,1,0,0,2000,1000,-1000
1361,B_diversified_top10,2,0,0,0,2000,0,-2000
1362,B_diversified_top10,2,0,0,0,2000,0,-2000
1363,B_diversified_top10,3,2,0,0,2000,2200,200
1364,B_diversified_top10,2,0,0,0,2000,0,-2000
1365,B_diversified_top10,2,0,0,0,2000,0,-2000
1366,B_diversified_top10,2,0,0,0,2000,0,-2000
1367,B_diversified_top10,2,0,0,0,2000,0,-2000
1368,B_diversified_top10,2,0,0,0,2000,0,-2000
1369,B_diversified_top10,2,0,0,0,2000,0,-2000
1370,B_diversified_top10,2,0,0,0,2000,0,-2000
1371,B_diversified_top10,2,0,0,0,2000,0,-2000
1372,B_diversified_top10,3,1,0,0,2000,1000,-1000
1373,B_diversified_top10,2,0,0,0,2000,0,-2000
1374,B_diversified_top10,2,0,0,0,2000,0,-2000
1375,B_diversified_top10,2,0,0,0,2000,0,-2000
1376,B_diversified_top10,2,0,0,0,2000,0,-2000
1377,B_diversified_top10,2,0,0,0,2000,0,-2000
1378,B_diversified_top10,3,1,0,0,2000,1000,-1000
1379,B_diversified_top10,2,0,0,0,2000,0,-2000
1380,B_diversified_top10,2,0,0,0,2000,0,-2000
1381,B_diversified_top10,2,0,0,0,2000,0,-2000
1382,B_diversified_top10,2,0,0,0,2000,0,-2000
1383,B_diversified_top10,2,0,0,0,2000,0,-2000
1384,B_diversified_top10,2,0,0,0,2000,0,-2000
1385,B_diversified_top10,3,1,0,0,2000,900,-1100
1386,B_diversified_top10,2,0,0,0,2000,0,-2000
1387,B_diversified_top10,2,0,0,0,2000,0,-2000
1388,B_diversified_top10,2,0,0,0,2000,0,-2000
1389,B_diversified_top10,2,0,0,0,2000,0,-2000
1390,B_diversified_top10,2,0,0,0,2000,0,-2000
1391,B_diversified_top10,3,1,0,0,2000,900,-1100
1392,B_diversified_top10,2,0,0,0,2000,0,-2000
1393,B_diversified_top10,2,0,0,0,2000,0,-2000
1394,B_diversified_top10,1,0,0,0,2000,0,-2000
1395,B_diversified_top10,1,0,0,0,2000,0,-2000
1396,B_diversified_top10,2,0,0,0,2000,0,-2000
1397,B_diversified_top10,2,0,0,0,2000,0,-2000
1398,B_diversified_top10,3,1,0,0,2000,1100,-900
1399,B_diversified_top10,2,0,0,0,2000,0,-2000
1400,B_diversified_top10,2,0,0,0,2000,0,-2000
1401,B_diversified_top10,2,0,0,0,2000,0,-2000
1402,B_diversified_top10,3,1,0,0,2000,1000,-1000
1403,B_diversified_top10,2,0,0,0,2000,0,-2000
1404,B_diversified_top10,2,0,0,0,2000,0,-2000
1,C_coverage_optimized,1,0,0,0,2000,0,-2000
2,C_coverage_optimized,3,1,0,0,2000,1100,-900
3,C_coverage_optimized,2,0,0,0,2000,0,-2000
4,C_coverage_optimized,2,0,0,0,2000,0,-2000
5,C_coverage_optimized,2,0,0,0,2000,0,-2000
6,C_coverage_optimized,2,0,0,0,2000,0,-2000
7,C_coverage_optimized,2,0,0,0,2000,0,-2000
8,C_coverage_optimized,2,0,0,0,2000,0,-2000
9,C_coverage_optimized,3,1,0,0,2000,800,-1200
10,C_coverage_optimized,3,1,0,0,2000,1000,-1000
11,C_coverage_optimized,2,0,0,0,2000,0,-2000
12,C_coverage_optimized,2,0,0,0,2000,0,-2000
13,C_coverage_optimized,2,0,0,0,2000,0,-2000
14,C_coverage_optimized,3,1,0,0,2000,1100,-900
15,C_coverage_optimized,2,0,0,0,2000,0,-2000
16,C_coverage_optimized,3,1,0,0,2000,1100,-900
17,C_coverage_optimized,2,0,0,0,2000,0,-2000
18,C_coverage_optimized,3,1,0,0,2000,1100,-900
19,C_coverage_optimized,2,0,0,0,2000,0,-2000
20,C_coverage_optimized,2,0,0,0,2000,0,-2000
21,C_coverage_optimized,2,0,0,0,2000,0,-2000
22,C_coverage_optimized,2,0,0,0,2000,0,-2000
23,C_coverage_optimized,2,0,0,0,2000,0,-2000
24,C_coverage_optimized,2,0,0,0,2000,0,-2000
25,C_coverage_optimized,2,0,0,0,2000,0,-2000
26,C_coverage_optimized,3,1,0,0,2000,1300,-700
27,C_coverage_optimized,1,0,0,0,2000,0,-2000
28,C_coverage_optimized,2,0,0,0,2000,0,-2000
29,C_coverage_optimized,2,0,0,0,2000,0,-2000
30,C_coverage_optimized,1,0,0,0,2000,0,-2000
31,C_coverage_optimized,3,1,0,0,2000,900,-1100
32,C_coverage_optimized,3,1,0,0,2000,700,-1300
33,C_coverage_optimized,2,0,0,0,2000,0,-2000
34,C_coverage_optimized,2,0,0,0,2000,0,-2000
35,C_coverage_optimized,2,0,0,0,2000,0,-2000
36,C_coverage_optimized,2,0,0,0,2000,0,-2000
37,C_coverage_optimized,2,0,0,0,2000,0,-2000
38,C_coverage_optimized,1,0,0,0,2000,0,-2000
39,C_coverage_optimized,2,0,0,0,2000,0,-2000
40,C_coverage_optimized,2,0,0,0,2000,0,-2000
41,C_coverage_optimized,2,0,0,0,2000,0,-2000
42,C_coverage_optimized,2,0,0,0,2000,0,-2000
43,C_coverage_optimized,2,0,0,0,2000,0,-2000
44,C_coverage_optimized,2,0,0,0,2000,0,-2000
45,C_coverage_optimized,3,1,0,0,2000,800,-1200
46,C_coverage_optimized,2,0,0,0,2000,0,-2000
47,C_coverage_optimized,2,0,0,0,2000,0,-2000
48,C_coverage_optimized,2,0,0,0,2000,0,-2000
49,C_coverage_optimized,2,0,0,0,2000,0,-2000
50,C_coverage_optimized,2,0,0,0,2000,0,-2000
51,C_coverage_optimized,2,0,0,0,2000,0,-2000
52,C_coverage_optimized,2,0,0,0,2000,0,-2000
53,C_coverage_optimized,2,0,0,0,2000,0,-2000
54,C_coverage_optimized,2,0,0,0,2000,0,-2000
55,C_coverage_optimized,2,0,0,0,2000,0,-2000
56,C_coverage_optimized,2,0,0,0,2000,0,-2000
57,C_coverage_optimized,2,0,0,0,2000,0,-2000
58,C_coverage_optimized,2,0,0,0,2000,0,-2000
59,C_coverage_optimized,2,0,0,0,2000,0,-2000
60,C_coverage_optimized,2,0,0,0,2000,0,-2000
61,C_coverage_optimized,2,0,0,0,2000,0,-2000
62,C_coverage_optimized,2,0,0,0,2000,0,-2000
63,C_coverage_optimized,2,0,0,0,2000,0,-2000
64,C_coverage_optimized,3,1,0,0,2000,800,-1200
65,C_coverage_optimized,2,0,0,0,2000,0,-2000
66,C_coverage_optimized,3,1,0,0,2000,1000,-1000
67,C_coverage_optimized,3,1,0,0,2000,900,-1100
68,C_coverage_optimized,2,0,0,0,2000,0,-2000
69,C_coverage_optimized,3,1,0,0,2000,800,-1200
70,C_coverage_optimized,2,0,0,0,2000,0,-2000
71,C_coverage_optimized,2,0,0,0,2000,0,-2000
72,C_coverage_optimized,4,1,1,0,2000,10700,8700
73,C_coverage_optimized,2,0,0,0,2000,0,-2000
74,C_coverage_optimized,2,0,0,0,2000,0,-2000
75,C_coverage_optimized,2,0,0,0,2000,0,-2000
76,C_coverage_optimized,2,0,0,0,2000,0,-2000
77,C_coverage_optimized,2,0,0,0,2000,0,-2000
78,C_coverage_optimized,3,1,0,0,2000,1100,-900
79,C_coverage_optimized,2,0,0,0,2000,0,-2000
80,C_coverage_optimized,2,0,0,0,2000,0,-2000
81,C_coverage_optimized,3,1,0,0,2000,1100,-900
82,C_coverage_optimized,1,0,0,0,2000,0,-2000
83,C_coverage_optimized,2,0,0,0,2000,0,-2000
84,C_coverage_optimized,2,0,0,0,2000,0,-2000
85,C_coverage_optimized,2,0,0,0,2000,0,-2000
86,C_coverage_optimized,2,0,0,0,2000,0,-2000
87,C_coverage_optimized,2,0,0,0,2000,0,-2000
88,C_coverage_optimized,1,0,0,0,2000,0,-2000
89,C_coverage_optimized,2,0,0,0,2000,0,-2000
90,C_coverage_optimized,3,1,0,0,2000,1000,-1000
91,C_coverage_optimized,2,0,0,0,2000,0,-2000
92,C_coverage_optimized,2,0,0,0,2000,0,-2000
93,C_coverage_optimized,1,0,0,0,2000,0,-2000
94,C_coverage_optimized,2,0,0,0,2000,0,-2000
95,C_coverage_optimized,2,0,0,0,2000,0,-2000
96,C_coverage_optimized,2,0,0,0,2000,0,-2000
97,C_coverage_optimized,2,0,0,0,2000,0,-2000
98,C_coverage_optimized,2,0,0,0,2000,0,-2000
99,C_coverage_optimized,2,0,0,0,2000,0,-2000
100,C_coverage_optimized,3,1,0,0,2000,1200,-800
101,C_coverage_optimized,1,0,0,0,2000,0,-2000
102,C_coverage_optimized,3,1,0,0,2000,900,-1100
103,C_coverage_optimized,2,0,0,0,2000,0,-2000
104,C_coverage_optimized,3,1,0,0,2000,1000,-1000
105,C_coverage_optimized,2,0,0,0,2000,0,-2000
106,C_coverage_optimized,2,0,0,0,2000,0,-2000
107,C_coverage_optimized,2,0,0,0,2000,0,-2000
108,C_coverage_optimized,2,0,0,0,2000,0,-2000
109,C_coverage_optimized,2,0,0,0,2000,0,-2000
110,C_coverage_optimized,2,0,0,0,2000,0,-2000
111,C_coverage_optimized,2,0,0,0,2000,0,-2000
112,C_coverage_optimized,3,1,0,0,2000,800,-1200
113,C_coverage_optimized,2,0,0,0,2000,0,-2000
114,C_coverage_optimized,3,1,0,0,2000,600,-1400
115,C_coverage_optimized,2,0,0,0,2000,0,-2000
116,C_coverage_optimized,2,0,0,0,2000,0,-2000
117,C_coverage_optimized,3,1,0,0,2000,700,-1300
118,C_coverage_optimized,2,0,0,0,2000,0,-2000
119,C_coverage_optimized,2,0,0,0,2000,0,-2000
120,C_coverage_optimized,3,1,0,0,2000,900,-1100
121,C_coverage_optimized,3,1,0,0,2000,900,-1100
122,C_coverage_optimized,2,0,0,0,2000,0,-2000
123,C_coverage_optimized,2,0,0,0,2000,0,-2000
124,C_coverage_optimized,3,1,0,0,2000,800,-1200
125,C_coverage_optimized,2,0,0,0,2000,0,-2000
126,C_coverage_optimized,2,0,0,0,2000,0,-2000
127,C_coverage_optimized,1,0,0,0,2000,0,-2000
128,C_coverage_optimized,3,1,0,0,2000,800,-1200
129,C_coverage_optimized,3,1,0,0,2000,900,-1100
130,C_coverage_optimized,2,0,0,0,2000,0,-2000
131,C_coverage_optimized,2,0,0,0,2000,0,-2000
132,C_coverage_optimized,3,1,0,0,2000,900,-1100
133,C_coverage_optimized,2,0,0,0,2000,0,-2000
134,C_coverage_optimized,2,0,0,0,2000,0,-2000
135,C_coverage_optimized,2,0,0,0,2000,0,-2000
136,C_coverage_optimized,2,0,0,0,2000,0,-2000
137,C_coverage_optimized,2,0,0,0,2000,0,-2000
138,C_coverage_optimized,3,1,0,0,2000,1300,-700
139,C_coverage_optimized,2,0,0,0,2000,0,-2000
140,C_coverage_optimized,1,0,0,0,2000,0,-2000
141,C_coverage_optimized,4,1,1,0,2000,11200,9200
142,C_coverage_optimized,3,1,0,0,2000,900,-1100
143,C_coverage_optimized,4,1,1,0,2000,16400,14400
144,C_coverage_optimized,1,0,0,0,2000,0,-2000
145,C_coverage_optimized,2,0,0,0,2000,0,-2000
146,C_coverage_optimized,2,0,0,0,2000,0,-2000
147,C_coverage_optimized,2,0,0,0,2000,0,-2000
148,C_coverage_optimized,2,0,0,0,2000,0,-2000
149,C_coverage_optimized,2,0,0,0,2000,0,-2000
150,C_coverage_optimized,2,0,0,0,2000,0,-2000
151,C_coverage_optimized,2,0,0,0,2000,0,-2000
152,C_coverage_optimized,2,0,0,0,2000,0,-2000
153,C_coverage_optimized,2,0,0,0,2000,0,-2000
154,C_coverage_optimized,2,0,0,0,2000,0,-2000
155,C_coverage_optimized,3,1,0,0,2000,1100,-900
156,C_coverage_optimized,2,0,0,0,2000,0,-2000
157,C_coverage_optimized,2,0,0,0,2000,0,-2000
158,C_coverage_optimized,3,1,0,0,2000,1200,-800
159,C_coverage_optimized,2,0,0,0,2000,0,-2000
160,C_coverage_optimized,2,0,0,0,2000,0,-2000
161,C_coverage_optimized,2,0,0,0,2000,0,-2000
162,C_coverage_optimized,2,0,0,0,2000,0,-2000
163,C_coverage_optimized,1,0,0,0,2000,0,-2000
164,C_coverage_optimized,1,0,0,0,2000,0,-2000
165,C_coverage_optimized,3,1,0,0,2000,1100,-900
166,C_coverage_optimized,2,0,0,0,2000,0,-2000
167,C_coverage_optimized,2,0,0,0,2000,0,-2000
168,C_coverage_optimized,2,0,0,0,2000,0,-2000
169,C_coverage_optimized,2,0,0,0,2000,0,-2000
170,C_coverage_optimized,2,0,0,0,2000,0,-2000
171,C_coverage_optimized,1,0,0,0,2000,0,-2000
172,C_coverage_optimized,2,0,0,0,2000,0,-2000
173,C_coverage_optimized,3,1,0,0,2000,1000,-1000
174,C_coverage_optimized,2,0,0,0,2000,0,-2000
175,C_coverage_optimized,2,0,0,0,2000,0,-2000
176,C_coverage_optimized,2,0,0,0,2000,0,-2000
177,C_coverage_optimized,2,0,0,0,2000,0,-2000
178,C_coverage_optimized,2,0,0,0,2000,0,-2000
179,C_coverage_optimized,2,0,0,0,2000,0,-2000
180,C_coverage_optimized,3,1,0,0,2000,1100,-900
181,C_coverage_optimized,2,0,0,0,2000,0,-2000
182,C_coverage_optimized,2,0,0,0,2000,0,-2000
183,C_coverage_optimized,2,0,0,0,2000,0,-2000
184,C_coverage_optimized,2,0,0,0,2000,0,-2000
185,C_coverage_optimized,2,0,0,0,2000,0,-2000
186,C_coverage_optimized,2,0,0,0,2000,0,-2000
187,C_coverage_optimized,3,1,0,0,2000,900,-1100
188,C_coverage_optimized,2,0,0,0,2000,0,-2000
189,C_coverage_optimized,2,0,0,0,2000,0,-2000
190,C_coverage_optimized,2,0,0,0,2000,0,-2000
191,C_coverage_optimized,2,0,0,0,2000,0,-2000
192,C_coverage_optimized,2,0,0,0,2000,0,-2000
193,C_coverage_optimized,2,0,0,0,2000,0,-2000
194,C_coverage_optimized,2,0,0,0,2000,0,-2000
195,C_coverage_optimized,2,0,0,0,2000,0,-2000
196,C_coverage_optimized,2,0,0,0,2000,0,-2000
197,C_coverage_optimized,2,0,0,0,2000,0,-2000
198,C_coverage_optimized,2,0,0,0,2000,0,-2000
199,C_coverage_optimized,2,0,0,0,2000,0,-2000
200,C_coverage_optimized,2,0,0,0,2000,0,-2000
201,C_coverage_optimized,1,0,0,0,2000,0,-2000
202,C_coverage_optimized,2,0,0,0,2000,0,-2000
203,C_coverage_optimized,2,0,0,0,2000,0,-2000
204,C_coverage_optimized,2,0,0,0,2000,0,-2000
205,C_coverage_optimized,2,0,0,0,2000,0,-2000
206,C_coverage_optimized,2,0,0,0,2000,0,-2000
207,C_coverage_optimized,2,0,0,0,2000,0,-2000
208,C_coverage_optimized,1,0,0,0,2000,0,-2000
209,C_coverage_optimized,2,0,0,0,2000,0,-2000
210,C_coverage_optimized,2,0,0,0,2000,0,-2000
211,C_coverage_optimized,2,0,0,0,2000,0,-2000
212,C_coverage_optimized,2,0,0,0,2000,0,-2000
213,C_coverage_optimized,3,1,0,0,2000,1100,-900
214,C_coverage_optimized,2,0,0,0,2000,0,-2000
215,C_coverage_optimized,2,0,0,0,2000,0,-2000
216,C_coverage_optimized,2,0,0,0,2000,0,-2000
217,C_coverage_optimized,2,0,0,0,2000,0,-2000
218,C_coverage_optimized,2,0,0,0,2000,0,-2000
219,C_coverage_optimized,2,0,0,0,2000,0,-2000
220,C_coverage_optimized,3,1,0,0,2000,900,-1100
221,C_coverage_optimized,2,0,0,0,2000,0,-2000
222,C_coverage_optimized,2,0,0,0,2000,0,-2000
223,C_coverage_optimized,2,0,0,0,2000,0,-2000
224,C_coverage_optimized,2,0,0,0,2000,0,-2000
225,C_coverage_optimized,2,0,0,0,2000,0,-2000
226,C_coverage_optimized,3,1,0,0,2000,900,-1100
227,C_coverage_optimized,2,0,0,0,2000,0,-2000
228,C_coverage_optimized,2,0,0,0,2000,0,-2000
229,C_coverage_optimized,3,1,0,0,2000,1100,-900
230,C_coverage_optimized,2,0,0,0,2000,0,-2000
231,C_coverage_optimized,2,0,0,0,2000,0,-2000
232,C_coverage_optimized,2,0,0,0,2000,0,-2000
233,C_coverage_optimized,2,0,0,0,2000,0,-2000
234,C_coverage_optimized,2,0,0,0,2000,0,-2000
235,C_coverage_optimized,3,1,0,0,2000,1100,-900
236,C_coverage_optimized,3,1,0,0,2000,900,-1100
237,C_coverage_optimized,2,0,0,0,2000,0,-2000
238,C_coverage_optimized,2,0,0,0,2000,0,-2000
239,C_coverage_optimized,3,1,0,0,2000,900,-1100
240,C_coverage_optimized,3,1,0,0,2000,1000,-1000
241,C_coverage_optimized,2,0,0,0,2000,0,-2000
242,C_coverage_optimized,2,0,0,0,2000,0,-2000
243,C_coverage_optimized,2,0,0,0,2000,0,-2000
244,C_coverage_optimized,2,0,0,0,2000,0,-2000
245,C_coverage_optimized,2,0,0,0,2000,0,-2000
246,C_coverage_optimized,2,0,0,0,2000,0,-2000
247,C_coverage_optimized,2,0,0,0,2000,0,-2000
248,C_coverage_optimized,2,0,0,0,2000,0,-2000
249,C_coverage_optimized,2,0,0,0,2000,0,-2000
250,C_coverage_optimized,3,1,0,0,2000,1000,-1000
251,C_coverage_optimized,2,0,0,0,2000,0,-2000
252,C_coverage_optimized,1,0,0,0,2000,0,-2000
253,C_coverage_optimized,2,0,0,0,2000,0,-2000
254,C_coverage_optimized,3,2,0,0,2000,1800,-200
255,C_coverage_optimized,2,0,0,0,2000,0,-2000
256,C_coverage_optimized,3,1,0,0,2000,900,-1100
257,C_coverage_optimized,1,0,0,0,2000,0,-2000
258,C_coverage_optimized,2,0,0,0,2000,0,-2000
259,C_coverage_optimized,2,0,0,0,2000,0,-2000
260,C_coverage_optimized,2,0,0,0,2000,0,-2000
261,C_coverage_optimized,2,0,0,0,2000,0,-2000
262,C_coverage_optimized,2,0,0,0,2000,0,-2000
263,C_coverage_optimized,1,0,0,0,2000,0,-2000
264,C_coverage_optimized,2,0,0,0,2000,0,-2000
265,C_coverage_optimized,2,0,0,0,2000,0,-2000
266,C_coverage_optimized,2,0,0,0,2000,0,-2000
267,C_coverage_optimized,2,0,0,0,2000,0,-2000
268,C_coverage_optimized,4,1,1,0,2000,15800,13800
269,C_coverage_optimized,2,0,0,0,2000,0,-2000
270,C_coverage_optimized,2,0,0,0,2000,0,-2000
271,C_coverage_optimized,3,1,0,0,2000,1000,-1000
272,C_coverage_optimized,2,0,0,0,2000,0,-2000
273,C_coverage_optimized,3,1,0,0,2000,700,-1300
274,C_coverage_optimized,2,0,0,0,2000,0,-2000
275,C_coverage_optimized,2,0,0,0,2000,0,-2000
276,C_coverage_optimized,2,0,0,0,2000,0,-2000
277,C_coverage_optimized,2,0,0,0,2000,0,-2000
278,C_coverage_optimized,2,0,0,0,2000,0,-2000
279,C_coverage_optimized,3,1,0,0,2000,800,-1200
280,C_coverage_optimized,2,0,0,0,2000,0,-2000
281,C_coverage_optimized,2,0,0,0,2000,0,-2000
282,C_coverage_optimized,2,0,0,0,2000,0,-2000
283,C_coverage_optimized,3,1,0,0,2000,1100,-900
284,C_coverage_optimized,2,0,0,0,2000,0,-2000
285,C_coverage_optimized,2,0,0,0,2000,0,-2000
286,C_coverage_optimized,2,0,0,0,2000,0,-2000
287,C_coverage_optimized,3,2,0,0,2000,1800,-200
288,C_coverage_optimized,3,1,0,0,2000,1100,-900
289,C_coverage_optimized,2,0,0,0,2000,0,-2000
290,C_coverage_optimized,2,0,0,0,2000,0,-2000
291,C_coverage_optimized,2,0,0,0,2000,0,-2000
292,C_coverage_optimized,2,0,0,0,2000,0,-2000
293,C_coverage_optimized,2,0,0,0,2000,0,-2000
294,C_coverage_optimized,3,1,0,0,2000,1100,-900
295,C_coverage_optimized,2,0,0,0,2000,0,-2000
296,C_coverage_optimized,2,0,0,0,2000,0,-2000
297,C_coverage_optimized,2,0,0,0,2000,0,-2000
298,C_coverage_optimized,2,0,0,0,2000,0,-2000
299,C_coverage_optimized,2,0,0,0,2000,0,-2000
300,C_coverage_optimized,2,0,0,0,2000,0,-2000
301,C_coverage_optimized,2,0,0,0,2000,0,-2000
302,C_coverage_optimized,2,0,0,0,2000,0,-2000
303,C_coverage_optimized,2,0,0,0,2000,0,-2000
304,C_coverage_optimized,1,0,0,0,2000,0,-2000
305,C_coverage_optimized,3,1,0,0,2000,800,-1200
306,C_coverage_optimized,2,0,0,0,2000,0,-2000
307,C_coverage_optimized,2,0,0,0,2000,0,-2000
308,C_coverage_optimized,3,1,0,0,2000,900,-1100
309,C_coverage_optimized,2,0,0,0,2000,0,-2000
310,C_coverage_optimized,3,1,0,0,2000,800,-1200
311,C_coverage_optimized,2,0,0,0,2000,0,-2000
312,C_coverage_optimized,2,0,0,0,2000,0,-2000
313,C_coverage_optimized,2,0,0,0,2000,0,-2000
314,C_coverage_optimized,2,0,0,0,2000,0,-2000
315,C_coverage_optimized,2,0,0,0,2000,0,-2000
316,C_coverage_optimized,2,0,0,0,2000,0,-2000
317,C_coverage_optimized,2,0,0,0,2000,0,-2000
318,C_coverage_optimized,3,1,0,0,2000,1100,-900
319,C_coverage_optimized,2,0,0,0,2000,0,-2000
320,C_coverage_optimized,2,0,0,0,2000,0,-2000
321,C_coverage_optimized,2,0,0,0,2000,0,-2000
322,C_coverage_optimized,2,0,0,0,2000,0,-2000
323,C_coverage_optimized,1,0,0,0,2000,0,-2000
324,C_coverage_optimized,2,0,0,0,2000,0,-2000
325,C_coverage_optimized,2,0,0,0,2000,0,-2000
326,C_coverage_optimized,2,0,0,0,2000,0,-2000
327,C_coverage_optimized,2,0,0,0,2000,0,-2000
328,C_coverage_optimized,3,1,0,0,2000,1000,-1000
329,C_coverage_optimized,2,0,0,0,2000,0,-2000
330,C_coverage_optimized,2,0,0,0,2000,0,-2000
331,C_coverage_optimized,2,0,0,0,2000,0,-2000
332,C_coverage_optimized,2,0,0,0,2000,0,-2000
333,C_coverage_optimized,2,0,0,0,2000,0,-2000
334,C_coverage_optimized,2,0,0,0,2000,0,-2000
335,C_coverage_optimized,2,0,0,0,2000,0,-2000
336,C_coverage_optimized,2,0,0,0,2000,0,-2000
337,C_coverage_optimized,1,0,0,0,2000,0,-2000
338,C_coverage_optimized,3,1,0,0,2000,1100,-900
339,C_coverage_optimized,2,0,0,0,2000,0,-2000
340,C_coverage_optimized,3,1,0,0,2000,900,-1100
341,C_coverage_optimized,2,0,0,0,2000,0,-2000
342,C_coverage_optimized,2,0,0,0,2000,0,-2000
343,C_coverage_optimized,2,0,0,0,2000,0,-2000
344,C_coverage_optimized,2,0,0,0,2000,0,-2000
345,C_coverage_optimized,2,0,0,0,2000,0,-2000
346,C_coverage_optimized,2,0,0,0,2000,0,-2000
347,C_coverage_optimized,2,0,0,0,2000,0,-2000
348,C_coverage_optimized,2,0,0,0,2000,0,-2000
349,C_coverage_optimized,3,1,0,0,2000,900,-1100
350,C_coverage_optimized,2,0,0,0,2000,0,-2000
351,C_coverage_optimized,2,0,0,0,2000,0,-2000
352,C_coverage_optimized,2,0,0,0,2000,0,-2000
353,C_coverage_optimized,2,0,0,0,2000,0,-2000
354,C_coverage_optimized,2,0,0,0,2000,0,-2000
355,C_coverage_optimized,2,0,0,0,2000,0,-2000
356,C_coverage_optimized,2,0,0,0,2000,0,-2000
357,C_coverage_optimized,3,1,0,0,2000,1200,-800
358,C_coverage_optimized,2,0,0,0,2000,0,-2000
359,C_coverage_optimized,2,0,0,0,2000,0,-2000
360,C_coverage_optimized,2,0,0,0,2000,0,-2000
361,C_coverage_optimized,2,0,0,0,2000,0,-2000
362,C_coverage_optimized,3,1,0,0,2000,1200,-800
363,C_coverage_optimized,1,0,0,0,2000,0,-2000
364,C_coverage_optimized,2,0,0,0,2000,0,-2000
365,C_coverage_optimized,2,0,0,0,2000,0,-2000
366,C_coverage_optimized,2,0,0,0,2000,0,-2000
367,C_coverage_optimized,2,0,0,0,2000,0,-2000
368,C_coverage_optimized,2,0,0,0,2000,0,-2000
369,C_coverage_optimized,2,0,0,0,2000,0,-2000
370,C_coverage_optimized,2,0,0,0,2000,0,-2000
371,C_coverage_optimized,2,0,0,0,2000,0,-2000
372,C_coverage_optimized,2,0,0,0,2000,0,-2000
373,C_coverage_optimized,2,0,0,0,2000,0,-2000
374,C_coverage_optimized,2,0,0,0,2000,0,-2000
375,C_coverage_optimized,2,0,0,0,2000,0,-2000
376,C_coverage_optimized,2,0,0,0,2000,0,-2000
377,C_coverage_optimized,2,0,0,0,2000,0,-2000
378,C_coverage_optimized,2,0,0,0,2000,0,-2000
379,C_coverage_optimized,2,0,0,0,2000,0,-2000
380,C_coverage_optimized,2,0,0,0,2000,0,-2000
381,C_coverage_optimized,3,1,0,0,2000,900,-1100
382,C_coverage_optimized,2,0,0,0,2000,0,-2000
383,C_coverage_optimized,2,0,0,0,2000,0,-2000
384,C_coverage_optimized,2,0,0,0,2000,0,-2000
385,C_coverage_optimized,2,0,0,0,2000,0,-2000
386,C_coverage_optimized,2,0,0,0,2000,0,-2000
387,C_coverage_optimized,3,1,0,0,2000,1100,-900
388,C_coverage_optimized,2,0,0,0,2000,0,-2000
389,C_coverage_optimized,2,0,0,0,2000,0,-2000
390,C_coverage_optimized,2,0,0,0,2000,0,-2000
391,C_coverage_optimized,3,2,0,0,2000,2000,0
392,C_coverage_optimized,2,0,0,0,2000,0,-2000
393,C_coverage_optimized,2,0,0,0,2000,0,-2000
394,C_coverage_optimized,3,1,0,0,2000,1000,-1000
395,C_coverage_optimized,1,0,0,0,2000,0,-2000
396,C_coverage_optimized,2,0,0,0,2000,0,-2000
397,C_coverage_optimized,1,0,0,0,2000,0,-2000
398,C_coverage_optimized,3,2,0,0,2000,2000,0
399,C_coverage_optimized,2,0,0,0,2000,0,-2000
400,C_coverage_optimized,3,1,0,0,2000,1300,-700
401,C_coverage_optimized,4,1,1,0,2000,9400,7400
402,C_coverage_optimized,2,0,0,0,2000,0,-2000
403,C_coverage_optimized,2,0,0,0,2000,0,-2000
404,C_coverage_optimized,2,0,0,0,2000,0,-2000
405,C_coverage_optimized,3,1,0,0,2000,800,-1200
406,C_coverage_optimized,3,1,0,0,2000,900,-1100
407,C_coverage_optimized,2,0,0,0,2000,0,-2000
408,C_coverage_optimized,3,1,0,0,2000,1000,-1000
409,C_coverage_optimized,2,0,0,0,2000,0,-2000
410,C_coverage_optimized,2,0,0,0,2000,0,-2000
411,C_coverage_optimized,2,0,0,0,2000,0,-2000
412,C_coverage_optimized,2,0,0,0,2000,0,-2000
413,C_coverage_optimized,3,1,0,0,2000,1000,-1000
414,C_coverage_optimized,3,1,0,0,2000,900,-1100
415,C_coverage_optimized,3,1,0,0,2000,800,-1200
416,C_coverage_optimized,2,0,0,0,2000,0,-2000
417,C_coverage_optimized,2,0,0,0,2000,0,-2000
418,C_coverage_optimized,2,0,0,0,2000,0,-2000
419,C_coverage_optimized,2,0,0,0,2000,0,-2000
420,C_coverage_optimized,2,0,0,0,2000,0,-2000
421,C_coverage_optimized,2,0,0,0,2000,0,-2000
422,C_coverage_optimized,3,1,0,0,2000,900,-1100
423,C_coverage_optimized,2,0,0,0,2000,0,-2000
424,C_coverage_optimized,3,1,0,0,2000,900,-1100
425,C_coverage_optimized,2,0,0,0,2000,0,-2000
426,C_coverage_optimized,2,0,0,0,2000,0,-2000
427,C_coverage_optimized,2,0,0,0,2000,0,-2000
428,C_coverage_optimized,2,0,0,0,2000,0,-2000
429,C_coverage_optimized,1,0,0,0,2000,0,-2000
430,C_coverage_optimized,2,0,0,0,2000,0,-2000
431,C_coverage_optimized,2,0,0,0,2000,0,-2000
432,C_coverage_optimized,2,0,0,0,2000,0,-2000
433,C_coverage_optimized,2,0,0,0,2000,0,-2000
434,C_coverage_optimized,2,0,0,0,2000,0,-2000
435,C_coverage_optimized,2,0,0,0,2000,0,-2000
436,C_coverage_optimized,2,0,0,0,2000,0,-2000
437,C_coverage_optimized,2,0,0,0,2000,0,-2000
438,C_coverage_optimized,2,0,0,0,2000,0,-2000
439,C_coverage_optimized,2,0,0,0,2000,0,-2000
440,C_coverage_optimized,2,0,0,0,2000,0,-2000
441,C_coverage_optimized,3,2,0,0,2000,2000,0
442,C_coverage_optimized,2,0,0,0,2000,0,-2000
443,C_coverage_optimized,2,0,0,0,2000,0,-2000
444,C_coverage_optimized,2,0,0,0,2000,0,-2000
445,C_coverage_optimized,2,0,0,0,2000,0,-2000
446,C_coverage_optimized,2,0,0,0,2000,0,-2000
447,C_coverage_optimized,2,0,0,0,2000,0,-2000
448,C_coverage_optimized,2,0,0,0,2000,0,-2000
449,C_coverage_optimized,3,1,0,0,2000,900,-1100
450,C_coverage_optimized,2,0,0,0,2000,0,-2000
451,C_coverage_optimized,2,0,0,0,2000,0,-2000
452,C_coverage_optimized,2,0,0,0,2000,0,-2000
453,C_coverage_optimized,2,0,0,0,2000,0,-2000
454,C_coverage_optimized,2,0,0,0,2000,0,-2000
455,C_coverage_optimized,3,1,0,0,2000,1200,-800
456,C_coverage_optimized,2,0,0,0,2000,0,-2000
457,C_coverage_optimized,2,0,0,0,2000,0,-2000
458,C_coverage_optimized,2,0,0,0,2000,0,-2000
459,C_coverage_optimized,2,0,0,0,2000,0,-2000
460,C_coverage_optimized,2,0,0,0,2000,0,-2000
461,C_coverage_optimized,3,1,0,0,2000,900,-1100
462,C_coverage_optimized,3,1,0,0,2000,1100,-900
463,C_coverage_optimized,2,0,0,0,2000,0,-2000
464,C_coverage_optimized,2,0,0,0,2000,0,-2000
465,C_coverage_optimized,2,0,0,0,2000,0,-2000
466,C_coverage_optimized,2,0,0,0,2000,0,-2000
467,C_coverage_optimized,2,0,0,0,2000,0,-2000
468,C_coverage_optimized,3,1,0,0,2000,800,-1200
469,C_coverage_optimized,2,0,0,0,2000,0,-2000
470,C_coverage_optimized,1,0,0,0,2000,0,-2000
471,C_coverage_optimized,2,0,0,0,2000,0,-2000
472,C_coverage_optimized,2,0,0,0,2000,0,-2000
473,C_coverage_optimized,2,0,0,0,2000,0,-2000
474,C_coverage_optimized,2,0,0,0,2000,0,-2000
475,C_coverage_optimized,1,0,0,0,2000,0,-2000
476,C_coverage_optimized,2,0,0,0,2000,0,-2000
477,C_coverage_optimized,3,1,0,0,2000,1100,-900
478,C_coverage_optimized,2,0,0,0,2000,0,-2000
479,C_coverage_optimized,3,1,0,0,2000,1000,-1000
480,C_coverage_optimized,3,1,0,0,2000,1000,-1000
481,C_coverage_optimized,2,0,0,0,2000,0,-2000
482,C_coverage_optimized,2,0,0,0,2000,0,-2000
483,C_coverage_optimized,4,1,1,0,2000,12900,10900
484,C_coverage_optimized,2,0,0,0,2000,0,-2000
485,C_coverage_optimized,2,0,0,0,2000,0,-2000
486,C_coverage_optimized,2,0,0,0,2000,0,-2000
487,C_coverage_optimized,2,0,0,0,2000,0,-2000
488,C_coverage_optimized,3,1,0,0,2000,900,-1100
489,C_coverage_optimized,3,1,0,0,2000,1100,-900
490,C_coverage_optimized,2,0,0,0,2000,0,-2000
491,C_coverage_optimized,2,0,0,0,2000,0,-2000
492,C_coverage_optimized,3,1,0,0,2000,800,-1200
493,C_coverage_optimized,2,0,0,0,2000,0,-2000
494,C_coverage_optimized,2,0,0,0,2000,0,-2000
495,C_coverage_optimized,2,0,0,0,2000,0,-2000
496,C_coverage_optimized,2,0,0,0,2000,0,-2000
497,C_coverage_optimized,2,0,0,0,2000,0,-2000
498,C_coverage_optimized,2,0,0,0,2000,0,-2000
499,C_coverage_optimized,2,0,0,0,2000,0,-2000
500,C_coverage_optimized,3,1,0,0,2000,1200,-800
501,C_coverage_optimized,2,0,0,0,2000,0,-2000
502,C_coverage_optimized,2,0,0,0,2000,0,-2000
503,C_coverage_optimized,3,1,0,0,2000,900,-1100
504,C_coverage_optimized,2,0,0,0,2000,0,-2000
505,C_coverage_optimized,2,0,0,0,2000,0,-2000
506,C_coverage_optimized,2,0,0,0,2000,0,-2000
507,C_coverage_optimized,2,0,0,0,2000,0,-2000
508,C_coverage_optimized,2,0,0,0,2000,0,-2000
509,C_coverage_optimized,3,1,0,0,2000,900,-1100
510,C_coverage_optimized,1,0,0,0,2000,0,-2000
511,C_coverage_optimized,3,1,0,0,2000,1000,-1000
512,C_coverage_optimized,2,0,0,0,2000,0,-2000
513,C_coverage_optimized,2,0,0,0,2000,0,-2000
514,C_coverage_optimized,2,0,0,0,2000,0,-2000
515,C_coverage_optimized,2,0,0,0,2000,0,-2000
516,C_coverage_optimized,2,0,0,0,2000,0,-2000
517,C_coverage_optimized,2,0,0,0,2000,0,-2000
518,C_coverage_optimized,2,0,0,0,2000,0,-2000
519,C_coverage_optimized,2,0,0,0,2000,0,-2000
520,C_coverage_optimized,2,0,0,0,2000,0,-2000
521,C_coverage_optimized,2,0,0,0,2000,0,-2000
522,C_coverage_optimized,2,0,0,0,2000,0,-2000
523,C_coverage_optimized,2,0,0,0,2000,0,-2000
524,C_coverage_optimized,2,0,0,0,2000,0,-2000
525,C_coverage_optimized,2,0,0,0,2000,0,-2000
526,C_coverage_optimized,1,0,0,0,2000,0,-2000
527,C_coverage_optimized,2,0,0,0,2000,0,-2000
528,C_coverage_optimized,2,0,0,0,2000,0,-2000
529,C_coverage_optimized,2,0,0,0,2000,0,-2000
530,C_coverage_optimized,2,0,0,0,2000,0,-2000
531,C_coverage_optimized,2,0,0,0,2000,0,-2000
532,C_coverage_optimized,2,0,0,0,2000,0,-2000
533,C_coverage_optimized,2,0,0,0,2000,0,-2000
534,C_coverage_optimized,2,0,0,0,2000,0,-2000
535,C_coverage_optimized,3,1,0,0,2000,1100,-900
536,C_coverage_optimized,2,0,0,0,2000,0,-2000
537,C_coverage_optimized,3,1,0,0,2000,1000,-1000
538,C_coverage_optimized,3,1,0,0,2000,1000,-1000
539,C_coverage_optimized,2,0,0,0,2000,0,-2000
540,C_coverage_optimized,2,0,0,0,2000,0,-2000
541,C_coverage_optimized,2,0,0,0,2000,0,-2000
542,C_coverage_optimized,3,1,0,0,2000,800,-1200
543,C_coverage_optimized,2,0,0,0,2000,0,-2000
544,C_coverage_optimized,1,0,0,0,2000,0,-2000
545,C_coverage_optimized,2,0,0,0,2000,0,-2000
546,C_coverage_optimized,1,0,0,0,2000,0,-2000
547,C_coverage_optimized,2,0,0,0,2000,0,-2000
548,C_coverage_optimized,3,1,0,0,2000,1000,-1000
549,C_coverage_optimized,3,1,0,0,2000,1000,-1000
550,C_coverage_optimized,2,0,0,0,2000,0,-2000
551,C_coverage_optimized,2,0,0,0,2000,0,-2000
552,C_coverage_optimized,2,0,0,0,2000,0,-2000
553,C_coverage_optimized,2,0,0,0,2000,0,-2000
554,C_coverage_optimized,2,0,0,0,2000,0,-2000
555,C_coverage_optimized,1,0,0,0,2000,0,-2000
556,C_coverage_optimized,2,0,0,0,2000,0,-2000
557,C_coverage_optimized,3,1,0,0,2000,1000,-1000
558,C_coverage_optimized,2,0,0,0,2000,0,-2000
559,C_coverage_optimized,2,0,0,0,2000,0,-2000
560,C_coverage_optimized,2,0,0,0,2000,0,-2000
561,C_coverage_optimized,2,0,0,0,2000,0,-2000
562,C_coverage_optimized,2,0,0,0,2000,0,-2000
563,C_coverage_optimized,3,1,0,0,2000,1000,-1000
564,C_coverage_optimized,2,0,0,0,2000,0,-2000
565,C_coverage_optimized,3,1,0,0,2000,1100,-900
566,C_coverage_optimized,2,0,0,0,2000,0,-2000
567,C_coverage_optimized,2,0,0,0,2000,0,-2000
568,C_coverage_optimized,2,0,0,0,2000,0,-2000
569,C_coverage_optimized,3,1,0,0,2000,900,-1100
570,C_coverage_optimized,2,0,0,0,2000,0,-2000
571,C_coverage_optimized,2,0,0,0,2000,0,-2000
572,C_coverage_optimized,3,1,0,0,2000,1000,-1000
573,C_coverage_optimized,2,0,0,0,2000,0,-2000
574,C_coverage_optimized,2,0,0,0,2000,0,-2000
575,C_coverage_optimized,2,0,0,0,2000,0,-2000
576,C_coverage_optimized,3,1,0,0,2000,900,-1100
577,C_coverage_optimized,2,0,0,0,2000,0,-2000
578,C_coverage_optimized,2,0,0,0,2000,0,-2000
579,C_coverage_optimized,3,1,0,0,2000,1000,-1000
580,C_coverage_optimized,2,0,0,0,2000,0,-2000
581,C_coverage_optimized,2,0,0,0,2000,0,-2000
582,C_coverage_optimized,2,0,0,0,2000,0,-2000
583,C_coverage_optimized,3,1,0,0,2000,900,-1100
584,C_coverage_optimized,2,0,0,0,2000,0,-2000
585,C_coverage_optimized,2,0,0,0,2000,0,-2000
586,C_coverage_optimized,3,1,0,0,2000,900,-1100
587,C_coverage_optimized,2,0,0,0,2000,0,-2000
588,C_coverage_optimized,1,0,0,0,2000,0,-2000
589,C_coverage_optimized,2,0,0,0,2000,0,-2000
590,C_coverage_optimized,2,0,0,0,2000,0,-2000
591,C_coverage_optimized,2,0,0,0,2000,0,-2000
592,C_coverage_optimized,2,0,0,0,2000,0,-2000
593,C_coverage_optimized,2,0,0,0,2000,0,-2000
594,C_coverage_optimized,2,0,0,0,2000,0,-2000
595,C_coverage_optimized,2,0,0,0,2000,0,-2000
596,C_coverage_optimized,2,0,0,0,2000,0,-2000
597,C_coverage_optimized,3,1,0,0,2000,1100,-900
598,C_coverage_optimized,2,0,0,0,2000,0,-2000
599,C_coverage_optimized,2,0,0,0,2000,0,-2000
600,C_coverage_optimized,2,0,0,0,2000,0,-2000
601,C_coverage_optimized,2,0,0,0,2000,0,-2000
602,C_coverage_optimized,2,0,0,0,2000,0,-2000
603,C_coverage_optimized,2,0,0,0,2000,0,-2000
604,C_coverage_optimized,2,0,0,0,2000,0,-2000
605,C_coverage_optimized,2,0,0,0,2000,0,-2000
606,C_coverage_optimized,2,0,0,0,2000,0,-2000
607,C_coverage_optimized,2,0,0,0,2000,0,-2000
608,C_coverage_optimized,3,2,0,0,2000,2000,0
609,C_coverage_optimized,3,1,0,0,2000,900,-1100
610,C_coverage_optimized,2,0,0,0,2000,0,-2000
611,C_coverage_optimized,2,0,0,0,2000,0,-2000
612,C_coverage_optimized,2,0,0,0,2000,0,-2000
613,C_coverage_optimized,2,0,0,0,2000,0,-2000
614,C_coverage_optimized,3,1,0,0,2000,900,-1100
615,C_coverage_optimized,2,0,0,0,2000,0,-2000
616,C_coverage_optimized,2,0,0,0,2000,0,-2000
617,C_coverage_optimized,3,1,0,0,2000,900,-1100
618,C_coverage_optimized,2,0,0,0,2000,0,-2000
619,C_coverage_optimized,2,0,0,0,2000,0,-2000
620,C_coverage_optimized,2,0,0,0,2000,0,-2000
621,C_coverage_optimized,2,0,0,0,2000,0,-2000
622,C_coverage_optimized,2,0,0,0,2000,0,-2000
623,C_coverage_optimized,3,1,0,0,2000,900,-1100
624,C_coverage_optimized,3,1,0,0,2000,800,-1200
625,C_coverage_optimized,2,0,0,0,2000,0,-2000
626,C_coverage_optimized,2,0,0,0,2000,0,-2000
627,C_coverage_optimized,2,0,0,0,2000,0,-2000
628,C_coverage_optimized,2,0,0,0,2000,0,-2000
629,C_coverage_optimized,2,0,0,0,2000,0,-2000
630,C_coverage_optimized,3,1,0,0,2000,1000,-1000
631,C_coverage_optimized,2,0,0,0,2000,0,-2000
632,C_coverage_optimized,2,0,0,0,2000,0,-2000
633,C_coverage_optimized,2,0,0,0,2000,0,-2000
634,C_coverage_optimized,2,0,0,0,2000,0,-2000
635,C_coverage_optimized,2,0,0,0,2000,0,-2000
636,C_coverage_optimized,2,0,0,0,2000,0,-2000
637,C_coverage_optimized,2,0,0,0,2000,0,-2000
638,C_coverage_optimized,2,0,0,0,2000,0,-2000
639,C_coverage_optimized,2,0,0,0,2000,0,-2000
640,C_coverage_optimized,2,0,0,0,2000,0,-2000
641,C_coverage_optimized,2,0,0,0,2000,0,-2000
642,C_coverage_optimized,2,0,0,0,2000,0,-2000
643,C_coverage_optimized,1,0,0,0,2000,0,-2000
644,C_coverage_optimized,2,0,0,0,2000,0,-2000
645,C_coverage_optimized,2,0,0,0,2000,0,-2000
646,C_coverage_optimized,3,1,0,0,2000,900,-1100
647,C_coverage_optimized,2,0,0,0,2000,0,-2000
648,C_coverage_optimized,2,0,0,0,2000,0,-2000
649,C_coverage_optimized,2,0,0,0,2000,0,-2000
650,C_coverage_optimized,2,0,0,0,2000,0,-2000
651,C_coverage_optimized,3,1,0,0,2000,1000,-1000
652,C_coverage_optimized,2,0,0,0,2000,0,-2000
653,C_coverage_optimized,2,0,0,0,2000,0,-2000
654,C_coverage_optimized,2,0,0,0,2000,0,-2000
655,C_coverage_optimized,2,0,0,0,2000,0,-2000
656,C_coverage_optimized,2,0,0,0,2000,0,-2000
657,C_coverage_optimized,2,0,0,0,2000,0,-2000
658,C_coverage_optimized,2,0,0,0,2000,0,-2000
659,C_coverage_optimized,2,0,0,0,2000,0,-2000
660,C_coverage_optimized,2,0,0,0,2000,0,-2000
661,C_coverage_optimized,2,0,0,0,2000,0,-2000
662,C_coverage_optimized,2,0,0,0,2000,0,-2000
663,C_coverage_optimized,3,1,0,0,2000,1100,-900
664,C_coverage_optimized,2,0,0,0,2000,0,-2000
665,C_coverage_optimized,2,0,0,0,2000,0,-2000
666,C_coverage_optimized,2,0,0,0,2000,0,-2000
667,C_coverage_optimized,2,0,0,0,2000,0,-2000
668,C_coverage_optimized,3,1,0,0,2000,800,-1200
669,C_coverage_optimized,2,0,0,0,2000,0,-2000
670,C_coverage_optimized,2,0,0,0,2000,0,-2000
671,C_coverage_optimized,2,0,0,0,2000,0,-2000
672,C_coverage_optimized,2,0,0,0,2000,0,-2000
673,C_coverage_optimized,3,1,0,0,2000,900,-1100
674,C_coverage_optimized,2,0,0,0,2000,0,-2000
675,C_coverage_optimized,2,0,0,0,2000,0,-2000
676,C_coverage_optimized,2,0,0,0,2000,0,-2000
677,C_coverage_optimized,2,0,0,0,2000,0,-2000
678,C_coverage_optimized,2,0,0,0,2000,0,-2000
679,C_coverage_optimized,2,0,0,0,2000,0,-2000
680,C_coverage_optimized,2,0,0,0,2000,0,-2000
681,C_coverage_optimized,2,0,0,0,2000,0,-2000
682,C_coverage_optimized,1,0,0,0,2000,0,-2000
683,C_coverage_optimized,2,0,0,0,2000,0,-2000
684,C_coverage_optimized,2,0,0,0,2000,0,-2000
685,C_coverage_optimized,2,0,0,0,2000,0,-2000
686,C_coverage_optimized,2,0,0,0,2000,0,-2000
687,C_coverage_optimized,2,0,0,0,2000,0,-2000
688,C_coverage_optimized,2,0,0,0,2000,0,-2000
689,C_coverage_optimized,2,0,0,0,2000,0,-2000
690,C_coverage_optimized,2,0,0,0,2000,0,-2000
691,C_coverage_optimized,2,0,0,0,2000,0,-2000
692,C_coverage_optimized,2,0,0,0,2000,0,-2000
693,C_coverage_optimized,2,0,0,0,2000,0,-2000
694,C_coverage_optimized,2,0,0,0,2000,0,-2000
695,C_coverage_optimized,1,0,0,0,2000,0,-2000
696,C_coverage_optimized,1,0,0,0,2000,0,-2000
697,C_coverage_optimized,3,1,0,0,2000,900,-1100
698,C_coverage_optimized,2,0,0,0,2000,0,-2000
699,C_coverage_optimized,2,0,0,0,2000,0,-2000
700,C_coverage_optimized,2,0,0,0,2000,0,-2000
701,C_coverage_optimized,2,0,0,0,2000,0,-2000
702,C_coverage_optimized,2,0,0,0,2000,0,-2000
703,C_coverage_optimized,3,1,0,0,2000,1000,-1000
704,C_coverage_optimized,2,0,0,0,2000,0,-2000
705,C_coverage_optimized,2,0,0,0,2000,0,-2000
706,C_coverage_optimized,3,1,0,0,2000,900,-1100
707,C_coverage_optimized,3,1,0,0,2000,900,-1100
708,C_coverage_optimized,2,0,0,0,2000,0,-2000
709,C_coverage_optimized,2,0,0,0,2000,0,-2000
710,C_coverage_optimized,2,0,0,0,2000,0,-2000
711,C_coverage_optimized,2,0,0,0,2000,0,-2000
712,C_coverage_optimized,2,0,0,0,2000,0,-2000
713,C_coverage_optimized,2,0,0,0,2000,0,-2000
714,C_coverage_optimized,1,0,0,0,2000,0,-2000
715,C_coverage_optimized,3,1,0,0,2000,900,-1100
716,C_coverage_optimized,2,0,0,0,2000,0,-2000
717,C_coverage_optimized,2,0,0,0,2000,0,-2000
718,C_coverage_optimized,1,0,0,0,2000,0,-2000
719,C_coverage_optimized,3,1,0,0,2000,900,-1100
720,C_coverage_optimized,2,0,0,0,2000,0,-2000
721,C_coverage_optimized,3,1,0,0,2000,800,-1200
722,C_coverage_optimized,1,0,0,0,2000,0,-2000
723,C_coverage_optimized,3,1,0,0,2000,1000,-1000
724,C_coverage_optimized,2,0,0,0,2000,0,-2000
725,C_coverage_optimized,2,0,0,0,2000,0,-2000
726,C_coverage_optimized,1,0,0,0,2000,0,-2000
727,C_coverage_optimized,2,0,0,0,2000,0,-2000
728,C_coverage_optimized,2,0,0,0,2000,0,-2000
729,C_coverage_optimized,2,0,0,0,2000,0,-2000
730,C_coverage_optimized,2,0,0,0,2000,0,-2000
731,C_coverage_optimized,2,0,0,0,2000,0,-2000
732,C_coverage_optimized,2,0,0,0,2000,0,-2000
733,C_coverage_optimized,2,0,0,0,2000,0,-2000
734,C_coverage_optimized,2,0,0,0,2000,0,-2000
735,C_coverage_optimized,3,1,0,0,2000,900,-1100
736,C_coverage_optimized,2,0,0,0,2000,0,-2000
737,C_coverage_optimized,3,1,0,0,2000,800,-1200
738,C_coverage_optimized,3,1,0,0,2000,800,-1200
739,C_coverage_optimized,2,0,0,0,2000,0,-2000
740,C_coverage_optimized,2,0,0,0,2000,0,-2000
741,C_coverage_optimized,2,0,0,0,2000,0,-2000
742,C_coverage_optimized,2,0,0,0,2000,0,-2000
743,C_coverage_optimized,2,0,0,0,2000,0,-2000
744,C_coverage_optimized,2,0,0,0,2000,0,-2000
745,C_coverage_optimized,2,0,0,0,2000,0,-2000
746,C_coverage_optimized,2,0,0,0,2000,0,-2000
747,C_coverage_optimized,2,0,0,0,2000,0,-2000
748,C_coverage_optimized,3,1,0,0,2000,900,-1100
749,C_coverage_optimized,3,1,0,0,2000,1000,-1000
750,C_coverage_optimized,2,0,0,0,2000,0,-2000
751,C_coverage_optimized,2,0,0,0,2000,0,-2000
752,C_coverage_optimized,2,0,0,0,2000,0,-2000
753,C_coverage_optimized,2,0,0,0,2000,0,-2000
754,C_coverage_optimized,3,1,0,0,2000,800,-1200
755,C_coverage_optimized,2,0,0,0,2000,0,-2000
756,C_coverage_optimized,2,0,0,0,2000,0,-2000
757,C_coverage_optimized,2,0,0,0,2000,0,-2000
758,C_coverage_optimized,1,0,0,0,2000,0,-2000
759,C_coverage_optimized,2,0,0,0,2000,0,-2000
760,C_coverage_optimized,2,0,0,0,2000,0,-2000
761,C_coverage_optimized,2,0,0,0,2000,0,-2000
762,C_coverage_optimized,2,0,0,0,2000,0,-2000
763,C_coverage_optimized,2,0,0,0,2000,0,-2000
764,C_coverage_optimized,2,0,0,0,2000,0,-2000
765,C_coverage_optimized,2,0,0,0,2000,0,-2000
766,C_coverage_optimized,2,0,0,0,2000,0,-2000
767,C_coverage_optimized,2,0,0,0,2000,0,-2000
768,C_coverage_optimized,2,0,0,0,2000,0,-2000
769,C_coverage_optimized,2,0,0,0,2000,0,-2000
770,C_coverage_optimized,2,0,0,0,2000,0,-2000
771,C_coverage_optimized,3,1,0,0,2000,900,-1100
772,C_coverage_optimized,2,0,0,0,2000,0,-2000
773,C_coverage_optimized,2,0,0,0,2000,0,-2000
774,C_coverage_optimized,2,0,0,0,2000,0,-2000
775,C_coverage_optimized,2,0,0,0,2000,0,-2000
776,C_coverage_optimized,2,0,0,0,2000,0,-2000
777,C_coverage_optimized,2,0,0,0,2000,0,-2000
778,C_coverage_optimized,2,0,0,0,2000,0,-2000
779,C_coverage_optimized,2,0,0,0,2000,0,-2000
780,C_coverage_optimized,1,0,0,0,2000,0,-2000
781,C_coverage_optimized,3,1,0,0,2000,900,-1100
782,C_coverage_optimized,3,1,0,0,2000,900,-1100
783,C_coverage_optimized,2,0,0,0,2000,0,-2000
784,C_coverage_optimized,2,0,0,0,2000,0,-2000
785,C_coverage_optimized,2,0,0,0,2000,0,-2000
786,C_coverage_optimized,3,1,0,0,2000,1000,-1000
787,C_coverage_optimized,2,0,0,0,2000,0,-2000
788,C_coverage_optimized,2,0,0,0,2000,0,-2000
789,C_coverage_optimized,2,0,0,0,2000,0,-2000
790,C_coverage_optimized,2,0,0,0,2000,0,-2000
791,C_coverage_optimized,2,0,0,0,2000,0,-2000
792,C_coverage_optimized,2,0,0,0,2000,0,-2000
793,C_coverage_optimized,2,0,0,0,2000,0,-2000
794,C_coverage_optimized,3,1,0,0,2000,1000,-1000
795,C_coverage_optimized,1,0,0,0,2000,0,-2000
796,C_coverage_optimized,2,0,0,0,2000,0,-2000
797,C_coverage_optimized,2,0,0,0,2000,0,-2000
798,C_coverage_optimized,2,0,0,0,2000,0,-2000
799,C_coverage_optimized,2,0,0,0,2000,0,-2000
800,C_coverage_optimized,2,0,0,0,2000,0,-2000
801,C_coverage_optimized,2,0,0,0,2000,0,-2000
802,C_coverage_optimized,3,1,0,0,2000,1100,-900
803,C_coverage_optimized,2,0,0,0,2000,0,-2000
804,C_coverage_optimized,2,0,0,0,2000,0,-2000
805,C_coverage_optimized,2,0,0,0,2000,0,-2000
806,C_coverage_optimized,2,0,0,0,2000,0,-2000
807,C_coverage_optimized,2,0,0,0,2000,0,-2000
808,C_coverage_optimized,2,0,0,0,2000,0,-2000
809,C_coverage_optimized,3,1,0,0,2000,800,-1200
810,C_coverage_optimized,2,0,0,0,2000,0,-2000
811,C_coverage_optimized,3,1,0,0,2000,900,-1100
812,C_coverage_optimized,2,0,0,0,2000,0,-2000
813,C_coverage_optimized,2,0,0,0,2000,0,-2000
814,C_coverage_optimized,2,0,0,0,2000,0,-2000
815,C_coverage_optimized,2,0,0,0,2000,0,-2000
816,C_coverage_optimized,2,0,0,0,2000,0,-2000
817,C_coverage_optimized,2,0,0,0,2000,0,-2000
818,C_coverage_optimized,2,0,0,0,2000,0,-2000
819,C_coverage_optimized,2,0,0,0,2000,0,-2000
820,C_coverage_optimized,2,0,0,0,2000,0,-2000
821,C_coverage_optimized,2,0,0,0,2000,0,-2000
822,C_coverage_optimized,3,1,0,0,2000,900,-1100
823,C_coverage_optimized,2,0,0,0,2000,0,-2000
824,C_coverage_optimized,1,0,0,0,2000,0,-2000
825,C_coverage_optimized,2,0,0,0,2000,0,-2000
826,C_coverage_optimized,2,0,0,0,2000,0,-2000
827,C_coverage_optimized,2,0,0,0,2000,0,-2000
828,C_coverage_optimized,2,0,0,0,2000,0,-2000
829,C_coverage_optimized,2,0,0,0,2000,0,-2000
830,C_coverage_optimized,2,0,0,0,2000,0,-2000
831,C_coverage_optimized,3,1,0,0,2000,1000,-1000
832,C_coverage_optimized,1,0,0,0,2000,0,-2000
833,C_coverage_optimized,2,0,0,0,2000,0,-2000
834,C_coverage_optimized,2,0,0,0,2000,0,-2000
835,C_coverage_optimized,2,0,0,0,2000,0,-2000
836,C_coverage_optimized,2,0,0,0,2000,0,-2000
837,C_coverage_optimized,2,0,0,0,2000,0,-2000
838,C_coverage_optimized,2,0,0,0,2000,0,-2000
839,C_coverage_optimized,2,0,0,0,2000,0,-2000
840,C_coverage_optimized,1,0,0,0,2000,0,-2000
841,C_coverage_optimized,1,0,0,0,2000,0,-2000
842,C_coverage_optimized,2,0,0,0,2000,0,-2000
843,C_coverage_optimized,2,0,0,0,2000,0,-2000
844,C_coverage_optimized,3,1,0,0,2000,800,-1200
845,C_coverage_optimized,2,0,0,0,2000,0,-2000
846,C_coverage_optimized,2,0,0,0,2000,0,-2000
847,C_coverage_optimized,3,1,0,0,2000,1100,-900
848,C_coverage_optimized,2,0,0,0,2000,0,-2000
849,C_coverage_optimized,2,0,0,0,2000,0,-2000
850,C_coverage_optimized,2,0,0,0,2000,0,-2000
851,C_coverage_optimized,3,1,0,0,2000,1100,-900
852,C_coverage_optimized,2,0,0,0,2000,0,-2000
853,C_coverage_optimized,3,1,0,0,2000,900,-1100
854,C_coverage_optimized,2,0,0,0,2000,0,-2000
855,C_coverage_optimized,2,0,0,0,2000,0,-2000
856,C_coverage_optimized,2,0,0,0,2000,0,-2000
857,C_coverage_optimized,2,0,0,0,2000,0,-2000
858,C_coverage_optimized,2,0,0,0,2000,0,-2000
859,C_coverage_optimized,2,0,0,0,2000,0,-2000
860,C_coverage_optimized,3,1,0,0,2000,1000,-1000
861,C_coverage_optimized,2,0,0,0,2000,0,-2000
862,C_coverage_optimized,2,0,0,0,2000,0,-2000
863,C_coverage_optimized,1,0,0,0,2000,0,-2000
864,C_coverage_optimized,2,0,0,0,2000,0,-2000
865,C_coverage_optimized,2,0,0,0,2000,0,-2000
866,C_coverage_optimized,1,0,0,0,2000,0,-2000
867,C_coverage_optimized,2,0,0,0,2000,0,-2000
868,C_coverage_optimized,2,0,0,0,2000,0,-2000
869,C_coverage_optimized,2,0,0,0,2000,0,-2000
870,C_coverage_optimized,2,0,0,0,2000,0,-2000
871,C_coverage_optimized,2,0,0,0,2000,0,-2000
872,C_coverage_optimized,3,1,0,0,2000,900,-1100
873,C_coverage_optimized,2,0,0,0,2000,0,-2000
874,C_coverage_optimized,2,0,0,0,2000,0,-2000
875,C_coverage_optimized,3,1,0,0,2000,700,-1300
876,C_coverage_optimized,2,0,0,0,2000,0,-2000
877,C_coverage_optimized,3,1,0,0,2000,1000,-1000
878,C_coverage_optimized,2,0,0,0,2000,0,-2000
879,C_coverage_optimized,2,0,0,0,2000,0,-2000
880,C_coverage_optimized,2,0,0,0,2000,0,-2000
881,C_coverage_optimized,3,1,0,0,2000,900,-1100
882,C_coverage_optimized,2,0,0,0,2000,0,-2000
883,C_coverage_optimized,2,0,0,0,2000,0,-2000
884,C_coverage_optimized,3,1,0,0,2000,900,-1100
885,C_coverage_optimized,2,0,0,0,2000,0,-2000
886,C_coverage_optimized,3,1,0,0,2000,1100,-900
887,C_coverage_optimized,2,0,0,0,2000,0,-2000
888,C_coverage_optimized,2,0,0,0,2000,0,-2000
889,C_coverage_optimized,3,1,0,0,2000,900,-1100
890,C_coverage_optimized,2,0,0,0,2000,0,-2000
891,C_coverage_optimized,2,0,0,0,2000,0,-2000
892,C_coverage_optimized,2,0,0,0,2000,0,-2000
893,C_coverage_optimized,2,0,0,0,2000,0,-2000
894,C_coverage_optimized,1,0,0,0,2000,0,-2000
895,C_coverage_optimized,2,0,0,0,2000,0,-2000
896,C_coverage_optimized,2,0,0,0,2000,0,-2000
897,C_coverage_optimized,2,0,0,0,2000,0,-2000
898,C_coverage_optimized,2,0,0,0,2000,0,-2000
899,C_coverage_optimized,2,0,0,0,2000,0,-2000
900,C_coverage_optimized,2,0,0,0,2000,0,-2000
901,C_coverage_optimized,2,0,0,0,2000,0,-2000
902,C_coverage_optimized,2,0,0,0,2000,0,-2000
903,C_coverage_optimized,3,1,0,0,2000,1000,-1000
904,C_coverage_optimized,2,0,0,0,2000,0,-2000
905,C_coverage_optimized,2,0,0,0,2000,0,-2000
906,C_coverage_optimized,2,0,0,0,2000,0,-2000
907,C_coverage_optimized,3,2,0,0,2000,1800,-200
908,C_coverage_optimized,2,0,0,0,2000,0,-2000
909,C_coverage_optimized,3,1,0,0,2000,1000,-1000
910,C_coverage_optimized,3,1,0,0,2000,1100,-900
911,C_coverage_optimized,2,0,0,0,2000,0,-2000
912,C_coverage_optimized,3,1,0,0,2000,1000,-1000
913,C_coverage_optimized,1,0,0,0,2000,0,-2000
914,C_coverage_optimized,2,0,0,0,2000,0,-2000
915,C_coverage_optimized,2,0,0,0,2000,0,-2000
916,C_coverage_optimized,2,0,0,0,2000,0,-2000
917,C_coverage_optimized,2,0,0,0,2000,0,-2000
918,C_coverage_optimized,3,1,0,0,2000,1200,-800
919,C_coverage_optimized,1,0,0,0,2000,0,-2000
920,C_coverage_optimized,3,1,0,0,2000,1000,-1000
921,C_coverage_optimized,2,0,0,0,2000,0,-2000
922,C_coverage_optimized,1,0,0,0,2000,0,-2000
923,C_coverage_optimized,2,0,0,0,2000,0,-2000
924,C_coverage_optimized,2,0,0,0,2000,0,-2000
925,C_coverage_optimized,2,0,0,0,2000,0,-2000
926,C_coverage_optimized,2,0,0,0,2000,0,-2000
927,C_coverage_optimized,2,0,0,0,2000,0,-2000
928,C_coverage_optimized,2,0,0,0,2000,0,-2000
929,C_coverage_optimized,2,0,0,0,2000,0,-2000
930,C_coverage_optimized,2,0,0,0,2000,0,-2000
931,C_coverage_optimized,2,0,0,0,2000,0,-2000
932,C_coverage_optimized,1,0,0,0,2000,0,-2000
933,C_coverage_optimized,2,0,0,0,2000,0,-2000
934,C_coverage_optimized,2,0,0,0,2000,0,-2000
935,C_coverage_optimized,1,0,0,0,2000,0,-2000
936,C_coverage_optimized,2,0,0,0,2000,0,-2000
937,C_coverage_optimized,2,0,0,0,2000,0,-2000
938,C_coverage_optimized,2,0,0,0,2000,0,-2000
939,C_coverage_optimized,2,0,0,0,2000,0,-2000
940,C_coverage_optimized,3,1,0,0,2000,1000,-1000
941,C_coverage_optimized,2,0,0,0,2000,0,-2000
942,C_coverage_optimized,2,0,0,0,2000,0,-2000
943,C_coverage_optimized,3,1,0,0,2000,900,-1100
944,C_coverage_optimized,2,0,0,0,2000,0,-2000
945,C_coverage_optimized,1,0,0,0,2000,0,-2000
946,C_coverage_optimized,2,0,0,0,2000,0,-2000
947,C_coverage_optimized,2,0,0,0,2000,0,-2000
948,C_coverage_optimized,2,0,0,0,2000,0,-2000
949,C_coverage_optimized,2,0,0,0,2000,0,-2000
950,C_coverage_optimized,2,0,0,0,2000,0,-2000
951,C_coverage_optimized,2,0,0,0,2000,0,-2000
952,C_coverage_optimized,2,0,0,0,2000,0,-2000
953,C_coverage_optimized,2,0,0,0,2000,0,-2000
954,C_coverage_optimized,2,0,0,0,2000,0,-2000
955,C_coverage_optimized,2,0,0,0,2000,0,-2000
956,C_coverage_optimized,3,1,0,0,2000,900,-1100
957,C_coverage_optimized,1,0,0,0,2000,0,-2000
958,C_coverage_optimized,2,0,0,0,2000,0,-2000
959,C_coverage_optimized,1,0,0,0,2000,0,-2000
960,C_coverage_optimized,1,0,0,0,2000,0,-2000
961,C_coverage_optimized,3,1,0,0,2000,1000,-1000
962,C_coverage_optimized,2,0,0,0,2000,0,-2000
963,C_coverage_optimized,3,1,0,0,2000,800,-1200
964,C_coverage_optimized,2,0,0,0,2000,0,-2000
965,C_coverage_optimized,2,0,0,0,2000,0,-2000
966,C_coverage_optimized,2,0,0,0,2000,0,-2000
967,C_coverage_optimized,2,0,0,0,2000,0,-2000
968,C_coverage_optimized,2,0,0,0,2000,0,-2000
969,C_coverage_optimized,2,0,0,0,2000,0,-2000
970,C_coverage_optimized,2,0,0,0,2000,0,-2000
971,C_coverage_optimized,2,0,0,0,2000,0,-2000
972,C_coverage_optimized,2,0,0,0,2000,0,-2000
973,C_coverage_optimized,2,0,0,0,2000,0,-2000
974,C_coverage_optimized,2,0,0,0,2000,0,-2000
975,C_coverage_optimized,2,0,0,0,2000,0,-2000
976,C_coverage_optimized,2,0,0,0,2000,0,-2000
977,C_coverage_optimized,2,0,0,0,2000,0,-2000
978,C_coverage_optimized,3,1,0,0,2000,1100,-900
979,C_coverage_optimized,2,0,0,0,2000,0,-2000
980,C_coverage_optimized,2,0,0,0,2000,0,-2000
981,C_coverage_optimized,3,1,0,0,2000,900,-1100
982,C_coverage_optimized,3,2,0,0,2000,1800,-200
983,C_coverage_optimized,2,0,0,0,2000,0,-2000
984,C_coverage_optimized,2,0,0,0,2000,0,-2000
985,C_coverage_optimized,2,0,0,0,2000,0,-2000
986,C_coverage_optimized,2,0,0,0,2000,0,-2000
987,C_coverage_optimized,2,0,0,0,2000,0,-2000
988,C_coverage_optimized,2,0,0,0,2000,0,-2000
989,C_coverage_optimized,2,0,0,0,2000,0,-2000
990,C_coverage_optimized,2,0,0,0,2000,0,-2000
991,C_coverage_optimized,2,0,0,0,2000,0,-2000
992,C_coverage_optimized,3,1,0,0,2000,1300,-700
993,C_coverage_optimized,2,0,0,0,2000,0,-2000
994,C_coverage_optimized,2,0,0,0,2000,0,-2000
995,C_coverage_optimized,1,0,0,0,2000,0,-2000
996,C_coverage_optimized,3,1,0,0,2000,1200,-800
997,C_coverage_optimized,2,0,0,0,2000,0,-2000
998,C_coverage_optimized,2,0,0,0,2000,0,-2000
999,C_coverage_optimized,2,0,0,0,2000,0,-2000
1000,C_coverage_optimized,1,0,0,0,2000,0,-2000
1001,C_coverage_optimized,2,0,0,0,2000,0,-2000
1002,C_coverage_optimized,3,1,0,0,2000,800,-1200
1003,C_coverage_optimized,2,0,0,0,2000,0,-2000
1004,C_coverage_optimized,2,0,0,0,2000,0,-2000
1005,C_coverage_optimized,2,0,0,0,2000,0,-2000
1006,C_coverage_optimized,2,0,0,0,2000,0,-2000
1007,C_coverage_optimized,3,1,0,0,2000,900,-1100
1008,C_coverage_optimized,3,1,0,0,2000,900,-1100
1009,C_coverage_optimized,1,0,0,0,2000,0,-2000
1010,C_coverage_optimized,2,0,0,0,2000,0,-2000
1011,C_coverage_optimized,2,0,0,0,2000,0,-2000
1012,C_coverage_optimized,2,0,0,0,2000,0,-2000
1013,C_coverage_optimized,3,1,0,0,2000,800,-1200
1014,C_coverage_optimized,3,1,0,0,2000,1100,-900
1015,C_coverage_optimized,3,1,0,0,2000,900,-1100
1016,C_coverage_optimized,2,0,0,0,2000,0,-2000
1017,C_coverage_optimized,2,0,0,0,2000,0,-2000
1018,C_coverage_optimized,2,0,0,0,2000,0,-2000
1019,C_coverage_optimized,2,0,0,0,2000,0,-2000
1020,C_coverage_optimized,2,0,0,0,2000,0,-2000
1021,C_coverage_optimized,3,1,0,0,2000,1100,-900
1022,C_coverage_optimized,2,0,0,0,2000,0,-2000
1023,C_coverage_optimized,2,0,0,0,2000,0,-2000
1024,C_coverage_optimized,3,1,0,0,2000,800,-1200
1025,C_coverage_optimized,2,0,0,0,2000,0,-2000
1026,C_coverage_optimized,3,1,0,0,2000,900,-1100
1027,C_coverage_optimized,2,0,0,0,2000,0,-2000
1028,C_coverage_optimized,3,1,0,0,2000,800,-1200
1029,C_coverage_optimized,2,0,0,0,2000,0,-2000
1030,C_coverage_optimized,2,0,0,0,2000,0,-2000
1031,C_coverage_optimized,2,0,0,0,2000,0,-2000
1032,C_coverage_optimized,3,1,0,0,2000,1100,-900
1033,C_coverage_optimized,2,0,0,0,2000,0,-2000
1034,C_coverage_optimized,2,0,0,0,2000,0,-2000
1035,C_coverage_optimized,2,0,0,0,2000,0,-2000
1036,C_coverage_optimized,2,0,0,0,2000,0,-2000
1037,C_coverage_optimized,3,1,0,0,2000,900,-1100
1038,C_coverage_optimized,3,1,0,0,2000,1000,-1000
1039,C_coverage_optimized,2,0,0,0,2000,0,-2000
1040,C_coverage_optimized,2,0,0,0,2000,0,-2000
1041,C_coverage_optimized,2,0,0,0,2000,0,-2000
1042,C_coverage_optimized,2,0,0,0,2000,0,-2000
1043,C_coverage_optimized,2,0,0,0,2000,0,-2000
1044,C_coverage_optimized,1,0,0,0,2000,0,-2000
1045,C_coverage_optimized,1,0,0,0,2000,0,-2000
1046,C_coverage_optimized,2,0,0,0,2000,0,-2000
1047,C_coverage_optimized,1,0,0,0,2000,0,-2000
1048,C_coverage_optimized,2,0,0,0,2000,0,-2000
1049,C_coverage_optimized,3,2,0,0,2000,2400,400
1050,C_coverage_optimized,3,1,0,0,2000,900,-1100
1051,C_coverage_optimized,3,1,0,0,2000,900,-1100
1052,C_coverage_optimized,2,0,0,0,2000,0,-2000
1053,C_coverage_optimized,2,0,0,0,2000,0,-2000
1054,C_coverage_optimized,2,0,0,0,2000,0,-2000
1055,C_coverage_optimized,3,1,0,0,2000,1000,-1000
1056,C_coverage_optimized,2,0,0,0,2000,0,-2000
1057,C_coverage_optimized,2,0,0,0,2000,0,-2000
1058,C_coverage_optimized,2,0,0,0,2000,0,-2000
1059,C_coverage_optimized,1,0,0,0,2000,0,-2000
1060,C_coverage_optimized,3,1,0,0,2000,1000,-1000
1061,C_coverage_optimized,2,0,0,0,2000,0,-2000
1062,C_coverage_optimized,2,0,0,0,2000,0,-2000
1063,C_coverage_optimized,2,0,0,0,2000,0,-2000
1064,C_coverage_optimized,2,0,0,0,2000,0,-2000
1065,C_coverage_optimized,2,0,0,0,2000,0,-2000
1066,C_coverage_optimized,2,0,0,0,2000,0,-2000
1067,C_coverage_optimized,3,1,0,0,2000,1000,-1000
1068,C_coverage_optimized,2,0,0,0,2000,0,-2000
1069,C_coverage_optimized,2,0,0,0,2000,0,-2000
1070,C_coverage_optimized,2,0,0,0,2000,0,-2000
1071,C_coverage_optimized,2,0,0,0,2000,0,-2000
1072,C_coverage_optimized,3,1,0,0,2000,900,-1100
1073,C_coverage_optimized,4,1,1,0,2000,10800,8800
1074,C_coverage_optimized,2,0,0,0,2000,0,-2000
1075,C_coverage_optimized,2,0,0,0,2000,0,-2000
1076,C_coverage_optimized,2,0,0,0,2000,0,-2000
1077,C_coverage_optimized,2,0,0,0,2000,0,-2000
1078,C_coverage_optimized,2,0,0,0,2000,0,-2000
1079,C_coverage_optimized,3,1,0,0,2000,900,-1100
1080,C_coverage_optimized,3,1,0,0,2000,1000,-1000
1081,C_coverage_optimized,2,0,0,0,2000,0,-2000
1082,C_coverage_optimized,1,0,0,0,2000,0,-2000
1083,C_coverage_optimized,2,0,0,0,2000,0,-2000
1084,C_coverage_optimized,2,0,0,0,2000,0,-2000
1085,C_coverage_optimized,1,0,0,0,2000,0,-2000
1086,C_coverage_optimized,2,0,0,0,2000,0,-2000
1087,C_coverage_optimized,2,0,0,0,2000,0,-2000
1088,C_coverage_optimized,1,0,0,0,2000,0,-2000
1089,C_coverage_optimized,2,0,0,0,2000,0,-2000
1090,C_coverage_optimized,1,0,0,0,2000,0,-2000
1091,C_coverage_optimized,2,0,0,0,2000,0,-2000
1092,C_coverage_optimized,2,0,0,0,2000,0,-2000
1093,C_coverage_optimized,2,0,0,0,2000,0,-2000
1094,C_coverage_optimized,2,0,0,0,2000,0,-2000
1095,C_coverage_optimized,1,0,0,0,2000,0,-2000
1096,C_coverage_optimized,2,0,0,0,2000,0,-2000
1097,C_coverage_optimized,2,0,0,0,2000,0,-2000
1098,C_coverage_optimized,2,0,0,0,2000,0,-2000
1099,C_coverage_optimized,2,0,0,0,2000,0,-2000
1100,C_coverage_optimized,2,0,0,0,2000,0,-2000
1101,C_coverage_optimized,2,0,0,0,2000,0,-2000
1102,C_coverage_optimized,1,0,0,0,2000,0,-2000
1103,C_coverage_optimized,2,0,0,0,2000,0,-2000
1104,C_coverage_optimized,3,1,0,0,2000,1100,-900
1105,C_coverage_optimized,2,0,0,0,2000,0,-2000
1106,C_coverage_optimized,2,0,0,0,2000,0,-2000
1107,C_coverage_optimized,2,0,0,0,2000,0,-2000
1108,C_coverage_optimized,2,0,0,0,2000,0,-2000
1109,C_coverage_optimized,2,0,0,0,2000,0,-2000
1110,C_coverage_optimized,2,0,0,0,2000,0,-2000
1111,C_coverage_optimized,1,0,0,0,2000,0,-2000
1112,C_coverage_optimized,2,0,0,0,2000,0,-2000
1113,C_coverage_optimized,2,0,0,0,2000,0,-2000
1114,C_coverage_optimized,1,0,0,0,2000,0,-2000
1115,C_coverage_optimized,2,0,0,0,2000,0,-2000
1116,C_coverage_optimized,2,0,0,0,2000,0,-2000
1117,C_coverage_optimized,1,0,0,0,2000,0,-2000
1118,C_coverage_optimized,2,0,0,0,2000,0,-2000
1119,C_coverage_optimized,2,0,0,0,2000,0,-2000
1120,C_coverage_optimized,2,0,0,0,2000,0,-2000
1121,C_coverage_optimized,2,0,0,0,2000,0,-2000
1122,C_coverage_optimized,1,0,0,0,2000,0,-2000
1123,C_coverage_optimized,2,0,0,0,2000,0,-2000
1124,C_coverage_optimized,2,0,0,0,2000,0,-2000
1125,C_coverage_optimized,2,0,0,0,2000,0,-2000
1126,C_coverage_optimized,2,0,0,0,2000,0,-2000
1127,C_coverage_optimized,2,0,0,0,2000,0,-2000
1128,C_coverage_optimized,2,0,0,0,2000,0,-2000
1129,C_coverage_optimized,2,0,0,0,2000,0,-2000
1130,C_coverage_optimized,3,1,0,0,2000,900,-1100
1131,C_coverage_optimized,2,0,0,0,2000,0,-2000
1132,C_coverage_optimized,2,0,0,0,2000,0,-2000
1133,C_coverage_optimized,2,0,0,0,2000,0,-2000
1134,C_coverage_optimized,2,0,0,0,2000,0,-2000
1135,C_coverage_optimized,2,0,0,0,2000,0,-2000
1136,C_coverage_optimized,3,1,0,0,2000,1100,-900
1137,C_coverage_optimized,2,0,0,0,2000,0,-2000
1138,C_coverage_optimized,2,0,0,0,2000,0,-2000
1139,C_coverage_optimized,2,0,0,0,2000,0,-2000
1140,C_coverage_optimized,2,0,0,0,2000,0,-2000
1141,C_coverage_optimized,2,0,0,0,2000,0,-2000
1142,C_coverage_optimized,2,0,0,0,2000,0,-2000
1143,C_coverage_optimized,1,0,0,0,2000,0,-2000
1144,C_coverage_optimized,2,0,0,0,2000,0,-2000
1145,C_coverage_optimized,3,1,0,0,2000,1000,-1000
1146,C_coverage_optimized,2,0,0,0,2000,0,-2000
1147,C_coverage_optimized,2,0,0,0,2000,0,-2000
1148,C_coverage_optimized,2,0,0,0,2000,0,-2000
1149,C_coverage_optimized,2,0,0,0,2000,0,-2000
1150,C_coverage_optimized,3,1,0,0,2000,1100,-900
1151,C_coverage_optimized,2,0,0,0,2000,0,-2000
1152,C_coverage_optimized,2,0,0,0,2000,0,-2000
1153,C_coverage_optimized,2,0,0,0,2000,0,-2000
1154,C_coverage_optimized,2,0,0,0,2000,0,-2000
1155,C_coverage_optimized,2,0,0,0,2000,0,-2000
1156,C_coverage_optimized,2,0,0,0,2000,0,-2000
1157,C_coverage_optimized,2,0,0,0,2000,0,-2000
1158,C_coverage_optimized,2,0,0,0,2000,0,-2000
1159,C_coverage_optimized,2,0,0,0,2000,0,-2000
1160,C_coverage_optimized,2,0,0,0,2000,0,-2000
1161,C_coverage_optimized,3,1,0,0,2000,900,-1100
1162,C_coverage_optimized,2,0,0,0,2000,0,-2000
1163,C_coverage_optimized,2,0,0,0,2000,0,-2000
1164,C_coverage_optimized,2,0,0,0,2000,0,-2000
1165,C_coverage_optimized,2,0,0,0,2000,0,-2000
1166,C_coverage_optimized,3,1,0,0,2000,800,-1200
1167,C_coverage_optimized,2,0,0,0,2000,0,-2000
1168,C_coverage_optimized,2,0,0,0,2000,0,-2000
1169,C_coverage_optimized,2,0,0,0,2000,0,-2000
1170,C_coverage_optimized,2,0,0,0,2000,0,-2000
1171,C_coverage_optimized,2,0,0,0,2000,0,-2000
1172,C_coverage_optimized,2,0,0,0,2000,0,-2000
1173,C_coverage_optimized,2,0,0,0,2000,0,-2000
1174,C_coverage_optimized,3,1,0,0,2000,1000,-1000
1175,C_coverage_optimized,2,0,0,0,2000,0,-2000
1176,C_coverage_optimized,2,0,0,0,2000,0,-2000
1177,C_coverage_optimized,2,0,0,0,2000,0,-2000
1178,C_coverage_optimized,2,0,0,0,2000,0,-2000
1179,C_coverage_optimized,3,1,0,0,2000,1300,-700
1180,C_coverage_optimized,2,0,0,0,2000,0,-2000
1181,C_coverage_optimized,2,0,0,0,2000,0,-2000
1182,C_coverage_optimized,2,0,0,0,2000,0,-2000
1183,C_coverage_optimized,2,0,0,0,2000,0,-2000
1184,C_coverage_optimized,2,0,0,0,2000,0,-2000
1185,C_coverage_optimized,2,0,0,0,2000,0,-2000
1186,C_coverage_optimized,3,1,0,0,2000,900,-1100
1187,C_coverage_optimized,2,0,0,0,2000,0,-2000
1188,C_coverage_optimized,2,0,0,0,2000,0,-2000
1189,C_coverage_optimized,3,1,0,0,2000,1000,-1000
1190,C_coverage_optimized,2,0,0,0,2000,0,-2000
1191,C_coverage_optimized,2,0,0,0,2000,0,-2000
1192,C_coverage_optimized,2,0,0,0,2000,0,-2000
1193,C_coverage_optimized,2,0,0,0,2000,0,-2000
1194,C_coverage_optimized,3,1,0,0,2000,900,-1100
1195,C_coverage_optimized,3,1,0,0,2000,1000,-1000
1196,C_coverage_optimized,2,0,0,0,2000,0,-2000
1197,C_coverage_optimized,3,1,0,0,2000,1000,-1000
1198,C_coverage_optimized,2,0,0,0,2000,0,-2000
1199,C_coverage_optimized,3,1,0,0,2000,900,-1100
1200,C_coverage_optimized,2,0,0,0,2000,0,-2000
1201,C_coverage_optimized,2,0,0,0,2000,0,-2000
1202,C_coverage_optimized,2,0,0,0,2000,0,-2000
1203,C_coverage_optimized,3,1,0,0,2000,800,-1200
1204,C_coverage_optimized,2,0,0,0,2000,0,-2000
1205,C_coverage_optimized,2,0,0,0,2000,0,-2000
1206,C_coverage_optimized,2,0,0,0,2000,0,-2000
1207,C_coverage_optimized,3,1,0,0,2000,900,-1100
1208,C_coverage_optimized,1,0,0,0,2000,0,-2000
1209,C_coverage_optimized,3,1,0,0,2000,1000,-1000
1210,C_coverage_optimized,2,0,0,0,2000,0,-2000
1211,C_coverage_optimized,2,0,0,0,2000,0,-2000
1212,C_coverage_optimized,2,0,0,0,2000,0,-2000
1213,C_coverage_optimized,2,0,0,0,2000,0,-2000
1214,C_coverage_optimized,2,0,0,0,2000,0,-2000
1215,C_coverage_optimized,2,0,0,0,2000,0,-2000
1216,C_coverage_optimized,1,0,0,0,2000,0,-2000
1217,C_coverage_optimized,2,0,0,0,2000,0,-2000
1218,C_coverage_optimized,2,0,0,0,2000,0,-2000
1219,C_coverage_optimized,2,0,0,0,2000,0,-2000
1220,C_coverage_optimized,2,0,0,0,2000,0,-2000
1221,C_coverage_optimized,3,1,0,0,2000,1000,-1000
1222,C_coverage_optimized,2,0,0,0,2000,0,-2000
1223,C_coverage_optimized,2,0,0,0,2000,0,-2000
1224,C_coverage_optimized,2,0,0,0,2000,0,-2000
1225,C_coverage_optimized,2,0,0,0,2000,0,-2000
1226,C_coverage_optimized,2,0,0,0,2000,0,-2000
1227,C_coverage_optimized,2,0,0,0,2000,0,-2000
1228,C_coverage_optimized,2,0,0,0,2000,0,-2000
1229,C_coverage_optimized,2,0,0,0,2000,0,-2000
1230,C_coverage_optimized,2,0,0,0,2000,0,-2000
1231,C_coverage_optimized,2,0,0,0,2000,0,-2000
1232,C_coverage_optimized,3,1,0,0,2000,900,-1100
1233,C_coverage_optimized,3,1,0,0,2000,800,-1200
1234,C_coverage_optimized,2,0,0,0,2000,0,-2000
1235,C_coverage_optimized,2,0,0,0,2000,0,-2000
1236,C_coverage_optimized,2,0,0,0,2000,0,-2000
1237,C_coverage_optimized,2,0,0,0,2000,0,-2000
1238,C_coverage_optimized,2,0,0,0,2000,0,-2000
1239,C_coverage_optimized,2,0,0,0,2000,0,-2000
1240,C_coverage_optimized,2,0,0,0,2000,0,-2000
1241,C_coverage_optimized,2,0,0,0,2000,0,-2000
1242,C_coverage_optimized,4,1,1,0,2000,7400,5400
1243,C_coverage_optimized,2,0,0,0,2000,0,-2000
1244,C_coverage_optimized,3,1,0,0,2000,800,-1200
1245,C_coverage_optimized,4,1,1,0,2000,9900,7900
1246,C_coverage_optimized,3,1,0,0,2000,1200,-800
1247,C_coverage_optimized,2,0,0,0,2000,0,-2000
1248,C_coverage_optimized,1,0,0,0,2000,0,-2000
1249,C_coverage_optimized,3,1,0,0,2000,800,-1200
1250,C_coverage_optimized,2,0,0,0,2000,0,-2000
1251,C_coverage_optimized,2,0,0,0,2000,0,-2000
1252,C_coverage_optimized,3,1,0,0,2000,800,-1200
1253,C_coverage_optimized,2,0,0,0,2000,0,-2000
1254,C_coverage_optimized,2,0,0,0,2000,0,-2000
1255,C_coverage_optimized,2,0,0,0,2000,0,-2000
1256,C_coverage_optimized,2,0,0,0,2000,0,-2000
1257,C_coverage_optimized,3,1,0,0,2000,1000,-1000
1258,C_coverage_optimized,3,1,0,0,2000,900,-1100
1259,C_coverage_optimized,1,0,0,0,2000,0,-2000
1260,C_coverage_optimized,2,0,0,0,2000,0,-2000
1261,C_coverage_optimized,2,0,0,0,2000,0,-2000
1262,C_coverage_optimized,3,1,0,0,2000,1000,-1000
1263,C_coverage_optimized,2,0,0,0,2000,0,-2000
1264,C_coverage_optimized,2,0,0,0,2000,0,-2000
1265,C_coverage_optimized,2,0,0,0,2000,0,-2000
1266,C_coverage_optimized,2,0,0,0,2000,0,-2000
1267,C_coverage_optimized,2,0,0,0,2000,0,-2000
1268,C_coverage_optimized,2,0,0,0,2000,0,-2000
1269,C_coverage_optimized,3,1,0,0,2000,1000,-1000
1270,C_coverage_optimized,1,0,0,0,2000,0,-2000
1271,C_coverage_optimized,2,0,0,0,2000,0,-2000
1272,C_coverage_optimized,1,0,0,0,2000,0,-2000
1273,C_coverage_optimized,2,0,0,0,2000,0,-2000
1274,C_coverage_optimized,2,0,0,0,2000,0,-2000
1275,C_coverage_optimized,2,0,0,0,2000,0,-2000
1276,C_coverage_optimized,2,0,0,0,2000,0,-2000
1277,C_coverage_optimized,3,1,0,0,2000,1000,-1000
1278,C_coverage_optimized,2,0,0,0,2000,0,-2000
1279,C_coverage_optimized,2,0,0,0,2000,0,-2000
1280,C_coverage_optimized,2,0,0,0,2000,0,-2000
1281,C_coverage_optimized,2,0,0,0,2000,0,-2000
1282,C_coverage_optimized,2,0,0,0,2000,0,-2000
1283,C_coverage_optimized,2,0,0,0,2000,0,-2000
1284,C_coverage_optimized,3,1,0,0,2000,900,-1100
1285,C_coverage_optimized,2,0,0,0,2000,0,-2000
1286,C_coverage_optimized,3,1,0,0,2000,1100,-900
1287,C_coverage_optimized,2,0,0,0,2000,0,-2000
1288,C_coverage_optimized,1,0,0,0,2000,0,-2000
1289,C_coverage_optimized,3,1,0,0,2000,1100,-900
1290,C_coverage_optimized,3,1,0,0,2000,1300,-700
1291,C_coverage_optimized,2,0,0,0,2000,0,-2000
1292,C_coverage_optimized,2,0,0,0,2000,0,-2000
1293,C_coverage_optimized,2,0,0,0,2000,0,-2000
1294,C_coverage_optimized,2,0,0,0,2000,0,-2000
1295,C_coverage_optimized,2,0,0,0,2000,0,-2000
1296,C_coverage_optimized,2,0,0,0,2000,0,-2000
1297,C_coverage_optimized,2,0,0,0,2000,0,-2000
1298,C_coverage_optimized,3,1,0,0,2000,900,-1100
1299,C_coverage_optimized,3,1,0,0,2000,700,-1300
1300,C_coverage_optimized,2,0,0,0,2000,0,-2000
1301,C_coverage_optimized,2,0,0,0,2000,0,-2000
1302,C_coverage_optimized,2,0,0,0,2000,0,-2000
1303,C_coverage_optimized,2,0,0,0,2000,0,-2000
1304,C_coverage_optimized,3,1,0,0,2000,1100,-900
1305,C_coverage_optimized,2,0,0,0,2000,0,-2000
1306,C_coverage_optimized,2,0,0,0,2000,0,-2000
1307,C_coverage_optimized,3,1,0,0,2000,1100,-900
1308,C_coverage_optimized,2,0,0,0,2000,0,-2000
1309,C_coverage_optimized,2,0,0,0,2000,0,-2000
1310,C_coverage_optimized,3,1,0,0,2000,1000,-1000
1311,C_coverage_optimized,2,0,0,0,2000,0,-2000
1312,C_coverage_optimized,2,0,0,0,2000,0,-2000
1313,C_coverage_optimized,2,0,0,0,2000,0,-2000
1314,C_coverage_optimized,2,0,0,0,2000,0,-2000
1315,C_coverage_optimized,2,0,0,0,2000,0,-2000
1316,C_coverage_optimized,2,0,0,0,2000,0,-2000
1317,C_coverage_optimized,3,1,0,0,2000,1100,-900
1318,C_coverage_optimized,3,1,0,0,2000,1000,-1000
1319,C_coverage_optimized,2,0,0,0,2000,0,-2000
1320,C_coverage_optimized,2,0,0,0,2000,0,-2000
1321,C_coverage_optimized,1,0,0,0,2000,0,-2000
1322,C_coverage_optimized,1,0,0,0,2000,0,-2000
1323,C_coverage_optimized,2,0,0,0,2000,0,-2000
1324,C_coverage_optimized,2,0,0,0,2000,0,-2000
1325,C_coverage_optimized,2,0,0,0,2000,0,-2000
1326,C_coverage_optimized,2,0,0,0,2000,0,-2000
1327,C_coverage_optimized,3,1,0,0,2000,1000,-1000
1328,C_coverage_optimized,1,0,0,0,2000,0,-2000
1329,C_coverage_optimized,3,1,0,0,2000,900,-1100
1330,C_coverage_optimized,2,0,0,0,2000,0,-2000
1331,C_coverage_optimized,3,1,0,0,2000,900,-1100
1332,C_coverage_optimized,2,0,0,0,2000,0,-2000
1333,C_coverage_optimized,2,0,0,0,2000,0,-2000
1334,C_coverage_optimized,2,0,0,0,2000,0,-2000
1335,C_coverage_optimized,2,0,0,0,2000,0,-2000
1336,C_coverage_optimized,2,0,0,0,2000,0,-2000
1337,C_coverage_optimized,1,0,0,0,2000,0,-2000
1338,C_coverage_optimized,2,0,0,0,2000,0,-2000
1339,C_coverage_optimized,2,0,0,0,2000,0,-2000
1340,C_coverage_optimized,3,1,0,0,2000,900,-1100
1341,C_coverage_optimized,2,0,0,0,2000,0,-2000
1342,C_coverage_optimized,3,1,0,0,2000,1000,-1000
1343,C_coverage_optimized,2,0,0,0,2000,0,-2000
1344,C_coverage_optimized,3,1,0,0,2000,900,-1100
1345,C_coverage_optimized,2,0,0,0,2000,0,-2000
1346,C_coverage_optimized,2,0,0,0,2000,0,-2000
1347,C_coverage_optimized,2,0,0,0,2000,0,-2000
1348,C_coverage_optimized,2,0,0,0,2000,0,-2000
1349,C_coverage_optimized,3,1,0,0,2000,900,-1100
1350,C_coverage_optimized,2,0,0,0,2000,0,-2000
1351,C_coverage_optimized,2,0,0,0,2000,0,-2000
1352,C_coverage_optimized,2,0,0,0,2000,0,-2000
1353,C_coverage_optimized,1,0,0,0,2000,0,-2000
1354,C_coverage_optimized,2,0,0,0,2000,0,-2000
1355,C_coverage_optimized,2,0,0,0,2000,0,-2000
1356,C_coverage_optimized,1,0,0,0,2000,0,-2000
1357,C_coverage_optimized,2,0,0,0,2000,0,-2000
1358,C_coverage_optimized,3,1,0,0,2000,1000,-1000
1359,C_coverage_optimized,2,0,0,0,2000,0,-2000
1360,C_coverage_optimized,3,1,0,0,2000,1000,-1000
1361,C_coverage_optimized,2,0,0,0,2000,0,-2000
1362,C_coverage_optimized,1,0,0,0,2000,0,-2000
1363,C_coverage_optimized,2,0,0,0,2000,0,-2000
1364,C_coverage_optimized,3,1,0,0,2000,1000,-1000
1365,C_coverage_optimized,2,0,0,0,2000,0,-2000
1366,C_coverage_optimized,2,0,0,0,2000,0,-2000
1367,C_coverage_optimized,3,1,0,0,2000,1000,-1000
1368,C_coverage_optimized,3,1,0,0,2000,1000,-1000
1369,C_coverage_optimized,2,0,0,0,2000,0,-2000
1370,C_coverage_optimized,3,1,0,0,2000,900,-1100
1371,C_coverage_optimized,2,0,0,0,2000,0,-2000
1372,C_coverage_optimized,3,1,0,0,2000,1000,-1000
1373,C_coverage_optimized,2,0,0,0,2000,0,-2000
1374,C_coverage_optimized,2,0,0,0,2000,0,-2000
1375,C_coverage_optimized,2,0,0,0,2000,0,-2000
1376,C_coverage_optimized,2,0,0,0,2000,0,-2000
1377,C_coverage_optimized,2,0,0,0,2000,0,-2000
1378,C_coverage_optimized,2,0,0,0,2000,0,-2000
1379,C_coverage_optimized,2,0,0,0,2000,0,-2000
1380,C_coverage_optimized,2,0,0,0,2000,0,-2000
1381,C_coverage_optimized,2,0,0,0,2000,0,-2000
1382,C_coverage_optimized,2,0,0,0,2000,0,-2000
1383,C_coverage_optimized,2,0,0,0,2000,0,-2000
1384,C_coverage_optimized,2,0,0,0,2000,0,-2000
1385,C_coverage_optimized,3,1,0,0,2000,900,-1100
1386,C_coverage_optimized,3,1,0,0,2000,900,-1100
1387,C_coverage_optimized,2,0,0,0,2000,0,-2000
1388,C_coverage_optimized,2,0,0,0,2000,0,-2000
1389,C_coverage_optimized,3,1,0,0,2000,800,-1200
1390,C_coverage_optimized,2,0,0,0,2000,0,-2000
1391,C_coverage_optimized,2,0,0,0,2000,0,-2000
1392,C_coverage_optimized,2,0,0,0,2000,0,-2000
1393,C_coverage_optimized,2,0,0,0,2000,0,-2000
1394,C_coverage_optimized,3,1,0,0,2000,900,-1100
1395,C_coverage_optimized,2,0,0,0,2000,0,-2000
1396,C_coverage_optimized,2,0,0,0,2000,0,-2000
1397,C_coverage_optimized,2,0,0,0,2000,0,-2000
1398,C_coverage_optimized,1,0,0,0,2000,0,-2000
1399,C_coverage_optimized,3,1,0,0,2000,1000,-1000
1400,C_coverage_optimized,2,0,0,0,2000,0,-2000
1401,C_coverage_optimized,2,0,0,0,2000,0,-2000
1402,C_coverage_optimized,2,0,0,0,2000,0,-2000
1403,C_coverage_optimized,2,0,0,0,2000,0,-2000
1404,C_coverage_optimized,3,1,0,0,2000,900,-1100
1,D_prize_roi_optimized,2,0,0,0,2000,0,-2000
2,D_prize_roi_optimized,1,0,0,0,2000,0,-2000
3,D_prize_roi_optimized,1,0,0,0,2000,0,-2000
4,D_prize_roi_optimized,2,0,0,0,2000,0,-2000
5,D_prize_roi_optimized,1,0,0,0,2000,0,-2000
6,D_prize_roi_optimized,2,0,0,0,2000,0,-2000
7,D_prize_roi_optimized,2,0,0,0,2000,0,-2000
8,D_prize_roi_optimized,3,3,0,0,2000,5100,3100
9,D_prize_roi_optimized,2,0,0,0,2000,0,-2000
10,D_prize_roi_optimized,2,0,0,0,2000,0,-2000
11,D_prize_roi_optimized,2,0,0,0,2000,0,-2000
12,D_prize_roi_optimized,2,0,0,0,2000,0,-2000
13,D_prize_roi_optimized,1,0,0,0,2000,0,-2000
14,D_prize_roi_optimized,3,1,0,0,2000,1100,-900
15,D_prize_roi_optimized,2,0,0,0,2000,0,-2000
16,D_prize_roi_optimized,2,0,0,0,2000,0,-2000
17,D_prize_roi_optimized,2,0,0,0,2000,0,-2000
18,D_prize_roi_optimized,2,0,0,0,2000,0,-2000
19,D_prize_roi_optimized,2,0,0,0,2000,0,-2000
20,D_prize_roi_optimized,2,0,0,0,2000,0,-2000
21,D_prize_roi_optimized,2,0,0,0,2000,0,-2000
22,D_prize_roi_optimized,1,0,0,0,2000,0,-2000
23,D_prize_roi_optimized,2,0,0,0,2000,0,-2000
24,D_prize_roi_optimized,2,0,0,0,2000,0,-2000
25,D_prize_roi_optimized,2,0,0,0,2000,0,-2000
26,D_prize_roi_optimized,2,0,0,0,2000,0,-2000
27,D_prize_roi_optimized,3,1,0,0,2000,1300,-700
28,D_prize_roi_optimized,2,0,0,0,2000,0,-2000
29,D_prize_roi_optimized,2,0,0,0,2000,0,-2000
30,D_prize_roi_optimized,2,0,0,0,2000,0,-2000
31,D_prize_roi_optimized,3,1,0,0,2000,900,-1100
32,D_prize_roi_optimized,3,1,0,0,2000,700,-1300
33,D_prize_roi_optimized,1,0,0,0,2000,0,-2000
34,D_prize_roi_optimized,2,0,0,0,2000,0,-2000
35,D_prize_roi_optimized,2,0,0,0,2000,0,-2000
36,D_prize_roi_optimized,2,0,0,0,2000,0,-2000
37,D_prize_roi_optimized,2,0,0,0,2000,0,-2000
38,D_prize_roi_optimized,2,0,0,0,2000,0,-2000
39,D_prize_roi_optimized,2,0,0,0,2000,0,-2000
40,D_prize_roi_optimized,2,0,0,0,2000,0,-2000
41,D_prize_roi_optimized,3,1,0,0,2000,1100,-900
42,D_prize_roi_optimized,2,0,0,0,2000,0,-2000
43,D_prize_roi_optimized,2,0,0,0,2000,0,-2000
44,D_prize_roi_optimized,2,0,0,0,2000,0,-2000
45,D_prize_roi_optimized,1,0,0,0,2000,0,-2000
46,D_prize_roi_optimized,2,0,0,0,2000,0,-2000
47,D_prize_roi_optimized,2,0,0,0,2000,0,-2000
48,D_prize_roi_optimized,1,0,0,0,2000,0,-2000
49,D_prize_roi_optimized,2,0,0,0,2000,0,-2000
50,D_prize_roi_optimized,3,1,0,0,2000,1100,-900
51,D_prize_roi_optimized,1,0,0,0,2000,0,-2000
52,D_prize_roi_optimized,2,0,0,0,2000,0,-2000
53,D_prize_roi_optimized,2,0,0,0,2000,0,-2000
54,D_prize_roi_optimized,1,0,0,0,2000,0,-2000
55,D_prize_roi_optimized,3,2,0,0,2000,1600,-400
56,D_prize_roi_optimized,2,0,0,0,2000,0,-2000
57,D_prize_roi_optimized,3,1,0,0,2000,1200,-800
58,D_prize_roi_optimized,3,1,0,0,2000,800,-1200
59,D_prize_roi_optimized,1,0,0,0,2000,0,-2000
60,D_prize_roi_optimized,3,1,0,0,2000,1200,-800
61,D_prize_roi_optimized,3,1,0,0,2000,1000,-1000
62,D_prize_roi_optimized,3,1,0,0,2000,900,-1100
63,D_prize_roi_optimized,2,0,0,0,2000,0,-2000
64,D_prize_roi_optimized,2,0,0,0,2000,0,-2000
65,D_prize_roi_optimized,2,0,0,0,2000,0,-2000
66,D_prize_roi_optimized,1,0,0,0,2000,0,-2000
67,D_prize_roi_optimized,1,0,0,0,2000,0,-2000
68,D_prize_roi_optimized,3,1,0,0,2000,1100,-900
69,D_prize_roi_optimized,3,1,0,0,2000,800,-1200
70,D_prize_roi_optimized,1,0,0,0,2000,0,-2000
71,D_prize_roi_optimized,2,0,0,0,2000,0,-2000
72,D_prize_roi_optimized,1,0,0,0,2000,0,-2000
73,D_prize_roi_optimized,2,0,0,0,2000,0,-2000
74,D_prize_roi_optimized,2,0,0,0,2000,0,-2000
75,D_prize_roi_optimized,2,0,0,0,2000,0,-2000
76,D_prize_roi_optimized,2,0,0,0,2000,0,-2000
77,D_prize_roi_optimized,2,0,0,0,2000,0,-2000
78,D_prize_roi_optimized,1,0,0,0,2000,0,-2000
79,D_prize_roi_optimized,2,0,0,0,2000,0,-2000
80,D_prize_roi_optimized,2,0,0,0,2000,0,-2000
81,D_prize_roi_optimized,2,0,0,0,2000,0,-2000
82,D_prize_roi_optimized,2,0,0,0,2000,0,-2000
83,D_prize_roi_optimized,2,0,0,0,2000,0,-2000
84,D_prize_roi_optimized,1,0,0,0,2000,0,-2000
85,D_prize_roi_optimized,2,0,0,0,2000,0,-2000
86,D_prize_roi_optimized,2,0,0,0,2000,0,-2000
87,D_prize_roi_optimized,2,0,0,0,2000,0,-2000
88,D_prize_roi_optimized,2,0,0,0,2000,0,-2000
89,D_prize_roi_optimized,1,0,0,0,2000,0,-2000
90,D_prize_roi_optimized,2,0,0,0,2000,0,-2000
91,D_prize_roi_optimized,2,0,0,0,2000,0,-2000
92,D_prize_roi_optimized,2,0,0,0,2000,0,-2000
93,D_prize_roi_optimized,2,0,0,0,2000,0,-2000
94,D_prize_roi_optimized,2,0,0,0,2000,0,-2000
95,D_prize_roi_optimized,3,2,0,0,2000,2200,200
96,D_prize_roi_optimized,3,1,0,0,2000,900,-1100
97,D_prize_roi_optimized,3,1,0,0,2000,1000,-1000
98,D_prize_roi_optimized,2,0,0,0,2000,0,-2000
99,D_prize_roi_optimized,3,1,0,0,2000,900,-1100
100,D_prize_roi_optimized,3,1,0,0,2000,1200,-800
101,D_prize_roi_optimized,2,0,0,0,2000,0,-2000
102,D_prize_roi_optimized,2,0,0,0,2000,0,-2000
103,D_prize_roi_optimized,2,0,0,0,2000,0,-2000
104,D_prize_roi_optimized,3,1,0,0,2000,1000,-1000
105,D_prize_roi_optimized,2,0,0,0,2000,0,-2000
106,D_prize_roi_optimized,2,0,0,0,2000,0,-2000
107,D_prize_roi_optimized,2,0,0,0,2000,0,-2000
108,D_prize_roi_optimized,1,0,0,0,2000,0,-2000
109,D_prize_roi_optimized,2,0,0,0,2000,0,-2000
110,D_prize_roi_optimized,1,0,0,0,2000,0,-2000
111,D_prize_roi_optimized,2,0,0,0,2000,0,-2000
112,D_prize_roi_optimized,1,0,0,0,2000,0,-2000
113,D_prize_roi_optimized,2,0,0,0,2000,0,-2000
114,D_prize_roi_optimized,2,0,0,0,2000,0,-2000
115,D_prize_roi_optimized,2,0,0,0,2000,0,-2000
116,D_prize_roi_optimized,2,0,0,0,2000,0,-2000
117,D_prize_roi_optimized,2,0,0,0,2000,0,-2000
118,D_prize_roi_optimized,2,0,0,0,2000,0,-2000
119,D_prize_roi_optimized,1,0,0,0,2000,0,-2000
120,D_prize_roi_optimized,1,0,0,0,2000,0,-2000
121,D_prize_roi_optimized,3,1,0,0,2000,900,-1100
122,D_prize_roi_optimized,3,1,0,0,2000,1200,-800
123,D_prize_roi_optimized,2,0,0,0,2000,0,-2000
124,D_prize_roi_optimized,2,0,0,0,2000,0,-2000
125,D_prize_roi_optimized,3,2,0,0,2000,2200,200
126,D_prize_roi_optimized,2,0,0,0,2000,0,-2000
127,D_prize_roi_optimized,2,0,0,0,2000,0,-2000
128,D_prize_roi_optimized,3,1,0,0,2000,800,-1200
129,D_prize_roi_optimized,2,0,0,0,2000,0,-2000
130,D_prize_roi_optimized,1,0,0,0,2000,0,-2000
131,D_prize_roi_optimized,2,0,0,0,2000,0,-2000
132,D_prize_roi_optimized,2,0,0,0,2000,0,-2000
133,D_prize_roi_optimized,2,0,0,0,2000,0,-2000
134,D_prize_roi_optimized,2,0,0,0,2000,0,-2000
135,D_prize_roi_optimized,3,1,0,0,2000,1000,-1000
136,D_prize_roi_optimized,2,0,0,0,2000,0,-2000
137,D_prize_roi_optimized,3,2,0,0,2000,2000,0
138,D_prize_roi_optimized,2,0,0,0,2000,0,-2000
139,D_prize_roi_optimized,2,0,0,0,2000,0,-2000
140,D_prize_roi_optimized,2,0,0,0,2000,0,-2000
141,D_prize_roi_optimized,3,1,0,0,2000,1000,-1000
142,D_prize_roi_optimized,2,0,0,0,2000,0,-2000
143,D_prize_roi_optimized,2,0,0,0,2000,0,-2000
144,D_prize_roi_optimized,1,0,0,0,2000,0,-2000
145,D_prize_roi_optimized,2,0,0,0,2000,0,-2000
146,D_prize_roi_optimized,2,0,0,0,2000,0,-2000
147,D_prize_roi_optimized,2,0,0,0,2000,0,-2000
148,D_prize_roi_optimized,2,0,0,0,2000,0,-2000
149,D_prize_roi_optimized,2,0,0,0,2000,0,-2000
150,D_prize_roi_optimized,2,0,0,0,2000,0,-2000
151,D_prize_roi_optimized,2,0,0,0,2000,0,-2000
152,D_prize_roi_optimized,1,0,0,0,2000,0,-2000
153,D_prize_roi_optimized,2,0,0,0,2000,0,-2000
154,D_prize_roi_optimized,3,1,0,0,2000,1100,-900
155,D_prize_roi_optimized,2,0,0,0,2000,0,-2000
156,D_prize_roi_optimized,2,0,0,0,2000,0,-2000
157,D_prize_roi_optimized,2,0,0,0,2000,0,-2000
158,D_prize_roi_optimized,2,0,0,0,2000,0,-2000
159,D_prize_roi_optimized,2,0,0,0,2000,0,-2000
160,D_prize_roi_optimized,1,0,0,0,2000,0,-2000
161,D_prize_roi_optimized,3,1,0,0,2000,1000,-1000
162,D_prize_roi_optimized,2,0,0,0,2000,0,-2000
163,D_prize_roi_optimized,2,0,0,0,2000,0,-2000
164,D_prize_roi_optimized,2,0,0,0,2000,0,-2000
165,D_prize_roi_optimized,1,0,0,0,2000,0,-2000
166,D_prize_roi_optimized,2,0,0,0,2000,0,-2000
167,D_prize_roi_optimized,2,0,0,0,2000,0,-2000
168,D_prize_roi_optimized,2,0,0,0,2000,0,-2000
169,D_prize_roi_optimized,1,0,0,0,2000,0,-2000
170,D_prize_roi_optimized,2,0,0,0,2000,0,-2000
171,D_prize_roi_optimized,2,0,0,0,2000,0,-2000
172,D_prize_roi_optimized,2,0,0,0,2000,0,-2000
173,D_prize_roi_optimized,2,0,0,0,2000,0,-2000
174,D_prize_roi_optimized,2,0,0,0,2000,0,-2000
175,D_prize_roi_optimized,2,0,0,0,2000,0,-2000
176,D_prize_roi_optimized,2,0,0,0,2000,0,-2000
177,D_prize_roi_optimized,2,0,0,0,2000,0,-2000
178,D_prize_roi_optimized,2,0,0,0,2000,0,-2000
179,D_prize_roi_optimized,1,0,0,0,2000,0,-2000
180,D_prize_roi_optimized,3,2,0,0,2000,2200,200
181,D_prize_roi_optimized,2,0,0,0,2000,0,-2000
182,D_prize_roi_optimized,2,0,0,0,2000,0,-2000
183,D_prize_roi_optimized,2,0,0,0,2000,0,-2000
184,D_prize_roi_optimized,1,0,0,0,2000,0,-2000
185,D_prize_roi_optimized,3,2,0,0,2000,2000,0
186,D_prize_roi_optimized,2,0,0,0,2000,0,-2000
187,D_prize_roi_optimized,1,0,0,0,2000,0,-2000
188,D_prize_roi_optimized,2,0,0,0,2000,0,-2000
189,D_prize_roi_optimized,2,0,0,0,2000,0,-2000
190,D_prize_roi_optimized,2,0,0,0,2000,0,-2000
191,D_prize_roi_optimized,2,0,0,0,2000,0,-2000
192,D_prize_roi_optimized,2,0,0,0,2000,0,-2000
193,D_prize_roi_optimized,2,0,0,0,2000,0,-2000
194,D_prize_roi_optimized,2,0,0,0,2000,0,-2000
195,D_prize_roi_optimized,2,0,0,0,2000,0,-2000
196,D_prize_roi_optimized,2,0,0,0,2000,0,-2000
197,D_prize_roi_optimized,1,0,0,0,2000,0,-2000
198,D_prize_roi_optimized,3,2,0,0,2000,2000,0
199,D_prize_roi_optimized,1,0,0,0,2000,0,-2000
200,D_prize_roi_optimized,3,1,0,0,2000,1100,-900
201,D_prize_roi_optimized,3,1,0,0,2000,900,-1100
202,D_prize_roi_optimized,2,0,0,0,2000,0,-2000
203,D_prize_roi_optimized,2,0,0,0,2000,0,-2000
204,D_prize_roi_optimized,3,1,0,0,2000,1000,-1000
205,D_prize_roi_optimized,2,0,0,0,2000,0,-2000
206,D_prize_roi_optimized,2,0,0,0,2000,0,-2000
207,D_prize_roi_optimized,2,0,0,0,2000,0,-2000
208,D_prize_roi_optimized,3,1,0,0,2000,1000,-1000
209,D_prize_roi_optimized,3,1,0,0,2000,900,-1100
210,D_prize_roi_optimized,2,0,0,0,2000,0,-2000
211,D_prize_roi_optimized,2,0,0,0,2000,0,-2000
212,D_prize_roi_optimized,2,0,0,0,2000,0,-2000
213,D_prize_roi_optimized,3,1,0,0,2000,1100,-900
214,D_prize_roi_optimized,2,0,0,0,2000,0,-2000
215,D_prize_roi_optimized,1,0,0,0,2000,0,-2000
216,D_prize_roi_optimized,2,0,0,0,2000,0,-2000
217,D_prize_roi_optimized,2,0,0,0,2000,0,-2000
218,D_prize_roi_optimized,2,0,0,0,2000,0,-2000
219,D_prize_roi_optimized,2,0,0,0,2000,0,-2000
220,D_prize_roi_optimized,1,0,0,0,2000,0,-2000
221,D_prize_roi_optimized,2,0,0,0,2000,0,-2000
222,D_prize_roi_optimized,2,0,0,0,2000,0,-2000
223,D_prize_roi_optimized,3,1,0,0,2000,900,-1100
224,D_prize_roi_optimized,1,0,0,0,2000,0,-2000
225,D_prize_roi_optimized,2,0,0,0,2000,0,-2000
226,D_prize_roi_optimized,2,0,0,0,2000,0,-2000
227,D_prize_roi_optimized,2,0,0,0,2000,0,-2000
228,D_prize_roi_optimized,2,0,0,0,2000,0,-2000
229,D_prize_roi_optimized,2,0,0,0,2000,0,-2000
230,D_prize_roi_optimized,2,0,0,0,2000,0,-2000
231,D_prize_roi_optimized,3,1,0,0,2000,800,-1200
232,D_prize_roi_optimized,2,0,0,0,2000,0,-2000
233,D_prize_roi_optimized,2,0,0,0,2000,0,-2000
234,D_prize_roi_optimized,2,0,0,0,2000,0,-2000
235,D_prize_roi_optimized,1,0,0,0,2000,0,-2000
236,D_prize_roi_optimized,3,1,0,0,2000,900,-1100
237,D_prize_roi_optimized,1,0,0,0,2000,0,-2000
238,D_prize_roi_optimized,2,0,0,0,2000,0,-2000
239,D_prize_roi_optimized,2,0,0,0,2000,0,-2000
240,D_prize_roi_optimized,2,0,0,0,2000,0,-2000
241,D_prize_roi_optimized,2,0,0,0,2000,0,-2000
242,D_prize_roi_optimized,2,0,0,0,2000,0,-2000
243,D_prize_roi_optimized,2,0,0,0,2000,0,-2000
244,D_prize_roi_optimized,2,0,0,0,2000,0,-2000
245,D_prize_roi_optimized,1,0,0,0,2000,0,-2000
246,D_prize_roi_optimized,2,0,0,0,2000,0,-2000
247,D_prize_roi_optimized,2,0,0,0,2000,0,-2000
248,D_prize_roi_optimized,2,0,0,0,2000,0,-2000
249,D_prize_roi_optimized,1,0,0,0,2000,0,-2000
250,D_prize_roi_optimized,2,0,0,0,2000,0,-2000
251,D_prize_roi_optimized,2,0,0,0,2000,0,-2000
252,D_prize_roi_optimized,2,0,0,0,2000,0,-2000
253,D_prize_roi_optimized,2,0,0,0,2000,0,-2000
254,D_prize_roi_optimized,3,1,0,0,2000,900,-1100
255,D_prize_roi_optimized,2,0,0,0,2000,0,-2000
256,D_prize_roi_optimized,1,0,0,0,2000,0,-2000
257,D_prize_roi_optimized,1,0,0,0,2000,0,-2000
258,D_prize_roi_optimized,3,1,0,0,2000,1000,-1000
259,D_prize_roi_optimized,2,0,0,0,2000,0,-2000
260,D_prize_roi_optimized,2,0,0,0,2000,0,-2000
261,D_prize_roi_optimized,2,0,0,0,2000,0,-2000
262,D_prize_roi_optimized,3,1,0,0,2000,900,-1100
263,D_prize_roi_optimized,2,0,0,0,2000,0,-2000
264,D_prize_roi_optimized,2,0,0,0,2000,0,-2000
265,D_prize_roi_optimized,2,0,0,0,2000,0,-2000
266,D_prize_roi_optimized,1,0,0,0,2000,0,-2000
267,D_prize_roi_optimized,1,0,0,0,2000,0,-2000
268,D_prize_roi_optimized,2,0,0,0,2000,0,-2000
269,D_prize_roi_optimized,3,1,0,0,2000,900,-1100
270,D_prize_roi_optimized,3,1,0,0,2000,1100,-900
271,D_prize_roi_optimized,2,0,0,0,2000,0,-2000
272,D_prize_roi_optimized,3,1,0,0,2000,800,-1200
273,D_prize_roi_optimized,2,0,0,0,2000,0,-2000
274,D_prize_roi_optimized,3,1,0,0,2000,1000,-1000
275,D_prize_roi_optimized,1,0,0,0,2000,0,-2000
276,D_prize_roi_optimized,3,1,0,0,2000,900,-1100
277,D_prize_roi_optimized,2,0,0,0,2000,0,-2000
278,D_prize_roi_optimized,2,0,0,0,2000,0,-2000
279,D_prize_roi_optimized,1,0,0,0,2000,0,-2000
280,D_prize_roi_optimized,2,0,0,0,2000,0,-2000
281,D_prize_roi_optimized,2,0,0,0,2000,0,-2000
282,D_prize_roi_optimized,1,0,0,0,2000,0,-2000
283,D_prize_roi_optimized,2,0,0,0,2000,0,-2000
284,D_prize_roi_optimized,2,0,0,0,2000,0,-2000
285,D_prize_roi_optimized,2,0,0,0,2000,0,-2000
286,D_prize_roi_optimized,2,0,0,0,2000,0,-2000
287,D_prize_roi_optimized,1,0,0,0,2000,0,-2000
288,D_prize_roi_optimized,2,0,0,0,2000,0,-2000
289,D_prize_roi_optimized,2,0,0,0,2000,0,-2000
290,D_prize_roi_optimized,2,0,0,0,2000,0,-2000
291,D_prize_roi_optimized,2,0,0,0,2000,0,-2000
292,D_prize_roi_optimized,1,0,0,0,2000,0,-2000
293,D_prize_roi_optimized,3,1,0,0,2000,1100,-900
294,D_prize_roi_optimized,2,0,0,0,2000,0,-2000
295,D_prize_roi_optimized,1,0,0,0,2000,0,-2000
296,D_prize_roi_optimized,2,0,0,0,2000,0,-2000
297,D_prize_roi_optimized,1,0,0,0,2000,0,-2000
298,D_prize_roi_optimized,2,0,0,0,2000,0,-2000
299,D_prize_roi_optimized,2,0,0,0,2000,0,-2000
300,D_prize_roi_optimized,2,0,0,0,2000,0,-2000
301,D_prize_roi_optimized,1,0,0,0,2000,0,-2000
302,D_prize_roi_optimized,2,0,0,0,2000,0,-2000
303,D_prize_roi_optimized,3,1,0,0,2000,900,-1100
304,D_prize_roi_optimized,2,0,0,0,2000,0,-2000
305,D_prize_roi_optimized,4,2,1,0,2000,8400,6400
306,D_prize_roi_optimized,2,0,0,0,2000,0,-2000
307,D_prize_roi_optimized,1,0,0,0,2000,0,-2000
308,D_prize_roi_optimized,1,0,0,0,2000,0,-2000
309,D_prize_roi_optimized,2,0,0,0,2000,0,-2000
310,D_prize_roi_optimized,2,0,0,0,2000,0,-2000
311,D_prize_roi_optimized,2,0,0,0,2000,0,-2000
312,D_prize_roi_optimized,3,1,0,0,2000,900,-1100
313,D_prize_roi_optimized,2,0,0,0,2000,0,-2000
314,D_prize_roi_optimized,2,0,0,0,2000,0,-2000
315,D_prize_roi_optimized,1,0,0,0,2000,0,-2000
316,D_prize_roi_optimized,1,0,0,0,2000,0,-2000
317,D_prize_roi_optimized,2,0,0,0,2000,0,-2000
318,D_prize_roi_optimized,2,0,0,0,2000,0,-2000
319,D_prize_roi_optimized,2,0,0,0,2000,0,-2000
320,D_prize_roi_optimized,1,0,0,0,2000,0,-2000
321,D_prize_roi_optimized,1,0,0,0,2000,0,-2000
322,D_prize_roi_optimized,1,0,0,0,2000,0,-2000
323,D_prize_roi_optimized,2,0,0,0,2000,0,-2000
324,D_prize_roi_optimized,1,0,0,0,2000,0,-2000
325,D_prize_roi_optimized,2,0,0,0,2000,0,-2000
326,D_prize_roi_optimized,2,0,0,0,2000,0,-2000
327,D_prize_roi_optimized,2,0,0,0,2000,0,-2000
328,D_prize_roi_optimized,2,0,0,0,2000,0,-2000
329,D_prize_roi_optimized,3,1,0,0,2000,900,-1100
330,D_prize_roi_optimized,2,0,0,0,2000,0,-2000
331,D_prize_roi_optimized,2,0,0,0,2000,0,-2000
332,D_prize_roi_optimized,3,1,0,0,2000,1000,-1000
333,D_prize_roi_optimized,2,0,0,0,2000,0,-2000
334,D_prize_roi_optimized,1,0,0,0,2000,0,-2000
335,D_prize_roi_optimized,2,0,0,0,2000,0,-2000
336,D_prize_roi_optimized,3,1,0,0,2000,1000,-1000
337,D_prize_roi_optimized,2,0,0,0,2000,0,-2000
338,D_prize_roi_optimized,2,0,0,0,2000,0,-2000
339,D_prize_roi_optimized,2,0,0,0,2000,0,-2000
340,D_prize_roi_optimized,3,1,0,0,2000,900,-1100
341,D_prize_roi_optimized,2,0,0,0,2000,0,-2000
342,D_prize_roi_optimized,2,0,0,0,2000,0,-2000
343,D_prize_roi_optimized,2,0,0,0,2000,0,-2000
344,D_prize_roi_optimized,2,0,0,0,2000,0,-2000
345,D_prize_roi_optimized,2,0,0,0,2000,0,-2000
346,D_prize_roi_optimized,2,0,0,0,2000,0,-2000
347,D_prize_roi_optimized,2,0,0,0,2000,0,-2000
348,D_prize_roi_optimized,2,0,0,0,2000,0,-2000
349,D_prize_roi_optimized,3,2,0,0,2000,1800,-200
350,D_prize_roi_optimized,2,0,0,0,2000,0,-2000
351,D_prize_roi_optimized,3,1,0,0,2000,700,-1300
352,D_prize_roi_optimized,2,0,0,0,2000,0,-2000
353,D_prize_roi_optimized,1,0,0,0,2000,0,-2000
354,D_prize_roi_optimized,2,0,0,0,2000,0,-2000
355,D_prize_roi_optimized,2,0,0,0,2000,0,-2000
356,D_prize_roi_optimized,2,0,0,0,2000,0,-2000
357,D_prize_roi_optimized,3,4,0,0,2000,4800,2800
358,D_prize_roi_optimized,2,0,0,0,2000,0,-2000
359,D_prize_roi_optimized,3,1,0,0,2000,800,-1200
360,D_prize_roi_optimized,2,0,0,0,2000,0,-2000
361,D_prize_roi_optimized,2,0,0,0,2000,0,-2000
362,D_prize_roi_optimized,2,0,0,0,2000,0,-2000
363,D_prize_roi_optimized,3,1,0,0,2000,1000,-1000
364,D_prize_roi_optimized,2,0,0,0,2000,0,-2000
365,D_prize_roi_optimized,2,0,0,0,2000,0,-2000
366,D_prize_roi_optimized,3,1,0,0,2000,900,-1100
367,D_prize_roi_optimized,2,0,0,0,2000,0,-2000
368,D_prize_roi_optimized,1,0,0,0,2000,0,-2000
369,D_prize_roi_optimized,2,0,0,0,2000,0,-2000
370,D_prize_roi_optimized,2,0,0,0,2000,0,-2000
371,D_prize_roi_optimized,2,0,0,0,2000,0,-2000
372,D_prize_roi_optimized,3,1,0,0,2000,1200,-800
373,D_prize_roi_optimized,2,0,0,0,2000,0,-2000
374,D_prize_roi_optimized,2,0,0,0,2000,0,-2000
375,D_prize_roi_optimized,2,0,0,0,2000,0,-2000
376,D_prize_roi_optimized,2,0,0,0,2000,0,-2000
377,D_prize_roi_optimized,2,0,0,0,2000,0,-2000
378,D_prize_roi_optimized,2,0,0,0,2000,0,-2000
379,D_prize_roi_optimized,2,0,0,0,2000,0,-2000
380,D_prize_roi_optimized,2,0,0,0,2000,0,-2000
381,D_prize_roi_optimized,2,0,0,0,2000,0,-2000
382,D_prize_roi_optimized,1,0,0,0,2000,0,-2000
383,D_prize_roi_optimized,2,0,0,0,2000,0,-2000
384,D_prize_roi_optimized,2,0,0,0,2000,0,-2000
385,D_prize_roi_optimized,3,1,0,0,2000,1000,-1000
386,D_prize_roi_optimized,3,1,0,0,2000,900,-1100
387,D_prize_roi_optimized,3,2,0,0,2000,2200,200
388,D_prize_roi_optimized,2,0,0,0,2000,0,-2000
389,D_prize_roi_optimized,1,0,0,0,2000,0,-2000
390,D_prize_roi_optimized,2,0,0,0,2000,0,-2000
391,D_prize_roi_optimized,1,0,0,0,2000,0,-2000
392,D_prize_roi_optimized,1,0,0,0,2000,0,-2000
393,D_prize_roi_optimized,2,0,0,0,2000,0,-2000
394,D_prize_roi_optimized,2,0,0,0,2000,0,-2000
395,D_prize_roi_optimized,2,0,0,0,2000,0,-2000
396,D_prize_roi_optimized,2,0,0,0,2000,0,-2000
397,D_prize_roi_optimized,1,0,0,0,2000,0,-2000
398,D_prize_roi_optimized,2,0,0,0,2000,0,-2000
399,D_prize_roi_optimized,2,0,0,0,2000,0,-2000
400,D_prize_roi_optimized,4,2,1,0,2000,19300,17300
401,D_prize_roi_optimized,1,0,0,0,2000,0,-2000
402,D_prize_roi_optimized,2,0,0,0,2000,0,-2000
403,D_prize_roi_optimized,2,0,0,0,2000,0,-2000
404,D_prize_roi_optimized,2,0,0,0,2000,0,-2000
405,D_prize_roi_optimized,2,0,0,0,2000,0,-2000
406,D_prize_roi_optimized,2,0,0,0,2000,0,-2000
407,D_prize_roi_optimized,1,0,0,0,2000,0,-2000
408,D_prize_roi_optimized,2,0,0,0,2000,0,-2000
409,D_prize_roi_optimized,2,0,0,0,2000,0,-2000
410,D_prize_roi_optimized,1,0,0,0,2000,0,-2000
411,D_prize_roi_optimized,1,0,0,0,2000,0,-2000
412,D_prize_roi_optimized,3,2,0,0,2000,1800,-200
413,D_prize_roi_optimized,1,0,0,0,2000,0,-2000
414,D_prize_roi_optimized,2,0,0,0,2000,0,-2000
415,D_prize_roi_optimized,2,0,0,0,2000,0,-2000
416,D_prize_roi_optimized,2,0,0,0,2000,0,-2000
417,D_prize_roi_optimized,2,0,0,0,2000,0,-2000
418,D_prize_roi_optimized,1,0,0,0,2000,0,-2000
419,D_prize_roi_optimized,2,0,0,0,2000,0,-2000
420,D_prize_roi_optimized,3,1,0,0,2000,1000,-1000
421,D_prize_roi_optimized,2,0,0,0,2000,0,-2000
422,D_prize_roi_optimized,3,2,0,0,2000,1800,-200
423,D_prize_roi_optimized,2,0,0,0,2000,0,-2000
424,D_prize_roi_optimized,2,0,0,0,2000,0,-2000
425,D_prize_roi_optimized,2,0,0,0,2000,0,-2000
426,D_prize_roi_optimized,2,0,0,0,2000,0,-2000
427,D_prize_roi_optimized,3,1,0,0,2000,1200,-800
428,D_prize_roi_optimized,3,3,0,0,2000,3000,1000
429,D_prize_roi_optimized,2,0,0,0,2000,0,-2000
430,D_prize_roi_optimized,2,0,0,0,2000,0,-2000
431,D_prize_roi_optimized,2,0,0,0,2000,0,-2000
432,D_prize_roi_optimized,2,0,0,0,2000,0,-2000
433,D_prize_roi_optimized,2,0,0,0,2000,0,-2000
434,D_prize_roi_optimized,2,0,0,0,2000,0,-2000
435,D_prize_roi_optimized,2,0,0,0,2000,0,-2000
436,D_prize_roi_optimized,2,0,0,0,2000,0,-2000
437,D_prize_roi_optimized,1,0,0,0,2000,0,-2000
438,D_prize_roi_optimized,2,0,0,0,2000,0,-2000
439,D_prize_roi_optimized,2,0,0,0,2000,0,-2000
440,D_prize_roi_optimized,2,0,0,0,2000,0,-2000
441,D_prize_roi_optimized,2,0,0,0,2000,0,-2000
442,D_prize_roi_optimized,2,0,0,0,2000,0,-2000
443,D_prize_roi_optimized,2,0,0,0,2000,0,-2000
444,D_prize_roi_optimized,2,0,0,0,2000,0,-2000
445,D_prize_roi_optimized,1,0,0,0,2000,0,-2000
446,D_prize_roi_optimized,3,2,0,0,2000,2200,200
447,D_prize_roi_optimized,2,0,0,0,2000,0,-2000
448,D_prize_roi_optimized,2,0,0,0,2000,0,-2000
449,D_prize_roi_optimized,2,0,0,0,2000,0,-2000
450,D_prize_roi_optimized,2,0,0,0,2000,0,-2000
451,D_prize_roi_optimized,2,0,0,0,2000,0,-2000
452,D_prize_roi_optimized,2,0,0,0,2000,0,-2000
453,D_prize_roi_optimized,2,0,0,0,2000,0,-2000
454,D_prize_roi_optimized,2,0,0,0,2000,0,-2000
455,D_prize_roi_optimized,1,0,0,0,2000,0,-2000
456,D_prize_roi_optimized,2,0,0,0,2000,0,-2000
457,D_prize_roi_optimized,2,0,0,0,2000,0,-2000
458,D_prize_roi_optimized,2,0,0,0,2000,0,-2000
459,D_prize_roi_optimized,2,0,0,0,2000,0,-2000
460,D_prize_roi_optimized,1,0,0,0,2000,0,-2000
461,D_prize_roi_optimized,2,0,0,0,2000,0,-2000
462,D_prize_roi_optimized,2,0,0,0,2000,0,-2000
463,D_prize_roi_optimized,2,0,0,0,2000,0,-2000
464,D_prize_roi_optimized,2,0,0,0,2000,0,-2000
465,D_prize_roi_optimized,2,0,0,0,2000,0,-2000
466,D_prize_roi_optimized,2,0,0,0,2000,0,-2000
467,D_prize_roi_optimized,1,0,0,0,2000,0,-2000
468,D_prize_roi_optimized,1,0,0,0,2000,0,-2000
469,D_prize_roi_optimized,2,0,0,0,2000,0,-2000
470,D_prize_roi_optimized,2,0,0,0,2000,0,-2000
471,D_prize_roi_optimized,2,0,0,0,2000,0,-2000
472,D_prize_roi_optimized,2,0,0,0,2000,0,-2000
473,D_prize_roi_optimized,1,0,0,0,2000,0,-2000
474,D_prize_roi_optimized,2,0,0,0,2000,0,-2000
475,D_prize_roi_optimized,1,0,0,0,2000,0,-2000
476,D_prize_roi_optimized,1,0,0,0,2000,0,-2000
477,D_prize_roi_optimized,2,0,0,0,2000,0,-2000
478,D_prize_roi_optimized,2,0,0,0,2000,0,-2000
479,D_prize_roi_optimized,3,1,0,0,2000,1000,-1000
480,D_prize_roi_optimized,1,0,0,0,2000,0,-2000
481,D_prize_roi_optimized,2,0,0,0,2000,0,-2000
482,D_prize_roi_optimized,2,0,0,0,2000,0,-2000
483,D_prize_roi_optimized,2,0,0,0,2000,0,-2000
484,D_prize_roi_optimized,1,0,0,0,2000,0,-2000
485,D_prize_roi_optimized,2,0,0,0,2000,0,-2000
486,D_prize_roi_optimized,2,0,0,0,2000,0,-2000
487,D_prize_roi_optimized,2,0,0,0,2000,0,-2000
488,D_prize_roi_optimized,3,1,0,0,2000,900,-1100
489,D_prize_roi_optimized,2,0,0,0,2000,0,-2000
490,D_prize_roi_optimized,2,0,0,0,2000,0,-2000
491,D_prize_roi_optimized,2,0,0,0,2000,0,-2000
492,D_prize_roi_optimized,1,0,0,0,2000,0,-2000
493,D_prize_roi_optimized,3,1,0,0,2000,1000,-1000
494,D_prize_roi_optimized,1,0,0,0,2000,0,-2000
495,D_prize_roi_optimized,2,0,0,0,2000,0,-2000
496,D_prize_roi_optimized,1,0,0,0,2000,0,-2000
497,D_prize_roi_optimized,3,1,0,0,2000,1100,-900
498,D_prize_roi_optimized,2,0,0,0,2000,0,-2000
499,D_prize_roi_optimized,1,0,0,0,2000,0,-2000
500,D_prize_roi_optimized,4,3,1,0,2000,17700,15700
501,D_prize_roi_optimized,4,1,1,0,2000,9300,7300
502,D_prize_roi_optimized,2,0,0,0,2000,0,-2000
503,D_prize_roi_optimized,2,0,0,0,2000,0,-2000
504,D_prize_roi_optimized,1,0,0,0,2000,0,-2000
505,D_prize_roi_optimized,3,1,0,0,2000,1000,-1000
506,D_prize_roi_optimized,2,0,0,0,2000,0,-2000
507,D_prize_roi_optimized,3,1,0,0,2000,1000,-1000
508,D_prize_roi_optimized,2,0,0,0,2000,0,-2000
509,D_prize_roi_optimized,2,0,0,0,2000,0,-2000
510,D_prize_roi_optimized,2,0,0,0,2000,0,-2000
511,D_prize_roi_optimized,2,0,0,0,2000,0,-2000
512,D_prize_roi_optimized,2,0,0,0,2000,0,-2000
513,D_prize_roi_optimized,2,0,0,0,2000,0,-2000
514,D_prize_roi_optimized,2,0,0,0,2000,0,-2000
515,D_prize_roi_optimized,4,1,1,0,2000,15300,13300
516,D_prize_roi_optimized,3,1,0,0,2000,900,-1100
517,D_prize_roi_optimized,3,1,0,0,2000,1000,-1000
518,D_prize_roi_optimized,2,0,0,0,2000,0,-2000
519,D_prize_roi_optimized,0,0,0,0,2000,0,-2000
520,D_prize_roi_optimized,2,0,0,0,2000,0,-2000
521,D_prize_roi_optimized,2,0,0,0,2000,0,-2000
522,D_prize_roi_optimized,3,1,0,0,2000,900,-1100
523,D_prize_roi_optimized,3,2,0,0,2000,1800,-200
524,D_prize_roi_optimized,2,0,0,0,2000,0,-2000
525,D_prize_roi_optimized,2,0,0,0,2000,0,-2000
526,D_prize_roi_optimized,1,0,0,0,2000,0,-2000
527,D_prize_roi_optimized,2,0,0,0,2000,0,-2000
528,D_prize_roi_optimized,3,1,0,0,2000,1000,-1000
529,D_prize_roi_optimized,2,0,0,0,2000,0,-2000
530,D_prize_roi_optimized,2,0,0,0,2000,0,-2000
531,D_prize_roi_optimized,2,0,0,0,2000,0,-2000
532,D_prize_roi_optimized,2,0,0,0,2000,0,-2000
533,D_prize_roi_optimized,2,0,0,0,2000,0,-2000
534,D_prize_roi_optimized,2,0,0,0,2000,0,-2000
535,D_prize_roi_optimized,1,0,0,0,2000,0,-2000
536,D_prize_roi_optimized,2,0,0,0,2000,0,-2000
537,D_prize_roi_optimized,2,0,0,0,2000,0,-2000
538,D_prize_roi_optimized,2,0,0,0,2000,0,-2000
539,D_prize_roi_optimized,1,0,0,0,2000,0,-2000
540,D_prize_roi_optimized,2,0,0,0,2000,0,-2000
541,D_prize_roi_optimized,1,0,0,0,2000,0,-2000
542,D_prize_roi_optimized,2,0,0,0,2000,0,-2000
543,D_prize_roi_optimized,2,0,0,0,2000,0,-2000
544,D_prize_roi_optimized,2,0,0,0,2000,0,-2000
545,D_prize_roi_optimized,2,0,0,0,2000,0,-2000
546,D_prize_roi_optimized,2,0,0,0,2000,0,-2000
547,D_prize_roi_optimized,2,0,0,0,2000,0,-2000
548,D_prize_roi_optimized,2,0,0,0,2000,0,-2000
549,D_prize_roi_optimized,4,2,1,0,2000,10800,8800
550,D_prize_roi_optimized,2,0,0,0,2000,0,-2000
551,D_prize_roi_optimized,1,0,0,0,2000,0,-2000
552,D_prize_roi_optimized,2,0,0,0,2000,0,-2000
553,D_prize_roi_optimized,1,0,0,0,2000,0,-2000
554,D_prize_roi_optimized,2,0,0,0,2000,0,-2000
555,D_prize_roi_optimized,1,0,0,0,2000,0,-2000
556,D_prize_roi_optimized,2,0,0,0,2000,0,-2000
557,D_prize_roi_optimized,3,2,0,0,2000,2000,0
558,D_prize_roi_optimized,2,0,0,0,2000,0,-2000
559,D_prize_roi_optimized,3,2,0,0,2000,2000,0
560,D_prize_roi_optimized,2,0,0,0,2000,0,-2000
561,D_prize_roi_optimized,2,0,0,0,2000,0,-2000
562,D_prize_roi_optimized,2,0,0,0,2000,0,-2000
563,D_prize_roi_optimized,2,0,0,0,2000,0,-2000
564,D_prize_roi_optimized,2,0,0,0,2000,0,-2000
565,D_prize_roi_optimized,2,0,0,0,2000,0,-2000
566,D_prize_roi_optimized,3,1,0,0,2000,800,-1200
567,D_prize_roi_optimized,3,1,0,0,2000,1000,-1000
568,D_prize_roi_optimized,2,0,0,0,2000,0,-2000
569,D_prize_roi_optimized,3,1,0,0,2000,900,-1100
570,D_prize_roi_optimized,2,0,0,0,2000,0,-2000
571,D_prize_roi_optimized,3,1,0,0,2000,900,-1100
572,D_prize_roi_optimized,2,0,0,0,2000,0,-2000
573,D_prize_roi_optimized,3,1,0,0,2000,900,-1100
574,D_prize_roi_optimized,2,0,0,0,2000,0,-2000
575,D_prize_roi_optimized,2,0,0,0,2000,0,-2000
576,D_prize_roi_optimized,2,0,0,0,2000,0,-2000
577,D_prize_roi_optimized,3,1,0,0,2000,900,-1100
578,D_prize_roi_optimized,3,1,0,0,2000,900,-1100
579,D_prize_roi_optimized,2,0,0,0,2000,0,-2000
580,D_prize_roi_optimized,2,0,0,0,2000,0,-2000
581,D_prize_roi_optimized,2,0,0,0,2000,0,-2000
582,D_prize_roi_optimized,1,0,0,0,2000,0,-2000
583,D_prize_roi_optimized,3,1,0,0,2000,900,-1100
584,D_prize_roi_optimized,2,0,0,0,2000,0,-2000
585,D_prize_roi_optimized,2,0,0,0,2000,0,-2000
586,D_prize_roi_optimized,2,0,0,0,2000,0,-2000
587,D_prize_roi_optimized,2,0,0,0,2000,0,-2000
588,D_prize_roi_optimized,2,0,0,0,2000,0,-2000
589,D_prize_roi_optimized,1,0,0,0,2000,0,-2000
590,D_prize_roi_optimized,2,0,0,0,2000,0,-2000
591,D_prize_roi_optimized,1,0,0,0,2000,0,-2000
592,D_prize_roi_optimized,1,0,0,0,2000,0,-2000
593,D_prize_roi_optimized,2,0,0,0,2000,0,-2000
594,D_prize_roi_optimized,2,0,0,0,2000,0,-2000
595,D_prize_roi_optimized,2,0,0,0,2000,0,-2000
596,D_prize_roi_optimized,2,0,0,0,2000,0,-2000
597,D_prize_roi_optimized,2,0,0,0,2000,0,-2000
598,D_prize_roi_optimized,2,0,0,0,2000,0,-2000
599,D_prize_roi_optimized,2,0,0,0,2000,0,-2000
600,D_prize_roi_optimized,2,0,0,0,2000,0,-2000
601,D_prize_roi_optimized,3,1,0,0,2000,1000,-1000
602,D_prize_roi_optimized,2,0,0,0,2000,0,-2000
603,D_prize_roi_optimized,2,0,0,0,2000,0,-2000
604,D_prize_roi_optimized,2,0,0,0,2000,0,-2000
605,D_prize_roi_optimized,2,0,0,0,2000,0,-2000
606,D_prize_roi_optimized,2,0,0,0,2000,0,-2000
607,D_prize_roi_optimized,2,0,0,0,2000,0,-2000
608,D_prize_roi_optimized,2,0,0,0,2000,0,-2000
609,D_prize_roi_optimized,2,0,0,0,2000,0,-2000
610,D_prize_roi_optimized,2,0,0,0,2000,0,-2000
611,D_prize_roi_optimized,3,1,0,0,2000,1000,-1000
612,D_prize_roi_optimized,2,0,0,0,2000,0,-2000
613,D_prize_roi_optimized,1,0,0,0,2000,0,-2000
614,D_prize_roi_optimized,2,0,0,0,2000,0,-2000
615,D_prize_roi_optimized,3,1,0,0,2000,1100,-900
616,D_prize_roi_optimized,2,0,0,0,2000,0,-2000
617,D_prize_roi_optimized,2,0,0,0,2000,0,-2000
618,D_prize_roi_optimized,2,0,0,0,2000,0,-2000
619,D_prize_roi_optimized,2,0,0,0,2000,0,-2000
620,D_prize_roi_optimized,1,0,0,0,2000,0,-2000
621,D_prize_roi_optimized,2,0,0,0,2000,0,-2000
622,D_prize_roi_optimized,3,1,0,0,2000,1100,-900
623,D_prize_roi_optimized,2,0,0,0,2000,0,-2000
624,D_prize_roi_optimized,1,0,0,0,2000,0,-2000
625,D_prize_roi_optimized,2,0,0,0,2000,0,-2000
626,D_prize_roi_optimized,2,0,0,0,2000,0,-2000
627,D_prize_roi_optimized,3,2,0,0,2000,2200,200
628,D_prize_roi_optimized,1,0,0,0,2000,0,-2000
629,D_prize_roi_optimized,2,0,0,0,2000,0,-2000
630,D_prize_roi_optimized,2,0,0,0,2000,0,-2000
631,D_prize_roi_optimized,2,0,0,0,2000,0,-2000
632,D_prize_roi_optimized,2,0,0,0,2000,0,-2000
633,D_prize_roi_optimized,2,0,0,0,2000,0,-2000
634,D_prize_roi_optimized,2,0,0,0,2000,0,-2000
635,D_prize_roi_optimized,2,0,0,0,2000,0,-2000
636,D_prize_roi_optimized,1,0,0,0,2000,0,-2000
637,D_prize_roi_optimized,2,0,0,0,2000,0,-2000
638,D_prize_roi_optimized,1,0,0,0,2000,0,-2000
639,D_prize_roi_optimized,2,0,0,0,2000,0,-2000
640,D_prize_roi_optimized,2,0,0,0,2000,0,-2000
641,D_prize_roi_optimized,2,0,0,0,2000,0,-2000
642,D_prize_roi_optimized,1,0,0,0,2000,0,-2000
643,D_prize_roi_optimized,1,0,0,0,2000,0,-2000
644,D_prize_roi_optimized,2,0,0,0,2000,0,-2000
645,D_prize_roi_optimized,2,0,0,0,2000,0,-2000
646,D_prize_roi_optimized,1,0,0,0,2000,0,-2000
647,D_prize_roi_optimized,1,0,0,0,2000,0,-2000
648,D_prize_roi_optimized,2,0,0,0,2000,0,-2000
649,D_prize_roi_optimized,1,0,0,0,2000,0,-2000
650,D_prize_roi_optimized,1,0,0,0,2000,0,-2000
651,D_prize_roi_optimized,2,0,0,0,2000,0,-2000
652,D_prize_roi_optimized,2,0,0,0,2000,0,-2000
653,D_prize_roi_optimized,1,0,0,0,2000,0,-2000
654,D_prize_roi_optimized,1,0,0,0,2000,0,-2000
655,D_prize_roi_optimized,1,0,0,0,2000,0,-2000
656,D_prize_roi_optimized,2,0,0,0,2000,0,-2000
657,D_prize_roi_optimized,2,0,0,0,2000,0,-2000
658,D_prize_roi_optimized,2,0,0,0,2000,0,-2000
659,D_prize_roi_optimized,2,0,0,0,2000,0,-2000
660,D_prize_roi_optimized,2,0,0,0,2000,0,-2000
661,D_prize_roi_optimized,2,0,0,0,2000,0,-2000
662,D_prize_roi_optimized,2,0,0,0,2000,0,-2000
663,D_prize_roi_optimized,2,0,0,0,2000,0,-2000
664,D_prize_roi_optimized,2,0,0,0,2000,0,-2000
665,D_prize_roi_optimized,2,0,0,0,2000,0,-2000
666,D_prize_roi_optimized,2,0,0,0,2000,0,-2000
667,D_prize_roi_optimized,1,0,0,0,2000,0,-2000
668,D_prize_roi_optimized,2,0,0,0,2000,0,-2000
669,D_prize_roi_optimized,2,0,0,0,2000,0,-2000
670,D_prize_roi_optimized,1,0,0,0,2000,0,-2000
671,D_prize_roi_optimized,2,0,0,0,2000,0,-2000
672,D_prize_roi_optimized,2,0,0,0,2000,0,-2000
673,D_prize_roi_optimized,2,0,0,0,2000,0,-2000
674,D_prize_roi_optimized,3,1,0,0,2000,1200,-800
675,D_prize_roi_optimized,2,0,0,0,2000,0,-2000
676,D_prize_roi_optimized,2,0,0,0,2000,0,-2000
677,D_prize_roi_optimized,2,0,0,0,2000,0,-2000
678,D_prize_roi_optimized,3,1,0,0,2000,1100,-900
679,D_prize_roi_optimized,2,0,0,0,2000,0,-2000
680,D_prize_roi_optimized,2,0,0,0,2000,0,-2000
681,D_prize_roi_optimized,2,0,0,0,2000,0,-2000
682,D_prize_roi_optimized,3,1,0,0,2000,1000,-1000
683,D_prize_roi_optimized,2,0,0,0,2000,0,-2000
684,D_prize_roi_optimized,4,3,1,0,2000,13300,11300
685,D_prize_roi_optimized,2,0,0,0,2000,0,-2000
686,D_prize_roi_optimized,1,0,0,0,2000,0,-2000
687,D_prize_roi_optimized,2,0,0,0,2000,0,-2000
688,D_prize_roi_optimized,2,0,0,0,2000,0,-2000
689,D_prize_roi_optimized,2,0,0,0,2000,0,-2000
690,D_prize_roi_optimized,2,0,0,0,2000,0,-2000
691,D_prize_roi_optimized,2,0,0,0,2000,0,-2000
692,D_prize_roi_optimized,2,0,0,0,2000,0,-2000
693,D_prize_roi_optimized,3,1,0,0,2000,900,-1100
694,D_prize_roi_optimized,1,0,0,0,2000,0,-2000
695,D_prize_roi_optimized,2,0,0,0,2000,0,-2000
696,D_prize_roi_optimized,2,0,0,0,2000,0,-2000
697,D_prize_roi_optimized,2,0,0,0,2000,0,-2000
698,D_prize_roi_optimized,2,0,0,0,2000,0,-2000
699,D_prize_roi_optimized,2,0,0,0,2000,0,-2000
700,D_prize_roi_optimized,3,1,0,0,2000,1100,-900
701,D_prize_roi_optimized,2,0,0,0,2000,0,-2000
702,D_prize_roi_optimized,3,1,0,0,2000,1000,-1000
703,D_prize_roi_optimized,1,0,0,0,2000,0,-2000
704,D_prize_roi_optimized,2,0,0,0,2000,0,-2000
705,D_prize_roi_optimized,2,0,0,0,2000,0,-2000
706,D_prize_roi_optimized,2,0,0,0,2000,0,-2000
707,D_prize_roi_optimized,3,2,0,0,2000,1800,-200
708,D_prize_roi_optimized,2,0,0,0,2000,0,-2000
709,D_prize_roi_optimized,2,0,0,0,2000,0,-2000
710,D_prize_roi_optimized,1,0,0,0,2000,0,-2000
711,D_prize_roi_optimized,2,0,0,0,2000,0,-2000
712,D_prize_roi_optimized,2,0,0,0,2000,0,-2000
713,D_prize_roi_optimized,2,0,0,0,2000,0,-2000
714,D_prize_roi_optimized,1,0,0,0,2000,0,-2000
715,D_prize_roi_optimized,2,0,0,0,2000,0,-2000
716,D_prize_roi_optimized,2,0,0,0,2000,0,-2000
717,D_prize_roi_optimized,2,0,0,0,2000,0,-2000
718,D_prize_roi_optimized,3,2,0,0,2000,1800,-200
719,D_prize_roi_optimized,2,0,0,0,2000,0,-2000
720,D_prize_roi_optimized,3,1,0,0,2000,900,-1100
721,D_prize_roi_optimized,2,0,0,0,2000,0,-2000
722,D_prize_roi_optimized,3,1,0,0,2000,1000,-1000
723,D_prize_roi_optimized,3,1,0,0,2000,1000,-1000
724,D_prize_roi_optimized,1,0,0,0,2000,0,-2000
725,D_prize_roi_optimized,2,0,0,0,2000,0,-2000
726,D_prize_roi_optimized,2,0,0,0,2000,0,-2000
727,D_prize_roi_optimized,2,0,0,0,2000,0,-2000
728,D_prize_roi_optimized,1,0,0,0,2000,0,-2000
729,D_prize_roi_optimized,3,1,0,0,2000,1200,-800
730,D_prize_roi_optimized,2,0,0,0,2000,0,-2000
731,D_prize_roi_optimized,2,0,0,0,2000,0,-2000
732,D_prize_roi_optimized,2,0,0,0,2000,0,-2000
733,D_prize_roi_optimized,2,0,0,0,2000,0,-2000
734,D_prize_roi_optimized,2,0,0,0,2000,0,-2000
735,D_prize_roi_optimized,2,0,0,0,2000,0,-2000
736,D_prize_roi_optimized,2,0,0,0,2000,0,-2000
737,D_prize_roi_optimized,2,0,0,0,2000,0,-2000
738,D_prize_roi_optimized,1,0,0,0,2000,0,-2000
739,D_prize_roi_optimized,1,0,0,0,2000,0,-2000
740,D_prize_roi_optimized,2,0,0,0,2000,0,-2000
741,D_prize_roi_optimized,2,0,0,0,2000,0,-2000
742,D_prize_roi_optimized,2,0,0,0,2000,0,-2000
743,D_prize_roi_optimized,1,0,0,0,2000,0,-2000
744,D_prize_roi_optimized,3,1,0,0,2000,900,-1100
745,D_prize_roi_optimized,1,0,0,0,2000,0,-2000
746,D_prize_roi_optimized,3,1,0,0,2000,1100,-900
747,D_prize_roi_optimized,2,0,0,0,2000,0,-2000
748,D_prize_roi_optimized,3,1,0,0,2000,900,-1100
749,D_prize_roi_optimized,2,0,0,0,2000,0,-2000
750,D_prize_roi_optimized,2,0,0,0,2000,0,-2000
751,D_prize_roi_optimized,3,1,0,0,2000,1000,-1000
752,D_prize_roi_optimized,2,0,0,0,2000,0,-2000
753,D_prize_roi_optimized,3,1,0,0,2000,1000,-1000
754,D_prize_roi_optimized,2,0,0,0,2000,0,-2000
755,D_prize_roi_optimized,4,3,1,0,2000,18100,16100
756,D_prize_roi_optimized,2,0,0,0,2000,0,-2000
757,D_prize_roi_optimized,2,0,0,0,2000,0,-2000
758,D_prize_roi_optimized,2,0,0,0,2000,0,-2000
759,D_prize_roi_optimized,2,0,0,0,2000,0,-2000
760,D_prize_roi_optimized,2,0,0,0,2000,0,-2000
761,D_prize_roi_optimized,2,0,0,0,2000,0,-2000
762,D_prize_roi_optimized,2,0,0,0,2000,0,-2000
763,D_prize_roi_optimized,2,0,0,0,2000,0,-2000
764,D_prize_roi_optimized,3,1,0,0,2000,900,-1100
765,D_prize_roi_optimized,2,0,0,0,2000,0,-2000
766,D_prize_roi_optimized,2,0,0,0,2000,0,-2000
767,D_prize_roi_optimized,1,0,0,0,2000,0,-2000
768,D_prize_roi_optimized,3,1,0,0,2000,900,-1100
769,D_prize_roi_optimized,2,0,0,0,2000,0,-2000
770,D_prize_roi_optimized,3,1,0,0,2000,1000,-1000
771,D_prize_roi_optimized,2,0,0,0,2000,0,-2000
772,D_prize_roi_optimized,2,0,0,0,2000,0,-2000
773,D_prize_roi_optimized,2,0,0,0,2000,0,-2000
774,D_prize_roi_optimized,2,0,0,0,2000,0,-2000
775,D_prize_roi_optimized,1,0,0,0,2000,0,-2000
776,D_prize_roi_optimized,2,0,0,0,2000,0,-2000
777,D_prize_roi_optimized,2,0,0,0,2000,0,-2000
778,D_prize_roi_optimized,3,1,0,0,2000,1000,-1000
779,D_prize_roi_optimized,2,0,0,0,2000,0,-2000
780,D_prize_roi_optimized,3,2,0,0,2000,2600,600
781,D_prize_roi_optimized,2,0,0,0,2000,0,-2000
782,D_prize_roi_optimized,2,0,0,0,2000,0,-2000
783,D_prize_roi_optimized,2,0,0,0,2000,0,-2000
784,D_prize_roi_optimized,2,0,0,0,2000,0,-2000
785,D_prize_roi_optimized,2,0,0,0,2000,0,-2000
786,D_prize_roi_optimized,2,0,0,0,2000,0,-2000
787,D_prize_roi_optimized,1,0,0,0,2000,0,-2000
788,D_prize_roi_optimized,2,0,0,0,2000,0,-2000
789,D_prize_roi_optimized,1,0,0,0,2000,0,-2000
790,D_prize_roi_optimized,3,1,0,0,2000,1000,-1000
791,D_prize_roi_optimized,2,0,0,0,2000,0,-2000
792,D_prize_roi_optimized,2,0,0,0,2000,0,-2000
793,D_prize_roi_optimized,1,0,0,0,2000,0,-2000
794,D_prize_roi_optimized,3,1,0,0,2000,1000,-1000
795,D_prize_roi_optimized,2,0,0,0,2000,0,-2000
796,D_prize_roi_optimized,1,0,0,0,2000,0,-2000
797,D_prize_roi_optimized,1,0,0,0,2000,0,-2000
798,D_prize_roi_optimized,2,0,0,0,2000,0,-2000
799,D_prize_roi_optimized,1,0,0,0,2000,0,-2000
800,D_prize_roi_optimized,2,0,0,0,2000,0,-2000
801,D_prize_roi_optimized,3,1,0,0,2000,1000,-1000
802,D_prize_roi_optimized,2,0,0,0,2000,0,-2000
803,D_prize_roi_optimized,2,0,0,0,2000,0,-2000
804,D_prize_roi_optimized,2,0,0,0,2000,0,-2000
805,D_prize_roi_optimized,2,0,0,0,2000,0,-2000
806,D_prize_roi_optimized,3,1,0,0,2000,900,-1100
807,D_prize_roi_optimized,3,1,0,0,2000,900,-1100
808,D_prize_roi_optimized,1,0,0,0,2000,0,-2000
809,D_prize_roi_optimized,1,0,0,0,2000,0,-2000
810,D_prize_roi_optimized,3,1,0,0,2000,900,-1100
811,D_prize_roi_optimized,2,0,0,0,2000,0,-2000
812,D_prize_roi_optimized,1,0,0,0,2000,0,-2000
813,D_prize_roi_optimized,2,0,0,0,2000,0,-2000
814,D_prize_roi_optimized,2,0,0,0,2000,0,-2000
815,D_prize_roi_optimized,3,1,0,0,2000,1400,-600
816,D_prize_roi_optimized,2,0,0,0,2000,0,-2000
817,D_prize_roi_optimized,2,0,0,0,2000,0,-2000
818,D_prize_roi_optimized,2,0,0,0,2000,0,-2000
819,D_prize_roi_optimized,2,0,0,0,2000,0,-2000
820,D_prize_roi_optimized,2,0,0,0,2000,0,-2000
821,D_prize_roi_optimized,1,0,0,0,2000,0,-2000
822,D_prize_roi_optimized,1,0,0,0,2000,0,-2000
823,D_prize_roi_optimized,2,0,0,0,2000,0,-2000
824,D_prize_roi_optimized,2,0,0,0,2000,0,-2000
825,D_prize_roi_optimized,2,0,0,0,2000,0,-2000
826,D_prize_roi_optimized,2,0,0,0,2000,0,-2000
827,D_prize_roi_optimized,1,0,0,0,2000,0,-2000
828,D_prize_roi_optimized,2,0,0,0,2000,0,-2000
829,D_prize_roi_optimized,1,0,0,0,2000,0,-2000
830,D_prize_roi_optimized,2,0,0,0,2000,0,-2000
831,D_prize_roi_optimized,1,0,0,0,2000,0,-2000
832,D_prize_roi_optimized,2,0,0,0,2000,0,-2000
833,D_prize_roi_optimized,2,0,0,0,2000,0,-2000
834,D_prize_roi_optimized,2,0,0,0,2000,0,-2000
835,D_prize_roi_optimized,2,0,0,0,2000,0,-2000
836,D_prize_roi_optimized,1,0,0,0,2000,0,-2000
837,D_prize_roi_optimized,2,0,0,0,2000,0,-2000
838,D_prize_roi_optimized,2,0,0,0,2000,0,-2000
839,D_prize_roi_optimized,2,0,0,0,2000,0,-2000
840,D_prize_roi_optimized,1,0,0,0,2000,0,-2000
841,D_prize_roi_optimized,2,0,0,0,2000,0,-2000
842,D_prize_roi_optimized,2,0,0,0,2000,0,-2000
843,D_prize_roi_optimized,2,0,0,0,2000,0,-2000
844,D_prize_roi_optimized,2,0,0,0,2000,0,-2000
845,D_prize_roi_optimized,2,0,0,0,2000,0,-2000
846,D_prize_roi_optimized,1,0,0,0,2000,0,-2000
847,D_prize_roi_optimized,3,1,0,0,2000,1100,-900
848,D_prize_roi_optimized,2,0,0,0,2000,0,-2000
849,D_prize_roi_optimized,2,0,0,0,2000,0,-2000
850,D_prize_roi_optimized,3,1,0,0,2000,1200,-800
851,D_prize_roi_optimized,2,0,0,0,2000,0,-2000
852,D_prize_roi_optimized,2,0,0,0,2000,0,-2000
853,D_prize_roi_optimized,2,0,0,0,2000,0,-2000
854,D_prize_roi_optimized,1,0,0,0,2000,0,-2000
855,D_prize_roi_optimized,2,0,0,0,2000,0,-2000
856,D_prize_roi_optimized,2,0,0,0,2000,0,-2000
857,D_prize_roi_optimized,2,0,0,0,2000,0,-2000
858,D_prize_roi_optimized,2,0,0,0,2000,0,-2000
859,D_prize_roi_optimized,2,0,0,0,2000,0,-2000
860,D_prize_roi_optimized,1,0,0,0,2000,0,-2000
861,D_prize_roi_optimized,2,0,0,0,2000,0,-2000
862,D_prize_roi_optimized,2,0,0,0,2000,0,-2000
863,D_prize_roi_optimized,2,0,0,0,2000,0,-2000
864,D_prize_roi_optimized,2,0,0,0,2000,0,-2000
865,D_prize_roi_optimized,2,0,0,0,2000,0,-2000
866,D_prize_roi_optimized,1,0,0,0,2000,0,-2000
867,D_prize_roi_optimized,2,0,0,0,2000,0,-2000
868,D_prize_roi_optimized,1,0,0,0,2000,0,-2000
869,D_prize_roi_optimized,1,0,0,0,2000,0,-2000
870,D_prize_roi_optimized,1,0,0,0,2000,0,-2000
871,D_prize_roi_optimized,2,0,0,0,2000,0,-2000
872,D_prize_roi_optimized,2,0,0,0,2000,0,-2000
873,D_prize_roi_optimized,2,0,0,0,2000,0,-2000
874,D_prize_roi_optimized,3,1,0,0,2000,1000,-1000
875,D_prize_roi_optimized,2,0,0,0,2000,0,-2000
876,D_prize_roi_optimized,2,0,0,0,2000,0,-2000
877,D_prize_roi_optimized,2,0,0,0,2000,0,-2000
878,D_prize_roi_optimized,2,0,0,0,2000,0,-2000
879,D_prize_roi_optimized,1,0,0,0,2000,0,-2000
880,D_prize_roi_optimized,1,0,0,0,2000,0,-2000
881,D_prize_roi_optimized,2,0,0,0,2000,0,-2000
882,D_prize_roi_optimized,2,0,0,0,2000,0,-2000
883,D_prize_roi_optimized,2,0,0,0,2000,0,-2000
884,D_prize_roi_optimized,1,0,0,0,2000,0,-2000
885,D_prize_roi_optimized,2,0,0,0,2000,0,-2000
886,D_prize_roi_optimized,3,1,0,0,2000,1100,-900
887,D_prize_roi_optimized,1,0,0,0,2000,0,-2000
888,D_prize_roi_optimized,1,0,0,0,2000,0,-2000
889,D_prize_roi_optimized,2,0,0,0,2000,0,-2000
890,D_prize_roi_optimized,1,0,0,0,2000,0,-2000
891,D_prize_roi_optimized,1,0,0,0,2000,0,-2000
892,D_prize_roi_optimized,2,0,0,0,2000,0,-2000
893,D_prize_roi_optimized,3,1,0,0,2000,1000,-1000
894,D_prize_roi_optimized,3,1,0,0,2000,1000,-1000
895,D_prize_roi_optimized,3,1,0,0,2000,900,-1100
896,D_prize_roi_optimized,3,1,0,0,2000,1100,-900
897,D_prize_roi_optimized,3,1,0,0,2000,1100,-900
898,D_prize_roi_optimized,3,1,0,0,2000,1000,-1000
899,D_prize_roi_optimized,2,0,0,0,2000,0,-2000
900,D_prize_roi_optimized,1,0,0,0,2000,0,-2000
901,D_prize_roi_optimized,2,0,0,0,2000,0,-2000
902,D_prize_roi_optimized,1,0,0,0,2000,0,-2000
903,D_prize_roi_optimized,3,1,0,0,2000,1000,-1000
904,D_prize_roi_optimized,1,0,0,0,2000,0,-2000
905,D_prize_roi_optimized,2,0,0,0,2000,0,-2000
906,D_prize_roi_optimized,2,0,0,0,2000,0,-2000
907,D_prize_roi_optimized,2,0,0,0,2000,0,-2000
908,D_prize_roi_optimized,2,0,0,0,2000,0,-2000
909,D_prize_roi_optimized,2,0,0,0,2000,0,-2000
910,D_prize_roi_optimized,2,0,0,0,2000,0,-2000
911,D_prize_roi_optimized,2,0,0,0,2000,0,-2000
912,D_prize_roi_optimized,2,0,0,0,2000,0,-2000
913,D_prize_roi_optimized,2,0,0,0,2000,0,-2000
914,D_prize_roi_optimized,2,0,0,0,2000,0,-2000
915,D_prize_roi_optimized,2,0,0,0,2000,0,-2000
916,D_prize_roi_optimized,1,0,0,0,2000,0,-2000
917,D_prize_roi_optimized,3,1,0,0,2000,1100,-900
918,D_prize_roi_optimized,2,0,0,0,2000,0,-2000
919,D_prize_roi_optimized,2,0,0,0,2000,0,-2000
920,D_prize_roi_optimized,3,1,0,0,2000,1000,-1000
921,D_prize_roi_optimized,2,0,0,0,2000,0,-2000
922,D_prize_roi_optimized,2,0,0,0,2000,0,-2000
923,D_prize_roi_optimized,1,0,0,0,2000,0,-2000
924,D_prize_roi_optimized,1,0,0,0,2000,0,-2000
925,D_prize_roi_optimized,2,0,0,0,2000,0,-2000
926,D_prize_roi_optimized,2,0,0,0,2000,0,-2000
927,D_prize_roi_optimized,3,1,0,0,2000,1000,-1000
928,D_prize_roi_optimized,1,0,0,0,2000,0,-2000
929,D_prize_roi_optimized,2,0,0,0,2000,0,-2000
930,D_prize_roi_optimized,1,0,0,0,2000,0,-2000
931,D_prize_roi_optimized,2,0,0,0,2000,0,-2000
932,D_prize_roi_optimized,3,1,0,0,2000,1100,-900
933,D_prize_roi_optimized,2,0,0,0,2000,0,-2000
934,D_prize_roi_optimized,1,0,0,0,2000,0,-2000
935,D_prize_roi_optimized,2,0,0,0,2000,0,-2000
936,D_prize_roi_optimized,2,0,0,0,2000,0,-2000
937,D_prize_roi_optimized,2,0,0,0,2000,0,-2000
938,D_prize_roi_optimized,2,0,0,0,2000,0,-2000
939,D_prize_roi_optimized,2,0,0,0,2000,0,-2000
940,D_prize_roi_optimized,2,0,0,0,2000,0,-2000
941,D_prize_roi_optimized,3,1,0,0,2000,800,-1200
942,D_prize_roi_optimized,2,0,0,0,2000,0,-2000
943,D_prize_roi_optimized,2,0,0,0,2000,0,-2000
944,D_prize_roi_optimized,2,0,0,0,2000,0,-2000
945,D_prize_roi_optimized,2,0,0,0,2000,0,-2000
946,D_prize_roi_optimized,3,1,0,0,2000,1000,-1000
947,D_prize_roi_optimized,1,0,0,0,2000,0,-2000
948,D_prize_roi_optimized,2,0,0,0,2000,0,-2000
949,D_prize_roi_optimized,4,1,1,0,2000,11300,9300
950,D_prize_roi_optimized,1,0,0,0,2000,0,-2000
951,D_prize_roi_optimized,2,0,0,0,2000,0,-2000
952,D_prize_roi_optimized,1,0,0,0,2000,0,-2000
953,D_prize_roi_optimized,2,0,0,0,2000,0,-2000
954,D_prize_roi_optimized,3,1,0,0,2000,1000,-1000
955,D_prize_roi_optimized,1,0,0,0,2000,0,-2000
956,D_prize_roi_optimized,2,0,0,0,2000,0,-2000
957,D_prize_roi_optimized,1,0,0,0,2000,0,-2000
958,D_prize_roi_optimized,4,3,1,0,2000,13600,11600
959,D_prize_roi_optimized,2,0,0,0,2000,0,-2000
960,D_prize_roi_optimized,2,0,0,0,2000,0,-2000
961,D_prize_roi_optimized,2,0,0,0,2000,0,-2000
962,D_prize_roi_optimized,2,0,0,0,2000,0,-2000
963,D_prize_roi_optimized,2,0,0,0,2000,0,-2000
964,D_prize_roi_optimized,2,0,0,0,2000,0,-2000
965,D_prize_roi_optimized,2,0,0,0,2000,0,-2000
966,D_prize_roi_optimized,2,0,0,0,2000,0,-2000
967,D_prize_roi_optimized,2,0,0,0,2000,0,-2000
968,D_prize_roi_optimized,2,0,0,0,2000,0,-2000
969,D_prize_roi_optimized,2,0,0,0,2000,0,-2000
970,D_prize_roi_optimized,2,0,0,0,2000,0,-2000
971,D_prize_roi_optimized,2,0,0,0,2000,0,-2000
972,D_prize_roi_optimized,2,0,0,0,2000,0,-2000
973,D_prize_roi_optimized,1,0,0,0,2000,0,-2000
974,D_prize_roi_optimized,3,1,0,0,2000,1000,-1000
975,D_prize_roi_optimized,2,0,0,0,2000,0,-2000
976,D_prize_roi_optimized,3,2,0,0,2000,2000,0
977,D_prize_roi_optimized,3,1,0,0,2000,1000,-1000
978,D_prize_roi_optimized,3,1,0,0,2000,1100,-900
979,D_prize_roi_optimized,2,0,0,0,2000,0,-2000
980,D_prize_roi_optimized,1,0,0,0,2000,0,-2000
981,D_prize_roi_optimized,2,0,0,0,2000,0,-2000
982,D_prize_roi_optimized,2,0,0,0,2000,0,-2000
983,D_prize_roi_optimized,3,1,0,0,2000,900,-1100
984,D_prize_roi_optimized,2,0,0,0,2000,0,-2000
985,D_prize_roi_optimized,2,0,0,0,2000,0,-2000
986,D_prize_roi_optimized,4,1,1,0,2000,273500,271500
987,D_prize_roi_optimized,2,0,0,0,2000,0,-2000
988,D_prize_roi_optimized,1,0,0,0,2000,0,-2000
989,D_prize_roi_optimized,2,0,0,0,2000,0,-2000
990,D_prize_roi_optimized,2,0,0,0,2000,0,-2000
991,D_prize_roi_optimized,2,0,0,0,2000,0,-2000
992,D_prize_roi_optimized,2,0,0,0,2000,0,-2000
993,D_prize_roi_optimized,2,0,0,0,2000,0,-2000
994,D_prize_roi_optimized,1,0,0,0,2000,0,-2000
995,D_prize_roi_optimized,2,0,0,0,2000,0,-2000
996,D_prize_roi_optimized,2,0,0,0,2000,0,-2000
997,D_prize_roi_optimized,1,0,0,0,2000,0,-2000
998,D_prize_roi_optimized,2,0,0,0,2000,0,-2000
999,D_prize_roi_optimized,2,0,0,0,2000,0,-2000
1000,D_prize_roi_optimized,1,0,0,0,2000,0,-2000
1001,D_prize_roi_optimized,2,0,0,0,2000,0,-2000
1002,D_prize_roi_optimized,2,0,0,0,2000,0,-2000
1003,D_prize_roi_optimized,2,0,0,0,2000,0,-2000
1004,D_prize_roi_optimized,1,0,0,0,2000,0,-2000
1005,D_prize_roi_optimized,2,0,0,0,2000,0,-2000
1006,D_prize_roi_optimized,3,1,0,0,2000,1000,-1000
1007,D_prize_roi_optimized,1,0,0,0,2000,0,-2000
1008,D_prize_roi_optimized,2,0,0,0,2000,0,-2000
1009,D_prize_roi_optimized,2,0,0,0,2000,0,-2000
1010,D_prize_roi_optimized,2,0,0,0,2000,0,-2000
1011,D_prize_roi_optimized,1,0,0,0,2000,0,-2000
1012,D_prize_roi_optimized,2,0,0,0,2000,0,-2000
1013,D_prize_roi_optimized,2,0,0,0,2000,0,-2000
1014,D_prize_roi_optimized,2,0,0,0,2000,0,-2000
1015,D_prize_roi_optimized,2,0,0,0,2000,0,-2000
1016,D_prize_roi_optimized,1,0,0,0,2000,0,-2000
1017,D_prize_roi_optimized,2,0,0,0,2000,0,-2000
1018,D_prize_roi_optimized,2,0,0,0,2000,0,-2000
1019,D_prize_roi_optimized,2,0,0,0,2000,0,-2000
1020,D_prize_roi_optimized,2,0,0,0,2000,0,-2000
1021,D_prize_roi_optimized,3,2,0,0,2000,2200,200
1022,D_prize_roi_optimized,3,1,0,0,2000,900,-1100
1023,D_prize_roi_optimized,3,2,0,0,2000,2000,0
1024,D_prize_roi_optimized,1,0,0,0,2000,0,-2000
1025,D_prize_roi_optimized,2,0,0,0,2000,0,-2000
1026,D_prize_roi_optimized,2,0,0,0,2000,0,-2000
1027,D_prize_roi_optimized,2,0,0,0,2000,0,-2000
1028,D_prize_roi_optimized,1,0,0,0,2000,0,-2000
1029,D_prize_roi_optimized,2,0,0,0,2000,0,-2000
1030,D_prize_roi_optimized,3,1,0,0,2000,1300,-700
1031,D_prize_roi_optimized,2,0,0,0,2000,0,-2000
1032,D_prize_roi_optimized,2,0,0,0,2000,0,-2000
1033,D_prize_roi_optimized,1,0,0,0,2000,0,-2000
1034,D_prize_roi_optimized,3,1,0,0,2000,1100,-900
1035,D_prize_roi_optimized,2,0,0,0,2000,0,-2000
1036,D_prize_roi_optimized,2,0,0,0,2000,0,-2000
1037,D_prize_roi_optimized,2,0,0,0,2000,0,-2000
1038,D_prize_roi_optimized,2,0,0,0,2000,0,-2000
1039,D_prize_roi_optimized,2,0,0,0,2000,0,-2000
1040,D_prize_roi_optimized,1,0,0,0,2000,0,-2000
1041,D_prize_roi_optimized,2,0,0,0,2000,0,-2000
1042,D_prize_roi_optimized,2,0,0,0,2000,0,-2000
1043,D_prize_roi_optimized,3,1,0,0,2000,900,-1100
1044,D_prize_roi_optimized,2,0,0,0,2000,0,-2000
1045,D_prize_roi_optimized,2,0,0,0,2000,0,-2000
1046,D_prize_roi_optimized,3,4,0,0,2000,4000,2000
1047,D_prize_roi_optimized,2,0,0,0,2000,0,-2000
1048,D_prize_roi_optimized,2,0,0,0,2000,0,-2000
1049,D_prize_roi_optimized,1,0,0,0,2000,0,-2000
1050,D_prize_roi_optimized,2,0,0,0,2000,0,-2000
1051,D_prize_roi_optimized,2,0,0,0,2000,0,-2000
1052,D_prize_roi_optimized,1,0,0,0,2000,0,-2000
1053,D_prize_roi_optimized,2,0,0,0,2000,0,-2000
1054,D_prize_roi_optimized,1,0,0,0,2000,0,-2000
1055,D_prize_roi_optimized,2,0,0,0,2000,0,-2000
1056,D_prize_roi_optimized,2,0,0,0,2000,0,-2000
1057,D_prize_roi_optimized,2,0,0,0,2000,0,-2000
1058,D_prize_roi_optimized,2,0,0,0,2000,0,-2000
1059,D_prize_roi_optimized,3,1,0,0,2000,1000,-1000
1060,D_prize_roi_optimized,3,1,0,0,2000,1000,-1000
1061,D_prize_roi_optimized,2,0,0,0,2000,0,-2000
1062,D_prize_roi_optimized,2,0,0,0,2000,0,-2000
1063,D_prize_roi_optimized,3,2,0,0,2000,2200,200
1064,D_prize_roi_optimized,2,0,0,0,2000,0,-2000
1065,D_prize_roi_optimized,2,0,0,0,2000,0,-2000
1066,D_prize_roi_optimized,3,1,0,0,2000,1100,-900
1067,D_prize_roi_optimized,2,0,0,0,2000,0,-2000
1068,D_prize_roi_optimized,2,0,0,0,2000,0,-2000
1069,D_prize_roi_optimized,2,0,0,0,2000,0,-2000
1070,D_prize_roi_optimized,2,0,0,0,2000,0,-2000
1071,D_prize_roi_optimized,3,2,0,0,2000,2000,0
1072,D_prize_roi_optimized,3,2,0,0,2000,1800,-200
1073,D_prize_roi_optimized,2,0,0,0,2000,0,-2000
1074,D_prize_roi_optimized,3,1,0,0,2000,1100,-900
1075,D_prize_roi_optimized,3,1,0,0,2000,1000,-1000
1076,D_prize_roi_optimized,2,0,0,0,2000,0,-2000
1077,D_prize_roi_optimized,1,0,0,0,2000,0,-2000
1078,D_prize_roi_optimized,2,0,0,0,2000,0,-2000
1079,D_prize_roi_optimized,3,1,0,0,2000,900,-1100
1080,D_prize_roi_optimized,2,0,0,0,2000,0,-2000
1081,D_prize_roi_optimized,1,0,0,0,2000,0,-2000
1082,D_prize_roi_optimized,2,0,0,0,2000,0,-2000
1083,D_prize_roi_optimized,1,0,0,0,2000,0,-2000
1084,D_prize_roi_optimized,3,1,0,0,2000,1000,-1000
1085,D_prize_roi_optimized,2,0,0,0,2000,0,-2000
1086,D_prize_roi_optimized,1,0,0,0,2000,0,-2000
1087,D_prize_roi_optimized,2,0,0,0,2000,0,-2000
1088,D_prize_roi_optimized,2,0,0,0,2000,0,-2000
1089,D_prize_roi_optimized,2,0,0,0,2000,0,-2000
1090,D_prize_roi_optimized,2,0,0,0,2000,0,-2000
1091,D_prize_roi_optimized,2,0,0,0,2000,0,-2000
1092,D_prize_roi_optimized,2,0,0,0,2000,0,-2000
1093,D_prize_roi_optimized,1,0,0,0,2000,0,-2000
1094,D_prize_roi_optimized,2,0,0,0,2000,0,-2000
1095,D_prize_roi_optimized,2,0,0,0,2000,0,-2000
1096,D_prize_roi_optimized,2,0,0,0,2000,0,-2000
1097,D_prize_roi_optimized,2,0,0,0,2000,0,-2000
1098,D_prize_roi_optimized,2,0,0,0,2000,0,-2000
1099,D_prize_roi_optimized,2,0,0,0,2000,0,-2000
1100,D_prize_roi_optimized,2,0,0,0,2000,0,-2000
1101,D_prize_roi_optimized,1,0,0,0,2000,0,-2000
1102,D_prize_roi_optimized,2,0,0,0,2000,0,-2000
1103,D_prize_roi_optimized,2,0,0,0,2000,0,-2000
1104,D_prize_roi_optimized,2,0,0,0,2000,0,-2000
1105,D_prize_roi_optimized,2,0,0,0,2000,0,-2000
1106,D_prize_roi_optimized,2,0,0,0,2000,0,-2000
1107,D_prize_roi_optimized,2,0,0,0,2000,0,-2000
1108,D_prize_roi_optimized,3,2,0,0,2000,2000,0
1109,D_prize_roi_optimized,2,0,0,0,2000,0,-2000
1110,D_prize_roi_optimized,2,0,0,0,2000,0,-2000
1111,D_prize_roi_optimized,1,0,0,0,2000,0,-2000
1112,D_prize_roi_optimized,1,0,0,0,2000,0,-2000
1113,D_prize_roi_optimized,3,2,0,0,2000,2400,400
1114,D_prize_roi_optimized,1,0,0,0,2000,0,-2000
1115,D_prize_roi_optimized,2,0,0,0,2000,0,-2000
1116,D_prize_roi_optimized,3,1,0,0,2000,1000,-1000
1117,D_prize_roi_optimized,2,0,0,0,2000,0,-2000
1118,D_prize_roi_optimized,2,0,0,0,2000,0,-2000
1119,D_prize_roi_optimized,3,1,0,0,2000,1000,-1000
1120,D_prize_roi_optimized,2,0,0,0,2000,0,-2000
1121,D_prize_roi_optimized,2,0,0,0,2000,0,-2000
1122,D_prize_roi_optimized,2,0,0,0,2000,0,-2000
1123,D_prize_roi_optimized,2,0,0,0,2000,0,-2000
1124,D_prize_roi_optimized,1,0,0,0,2000,0,-2000
1125,D_prize_roi_optimized,2,0,0,0,2000,0,-2000
1126,D_prize_roi_optimized,2,0,0,0,2000,0,-2000
1127,D_prize_roi_optimized,2,0,0,0,2000,0,-2000
1128,D_prize_roi_optimized,2,0,0,0,2000,0,-2000
1129,D_prize_roi_optimized,1,0,0,0,2000,0,-2000
1130,D_prize_roi_optimized,2,0,0,0,2000,0,-2000
1131,D_prize_roi_optimized,2,0,0,0,2000,0,-2000
1132,D_prize_roi_optimized,3,1,0,0,2000,1000,-1000
1133,D_prize_roi_optimized,2,0,0,0,2000,0,-2000
1134,D_prize_roi_optimized,2,0,0,0,2000,0,-2000
1135,D_prize_roi_optimized,3,1,0,0,2000,900,-1100
1136,D_prize_roi_optimized,3,1,0,0,2000,1100,-900
1137,D_prize_roi_optimized,2,0,0,0,2000,0,-2000
1138,D_prize_roi_optimized,2,0,0,0,2000,0,-2000
1139,D_prize_roi_optimized,2,0,0,0,2000,0,-2000
1140,D_prize_roi_optimized,2,0,0,0,2000,0,-2000
1141,D_prize_roi_optimized,2,0,0,0,2000,0,-2000
1142,D_prize_roi_optimized,3,2,0,0,2000,2000,0
1143,D_prize_roi_optimized,2,0,0,0,2000,0,-2000
1144,D_prize_roi_optimized,1,0,0,0,2000,0,-2000
1145,D_prize_roi_optimized,2,0,0,0,2000,0,-2000
1146,D_prize_roi_optimized,2,0,0,0,2000,0,-2000
1147,D_prize_roi_optimized,3,1,0,0,2000,800,-1200
1148,D_prize_roi_optimized,2,0,0,0,2000,0,-2000
1149,D_prize_roi_optimized,2,0,0,0,2000,0,-2000
1150,D_prize_roi_optimized,2,0,0,0,2000,0,-2000
1151,D_prize_roi_optimized,1,0,0,0,2000,0,-2000
1152,D_prize_roi_optimized,2,0,0,0,2000,0,-2000
1153,D_prize_roi_optimized,2,0,0,0,2000,0,-2000
1154,D_prize_roi_optimized,3,1,0,0,2000,1000,-1000
1155,D_prize_roi_optimized,3,1,0,0,2000,1200,-800
1156,D_prize_roi_optimized,2,0,0,0,2000,0,-2000
1157,D_prize_roi_optimized,2,0,0,0,2000,0,-2000
1158,D_prize_roi_optimized,2,0,0,0,2000,0,-2000
1159,D_prize_roi_optimized,2,0,0,0,2000,0,-2000
1160,D_prize_roi_optimized,2,0,0,0,2000,0,-2000
1161,D_prize_roi_optimized,2,0,0,0,2000,0,-2000
1162,D_prize_roi_optimized,2,0,0,0,2000,0,-2000
1163,D_prize_roi_optimized,2,0,0,0,2000,0,-2000
1164,D_prize_roi_optimized,2,0,0,0,2000,0,-2000
1165,D_prize_roi_optimized,2,0,0,0,2000,0,-2000
1166,D_prize_roi_optimized,2,0,0,0,2000,0,-2000
1167,D_prize_roi_optimized,2,0,0,0,2000,0,-2000
1168,D_prize_roi_optimized,1,0,0,0,2000,0,-2000
1169,D_prize_roi_optimized,2,0,0,0,2000,0,-2000
1170,D_prize_roi_optimized,2,0,0,0,2000,0,-2000
1171,D_prize_roi_optimized,3,2,0,0,2000,2000,0
1172,D_prize_roi_optimized,2,0,0,0,2000,0,-2000
1173,D_prize_roi_optimized,2,0,0,0,2000,0,-2000
1174,D_prize_roi_optimized,2,0,0,0,2000,0,-2000
1175,D_prize_roi_optimized,2,0,0,0,2000,0,-2000
1176,D_prize_roi_optimized,2,0,0,0,2000,0,-2000
1177,D_prize_roi_optimized,1,0,0,0,2000,0,-2000
1178,D_prize_roi_optimized,1,0,0,0,2000,0,-2000
1179,D_prize_roi_optimized,1,0,0,0,2000,0,-2000
1180,D_prize_roi_optimized,2,0,0,0,2000,0,-2000
1181,D_prize_roi_optimized,2,0,0,0,2000,0,-2000
1182,D_prize_roi_optimized,2,0,0,0,2000,0,-2000
1183,D_prize_roi_optimized,2,0,0,0,2000,0,-2000
1184,D_prize_roi_optimized,2,0,0,0,2000,0,-2000
1185,D_prize_roi_optimized,3,1,0,0,2000,1100,-900
1186,D_prize_roi_optimized,2,0,0,0,2000,0,-2000
1187,D_prize_roi_optimized,3,2,0,0,2000,1400,-600
1188,D_prize_roi_optimized,2,0,0,0,2000,0,-2000
1189,D_prize_roi_optimized,2,0,0,0,2000,0,-2000
1190,D_prize_roi_optimized,2,0,0,0,2000,0,-2000
1191,D_prize_roi_optimized,2,0,0,0,2000,0,-2000
1192,D_prize_roi_optimized,1,0,0,0,2000,0,-2000
1193,D_prize_roi_optimized,1,0,0,0,2000,0,-2000
1194,D_prize_roi_optimized,3,1,0,0,2000,900,-1100
1195,D_prize_roi_optimized,2,0,0,0,2000,0,-2000
1196,D_prize_roi_optimized,2,0,0,0,2000,0,-2000
1197,D_prize_roi_optimized,2,0,0,0,2000,0,-2000
1198,D_prize_roi_optimized,2,0,0,0,2000,0,-2000
1199,D_prize_roi_optimized,2,0,0,0,2000,0,-2000
1200,D_prize_roi_optimized,3,1,0,0,2000,900,-1100
1201,D_prize_roi_optimized,2,0,0,0,2000,0,-2000
1202,D_prize_roi_optimized,1,0,0,0,2000,0,-2000
1203,D_prize_roi_optimized,2,0,0,0,2000,0,-2000
1204,D_prize_roi_optimized,1,0,0,0,2000,0,-2000
1205,D_prize_roi_optimized,2,0,0,0,2000,0,-2000
1206,D_prize_roi_optimized,1,0,0,0,2000,0,-2000
1207,D_prize_roi_optimized,2,0,0,0,2000,0,-2000
1208,D_prize_roi_optimized,3,1,0,0,2000,900,-1100
1209,D_prize_roi_optimized,2,0,0,0,2000,0,-2000
1210,D_prize_roi_optimized,2,0,0,0,2000,0,-2000
1211,D_prize_roi_optimized,2,0,0,0,2000,0,-2000
1212,D_prize_roi_optimized,2,0,0,0,2000,0,-2000
1213,D_prize_roi_optimized,2,0,0,0,2000,0,-2000
1214,D_prize_roi_optimized,1,0,0,0,2000,0,-2000
1215,D_prize_roi_optimized,2,0,0,0,2000,0,-2000
1216,D_prize_roi_optimized,1,0,0,0,2000,0,-2000
1217,D_prize_roi_optimized,2,0,0,0,2000,0,-2000
1218,D_prize_roi_optimized,2,0,0,0,2000,0,-2000
1219,D_prize_roi_optimized,2,0,0,0,2000,0,-2000
1220,D_prize_roi_optimized,2,0,0,0,2000,0,-2000
1221,D_prize_roi_optimized,2,0,0,0,2000,0,-2000
1222,D_prize_roi_optimized,2,0,0,0,2000,0,-2000
1223,D_prize_roi_optimized,1,0,0,0,2000,0,-2000
1224,D_prize_roi_optimized,2,0,0,0,2000,0,-2000
1225,D_prize_roi_optimized,2,0,0,0,2000,0,-2000
1226,D_prize_roi_optimized,2,0,0,0,2000,0,-2000
1227,D_prize_roi_optimized,1,0,0,0,2000,0,-2000
1228,D_prize_roi_optimized,2,0,0,0,2000,0,-2000
1229,D_prize_roi_optimized,2,0,0,0,2000,0,-2000
1230,D_prize_roi_optimized,3,1,0,0,2000,1100,-900
1231,D_prize_roi_optimized,1,0,0,0,2000,0,-2000
1232,D_prize_roi_optimized,2,0,0,0,2000,0,-2000
1233,D_prize_roi_optimized,1,0,0,0,2000,0,-2000
1234,D_prize_roi_optimized,2,0,0,0,2000,0,-2000
1235,D_prize_roi_optimized,1,0,0,0,2000,0,-2000
1236,D_prize_roi_optimized,1,0,0,0,2000,0,-2000
1237,D_prize_roi_optimized,2,0,0,0,2000,0,-2000
1238,D_prize_roi_optimized,2,0,0,0,2000,0,-2000
1239,D_prize_roi_optimized,2,0,0,0,2000,0,-2000
1240,D_prize_roi_optimized,2,0,0,0,2000,0,-2000
1241,D_prize_roi_optimized,1,0,0,0,2000,0,-2000
1242,D_prize_roi_optimized,1,0,0,0,2000,0,-2000
1243,D_prize_roi_optimized,2,0,0,0,2000,0,-2000
1244,D_prize_roi_optimized,2,0,0,0,2000,0,-2000
1245,D_prize_roi_optimized,2,0,0,0,2000,0,-2000
1246,D_prize_roi_optimized,3,1,0,0,2000,1200,-800
1247,D_prize_roi_optimized,2,0,0,0,2000,0,-2000
1248,D_prize_roi_optimized,3,1,0,0,2000,900,-1100
1249,D_prize_roi_optimized,2,0,0,0,2000,0,-2000
1250,D_prize_roi_optimized,2,0,0,0,2000,0,-2000
1251,D_prize_roi_optimized,3,1,0,0,2000,1000,-1000
1252,D_prize_roi_optimized,2,0,0,0,2000,0,-2000
1253,D_prize_roi_optimized,4,1,1,0,2000,10600,8600
1254,D_prize_roi_optimized,1,0,0,0,2000,0,-2000
1255,D_prize_roi_optimized,3,1,0,0,2000,800,-1200
1256,D_prize_roi_optimized,2,0,0,0,2000,0,-2000
1257,D_prize_roi_optimized,2,0,0,0,2000,0,-2000
1258,D_prize_roi_optimized,2,0,0,0,2000,0,-2000
1259,D_prize_roi_optimized,2,0,0,0,2000,0,-2000
1260,D_prize_roi_optimized,2,0,0,0,2000,0,-2000
1261,D_prize_roi_optimized,2,0,0,0,2000,0,-2000
1262,D_prize_roi_optimized,3,2,0,0,2000,2000,0
1263,D_prize_roi_optimized,1,0,0,0,2000,0,-2000
1264,D_prize_roi_optimized,2,0,0,0,2000,0,-2000
1265,D_prize_roi_optimized,2,0,0,0,2000,0,-2000
1266,D_prize_roi_optimized,2,0,0,0,2000,0,-2000
1267,D_prize_roi_optimized,2,0,0,0,2000,0,-2000
1268,D_prize_roi_optimized,1,0,0,0,2000,0,-2000
1269,D_prize_roi_optimized,2,0,0,0,2000,0,-2000
1270,D_prize_roi_optimized,1,0,0,0,2000,0,-2000
1271,D_prize_roi_optimized,2,0,0,0,2000,0,-2000
1272,D_prize_roi_optimized,1,0,0,0,2000,0,-2000
1273,D_prize_roi_optimized,2,0,0,0,2000,0,-2000
1274,D_prize_roi_optimized,2,0,0,0,2000,0,-2000
1275,D_prize_roi_optimized,2,0,0,0,2000,0,-2000
1276,D_prize_roi_optimized,2,0,0,0,2000,0,-2000
1277,D_prize_roi_optimized,2,0,0,0,2000,0,-2000
1278,D_prize_roi_optimized,2,0,0,0,2000,0,-2000
1279,D_prize_roi_optimized,1,0,0,0,2000,0,-2000
1280,D_prize_roi_optimized,2,0,0,0,2000,0,-2000
1281,D_prize_roi_optimized,1,0,0,0,2000,0,-2000
1282,D_prize_roi_optimized,1,0,0,0,2000,0,-2000
1283,D_prize_roi_optimized,2,0,0,0,2000,0,-2000
1284,D_prize_roi_optimized,2,0,0,0,2000,0,-2000
1285,D_prize_roi_optimized,1,0,0,0,2000,0,-2000
1286,D_prize_roi_optimized,1,0,0,0,2000,0,-2000
1287,D_prize_roi_optimized,2,0,0,0,2000,0,-2000
1288,D_prize_roi_optimized,2,0,0,0,2000,0,-2000
1289,D_prize_roi_optimized,2,0,0,0,2000,0,-2000
1290,D_prize_roi_optimized,2,0,0,0,2000,0,-2000
1291,D_prize_roi_optimized,1,0,0,0,2000,0,-2000
1292,D_prize_roi_optimized,2,0,0,0,2000,0,-2000
1293,D_prize_roi_optimized,2,0,0,0,2000,0,-2000
1294,D_prize_roi_optimized,2,0,0,0,2000,0,-2000
1295,D_prize_roi_optimized,1,0,0,0,2000,0,-2000
1296,D_prize_roi_optimized,2,0,0,0,2000,0,-2000
1297,D_prize_roi_optimized,2,0,0,0,2000,0,-2000
1298,D_prize_roi_optimized,3,2,0,0,2000,1800,-200
1299,D_prize_roi_optimized,2,0,0,0,2000,0,-2000
1300,D_prize_roi_optimized,1,0,0,0,2000,0,-2000
1301,D_prize_roi_optimized,2,0,0,0,2000,0,-2000
1302,D_prize_roi_optimized,3,1,0,0,2000,800,-1200
1303,D_prize_roi_optimized,1,0,0,0,2000,0,-2000
1304,D_prize_roi_optimized,2,0,0,0,2000,0,-2000
1305,D_prize_roi_optimized,2,0,0,0,2000,0,-2000
1306,D_prize_roi_optimized,2,0,0,0,2000,0,-2000
1307,D_prize_roi_optimized,3,2,0,0,2000,2200,200
1308,D_prize_roi_optimized,1,0,0,0,2000,0,-2000
1309,D_prize_roi_optimized,2,0,0,0,2000,0,-2000
1310,D_prize_roi_optimized,3,1,0,0,2000,1000,-1000
1311,D_prize_roi_optimized,2,0,0,0,2000,0,-2000
1312,D_prize_roi_optimized,3,1,0,0,2000,1000,-1000
1313,D_prize_roi_optimized,2,0,0,0,2000,0,-2000
1314,D_prize_roi_optimized,3,1,0,0,2000,1100,-900
1315,D_prize_roi_optimized,1,0,0,0,2000,0,-2000
1316,D_prize_roi_optimized,2,0,0,0,2000,0,-2000
1317,D_prize_roi_optimized,2,0,0,0,2000,0,-2000
1318,D_prize_roi_optimized,3,1,0,0,2000,1000,-1000
1319,D_prize_roi_optimized,2,0,0,0,2000,0,-2000
1320,D_prize_roi_optimized,2,0,0,0,2000,0,-2000
1321,D_prize_roi_optimized,2,0,0,0,2000,0,-2000
1322,D_prize_roi_optimized,1,0,0,0,2000,0,-2000
1323,D_prize_roi_optimized,2,0,0,0,2000,0,-2000
1324,D_prize_roi_optimized,2,0,0,0,2000,0,-2000
1325,D_prize_roi_optimized,3,1,0,0,2000,1100,-900
1326,D_prize_roi_optimized,2,0,0,0,2000,0,-2000
1327,D_prize_roi_optimized,2,0,0,0,2000,0,-2000
1328,D_prize_roi_optimized,1,0,0,0,2000,0,-2000
1329,D_prize_roi_optimized,3,1,0,0,2000,900,-1100
1330,D_prize_roi_optimized,2,0,0,0,2000,0,-2000
1331,D_prize_roi_optimized,2,0,0,0,2000,0,-2000
1332,D_prize_roi_optimized,2,0,0,0,2000,0,-2000
1333,D_prize_roi_optimized,2,0,0,0,2000,0,-2000
1334,D_prize_roi_optimized,3,1,0,0,2000,900,-1100
1335,D_prize_roi_optimized,1,0,0,0,2000,0,-2000
1336,D_prize_roi_optimized,3,2,0,0,2000,2200,200
1337,D_prize_roi_optimized,2,0,0,0,2000,0,-2000
1338,D_prize_roi_optimized,2,0,0,0,2000,0,-2000
1339,D_prize_roi_optimized,2,0,0,0,2000,0,-2000
1340,D_prize_roi_optimized,2,0,0,0,2000,0,-2000
1341,D_prize_roi_optimized,2,0,0,0,2000,0,-2000
1342,D_prize_roi_optimized,1,0,0,0,2000,0,-2000
1343,D_prize_roi_optimized,2,0,0,0,2000,0,-2000
1344,D_prize_roi_optimized,2,0,0,0,2000,0,-2000
1345,D_prize_roi_optimized,2,0,0,0,2000,0,-2000
1346,D_prize_roi_optimized,2,0,0,0,2000,0,-2000
1347,D_prize_roi_optimized,2,0,0,0,2000,0,-2000
1348,D_prize_roi_optimized,3,1,0,0,2000,1100,-900
1349,D_prize_roi_optimized,1,0,0,0,2000,0,-2000
1350,D_prize_roi_optimized,1,0,0,0,2000,0,-2000
1351,D_prize_roi_optimized,3,1,0,0,2000,900,-1100
1352,D_prize_roi_optimized,1,0,0,0,2000,0,-2000
1353,D_prize_roi_optimized,3,1,0,0,2000,1000,-1000
1354,D_prize_roi_optimized,4,1,1,0,2000,13300,11300
1355,D_prize_roi_optimized,2,0,0,0,2000,0,-2000
1356,D_prize_roi_optimized,2,0,0,0,2000,0,-2000
1357,D_prize_roi_optimized,2,0,0,0,2000,0,-2000
1358,D_prize_roi_optimized,2,0,0,0,2000,0,-2000
1359,D_prize_roi_optimized,2,0,0,0,2000,0,-2000
1360,D_prize_roi_optimized,2,0,0,0,2000,0,-2000
1361,D_prize_roi_optimized,2,0,0,0,2000,0,-2000
1362,D_prize_roi_optimized,3,1,0,0,2000,1000,-1000
1363,D_prize_roi_optimized,1,0,0,0,2000,0,-2000
1364,D_prize_roi_optimized,1,0,0,0,2000,0,-2000
1365,D_prize_roi_optimized,2,0,0,0,2000,0,-2000
1366,D_prize_roi_optimized,2,0,0,0,2000,0,-2000
1367,D_prize_roi_optimized,2,0,0,0,2000,0,-2000
1368,D_prize_roi_optimized,1,0,0,0,2000,0,-2000
1369,D_prize_roi_optimized,2,0,0,0,2000,0,-2000
1370,D_prize_roi_optimized,1,0,0,0,2000,0,-2000
1371,D_prize_roi_optimized,2,0,0,0,2000,0,-2000
1372,D_prize_roi_optimized,2,0,0,0,2000,0,-2000
1373,D_prize_roi_optimized,2,0,0,0,2000,0,-2000
1374,D_prize_roi_optimized,2,0,0,0,2000,0,-2000
1375,D_prize_roi_optimized,2,0,0,0,2000,0,-2000
1376,D_prize_roi_optimized,2,0,0,0,2000,0,-2000
1377,D_prize_roi_optimized,2,0,0,0,2000,0,-2000
1378,D_prize_roi_optimized,2,0,0,0,2000,0,-2000
1379,D_prize_roi_optimized,2,0,0,0,2000,0,-2000
1380,D_prize_roi_optimized,2,0,0,0,2000,0,-2000
1381,D_prize_roi_optimized,3,1,0,0,2000,900,-1100
1382,D_prize_roi_optimized,2,0,0,0,2000,0,-2000
1383,D_prize_roi_optimized,2,0,0,0,2000,0,-2000
1384,D_prize_roi_optimized,3,1,0,0,2000,900,-1100
1385,D_prize_roi_optimized,1,0,0,0,2000,0,-2000
1386,D_prize_roi_optimized,2,0,0,0,2000,0,-2000
1387,D_prize_roi_optimized,2,0,0,0,2000,0,-2000
1388,D_prize_roi_optimized,2,0,0,0,2000,0,-2000
1389,D_prize_roi_optimized,1,0,0,0,2000,0,-2000
1390,D_prize_roi_optimized,2,0,0,0,2000,0,-2000
1391,D_prize_roi_optimized,2,0,0,0,2000,0,-2000
1392,D_prize_roi_optimized,3,2,0,0,2000,2000,0
1393,D_prize_roi_optimized,2,0,0,0,2000,0,-2000
1394,D_prize_roi_optimized,2,0,0,0,2000,0,-2000
1395,D_prize_roi_optimized,2,0,0,0,2000,0,-2000
1396,D_prize_roi_optimized,1,0,0,0,2000,0,-2000
1397,D_prize_roi_optimized,2,0,0,0,2000,0,-2000
1398,D_prize_roi_optimized,1,0,0,0,2000,0,-2000
1399,D_prize_roi_optimized,2,0,0,0,2000,0,-2000
1400,D_prize_roi_optimized,3,1,0,0,2000,1100,-900
1401,D_prize_roi_optimized,2,0,0,0,2000,0,-2000
1402,D_prize_roi_optimized,2,0,0,0,2000,0,-2000
1403,D_prize_roi_optimized,2,0,0,0,2000,0,-2000
1404,D_prize_roi_optimized,2,0,0,0,2000,0,-2000
