num_a,num_b,num_c,observed_count,expected_count,lift,p_raw,p_bonf,sig_bonf,p_holm,sig_holm,p_fdr,sig_fdr,shrunk_rate,shrunk_lift
1,2,3,6,3.1234705228031148,1.9209401709401712,0.14049792107858372,1.0,False,1.0,False,0.9857592345811885,False,0.00420305000359562,1.8892709766162312
1,2,4,3,3.1234705228031148,0.9604700854700856,1.0,1.0,False,1.0,False,1.0,False,0.002139776275947752,0.9618294360385146
1,2,5,4,3.1234705228031148,1.2806267806267806,0.5615634740660312,1.0,False,1.0,False,0.9957506177226078,False,0.0028275341851637078,1.2709766162310867
1,2,6,5,3.1234705228031148,1.6007834757834758,0.24957369947482808,1.0,False,1.0,False,0.9857592345811885,False,0.003515292094379664,1.580123796423659
1,2,7,2,3.1234705228031148,0.6403133903133903,0.7762736999601787,1.0,False,1.0,False,1.0,False,0.0014520183667317958,0.6526822558459422
1,2,8,1,3.1234705228031148,0.32015669515669515,0.38684745045633295,1.0,False,1.0,False,0.9857592345811885,False,0.0007642604575158399,0.34353507565337005
1,2,9,2,3.1234705228031148,0.6403133903133903,0.7762736999601787,1.0,False,1.0,False,1.0,False,0.0014520183667317958,0.6526822558459422
1,2,10,6,3.1234705228031148,1.9209401709401712,0.14049792107858372,1.0,False,1.0,False,0.9857592345811885,False,0.00420305000359562,1.8892709766162312
1,2,11,8,3.1234705228031148,2.561253561253561,0.01468912435960452,1.0,False,1.0,False,0.956921941977135,False,0.005578565822027533,2.5075653370013757
1,2,12,2,3.1234705228031148,0.6403133903133903,0.7762736999601787,1.0,False,1.0,False,1.0,False,0.0014520183667317958,0.6526822558459422
1,2,13,4,3.1234705228031148,1.2806267806267806,0.5615634740660312,1.0,False,1.0,False,0.9957506177226078,False,0.0028275341851637078,1.2709766162310867
1,2,14,1,3.1234705228031148,0.32015669515669515,0.38684745045633295,1.0,False,1.0,False,0.9857592345811885,False,0.0007642604575158399,0.34353507565337005
1,2,15,4,3.1234705228031148,1.2806267806267806,0.5615634740660312,1.0,False,1.0,False,0.9957506177226078,False,0.0028275341851637078,1.2709766162310867
1,2,16,3,3.1234705228031148,0.9604700854700856,1.0,1.0,False,1.0,False,1.0,False,0.002139776275947752,0.9618294360385146
1,2,17,2,3.1234705228031148,0.6403133903133903,0.7762736999601787,1.0,False,1.0,False,1.0,False,0.0014520183667317958,0.6526822558459422
1,2,18,4,3.1234705228031148,1.2806267806267806,0.5615634740660312,1.0,False,1.0,False,0.9957506177226078,False,0.0028275341851637078,1.2709766162310867
1,2,19,2,3.1234705228031148,0.6403133903133903,0.7762736999601787,1.0,False,1.0,False,1.0,False,0.0014520183667317958,0.6526822558459422
1,2,20,4,3.1234705228031148,1.2806267806267806,0.5615634740660312,1.0,False,1.0,False,0.9957506177226078,False,0.0028275341851637078,1.2709766162310867
1,2,21,2,3.1234705228031148,0.6403133903133903,0.7762736999601787,1.0,False,1.0,False,1.0,False,0.0014520183667317958,0.6526822558459422
1,2,22,3,3.1234705228031148,0.9604700854700856,1.0,1.0,False,1.0,False,1.0,False,0.002139776275947752,0.9618294360385146
1,2,23,3,3.1234705228031148,0.9604700854700856,1.0,1.0,False,1.0,False,1.0,False,0.002139776275947752,0.9618294360385146
1,2,24,3,3.1234705228031148,0.9604700854700856,1.0,1.0,False,1.0,False,1.0,False,0.002139776275947752,0.9618294360385146
1,2,25,3,3.1234705228031148,0.9604700854700856,1.0,1.0,False,1.0,False,1.0,False,0.002139776275947752,0.9618294360385146
1,2,26,3,3.1234705228031148,0.9604700854700856,1.0,1.0,False,1.0,False,1.0,False,0.002139776275947752,0.9618294360385146
1,2,27,3,3.1234705228031148,0.9604700854700856,1.0,1.0,False,1.0,False,1.0,False,0.002139776275947752,0.9618294360385146
1,2,28,3,3.1234705228031148,0.9604700854700856,1.0,1.0,False,1.0,False,1.0,False,0.002139776275947752,0.9618294360385146
1,2,29,4,3.1234705228031148,1.2806267806267806,0.5615634740660312,1.0,False,1.0,False,0.9957506177226078,False,0.0028275341851637078,1.2709766162310867
1,2,30,2,3.1234705228031148,0.6403133903133903,0.7762736999601787,1.0,False,1.0,False,1.0,False,0.0014520183667317958,0.6526822558459422
1,2,31,1,3.1234705228031148,0.32015669515669515,0.38684745045633295,1.0,False,1.0,False,0.9857592345811885,False,0.0007642604575158399,0.34353507565337005
1,3,4,4,3.1234705228031148,1.2806267806267806,0.5615634740660312,1.0,False,1.0,False,0.9957506177226078,False,0.0028275341851637078,1.2709766162310867
1,3,5,4,3.1234705228031148,1.2806267806267806,0.5615634740660312,1.0,False,1.0,False,0.9957506177226078,False,0.0028275341851637078,1.2709766162310867
1,3,6,3,3.1234705228031148,0.9604700854700856,1.0,1.0,False,1.0,False,1.0,False,0.002139776275947752,0.9618294360385146
1,3,7,4,3.1234705228031148,1.2806267806267806,0.5615634740660312,1.0,False,1.0,False,0.9957506177226078,False,0.0028275341851637078,1.2709766162310867
1,3,8,2,3.1234705228031148,0.6403133903133903,0.7762736999601787,1.0,False,1.0,False,1.0,False,0.0014520183667317958,0.6526822558459422
1,3,9,4,3.1234705228031148,1.2806267806267806,0.5615634740660312,1.0,False,1.0,False,0.9957506177226078,False,0.0028275341851637078,1.2709766162310867
1,3,10,4,3.1234705228031148,1.2806267806267806,0.5615634740660312,1.0,False,1.0,False,0.9957506177226078,False,0.0028275341851637078,1.2709766162310867
1,3,11,8,3.1234705228031148,2.561253561253561,0.01468912435960452,1.0,False,1.0,False,0.956921941977135,False,0.005578565822027533,2.5075653370013757
1,3,12,1,3.1234705228031148,0.32015669515669515,0.38684745045633295,1.0,False,1.0,False,0.9857592345811885,False,0.0007642604575158399,0.34353507565337005
1,3,13,0,3.1234705228031148,0.0,0.08379148704798318,1.0,False,1.0,False,0.9857592345811885,False,7.650254829988387e-05,0.0343878954607978
1,3,14,6,3.1234705228031148,1.9209401709401712,0.14049792107858372,1.0,False,1.0,False,0.9857592345811885,False,0.00420305000359562,1.8892709766162312
1,3,15,3,3.1234705228031148,0.9604700854700856,1.0,1.0,False,1.0,False,1.0,False,0.002139776275947752,0.9618294360385146
1,3,16,7,3.1234705228031148,2.241096866096866,0.03994014992889243,1.0,False,1.0,False,0.9857592345811885,False,0.004890807912811576,2.1984181568088035
1,3,17,2,3.1234705228031148,0.6403133903133903,0.7762736999601787,1.0,False,1.0,False,1.0,False,0.0014520183667317958,0.6526822558459422
1,3,18,0,3.1234705228031148,0.0,0.08379148704798318,1.0,False,1.0,False,0.9857592345811885,False,7.650254829988387e-05,0.0343878954607978
1,3,19,6,3.1234705228031148,1.9209401709401712,0.14049792107858372,1.0,False,1.0,False,0.9857592345811885,False,0.00420305000359562,1.8892709766162312
1,3,20,5,3.1234705228031148,1.6007834757834758,0.24957369947482808,1.0,False,1.0,False,0.9857592345811885,False,0.003515292094379664,1.580123796423659
1,3,21,3,3.1234705228031148,0.9604700854700856,1.0,1.0,False,1.0,False,1.0,False,0.002139776275947752,0.9618294360385146
1,3,22,2,3.1234705228031148,0.6403133903133903,0.7762736999601787,1.0,False,1.0,False,1.0,False,0.0014520183667317958,0.6526822558459422
1,3,23,4,3.1234705228031148,1.2806267806267806,0.5615634740660312,1.0,False,1.0,False,0.9957506177226078,False,0.0028275341851637078,1.2709766162310867
1,3,24,2,3.1234705228031148,0.6403133903133903,0.7762736999601787,1.0,False,1.0,False,1.0,False,0.0014520183667317958,0.6526822558459422
1,3,25,5,3.1234705228031148,1.6007834757834758,0.24957369947482808,1.0,False,1.0,False,0.9857592345811885,False,0.003515292094379664,1.580123796423659
1,3,26,4,3.1234705228031148,1.2806267806267806,0.5615634740660312,1.0,False,1.0,False,0.9957506177226078,False,0.0028275341851637078,1.2709766162310867
1,3,27,6,3.1234705228031148,1.9209401709401712,0.14049792107858372,1.0,False,1.0,False,0.9857592345811885,False,0.00420305000359562,1.8892709766162312
1,3,28,1,3.1234705228031148,0.32015669515669515,0.38684745045633295,1.0,False,1.0,False,0.9857592345811885,False,0.0007642604575158399,0.34353507565337005
1,3,29,4,3.1234705228031148,1.2806267806267806,0.5615634740660312,1.0,False,1.0,False,0.9957506177226078,False,0.0028275341851637078,1.2709766162310867
1,3,30,3,3.1234705228031148,0.9604700854700856,1.0,1.0,False,1.0,False,1.0,False,0.002139776275947752,0.9618294360385146
1,3,31,2,3.1234705228031148,0.6403133903133903,0.7762736999601787,1.0,False,1.0,False,1.0,False,0.0014520183667317958,0.6526822558459422
1,4,5,0,3.1234705228031148,0.0,0.08379148704798318,1.0,False,1.0,False,0.9857592345811885,False,7.650254829988387e-05,0.0343878954607978
1,4,6,0,3.1234705228031148,0.0,0.08379148704798318,1.0,False,1.0,False,0.9857592345811885,False,7.650254829988387e-05,0.0343878954607978
1,4,7,1,3.1234705228031148,0.32015669515669515,0.38684745045633295,1.0,False,1.0,False,0.9857592345811885,False,0.0007642604575158399,0.34353507565337005
1,4,8,1,3.1234705228031148,0.32015669515669515,0.38684745045633295,1.0,False,1.0,False,0.9857592345811885,False,0.0007642604575158399,0.34353507565337005
1,4,9,1,3.1234705228031148,0.32015669515669515,0.38684745045633295,1.0,False,1.0,False,0.9857592345811885,False,0.0007642604575158399,0.34353507565337005
1,4,10,1,3.1234705228031148,0.32015669515669515,0.38684745045633295,1.0,False,1.0,False,0.9857592345811885,False,0.0007642604575158399,0.34353507565337005
1,4,11,3,3.1234705228031148,0.9604700854700856,1.0,1.0,False,1.0,False,1.0,False,0.002139776275947752,0.9618294360385146
1,4,12,1,3.1234705228031148,0.32015669515669515,0.38684745045633295,1.0,False,1.0,False,0.9857592345811885,False,0.0007642604575158399,0.34353507565337005
1,4,13,3,3.1234705228031148,0.9604700854700856,1.0,1.0,False,1.0,False,1.0,False,0.002139776275947752,0.9618294360385146
1,4,14,2,3.1234705228031148,0.6403133903133903,0.7762736999601787,1.0,False,1.0,False,1.0,False,0.0014520183667317958,0.6526822558459422
1,4,15,2,3.1234705228031148,0.6403133903133903,0.7762736999601787,1.0,False,1.0,False,1.0,False,0.0014520183667317958,0.6526822558459422
1,4,16,2,3.1234705228031148,0.6403133903133903,0.7762736999601787,1.0,False,1.0,False,1.0,False,0.0014520183667317958,0.6526822558459422
1,4,17,1,3.1234705228031148,0.32015669515669515,0.38684745045633295,1.0,False,1.0,False,0.9857592345811885,False,0.0007642604575158399,0.34353507565337005
1,4,18,3,3.1234705228031148,0.9604700854700856,1.0,1.0,False,1.0,False,1.0,False,0.002139776275947752,0.9618294360385146
1,4,19,3,3.1234705228031148,0.9604700854700856,1.0,1.0,False,1.0,False,1.0,False,0.002139776275947752,0.9618294360385146
1,4,20,3,3.1234705228031148,0.9604700854700856,1.0,1.0,False,1.0,False,1.0,False,0.002139776275947752,0.9618294360385146
1,4,21,2,3.1234705228031148,0.6403133903133903,0.7762736999601787,1.0,False,1.0,False,1.0,False,0.0014520183667317958,0.6526822558459422
1,4,22,1,3.1234705228031148,0.32015669515669515,0.38684745045633295,1.0,False,1.0,False,0.9857592345811885,False,0.0007642604575158399,0.34353507565337005
1,4,23,1,3.1234705228031148,0.32015669515669515,0.38684745045633295,1.0,False,1.0,False,0.9857592345811885,False,0.0007642604575158399,0.34353507565337005
1,4,24,4,3.1234705228031148,1.2806267806267806,0.5615634740660312,1.0,False,1.0,False,0.9957506177226078,False,0.0028275341851637078,1.2709766162310867
1,4,25,2,3.1234705228031148,0.6403133903133903,0.7762736999601787,1.0,False,1.0,False,1.0,False,0.0014520183667317958,0.6526822558459422
1,4,26,3,3.1234705228031148,0.9604700854700856,1.0,1.0,False,1.0,False,1.0,False,0.002139776275947752,0.9618294360385146
1,4,27,2,3.1234705228031148,0.6403133903133903,0.7762736999601787,1.0,False,1.0,False,1.0,False,0.0014520183667317958,0.6526822558459422
1,4,28,2,3.1234705228031148,0.6403133903133903,0.7762736999601787,1.0,False,1.0,False,1.0,False,0.0014520183667317958,0.6526822558459422
1,4,29,3,3.1234705228031148,0.9604700854700856,1.0,1.0,False,1.0,False,1.0,False,0.002139776275947752,0.9618294360385146
1,4,30,3,3.1234705228031148,0.9604700854700856,1.0,1.0,False,1.0,False,1.0,False,0.002139776275947752,0.9618294360385146
1,4,31,3,3.1234705228031148,0.9604700854700856,1.0,1.0,False,1.0,False,1.0,False,0.002139776275947752,0.9618294360385146
1,5,6,8,3.1234705228031148,2.561253561253561,0.01468912435960452,1.0,False,1.0,False,0.956921941977135,False,0.005578565822027533,2.5075653370013757
1,5,7,4,3.1234705228031148,1.2806267806267806,0.5615634740660312,1.0,False,1.0,False,0.9957506177226078,False,0.0028275341851637078,1.2709766162310867
1,5,8,3,3.1234705228031148,0.9604700854700856,1.0,1.0,False,1.0,False,1.0,False,0.002139776275947752,0.9618294360385146
1,5,9,2,3.1234705228031148,0.6403133903133903,0.7762736999601787,1.0,False,1.0,False,1.0,False,0.0014520183667317958,0.6526822558459422
1,5,10,5,3.1234705228031148,1.6007834757834758,0.24957369947482808,1.0,False,1.0,False,0.9857592345811885,False,0.003515292094379664,1.580123796423659
1,5,11,5,3.1234705228031148,1.6007834757834758,0.24957369947482808,1.0,False,1.0,False,0.9857592345811885,False,0.003515292094379664,1.580123796423659
1,5,12,4,3.1234705228031148,1.2806267806267806,0.5615634740660312,1.0,False,1.0,False,0.9957506177226078,False,0.0028275341851637078,1.2709766162310867
1,5,13,2,3.1234705228031148,0.6403133903133903,0.7762736999601787,1.0,False,1.0,False,1.0,False,0.0014520183667317958,0.6526822558459422
1,5,14,6,3.1234705228031148,1.9209401709401712,0.14049792107858372,1.0,False,1.0,False,0.9857592345811885,False,0.00420305000359562,1.8892709766162312
1,5,15,4,3.1234705228031148,1.2806267806267806,0.5615634740660312,1.0,False,1.0,False,0.9957506177226078,False,0.0028275341851637078,1.2709766162310867
1,5,16,1,3.1234705228031148,0.32015669515669515,0.38684745045633295,1.0,False,1.0,False,0.9857592345811885,False,0.0007642604575158399,0.34353507565337005
1,5,17,3,3.1234705228031148,0.9604700854700856,1.0,1.0,False,1.0,False,1.0,False,0.002139776275947752,0.9618294360385146
1,5,18,4,3.1234705228031148,1.2806267806267806,0.5615634740660312,1.0,False,1.0,False,0.9957506177226078,False,0.0028275341851637078,1.2709766162310867
1,5,19,2,3.1234705228031148,0.6403133903133903,0.7762736999601787,1.0,False,1.0,False,1.0,False,0.0014520183667317958,0.6526822558459422
1,5,20,4,3.1234705228031148,1.2806267806267806,0.5615634740660312,1.0,False,1.0,False,0.9957506177226078,False,0.0028275341851637078,1.2709766162310867
1,5,21,5,3.1234705228031148,1.6007834757834758,0.24957369947482808,1.0,False,1.0,False,0.9857592345811885,False,0.003515292094379664,1.580123796423659
1,5,22,3,3.1234705228031148,0.9604700854700856,1.0,1.0,False,1.0,False,1.0,False,0.002139776275947752,0.9618294360385146
1,5,23,5,3.1234705228031148,1.6007834757834758,0.24957369947482808,1.0,False,1.0,False,0.9857592345811885,False,0.003515292094379664,1.580123796423659
1,5,24,3,3.1234705228031148,0.9604700854700856,1.0,1.0,False,1.0,False,1.0,False,0.002139776275947752,0.9618294360385146
1,5,25,3,3.1234705228031148,0.9604700854700856,1.0,1.0,False,1.0,False,1.0,False,0.002139776275947752,0.9618294360385146
1,5,26,1,3.1234705228031148,0.32015669515669515,0.38684745045633295,1.0,False,1.0,False,0.9857592345811885,False,0.0007642604575158399,0.34353507565337005
1,5,27,3,3.1234705228031148,0.9604700854700856,1.0,1.0,False,1.0,False,1.0,False,0.002139776275947752,0.9618294360385146
1,5,28,2,3.1234705228031148,0.6403133903133903,0.7762736999601787,1.0,False,1.0,False,1.0,False,0.0014520183667317958,0.6526822558459422
1,5,29,1,3.1234705228031148,0.32015669515669515,0.38684745045633295,1.0,False,1.0,False,0.9857592345811885,False,0.0007642604575158399,0.34353507565337005
1,5,30,3,3.1234705228031148,0.9604700854700856,1.0,1.0,False,1.0,False,1.0,False,0.002139776275947752,0.9618294360385146
1,5,31,2,3.1234705228031148,0.6403133903133903,0.7762736999601787,1.0,False,1.0,False,1.0,False,0.0014520183667317958,0.6526822558459422
1,6,7,2,3.1234705228031148,0.6403133903133903,0.7762736999601787,1.0,False,1.0,False,1.0,False,0.0014520183667317958,0.6526822558459422
1,6,8,1,3.1234705228031148,0.32015669515669515,0.38684745045633295,1.0,False,1.0,False,0.9857592345811885,False,0.0007642604575158399,0.34353507565337005
1,6,9,1,3.1234705228031148,0.32015669515669515,0.38684745045633295,1.0,False,1.0,False,0.9857592345811885,False,0.0007642604575158399,0.34353507565337005
1,6,10,3,3.1234705228031148,0.9604700854700856,1.0,1.0,False,1.0,False,1.0,False,0.002139776275947752,0.9618294360385146
1,6,11,6,3.1234705228031148,1.9209401709401712,0.14049792107858372,1.0,False,1.0,False,0.9857592345811885,False,0.00420305000359562,1.8892709766162312
1,6,12,2,3.1234705228031148,0.6403133903133903,0.7762736999601787,1.0,False,1.0,False,1.0,False,0.0014520183667317958,0.6526822558459422
1,6,13,2,3.1234705228031148,0.6403133903133903,0.7762736999601787,1.0,False,1.0,False,1.0,False,0.0014520183667317958,0.6526822558459422
1,6,14,1,3.1234705228031148,0.32015669515669515,0.38684745045633295,1.0,False,1.0,False,0.9857592345811885,False,0.0007642604575158399,0.34353507565337005
1,6,15,4,3.1234705228031148,1.2806267806267806,0.5615634740660312,1.0,False,1.0,False,0.9957506177226078,False,0.0028275341851637078,1.2709766162310867
1,6,16,3,3.1234705228031148,0.9604700854700856,1.0,1.0,False,1.0,False,1.0,False,0.002139776275947752,0.9618294360385146
1,6,17,1,3.1234705228031148,0.32015669515669515,0.38684745045633295,1.0,False,1.0,False,0.9857592345811885,False,0.0007642604575158399,0.34353507565337005
1,6,18,3,3.1234705228031148,0.9604700854700856,1.0,1.0,False,1.0,False,1.0,False,0.002139776275947752,0.9618294360385146
1,6,19,2,3.1234705228031148,0.6403133903133903,0.7762736999601787,1.0,False,1.0,False,1.0,False,0.0014520183667317958,0.6526822558459422
1,6,20,0,3.1234705228031148,0.0,0.08379148704798318,1.0,False,1.0,False,0.9857592345811885,False,7.650254829988387e-05,0.0343878954607978
1,6,21,3,3.1234705228031148,0.9604700854700856,1.0,1.0,False,1.0,False,1.0,False,0.002139776275947752,0.9618294360385146
1,6,22,2,3.1234705228031148,0.6403133903133903,0.7762736999601787,1.0,False,1.0,False,1.0,False,0.0014520183667317958,0.6526822558459422
1,6,23,5,3.1234705228031148,1.6007834757834758,0.24957369947482808,1.0,False,1.0,False,0.9857592345811885,False,0.003515292094379664,1.580123796423659
1,6,24,1,3.1234705228031148,0.32015669515669515,0.38684745045633295,1.0,False,1.0,False,0.9857592345811885,False,0.0007642604575158399,0.34353507565337005
1,6,25,4,3.1234705228031148,1.2806267806267806,0.5615634740660312,1.0,False,1.0,False,0.9957506177226078,False,0.0028275341851637078,1.2709766162310867
1,6,26,2,3.1234705228031148,0.6403133903133903,0.7762736999601787,1.0,False,1.0,False,1.0,False,0.0014520183667317958,0.6526822558459422
1,6,27,2,3.1234705228031148,0.6403133903133903,0.7762736999601787,1.0,False,1.0,False,1.0,False,0.0014520183667317958,0.6526822558459422
1,6,28,3,3.1234705228031148,0.9604700854700856,1.0,1.0,False,1.0,False,1.0,False,0.002139776275947752,0.9618294360385146
1,6,29,2,3.1234705228031148,0.6403133903133903,0.7762736999601787,1.0,False,1.0,False,1.0,False,0.0014520183667317958,0.6526822558459422
1,6,30,0,3.1234705228031148,0.0,0.08379148704798318,1.0,False,1.0,False,0.9857592345811885,False,7.650254829988387e-05,0.0343878954607978
1,6,31,1,3.1234705228031148,0.32015669515669515,0.38684745045633295,1.0,False,1.0,False,0.9857592345811885,False,0.0007642604575158399,0.34353507565337005
1,7,8,1,3.1234705228031148,0.32015669515669515,0.38684745045633295,1.0,False,1.0,False,0.9857592345811885,False,0.0007642604575158399,0.34353507565337005
1,7,9,1,3.1234705228031148,0.32015669515669515,0.38684745045633295,1.0,False,1.0,False,0.9857592345811885,False,0.0007642604575158399,0.34353507565337005
1,7,10,4,3.1234705228031148,1.2806267806267806,0.5615634740660312,1.0,False,1.0,False,0.9957506177226078,False,0.0028275341851637078,1.2709766162310867
1,7,11,2,3.1234705228031148,0.6403133903133903,0.7762736999601787,1.0,False,1.0,False,1.0,False,0.0014520183667317958,0.6526822558459422
1,7,12,4,3.1234705228031148,1.2806267806267806,0.5615634740660312,1.0,False,1.0,False,0.9957506177226078,False,0.0028275341851637078,1.2709766162310867
1,7,13,1,3.1234705228031148,0.32015669515669515,0.38684745045633295,1.0,False,1.0,False,0.9857592345811885,False,0.0007642604575158399,0.34353507565337005
1,7,14,3,3.1234705228031148,0.9604700854700856,1.0,1.0,False,1.0,False,1.0,False,0.002139776275947752,0.9618294360385146
1,7,15,3,3.1234705228031148,0.9604700854700856,1.0,1.0,False,1.0,False,1.0,False,0.002139776275947752,0.9618294360385146
1,7,16,2,3.1234705228031148,0.6403133903133903,0.7762736999601787,1.0,False,1.0,False,1.0,False,0.0014520183667317958,0.6526822558459422
1,7,17,3,3.1234705228031148,0.9604700854700856,1.0,1.0,False,1.0,False,1.0,False,0.002139776275947752,0.9618294360385146
1,7,18,3,3.1234705228031148,0.9604700854700856,1.0,1.0,False,1.0,False,1.0,False,0.002139776275947752,0.9618294360385146
1,7,19,2,3.1234705228031148,0.6403133903133903,0.7762736999601787,1.0,False,1.0,False,1.0,False,0.0014520183667317958,0.6526822558459422
1,7,20,2,3.1234705228031148,0.6403133903133903,0.7762736999601787,1.0,False,1.0,False,1.0,False,0.0014520183667317958,0.6526822558459422
1,7,21,3,3.1234705228031148,0.9604700854700856,1.0,1.0,False,1.0,False,1.0,False,0.002139776275947752,0.9618294360385146
1,7,22,0,3.1234705228031148,0.0,0.08379148704798318,1.0,False,1.0,False,0.9857592345811885,False,7.650254829988387e-05,0.0343878954607978
1,7,23,2,3.1234705228031148,0.6403133903133903,0.7762736999601787,1.0,False,1.0,False,1.0,False,0.0014520183667317958,0.6526822558459422
1,7,24,1,3.1234705228031148,0.32015669515669515,0.38684745045633295,1.0,False,1.0,False,0.9857592345811885,False,0.0007642604575158399,0.34353507565337005
1,7,25,3,3.1234705228031148,0.9604700854700856,1.0,1.0,False,1.0,False,1.0,False,0.002139776275947752,0.9618294360385146
1,7,26,3,3.1234705228031148,0.9604700854700856,1.0,1.0,False,1.0,False,1.0,False,0.002139776275947752,0.9618294360385146
1,7,27,5,3.1234705228031148,1.6007834757834758,0.24957369947482808,1.0,False,1.0,False,0.9857592345811885,False,0.003515292094379664,1.580123796423659
1,7,28,0,3.1234705228031148,0.0,0.08379148704798318,1.0,False,1.0,False,0.9857592345811885,False,7.650254829988387e-05,0.0343878954607978
1,7,29,2,3.1234705228031148,0.6403133903133903,0.7762736999601787,1.0,False,1.0,False,1.0,False,0.0014520183667317958,0.6526822558459422
1,7,30,2,3.1234705228031148,0.6403133903133903,0.7762736999601787,1.0,False,1.0,False,1.0,False,0.0014520183667317958,0.6526822558459422
1,7,31,7,3.1234705228031148,2.241096866096866,0.03994014992889243,1.0,False,1.0,False,0.9857592345811885,False,0.004890807912811576,2.1984181568088035
1,8,9,1,3.1234705228031148,0.32015669515669515,0.38684745045633295,1.0,False,1.0,False,0.9857592345811885,False,0.0007642604575158399,0.34353507565337005
1,8,10,4,3.1234705228031148,1.2806267806267806,0.5615634740660312,1.0,False,1.0,False,0.9957506177226078,False,0.0028275341851637078,1.2709766162310867
1,8,11,7,3.1234705228031148,2.241096866096866,0.03994014992889243,1.0,False,1.0,False,0.9857592345811885,False,0.004890807912811576,2.1984181568088035
1,8,12,2,3.1234705228031148,0.6403133903133903,0.7762736999601787,1.0,False,1.0,False,1.0,False,0.0014520183667317958,0.6526822558459422
1,8,13,2,3.1234705228031148,0.6403133903133903,0.7762736999601787,1.0,False,1.0,False,1.0,False,0.0014520183667317958,0.6526822558459422
1,8,14,2,3.1234705228031148,0.6403133903133903,0.7762736999601787,1.0,False,1.0,False,1.0,False,0.0014520183667317958,0.6526822558459422
1,8,15,0,3.1234705228031148,0.0,0.08379148704798318,1.0,False,1.0,False,0.9857592345811885,False,7.650254829988387e-05,0.0343878954607978
1,8,16,0,3.1234705228031148,0.0,0.08379148704798318,1.0,False,1.0,False,0.9857592345811885,False,7.650254829988387e-05,0.0343878954607978
1,8,17,1,3.1234705228031148,0.32015669515669515,0.38684745045633295,1.0,False,1.0,False,0.9857592345811885,False,0.0007642604575158399,0.34353507565337005
1,8,18,1,3.1234705228031148,0.32015669515669515,0.38684745045633295,1.0,False,1.0,False,0.9857592345811885,False,0.0007642604575158399,0.34353507565337005
1,8,19,1,3.1234705228031148,0.32015669515669515,0.38684745045633295,1.0,False,1.0,False,0.9857592345811885,False,0.0007642604575158399,0.34353507565337005
1,8,20,2,3.1234705228031148,0.6403133903133903,0.7762736999601787,1.0,False,1.0,False,1.0,False,0.0014520183667317958,0.6526822558459422
1,8,21,2,3.1234705228031148,0.6403133903133903,0.7762736999601787,1.0,False,1.0,False,1.0,False,0.0014520183667317958,0.6526822558459422
1,8,22,2,3.1234705228031148,0.6403133903133903,0.7762736999601787,1.0,False,1.0,False,1.0,False,0.0014520183667317958,0.6526822558459422
1,8,23,3,3.1234705228031148,0.9604700854700856,1.0,1.0,False,1.0,False,1.0,False,0.002139776275947752,0.9618294360385146
1,8,24,1,3.1234705228031148,0.32015669515669515,0.38684745045633295,1.0,False,1.0,False,0.9857592345811885,False,0.0007642604575158399,0.34353507565337005
1,8,25,0,3.1234705228031148,0.0,0.08379148704798318,1.0,False,1.0,False,0.9857592345811885,False,7.650254829988387e-05,0.0343878954607978
1,8,26,2,3.1234705228031148,0.6403133903133903,0.7762736999601787,1.0,False,1.0,False,1.0,False,0.0014520183667317958,0.6526822558459422
1,8,27,2,3.1234705228031148,0.6403133903133903,0.7762736999601787,1.0,False,1.0,False,1.0,False,0.0014520183667317958,0.6526822558459422
1,8,28,5,3.1234705228031148,1.6007834757834758,0.24957369947482808,1.0,False,1.0,False,0.9857592345811885,False,0.003515292094379664,1.580123796423659
1,8,29,4,3.1234705228031148,1.2806267806267806,0.5615634740660312,1.0,False,1.0,False,0.9957506177226078,False,0.0028275341851637078,1.2709766162310867
1,8,30,1,3.1234705228031148,0.32015669515669515,0.38684745045633295,1.0,False,1.0,False,0.9857592345811885,False,0.0007642604575158399,0.34353507565337005
1,8,31,0,3.1234705228031148,0.0,0.08379148704798318,1.0,False,1.0,False,0.9857592345811885,False,7.650254829988387e-05,0.0343878954607978
1,9,10,4,3.1234705228031148,1.2806267806267806,0.5615634740660312,1.0,False,1.0,False,0.9957506177226078,False,0.0028275341851637078,1.2709766162310867
1,9,11,5,3.1234705228031148,1.6007834757834758,0.24957369947482808,1.0,False,1.0,False,0.9857592345811885,False,0.003515292094379664,1.580123796423659
1,9,12,1,3.1234705228031148,0.32015669515669515,0.38684745045633295,1.0,False,1.0,False,0.9857592345811885,False,0.0007642604575158399,0.34353507565337005
1,9,13,5,3.1234705228031148,1.6007834757834758,0.24957369947482808,1.0,False,1.0,False,0.9857592345811885,False,0.003515292094379664,1.580123796423659
1,9,14,4,3.1234705228031148,1.2806267806267806,0.5615634740660312,1.0,False,1.0,False,0.9957506177226078,False,0.0028275341851637078,1.2709766162310867
1,9,15,2,3.1234705228031148,0.6403133903133903,0.7762736999601787,1.0,False,1.0,False,1.0,False,0.0014520183667317958,0.6526822558459422
1,9,16,3,3.1234705228031148,0.9604700854700856,1.0,1.0,False,1.0,False,1.0,False,0.002139776275947752,0.9618294360385146
1,9,17,0,3.1234705228031148,0.0,0.08379148704798318,1.0,False,1.0,False,0.9857592345811885,False,7.650254829988387e-05,0.0343878954607978
1,9,18,1,3.1234705228031148,0.32015669515669515,0.38684745045633295,1.0,False,1.0,False,0.9857592345811885,False,0.0007642604575158399,0.34353507565337005
1,9,19,2,3.1234705228031148,0.6403133903133903,0.7762736999601787,1.0,False,1.0,False,1.0,False,0.0014520183667317958,0.6526822558459422
1,9,20,1,3.1234705228031148,0.32015669515669515,0.38684745045633295,1.0,False,1.0,False,0.9857592345811885,False,0.0007642604575158399,0.34353507565337005
1,9,21,6,3.1234705228031148,1.9209401709401712,0.14049792107858372,1.0,False,1.0,False,0.9857592345811885,False,0.00420305000359562,1.8892709766162312
1,9,22,2,3.1234705228031148,0.6403133903133903,0.7762736999601787,1.0,False,1.0,False,1.0,False,0.0014520183667317958,0.6526822558459422
1,9,23,4,3.1234705228031148,1.2806267806267806,0.5615634740660312,1.0,False,1.0,False,0.9957506177226078,False,0.0028275341851637078,1.2709766162310867
1,9,24,1,3.1234705228031148,0.32015669515669515,0.38684745045633295,1.0,False,1.0,False,0.9857592345811885,False,0.0007642604575158399,0.34353507565337005
1,9,25,2,3.1234705228031148,0.6403133903133903,0.7762736999601787,1.0,False,1.0,False,1.0,False,0.0014520183667317958,0.6526822558459422
1,9,26,3,3.1234705228031148,0.9604700854700856,1.0,1.0,False,1.0,False,1.0,False,0.002139776275947752,0.9618294360385146
1,9,27,2,3.1234705228031148,0.6403133903133903,0.7762736999601787,1.0,False,1.0,False,1.0,False,0.0014520183667317958,0.6526822558459422
1,9,28,1,3.1234705228031148,0.32015669515669515,0.38684745045633295,1.0,False,1.0,False,0.9857592345811885,False,0.0007642604575158399,0.34353507565337005
1,9,29,4,3.1234705228031148,1.2806267806267806,0.5615634740660312,1.0,False,1.0,False,0.9957506177226078,False,0.0028275341851637078,1.2709766162310867
1,9,30,3,3.1234705228031148,0.9604700854700856,1.0,1.0,False,1.0,False,1.0,False,0.002139776275947752,0.9618294360385146
1,9,31,1,3.1234705228031148,0.32015669515669515,0.38684745045633295,1.0,False,1.0,False,0.9857592345811885,False,0.0007642604575158399,0.34353507565337005
1,10,11,3,3.1234705228031148,0.9604700854700856,1.0,1.0,False,1.0,False,1.0,False,0.002139776275947752,0.9618294360385146
1,10,12,2,3.1234705228031148,0.6403133903133903,0.7762736999601787,1.0,False,1.0,False,1.0,False,0.0014520183667317958,0.6526822558459422
1,10,13,3,3.1234705228031148,0.9604700854700856,1.0,1.0,False,1.0,False,1.0,False,0.002139776275947752,0.9618294360385146
1,10,14,3,3.1234705228031148,0.9604700854700856,1.0,1.0,False,1.0,False,1.0,False,0.002139776275947752,0.9618294360385146
1,10,15,4,3.1234705228031148,1.2806267806267806,0.5615634740660312,1.0,False,1.0,False,0.9957506177226078,False,0.0028275341851637078,1.2709766162310867
1,10,16,4,3.1234705228031148,1.2806267806267806,0.5615634740660312,1.0,False,1.0,False,0.9957506177226078,False,0.0028275341851637078,1.2709766162310867
1,10,17,2,3.1234705228031148,0.6403133903133903,0.7762736999601787,1.0,False,1.0,False,1.0,False,0.0014520183667317958,0.6526822558459422
1,10,18,0,3.1234705228031148,0.0,0.08379148704798318,1.0,False,1.0,False,0.9857592345811885,False,7.650254829988387e-05,0.0343878954607978
1,10,19,1,3.1234705228031148,0.32015669515669515,0.38684745045633295,1.0,False,1.0,False,0.9857592345811885,False,0.0007642604575158399,0.34353507565337005
1,10,20,4,3.1234705228031148,1.2806267806267806,0.5615634740660312,1.0,False,1.0,False,0.9957506177226078,False,0.0028275341851637078,1.2709766162310867
1,10,21,7,3.1234705228031148,2.241096866096866,0.03994014992889243,1.0,False,1.0,False,0.9857592345811885,False,0.004890807912811576,2.1984181568088035
1,10,22,1,3.1234705228031148,0.32015669515669515,0.38684745045633295,1.0,False,1.0,False,0.9857592345811885,False,0.0007642604575158399,0.34353507565337005
1,10,23,4,3.1234705228031148,1.2806267806267806,0.5615634740660312,1.0,False,1.0,False,0.9957506177226078,False,0.0028275341851637078,1.2709766162310867
1,10,24,8,3.1234705228031148,2.561253561253561,0.01468912435960452,1.0,False,1.0,False,0.956921941977135,False,0.005578565822027533,2.5075653370013757
1,10,25,3,3.1234705228031148,0.9604700854700856,1.0,1.0,False,1.0,False,1.0,False,0.002139776275947752,0.9618294360385146
1,10,26,1,3.1234705228031148,0.32015669515669515,0.38684745045633295,1.0,False,1.0,False,0.9857592345811885,False,0.0007642604575158399,0.34353507565337005
1,10,27,5,3.1234705228031148,1.6007834757834758,0.24957369947482808,1.0,False,1.0,False,0.9857592345811885,False,0.003515292094379664,1.580123796423659
1,10,28,3,3.1234705228031148,0.9604700854700856,1.0,1.0,False,1.0,False,1.0,False,0.002139776275947752,0.9618294360385146
1,10,29,4,3.1234705228031148,1.2806267806267806,0.5615634740660312,1.0,False,1.0,False,0.9957506177226078,False,0.0028275341851637078,1.2709766162310867
1,10,30,3,3.1234705228031148,0.9604700854700856,1.0,1.0,False,1.0,False,1.0,False,0.002139776275947752,0.9618294360385146
1,10,31,6,3.1234705228031148,1.9209401709401712,0.14049792107858372,1.0,False,1.0,False,0.9857592345811885,False,0.00420305000359562,1.8892709766162312
1,11,12,4,3.1234705228031148,1.2806267806267806,0.5615634740660312,1.0,False,1.0,False,0.9957506177226078,False,0.0028275341851637078,1.2709766162310867
1,11,13,2,3.1234705228031148,0.6403133903133903,0.7762736999601787,1.0,False,1.0,False,1.0,False,0.0014520183667317958,0.6526822558459422
1,11,14,3,3.1234705228031148,0.9604700854700856,1.0,1.0,False,1.0,False,1.0,False,0.002139776275947752,0.9618294360385146
1,11,15,1,3.1234705228031148,0.32015669515669515,0.38684745045633295,1.0,False,1.0,False,0.9857592345811885,False,0.0007642604575158399,0.34353507565337005
1,11,16,3,3.1234705228031148,0.9604700854700856,1.0,1.0,False,1.0,False,1.0,False,0.002139776275947752,0.9618294360385146
1,11,17,3,3.1234705228031148,0.9604700854700856,1.0,1.0,False,1.0,False,1.0,False,0.002139776275947752,0.9618294360385146
1,11,18,3,3.1234705228031148,0.9604700854700856,1.0,1.0,False,1.0,False,1.0,False,0.002139776275947752,0.9618294360385146
1,11,19,3,3.1234705228031148,0.9604700854700856,1.0,1.0,False,1.0,False,1.0,False,0.002139776275947752,0.9618294360385146
1,11,20,5,3.1234705228031148,1.6007834757834758,0.24957369947482808,1.0,False,1.0,False,0.9857592345811885,False,0.003515292094379664,1.580123796423659
1,11,21,2,3.1234705228031148,0.6403133903133903,0.7762736999601787,1.0,False,1.0,False,1.0,False,0.0014520183667317958,0.6526822558459422
1,11,22,4,3.1234705228031148,1.2806267806267806,0.5615634740660312,1.0,False,1.0,False,0.9957506177226078,False,0.0028275341851637078,1.2709766162310867
1,11,23,4,3.1234705228031148,1.2806267806267806,0.5615634740660312,1.0,False,1.0,False,0.9957506177226078,False,0.0028275341851637078,1.2709766162310867
1,11,24,0,3.1234705228031148,0.0,0.08379148704798318,1.0,False,1.0,False,0.9857592345811885,False,7.650254829988387e-05,0.0343878954607978
1,11,25,5,3.1234705228031148,1.6007834757834758,0.24957369947482808,1.0,False,1.0,False,0.9857592345811885,False,0.003515292094379664,1.580123796423659
1,11,26,6,3.1234705228031148,1.9209401709401712,0.14049792107858372,1.0,False,1.0,False,0.9857592345811885,False,0.00420305000359562,1.8892709766162312
1,11,27,3,3.1234705228031148,0.9604700854700856,1.0,1.0,False,1.0,False,1.0,False,0.002139776275947752,0.9618294360385146
1,11,28,4,3.1234705228031148,1.2806267806267806,0.5615634740660312,1.0,False,1.0,False,0.9957506177226078,False,0.0028275341851637078,1.2709766162310867
1,11,29,5,3.1234705228031148,1.6007834757834758,0.24957369947482808,1.0,False,1.0,False,0.9857592345811885,False,0.003515292094379664,1.580123796423659
1,11,30,5,3.1234705228031148,1.6007834757834758,0.24957369947482808,1.0,False,1.0,False,0.9857592345811885,False,0.003515292094379664,1.580123796423659
1,11,31,5,3.1234705228031148,1.6007834757834758,0.24957369947482808,1.0,False,1.0,False,0.9857592345811885,False,0.003515292094379664,1.580123796423659
1,12,13,5,3.1234705228031148,1.6007834757834758,0.24957369947482808,1.0,False,1.0,False,0.9857592345811885,False,0.003515292094379664,1.580123796423659
1,12,14,0,3.1234705228031148,0.0,0.08379148704798318,1.0,False,1.0,False,0.9857592345811885,False,7.650254829988387e-05,0.0343878954607978
1,12,15,2,3.1234705228031148,0.6403133903133903,0.7762736999601787,1.0,False,1.0,False,1.0,False,0.0014520183667317958,0.6526822558459422
1,12,16,3,3.1234705228031148,0.9604700854700856,1.0,1.0,False,1.0,False,1.0,False,0.002139776275947752,0.9618294360385146
1,12,17,5,3.1234705228031148,1.6007834757834758,0.24957369947482808,1.0,False,1.0,False,0.9857592345811885,False,0.003515292094379664,1.580123796423659
1,12,18,5,3.1234705228031148,1.6007834757834758,0.24957369947482808,1.0,False,1.0,False,0.9857592345811885,False,0.003515292094379664,1.580123796423659
1,12,19,1,3.1234705228031148,0.32015669515669515,0.38684745045633295,1.0,False,1.0,False,0.9857592345811885,False,0.0007642604575158399,0.34353507565337005
1,12,20,5,3.1234705228031148,1.6007834757834758,0.24957369947482808,1.0,False,1.0,False,0.9857592345811885,False,0.003515292094379664,1.580123796423659
1,12,21,4,3.1234705228031148,1.2806267806267806,0.5615634740660312,1.0,False,1.0,False,0.9957506177226078,False,0.0028275341851637078,1.2709766162310867
1,12,22,3,3.1234705228031148,0.9604700854700856,1.0,1.0,False,1.0,False,1.0,False,0.002139776275947752,0.9618294360385146
1,12,23,4,3.1234705228031148,1.2806267806267806,0.5615634740660312,1.0,False,1.0,False,0.9957506177226078,False,0.0028275341851637078,1.2709766162310867
1,12,24,2,3.1234705228031148,0.6403133903133903,0.7762736999601787,1.0,False,1.0,False,1.0,False,0.0014520183667317958,0.6526822558459422
1,12,25,0,3.1234705228031148,0.0,0.08379148704798318,1.0,False,1.0,False,0.9857592345811885,False,7.650254829988387e-05,0.0343878954607978
1,12,26,0,3.1234705228031148,0.0,0.08379148704798318,1.0,False,1.0,False,0.9857592345811885,False,7.650254829988387e-05,0.0343878954607978
1,12,27,5,3.1234705228031148,1.6007834757834758,0.24957369947482808,1.0,False,1.0,False,0.9857592345811885,False,0.003515292094379664,1.580123796423659
1,12,28,4,3.1234705228031148,1.2806267806267806,0.5615634740660312,1.0,False,1.0,False,0.9957506177226078,False,0.0028275341851637078,1.2709766162310867
1,12,29,3,3.1234705228031148,0.9604700854700856,1.0,1.0,False,1.0,False,1.0,False,0.002139776275947752,0.9618294360385146
1,12,30,2,3.1234705228031148,0.6403133903133903,0.7762736999601787,1.0,False,1.0,False,1.0,False,0.0014520183667317958,0.6526822558459422
1,12,31,5,3.1234705228031148,1.6007834757834758,0.24957369947482808,1.0,False,1.0,False,0.9857592345811885,False,0.003515292094379664,1.580123796423659
1,13,14,0,3.1234705228031148,0.0,0.08379148704798318,1.0,False,1.0,False,0.9857592345811885,False,7.650254829988387e-05,0.0343878954607978
1,13,15,3,3.1234705228031148,0.9604700854700856,1.0,1.0,False,1.0,False,1.0,False,0.002139776275947752,0.9618294360385146
1,13,16,2,3.1234705228031148,0.6403133903133903,0.7762736999601787,1.0,False,1.0,False,1.0,False,0.0014520183667317958,0.6526822558459422
1,13,17,3,3.1234705228031148,0.9604700854700856,1.0,1.0,False,1.0,False,1.0,False,0.002139776275947752,0.9618294360385146
1,13,18,4,3.1234705228031148,1.2806267806267806,0.5615634740660312,1.0,False,1.0,False,0.9957506177226078,False,0.0028275341851637078,1.2709766162310867
1,13,19,2,3.1234705228031148,0.6403133903133903,0.7762736999601787,1.0,False,1.0,False,1.0,False,0.0014520183667317958,0.6526822558459422
1,13,20,1,3.1234705228031148,0.32015669515669515,0.38684745045633295,1.0,False,1.0,False,0.9857592345811885,False,0.0007642604575158399,0.34353507565337005
1,13,21,1,3.1234705228031148,0.32015669515669515,0.38684745045633295,1.0,False,1.0,False,0.9857592345811885,False,0.0007642604575158399,0.34353507565337005
1,13,22,3,3.1234705228031148,0.9604700854700856,1.0,1.0,False,1.0,False,1.0,False,0.002139776275947752,0.9618294360385146
1,13,23,2,3.1234705228031148,0.6403133903133903,0.7762736999601787,1.0,False,1.0,False,1.0,False,0.0014520183667317958,0.6526822558459422
1,13,24,1,3.1234705228031148,0.32015669515669515,0.38684745045633295,1.0,False,1.0,False,0.9857592345811885,False,0.0007642604575158399,0.34353507565337005
1,13,25,1,3.1234705228031148,0.32015669515669515,0.38684745045633295,1.0,False,1.0,False,0.9857592345811885,False,0.0007642604575158399,0.34353507565337005
1,13,26,2,3.1234705228031148,0.6403133903133903,0.7762736999601787,1.0,False,1.0,False,1.0,False,0.0014520183667317958,0.6526822558459422
1,13,27,2,3.1234705228031148,0.6403133903133903,0.7762736999601787,1.0,False,1.0,False,1.0,False,0.0014520183667317958,0.6526822558459422
1,13,28,3,3.1234705228031148,0.9604700854700856,1.0,1.0,False,1.0,False,1.0,False,0.002139776275947752,0.9618294360385146
1,13,29,2,3.1234705228031148,0.6403133903133903,0.7762736999601787,1.0,False,1.0,False,1.0,False,0.0014520183667317958,0.6526822558459422
1,13,30,0,3.1234705228031148,0.0,0.08379148704798318,1.0,False,1.0,False,0.9857592345811885,False,7.650254829988387e-05,0.0343878954607978
1,13,31,2,3.1234705228031148,0.6403133903133903,0.7762736999601787,1.0,False,1.0,False,1.0,False,0.0014520183667317958,0.6526822558459422
1,14,15,2,3.1234705228031148,0.6403133903133903,0.7762736999601787,1.0,False,1.0,False,1.0,False,0.0014520183667317958,0.6526822558459422
1,14,16,4,3.1234705228031148,1.2806267806267806,0.5615634740660312,1.0,False,1.0,False,0.9957506177226078,False,0.0028275341851637078,1.2709766162310867
1,14,17,5,3.1234705228031148,1.6007834757834758,0.24957369947482808,1.0,False,1.0,False,0.9857592345811885,False,0.003515292094379664,1.580123796423659
1,14,18,3,3.1234705228031148,0.9604700854700856,1.0,1.0,False,1.0,False,1.0,False,0.002139776275947752,0.9618294360385146
1,14,19,2,3.1234705228031148,0.6403133903133903,0.7762736999601787,1.0,False,1.0,False,1.0,False,0.0014520183667317958,0.6526822558459422
1,14,20,3,3.1234705228031148,0.9604700854700856,1.0,1.0,False,1.0,False,1.0,False,0.002139776275947752,0.9618294360385146
1,14,21,7,3.1234705228031148,2.241096866096866,0.03994014992889243,1.0,False,1.0,False,0.9857592345811885,False,0.004890807912811576,2.1984181568088035
1,14,22,2,3.1234705228031148,0.6403133903133903,0.7762736999601787,1.0,False,1.0,False,1.0,False,0.0014520183667317958,0.6526822558459422
1,14,23,3,3.1234705228031148,0.9604700854700856,1.0,1.0,False,1.0,False,1.0,False,0.002139776275947752,0.9618294360385146
1,14,24,1,3.1234705228031148,0.32015669515669515,0.38684745045633295,1.0,False,1.0,False,0.9857592345811885,False,0.0007642604575158399,0.34353507565337005
1,14,25,8,3.1234705228031148,2.561253561253561,0.01468912435960452,1.0,False,1.0,False,0.956921941977135,False,0.005578565822027533,2.5075653370013757
1,14,26,4,3.1234705228031148,1.2806267806267806,0.5615634740660312,1.0,False,1.0,False,0.9957506177226078,False,0.0028275341851637078,1.2709766162310867
1,14,27,3,3.1234705228031148,0.9604700854700856,1.0,1.0,False,1.0,False,1.0,False,0.002139776275947752,0.9618294360385146
1,14,28,3,3.1234705228031148,0.9604700854700856,1.0,1.0,False,1.0,False,1.0,False,0.002139776275947752,0.9618294360385146
1,14,29,3,3.1234705228031148,0.9604700854700856,1.0,1.0,False,1.0,False,1.0,False,0.002139776275947752,0.9618294360385146
1,14,30,6,3.1234705228031148,1.9209401709401712,0.14049792107858372,1.0,False,1.0,False,0.9857592345811885,False,0.00420305000359562,1.8892709766162312
1,14,31,3,3.1234705228031148,0.9604700854700856,1.0,1.0,False,1.0,False,1.0,False,0.002139776275947752,0.9618294360385146
1,15,16,2,3.1234705228031148,0.6403133903133903,0.7762736999601787,1.0,False,1.0,False,1.0,False,0.0014520183667317958,0.6526822558459422
1,15,17,3,3.1234705228031148,0.9604700854700856,1.0,1.0,False,1.0,False,1.0,False,0.002139776275947752,0.9618294360385146
1,15,18,3,3.1234705228031148,0.9604700854700856,1.0,1.0,False,1.0,False,1.0,False,0.002139776275947752,0.9618294360385146
1,15,19,1,3.1234705228031148,0.32015669515669515,0.38684745045633295,1.0,False,1.0,False,0.9857592345811885,False,0.0007642604575158399,0.34353507565337005
1,15,20,2,3.1234705228031148,0.6403133903133903,0.7762736999601787,1.0,False,1.0,False,1.0,False,0.0014520183667317958,0.6526822558459422
1,15,21,2,3.1234705228031148,0.6403133903133903,0.7762736999601787,1.0,False,1.0,False,1.0,False,0.0014520183667317958,0.6526822558459422
1,15,22,1,3.1234705228031148,0.32015669515669515,0.38684745045633295,1.0,False,1.0,False,0.9857592345811885,False,0.0007642604575158399,0.34353507565337005
1,15,23,6,3.1234705228031148,1.9209401709401712,0.14049792107858372,1.0,False,1.0,False,0.9857592345811885,False,0.00420305000359562,1.8892709766162312
1,15,24,2,3.1234705228031148,0.6403133903133903,0.7762736999601787,1.0,False,1.0,False,1.0,False,0.0014520183667317958,0.6526822558459422
1,15,25,2,3.1234705228031148,0.6403133903133903,0.7762736999601787,1.0,False,1.0,False,1.0,False,0.0014520183667317958,0.6526822558459422
1,15,26,3,3.1234705228031148,0.9604700854700856,1.0,1.0,False,1.0,False,1.0,False,0.002139776275947752,0.9618294360385146
1,15,27,1,3.1234705228031148,0.32015669515669515,0.38684745045633295,1.0,False,1.0,False,0.9857592345811885,False,0.0007642604575158399,0.34353507565337005
1,15,28,3,3.1234705228031148,0.9604700854700856,1.0,1.0,False,1.0,False,1.0,False,0.002139776275947752,0.9618294360385146
1,15,29,7,3.1234705228031148,2.241096866096866,0.03994014992889243,1.0,False,1.0,False,0.9857592345811885,False,0.004890807912811576,2.1984181568088035
1,15,30,4,3.1234705228031148,1.2806267806267806,0.5615634740660312,1.0,False,1.0,False,0.9957506177226078,False,0.0028275341851637078,1.2709766162310867
1,15,31,5,3.1234705228031148,1.6007834757834758,0.24957369947482808,1.0,False,1.0,False,0.9857592345811885,False,0.003515292094379664,1.580123796423659
1,16,17,1,3.1234705228031148,0.32015669515669515,0.38684745045633295,1.0,False,1.0,False,0.9857592345811885,False,0.0007642604575158399,0.34353507565337005
1,16,18,2,3.1234705228031148,0.6403133903133903,0.7762736999601787,1.0,False,1.0,False,1.0,False,0.0014520183667317958,0.6526822558459422
1,16,19,1,3.1234705228031148,0.32015669515669515,0.38684745045633295,1.0,False,1.0,False,0.9857592345811885,False,0.0007642604575158399,0.34353507565337005
1,16,20,2,3.1234705228031148,0.6403133903133903,0.7762736999601787,1.0,False,1.0,False,1.0,False,0.0014520183667317958,0.6526822558459422
1,16,21,0,3.1234705228031148,0.0,0.08379148704798318,1.0,False,1.0,False,0.9857592345811885,False,7.650254829988387e-05,0.0343878954607978
1,16,22,4,3.1234705228031148,1.2806267806267806,0.5615634740660312,1.0,False,1.0,False,0.9957506177226078,False,0.0028275341851637078,1.2709766162310867
1,16,23,6,3.1234705228031148,1.9209401709401712,0.14049792107858372,1.0,False,1.0,False,0.9857592345811885,False,0.00420305000359562,1.8892709766162312
1,16,24,1,3.1234705228031148,0.32015669515669515,0.38684745045633295,1.0,False,1.0,False,0.9857592345811885,False,0.0007642604575158399,0.34353507565337005
1,16,25,4,3.1234705228031148,1.2806267806267806,0.5615634740660312,1.0,False,1.0,False,0.9957506177226078,False,0.0028275341851637078,1.2709766162310867
1,16,26,3,3.1234705228031148,0.9604700854700856,1.0,1.0,False,1.0,False,1.0,False,0.002139776275947752,0.9618294360385146
1,16,27,2,3.1234705228031148,0.6403133903133903,0.7762736999601787,1.0,False,1.0,False,1.0,False,0.0014520183667317958,0.6526822558459422
1,16,28,3,3.1234705228031148,0.9604700854700856,1.0,1.0,False,1.0,False,1.0,False,0.002139776275947752,0.9618294360385146
1,16,29,2,3.1234705228031148,0.6403133903133903,0.7762736999601787,1.0,False,1.0,False,1.0,False,0.0014520183667317958,0.6526822558459422
1,16,30,3,3.1234705228031148,0.9604700854700856,1.0,1.0,False,1.0,False,1.0,False,0.002139776275947752,0.9618294360385146
1,16,31,2,3.1234705228031148,0.6403133903133903,0.7762736999601787,1.0,False,1.0,False,1.0,False,0.0014520183667317958,0.6526822558459422
1,17,18,4,3.1234705228031148,1.2806267806267806,0.5615634740660312,1.0,False,1.0,False,0.9957506177226078,False,0.0028275341851637078,1.2709766162310867
1,17,19,4,3.1234705228031148,1.2806267806267806,0.5615634740660312,1.0,False,1.0,False,0.9957506177226078,False,0.0028275341851637078,1.2709766162310867
1,17,20,5,3.1234705228031148,1.6007834757834758,0.24957369947482808,1.0,False,1.0,False,0.9857592345811885,False,0.003515292094379664,1.580123796423659
1,17,21,4,3.1234705228031148,1.2806267806267806,0.5615634740660312,1.0,False,1.0,False,0.9957506177226078,False,0.0028275341851637078,1.2709766162310867
1,17,22,3,3.1234705228031148,0.9604700854700856,1.0,1.0,False,1.0,False,1.0,False,0.002139776275947752,0.9618294360385146
1,17,23,2,3.1234705228031148,0.6403133903133903,0.7762736999601787,1.0,False,1.0,False,1.0,False,0.0014520183667317958,0.6526822558459422
1,17,24,1,3.1234705228031148,0.32015669515669515,0.38684745045633295,1.0,False,1.0,False,0.9857592345811885,False,0.0007642604575158399,0.34353507565337005
1,17,25,4,3.1234705228031148,1.2806267806267806,0.5615634740660312,1.0,False,1.0,False,0.9957506177226078,False,0.0028275341851637078,1.2709766162310867
1,17,26,1,3.1234705228031148,0.32015669515669515,0.38684745045633295,1.0,False,1.0,False,0.9857592345811885,False,0.0007642604575158399,0.34353507565337005
1,17,27,3,3.1234705228031148,0.9604700854700856,1.0,1.0,False,1.0,False,1.0,False,0.002139776275947752,0.9618294360385146
1,17,28,4,3.1234705228031148,1.2806267806267806,0.5615634740660312,1.0,False,1.0,False,0.9957506177226078,False,0.0028275341851637078,1.2709766162310867
1,17,29,2,3.1234705228031148,0.6403133903133903,0.7762736999601787,1.0,False,1.0,False,1.0,False,0.0014520183667317958,0.6526822558459422
1,17,30,2,3.1234705228031148,0.6403133903133903,0.7762736999601787,1.0,False,1.0,False,1.0,False,0.0014520183667317958,0.6526822558459422
1,17,31,4,3.1234705228031148,1.2806267806267806,0.5615634740660312,1.0,False,1.0,False,0.9957506177226078,False,0.0028275341851637078,1.2709766162310867
1,18,19,3,3.1234705228031148,0.9604700854700856,1.0,1.0,False,1.0,False,1.0,False,0.002139776275947752,0.9618294360385146
1,18,20,1,3.1234705228031148,0.32015669515669515,0.38684745045633295,1.0,False,1.0,False,0.9857592345811885,False,0.0007642604575158399,0.34353507565337005
1,18,21,3,3.1234705228031148,0.9604700854700856,1.0,1.0,False,1.0,False,1.0,False,0.002139776275947752,0.9618294360385146
1,18,22,4,3.1234705228031148,1.2806267806267806,0.5615634740660312,1.0,False,1.0,False,0.9957506177226078,False,0.0028275341851637078,1.2709766162310867
1,18,23,1,3.1234705228031148,0.32015669515669515,0.38684745045633295,1.0,False,1.0,False,0.9857592345811885,False,0.0007642604575158399,0.34353507565337005
1,18,24,2,3.1234705228031148,0.6403133903133903,0.7762736999601787,1.0,False,1.0,False,1.0,False,0.0014520183667317958,0.6526822558459422
1,18,25,3,3.1234705228031148,0.9604700854700856,1.0,1.0,False,1.0,False,1.0,False,0.002139776275947752,0.9618294360385146
1,18,26,2,3.1234705228031148,0.6403133903133903,0.7762736999601787,1.0,False,1.0,False,1.0,False,0.0014520183667317958,0.6526822558459422
1,18,27,4,3.1234705228031148,1.2806267806267806,0.5615634740660312,1.0,False,1.0,False,0.9957506177226078,False,0.0028275341851637078,1.2709766162310867
1,18,28,1,3.1234705228031148,0.32015669515669515,0.38684745045633295,1.0,False,1.0,False,0.9857592345811885,False,0.0007642604575158399,0.34353507565337005
1,18,29,4,3.1234705228031148,1.2806267806267806,0.5615634740660312,1.0,False,1.0,False,0.9957506177226078,False,0.0028275341851637078,1.2709766162310867
1,18,30,3,3.1234705228031148,0.9604700854700856,1.0,1.0,False,1.0,False,1.0,False,0.002139776275947752,0.9618294360385146
1,18,31,1,3.1234705228031148,0.32015669515669515,0.38684745045633295,1.0,False,1.0,False,0.9857592345811885,False,0.0007642604575158399,0.34353507565337005
1,19,20,4,3.1234705228031148,1.2806267806267806,0.5615634740660312,1.0,False,1.0,False,0.9957506177226078,False,0.0028275341851637078,1.2709766162310867
1,19,21,3,3.1234705228031148,0.9604700854700856,1.0,1.0,False,1.0,False,1.0,False,0.002139776275947752,0.9618294360385146
1,19,22,1,3.1234705228031148,0.32015669515669515,0.38684745045633295,1.0,False,1.0,False,0.9857592345811885,False,0.0007642604575158399,0.34353507565337005
1,19,23,4,3.1234705228031148,1.2806267806267806,0.5615634740660312,1.0,False,1.0,False,0.9957506177226078,False,0.0028275341851637078,1.2709766162310867
1,19,24,1,3.1234705228031148,0.32015669515669515,0.38684745045633295,1.0,False,1.0,False,0.9857592345811885,False,0.0007642604575158399,0.34353507565337005
1,19,25,3,3.1234705228031148,0.9604700854700856,1.0,1.0,False,1.0,False,1.0,False,0.002139776275947752,0.9618294360385146
1,19,26,3,3.1234705228031148,0.9604700854700856,1.0,1.0,False,1.0,False,1.0,False,0.002139776275947752,0.9618294360385146
1,19,27,1,3.1234705228031148,0.32015669515669515,0.38684745045633295,1.0,False,1.0,False,0.9857592345811885,False,0.0007642604575158399,0.34353507565337005
1,19,28,1,3.1234705228031148,0.32015669515669515,0.38684745045633295,1.0,False,1.0,False,0.9857592345811885,False,0.0007642604575158399,0.34353507565337005
1,19,29,3,3.1234705228031148,0.9604700854700856,1.0,1.0,False,1.0,False,1.0,False,0.002139776275947752,0.9618294360385146
1,19,30,1,3.1234705228031148,0.32015669515669515,0.38684745045633295,1.0,False,1.0,False,0.9857592345811885,False,0.0007642604575158399,0.34353507565337005
1,19,31,3,3.1234705228031148,0.9604700854700856,1.0,1.0,False,1.0,False,1.0,False,0.002139776275947752,0.9618294360385146
1,20,21,2,3.1234705228031148,0.6403133903133903,0.7762736999601787,1.0,False,1.0,False,1.0,False,0.0014520183667317958,0.6526822558459422
1,20,22,2,3.1234705228031148,0.6403133903133903,0.7762736999601787,1.0,False,1.0,False,1.0,False,0.0014520183667317958,0.6526822558459422
1,20,23,4,3.1234705228031148,1.2806267806267806,0.5615634740660312,1.0,False,1.0,False,0.9957506177226078,False,0.0028275341851637078,1.2709766162310867
1,20,24,2,3.1234705228031148,0.6403133903133903,0.7762736999601787,1.0,False,1.0,False,1.0,False,0.0014520183667317958,0.6526822558459422
1,20,25,4,3.1234705228031148,1.2806267806267806,0.5615634740660312,1.0,False,1.0,False,0.9957506177226078,False,0.0028275341851637078,1.2709766162310867
1,20,26,2,3.1234705228031148,0.6403133903133903,0.7762736999601787,1.0,False,1.0,False,1.0,False,0.0014520183667317958,0.6526822558459422
1,20,27,2,3.1234705228031148,0.6403133903133903,0.7762736999601787,1.0,False,1.0,False,1.0,False,0.0014520183667317958,0.6526822558459422
1,20,28,2,3.1234705228031148,0.6403133903133903,0.7762736999601787,1.0,False,1.0,False,1.0,False,0.0014520183667317958,0.6526822558459422
1,20,29,3,3.1234705228031148,0.9604700854700856,1.0,1.0,False,1.0,False,1.0,False,0.002139776275947752,0.9618294360385146
1,20,30,1,3.1234705228031148,0.32015669515669515,0.38684745045633295,1.0,False,1.0,False,0.9857592345811885,False,0.0007642604575158399,0.34353507565337005
1,20,31,4,3.1234705228031148,1.2806267806267806,0.5615634740660312,1.0,False,1.0,False,0.9957506177226078,False,0.0028275341851637078,1.2709766162310867
1,21,22,2,3.1234705228031148,0.6403133903133903,0.7762736999601787,1.0,False,1.0,False,1.0,False,0.0014520183667317958,0.6526822558459422
1,21,23,1,3.1234705228031148,0.32015669515669515,0.38684745045633295,1.0,False,1.0,False,0.9857592345811885,False,0.0007642604575158399,0.34353507565337005
1,21,24,0,3.1234705228031148,0.0,0.08379148704798318,1.0,False,1.0,False,0.9857592345811885,False,7.650254829988387e-05,0.0343878954607978
1,21,25,5,3.1234705228031148,1.6007834757834758,0.24957369947482808,1.0,False,1.0,False,0.9857592345811885,False,0.003515292094379664,1.580123796423659
1,21,26,3,3.1234705228031148,0.9604700854700856,1.0,1.0,False,1.0,False,1.0,False,0.002139776275947752,0.9618294360385146
1,21,27,5,3.1234705228031148,1.6007834757834758,0.24957369947482808,1.0,False,1.0,False,0.9857592345811885,False,0.003515292094379664,1.580123796423659
1,21,28,7,3.1234705228031148,2.241096866096866,0.03994014992889243,1.0,False,1.0,False,0.9857592345811885,False,0.004890807912811576,2.1984181568088035
1,21,29,2,3.1234705228031148,0.6403133903133903,0.7762736999601787,1.0,False,1.0,False,1.0,False,0.0014520183667317958,0.6526822558459422
1,21,30,4,3.1234705228031148,1.2806267806267806,0.5615634740660312,1.0,False,1.0,False,0.9957506177226078,False,0.0028275341851637078,1.2709766162310867
1,21,31,6,3.1234705228031148,1.9209401709401712,0.14049792107858372,1.0,False,1.0,False,0.9857592345811885,False,0.00420305000359562,1.8892709766162312
1,22,23,2,3.1234705228031148,0.6403133903133903,0.7762736999601787,1.0,False,1.0,False,1.0,False,0.0014520183667317958,0.6526822558459422
1,22,24,0,3.1234705228031148,0.0,0.08379148704798318,1.0,False,1.0,False,0.9857592345811885,False,7.650254829988387e-05,0.0343878954607978
1,22,25,4,3.1234705228031148,1.2806267806267806,0.5615634740660312,1.0,False,1.0,False,0.9957506177226078,False,0.0028275341851637078,1.2709766162310867
1,22,26,0,3.1234705228031148,0.0,0.08379148704798318,1.0,False,1.0,False,0.9857592345811885,False,7.650254829988387e-05,0.0343878954607978
1,22,27,4,3.1234705228031148,1.2806267806267806,0.5615634740660312,1.0,False,1.0,False,0.9957506177226078,False,0.0028275341851637078,1.2709766162310867
1,22,28,2,3.1234705228031148,0.6403133903133903,0.7762736999601787,1.0,False,1.0,False,1.0,False,0.0014520183667317958,0.6526822558459422
1,22,29,2,3.1234705228031148,0.6403133903133903,0.7762736999601787,1.0,False,1.0,False,1.0,False,0.0014520183667317958,0.6526822558459422
1,22,30,3,3.1234705228031148,0.9604700854700856,1.0,1.0,False,1.0,False,1.0,False,0.002139776275947752,0.9618294360385146
1,22,31,1,3.1234705228031148,0.32015669515669515,0.38684745045633295,1.0,False,1.0,False,0.9857592345811885,False,0.0007642604575158399,0.34353507565337005
1,23,24,1,3.1234705228031148,0.32015669515669515,0.38684745045633295,1.0,False,1.0,False,0.9857592345811885,False,0.0007642604575158399,0.34353507565337005
1,23,25,3,3.1234705228031148,0.9604700854700856,1.0,1.0,False,1.0,False,1.0,False,0.002139776275947752,0.9618294360385146
1,23,26,3,3.1234705228031148,0.9604700854700856,1.0,1.0,False,1.0,False,1.0,False,0.002139776275947752,0.9618294360385146
1,23,27,4,3.1234705228031148,1.2806267806267806,0.5615634740660312,1.0,False,1.0,False,0.9957506177226078,False,0.0028275341851637078,1.2709766162310867
1,23,28,3,3.1234705228031148,0.9604700854700856,1.0,1.0,False,1.0,False,1.0,False,0.002139776275947752,0.9618294360385146
1,23,29,6,3.1234705228031148,1.9209401709401712,0.14049792107858372,1.0,False,1.0,False,0.9857592345811885,False,0.00420305000359562,1.8892709766162312
1,23,30,2,3.1234705228031148,0.6403133903133903,0.7762736999601787,1.0,False,1.0,False,1.0,False,0.0014520183667317958,0.6526822558459422
1,23,31,1,3.1234705228031148,0.32015669515669515,0.38684745045633295,1.0,False,1.0,False,0.9857592345811885,False,0.0007642604575158399,0.34353507565337005
1,24,25,4,3.1234705228031148,1.2806267806267806,0.5615634740660312,1.0,False,1.0,False,0.9957506177226078,False,0.0028275341851637078,1.2709766162310867
1,24,26,2,3.1234705228031148,0.6403133903133903,0.7762736999601787,1.0,False,1.0,False,1.0,False,0.0014520183667317958,0.6526822558459422
1,24,27,2,3.1234705228031148,0.6403133903133903,0.7762736999601787,1.0,False,1.0,False,1.0,False,0.0014520183667317958,0.6526822558459422
1,24,28,1,3.1234705228031148,0.32015669515669515,0.38684745045633295,1.0,False,1.0,False,0.9857592345811885,False,0.0007642604575158399,0.34353507565337005
1,24,29,3,3.1234705228031148,0.9604700854700856,1.0,1.0,False,1.0,False,1.0,False,0.002139776275947752,0.9618294360385146
1,24,30,2,3.1234705228031148,0.6403133903133903,0.7762736999601787,1.0,False,1.0,False,1.0,False,0.0014520183667317958,0.6526822558459422
1,24,31,5,3.1234705228031148,1.6007834757834758,0.24957369947482808,1.0,False,1.0,False,0.9857592345811885,False,0.003515292094379664,1.580123796423659
1,25,26,2,3.1234705228031148,0.6403133903133903,0.7762736999601787,1.0,False,1.0,False,1.0,False,0.0014520183667317958,0.6526822558459422
1,25,27,3,3.1234705228031148,0.9604700854700856,1.0,1.0,False,1.0,False,1.0,False,0.002139776275947752,0.9618294360385146
1,25,28,3,3.1234705228031148,0.9604700854700856,1.0,1.0,False,1.0,False,1.0,False,0.002139776275947752,0.9618294360385146
1,25,29,3,3.1234705228031148,0.9604700854700856,1.0,1.0,False,1.0,False,1.0,False,0.002139776275947752,0.9618294360385146
1,25,30,4,3.1234705228031148,1.2806267806267806,0.5615634740660312,1.0,False,1.0,False,0.9957506177226078,False,0.0028275341851637078,1.2709766162310867
1,25,31,3,3.1234705228031148,0.9604700854700856,1.0,1.0,False,1.0,False,1.0,False,0.002139776275947752,0.9618294360385146
1,26,27,2,3.1234705228031148,0.6403133903133903,0.7762736999601787,1.0,False,1.0,False,1.0,False,0.0014520183667317958,0.6526822558459422
1,26,28,3,3.1234705228031148,0.9604700854700856,1.0,1.0,False,1.0,False,1.0,False,0.002139776275947752,0.9618294360385146
1,26,29,4,3.1234705228031148,1.2806267806267806,0.5615634740660312,1.0,False,1.0,False,0.9957506177226078,False,0.0028275341851637078,1.2709766162310867
1,26,30,2,3.1234705228031148,0.6403133903133903,0.7762736999601787,1.0,False,1.0,False,1.0,False,0.0014520183667317958,0.6526822558459422
1,26,31,3,3.1234705228031148,0.9604700854700856,1.0,1.0,False,1.0,False,1.0,False,0.002139776275947752,0.9618294360385146
1,27,28,2,3.1234705228031148,0.6403133903133903,0.7762736999601787,1.0,False,1.0,False,1.0,False,0.0014520183667317958,0.6526822558459422
1,27,29,5,3.1234705228031148,1.6007834757834758,0.24957369947482808,1.0,False,1.0,False,0.9857592345811885,False,0.003515292094379664,1.580123796423659
1,27,30,5,3.1234705228031148,1.6007834757834758,0.24957369947482808,1.0,False,1.0,False,0.9857592345811885,False,0.003515292094379664,1.580123796423659
1,27,31,5,3.1234705228031148,1.6007834757834758,0.24957369947482808,1.0,False,1.0,False,0.9857592345811885,False,0.003515292094379664,1.580123796423659
1,28,29,4,3.1234705228031148,1.2806267806267806,0.5615634740660312,1.0,False,1.0,False,0.9957506177226078,False,0.0028275341851637078,1.2709766162310867
1,28,30,1,3.1234705228031148,0.32015669515669515,0.38684745045633295,1.0,False,1.0,False,0.9857592345811885,False,0.0007642604575158399,0.34353507565337005
1,28,31,1,3.1234705228031148,0.32015669515669515,0.38684745045633295,1.0,False,1.0,False,0.9857592345811885,False,0.0007642604575158399,0.34353507565337005
1,29,30,4,3.1234705228031148,1.2806267806267806,0.5615634740660312,1.0,False,1.0,False,0.9957506177226078,False,0.0028275341851637078,1.2709766162310867
1,29,31,4,3.1234705228031148,1.2806267806267806,0.5615634740660312,1.0,False,1.0,False,0.9957506177226078,False,0.0028275341851637078,1.2709766162310867
1,30,31,7,3.1234705228031148,2.241096866096866,0.03994014992889243,1.0,False,1.0,False,0.9857592345811885,False,0.004890807912811576,2.1984181568088035
2,3,4,9,3.1234705228031148,2.8814102564102564,0.004857551695085205,1.0,False,1.0,False,0.956921941977135,False,0.006266323731243488,2.816712517193948
2,3,5,8,3.1234705228031148,2.561253561253561,0.01468912435960452,1.0,False,1.0,False,0.956921941977135,False,0.005578565822027533,2.5075653370013757
2,3,6,0,3.1234705228031148,0.0,0.08379148704798318,1.0,False,1.0,False,0.9857592345811885,False,7.650254829988387e-05,0.0343878954607978
2,3,7,3,3.1234705228031148,0.9604700854700856,1.0,1.0,False,1.0,False,1.0,False,0.002139776275947752,0.9618294360385146
2,3,8,6,3.1234705228031148,1.9209401709401712,0.14049792107858372,1.0,False,1.0,False,0.9857592345811885,False,0.00420305000359562,1.8892709766162312
2,3,9,5,3.1234705228031148,1.6007834757834758,0.24957369947482808,1.0,False,1.0,False,0.9857592345811885,False,0.003515292094379664,1.580123796423659
2,3,10,2,3.1234705228031148,0.6403133903133903,0.7762736999601787,1.0,False,1.0,False,1.0,False,0.0014520183667317958,0.6526822558459422
2,3,11,6,3.1234705228031148,1.9209401709401712,0.14049792107858372,1.0,False,1.0,False,0.9857592345811885,False,0.00420305000359562,1.8892709766162312
2,3,12,2,3.1234705228031148,0.6403133903133903,0.7762736999601787,1.0,False,1.0,False,1.0,False,0.0014520183667317958,0.6526822558459422
2,3,13,5,3.1234705228031148,1.6007834757834758,0.24957369947482808,1.0,False,1.0,False,0.9857592345811885,False,0.003515292094379664,1.580123796423659
2,3,14,5,3.1234705228031148,1.6007834757834758,0.24957369947482808,1.0,False,1.0,False,0.9857592345811885,False,0.003515292094379664,1.580123796423659
2,3,15,2,3.1234705228031148,0.6403133903133903,0.7762736999601787,1.0,False,1.0,False,1.0,False,0.0014520183667317958,0.6526822558459422
2,3,16,5,3.1234705228031148,1.6007834757834758,0.24957369947482808,1.0,False,1.0,False,0.9857592345811885,False,0.003515292094379664,1.580123796423659
2,3,17,2,3.1234705228031148,0.6403133903133903,0.7762736999601787,1.0,False,1.0,False,1.0,False,0.0014520183667317958,0.6526822558459422
2,3,18,2,3.1234705228031148,0.6403133903133903,0.7762736999601787,1.0,False,1.0,False,1.0,False,0.0014520183667317958,0.6526822558459422
2,3,19,5,3.1234705228031148,1.6007834757834758,0.24957369947482808,1.0,False,1.0,False,0.9857592345811885,False,0.003515292094379664,1.580123796423659
2,3,20,4,3.1234705228031148,1.2806267806267806,0.5615634740660312,1.0,False,1.0,False,0.9957506177226078,False,0.0028275341851637078,1.2709766162310867
2,3,21,1,3.1234705228031148,0.32015669515669515,0.38684745045633295,1.0,False,1.0,False,0.9857592345811885,False,0.0007642604575158399,0.34353507565337005
2,3,22,6,3.1234705228031148,1.9209401709401712,0.14049792107858372,1.0,False,1.0,False,0.9857592345811885,False,0.00420305000359562,1.8892709766162312
2,3,23,4,3.1234705228031148,1.2806267806267806,0.5615634740660312,1.0,False,1.0,False,0.9957506177226078,False,0.0028275341851637078,1.2709766162310867
2,3,24,7,3.1234705228031148,2.241096866096866,0.03994014992889243,1.0,False,1.0,False,0.9857592345811885,False,0.004890807912811576,2.1984181568088035
2,3,25,5,3.1234705228031148,1.6007834757834758,0.24957369947482808,1.0,False,1.0,False,0.9857592345811885,False,0.003515292094379664,1.580123796423659
2,3,26,1,3.1234705228031148,0.32015669515669515,0.38684745045633295,1.0,False,1.0,False,0.9857592345811885,False,0.0007642604575158399,0.34353507565337005
2,3,27,4,3.1234705228031148,1.2806267806267806,0.5615634740660312,1.0,False,1.0,False,0.9957506177226078,False,0.0028275341851637078,1.2709766162310867
2,3,28,6,3.1234705228031148,1.9209401709401712,0.14049792107858372,1.0,False,1.0,False,0.9857592345811885,False,0.00420305000359562,1.8892709766162312
2,3,29,8,3.1234705228031148,2.561253561253561,0.01468912435960452,1.0,False,1.0,False,0.956921941977135,False,0.005578565822027533,2.5075653370013757
2,3,30,3,3.1234705228031148,0.9604700854700856,1.0,1.0,False,1.0,False,1.0,False,0.002139776275947752,0.9618294360385146
2,3,31,7,3.1234705228031148,2.241096866096866,0.03994014992889243,1.0,False,1.0,False,0.9857592345811885,False,0.004890807912811576,2.1984181568088035
2,4,5,4,3.1234705228031148,1.2806267806267806,0.5615634740660312,1.0,False,1.0,False,0.9957506177226078,False,0.0028275341851637078,1.2709766162310867
2,4,6,3,3.1234705228031148,0.9604700854700856,1.0,1.0,False,1.0,False,1.0,False,0.002139776275947752,0.9618294360385146
2,4,7,4,3.1234705228031148,1.2806267806267806,0.5615634740660312,1.0,False,1.0,False,0.9957506177226078,False,0.0028275341851637078,1.2709766162310867
2,4,8,0,3.1234705228031148,0.0,0.08379148704798318,1.0,False,1.0,False,0.9857592345811885,False,7.650254829988387e-05,0.0343878954607978
2,4,9,2,3.1234705228031148,0.6403133903133903,0.7762736999601787,1.0,False,1.0,False,1.0,False,0.0014520183667317958,0.6526822558459422
2,4,10,1,3.1234705228031148,0.32015669515669515,0.38684745045633295,1.0,False,1.0,False,0.9857592345811885,False,0.0007642604575158399,0.34353507565337005
2,4,11,3,3.1234705228031148,0.9604700854700856,1.0,1.0,False,1.0,False,1.0,False,0.002139776275947752,0.9618294360385146
2,4,12,3,3.1234705228031148,0.9604700854700856,1.0,1.0,False,1.0,False,1.0,False,0.002139776275947752,0.9618294360385146
2,4,13,5,3.1234705228031148,1.6007834757834758,0.24957369947482808,1.0,False,1.0,False,0.9857592345811885,False,0.003515292094379664,1.580123796423659
2,4,14,4,3.1234705228031148,1.2806267806267806,0.5615634740660312,1.0,False,1.0,False,0.9957506177226078,False,0.0028275341851637078,1.2709766162310867
2,4,15,2,3.1234705228031148,0.6403133903133903,0.7762736999601787,1.0,False,1.0,False,1.0,False,0.0014520183667317958,0.6526822558459422
2,4,16,4,3.1234705228031148,1.2806267806267806,0.5615634740660312,1.0,False,1.0,False,0.9957506177226078,False,0.0028275341851637078,1.2709766162310867
2,4,17,3,3.1234705228031148,0.9604700854700856,1.0,1.0,False,1.0,False,1.0,False,0.002139776275947752,0.9618294360385146
2,4,18,1,3.1234705228031148,0.32015669515669515,0.38684745045633295,1.0,False,1.0,False,0.9857592345811885,False,0.0007642604575158399,0.34353507565337005
2,4,19,5,3.1234705228031148,1.6007834757834758,0.24957369947482808,1.0,False,1.0,False,0.9857592345811885,False,0.003515292094379664,1.580123796423659
2,4,20,4,3.1234705228031148,1.2806267806267806,0.5615634740660312,1.0,False,1.0,False,0.9957506177226078,False,0.0028275341851637078,1.2709766162310867
2,4,21,4,3.1234705228031148,1.2806267806267806,0.5615634740660312,1.0,False,1.0,False,0.9957506177226078,False,0.0028275341851637078,1.2709766162310867
2,4,22,3,3.1234705228031148,0.9604700854700856,1.0,1.0,False,1.0,False,1.0,False,0.002139776275947752,0.9618294360385146
2,4,23,3,3.1234705228031148,0.9604700854700856,1.0,1.0,False,1.0,False,1.0,False,0.002139776275947752,0.9618294360385146
2,4,24,4,3.1234705228031148,1.2806267806267806,0.5615634740660312,1.0,False,1.0,False,0.9957506177226078,False,0.0028275341851637078,1.2709766162310867
2,4,25,4,3.1234705228031148,1.2806267806267806,0.5615634740660312,1.0,False,1.0,False,0.9957506177226078,False,0.0028275341851637078,1.2709766162310867
2,4,26,1,3.1234705228031148,0.32015669515669515,0.38684745045633295,1.0,False,1.0,False,0.9857592345811885,False,0.0007642604575158399,0.34353507565337005
2,4,27,4,3.1234705228031148,1.2806267806267806,0.5615634740660312,1.0,False,1.0,False,0.9957506177226078,False,0.0028275341851637078,1.2709766162310867
2,4,28,4,3.1234705228031148,1.2806267806267806,0.5615634740660312,1.0,False,1.0,False,0.9957506177226078,False,0.0028275341851637078,1.2709766162310867
2,4,29,2,3.1234705228031148,0.6403133903133903,0.7762736999601787,1.0,False,1.0,False,1.0,False,0.0014520183667317958,0.6526822558459422
2,4,30,3,3.1234705228031148,0.9604700854700856,1.0,1.0,False,1.0,False,1.0,False,0.002139776275947752,0.9618294360385146
2,4,31,4,3.1234705228031148,1.2806267806267806,0.5615634740660312,1.0,False,1.0,False,0.9957506177226078,False,0.0028275341851637078,1.2709766162310867
2,5,6,2,3.1234705228031148,0.6403133903133903,0.7762736999601787,1.0,False,1.0,False,1.0,False,0.0014520183667317958,0.6526822558459422
2,5,7,0,3.1234705228031148,0.0,0.08379148704798318,1.0,False,1.0,False,0.9857592345811885,False,7.650254829988387e-05,0.0343878954607978
2,5,8,1,3.1234705228031148,0.32015669515669515,0.38684745045633295,1.0,False,1.0,False,0.9857592345811885,False,0.0007642604575158399,0.34353507565337005
2,5,9,3,3.1234705228031148,0.9604700854700856,1.0,1.0,False,1.0,False,1.0,False,0.002139776275947752,0.9618294360385146
2,5,10,2,3.1234705228031148,0.6403133903133903,0.7762736999601787,1.0,False,1.0,False,1.0,False,0.0014520183667317958,0.6526822558459422
2,5,11,3,3.1234705228031148,0.9604700854700856,1.0,1.0,False,1.0,False,1.0,False,0.002139776275947752,0.9618294360385146
2,5,12,1,3.1234705228031148,0.32015669515669515,0.38684745045633295,1.0,False,1.0,False,0.9857592345811885,False,0.0007642604575158399,0.34353507565337005
2,5,13,5,3.1234705228031148,1.6007834757834758,0.24957369947482808,1.0,False,1.0,False,0.9857592345811885,False,0.003515292094379664,1.580123796423659
2,5,14,5,3.1234705228031148,1.6007834757834758,0.24957369947482808,1.0,False,1.0,False,0.9857592345811885,False,0.003515292094379664,1.580123796423659
2,5,15,0,3.1234705228031148,0.0,0.08379148704798318,1.0,False,1.0,False,0.9857592345811885,False,7.650254829988387e-05,0.0343878954607978
2,5,16,5,3.1234705228031148,1.6007834757834758,0.24957369947482808,1.0,False,1.0,False,0.9857592345811885,False,0.003515292094379664,1.580123796423659
2,5,17,2,3.1234705228031148,0.6403133903133903,0.7762736999601787,1.0,False,1.0,False,1.0,False,0.0014520183667317958,0.6526822558459422
2,5,18,3,3.1234705228031148,0.9604700854700856,1.0,1.0,False,1.0,False,1.0,False,0.002139776275947752,0.9618294360385146
2,5,19,4,3.1234705228031148,1.2806267806267806,0.5615634740660312,1.0,False,1.0,False,0.9957506177226078,False,0.0028275341851637078,1.2709766162310867
2,5,20,4,3.1234705228031148,1.2806267806267806,0.5615634740660312,1.0,False,1.0,False,0.9957506177226078,False,0.0028275341851637078,1.2709766162310867
2,5,21,6,3.1234705228031148,1.9209401709401712,0.14049792107858372,1.0,False,1.0,False,0.9857592345811885,False,0.00420305000359562,1.8892709766162312
2,5,22,3,3.1234705228031148,0.9604700854700856,1.0,1.0,False,1.0,False,1.0,False,0.002139776275947752,0.9618294360385146
2,5,23,1,3.1234705228031148,0.32015669515669515,0.38684745045633295,1.0,False,1.0,False,0.9857592345811885,False,0.0007642604575158399,0.34353507565337005
2,5,24,6,3.1234705228031148,1.9209401709401712,0.14049792107858372,1.0,False,1.0,False,0.9857592345811885,False,0.00420305000359562,1.8892709766162312
2,5,25,1,3.1234705228031148,0.32015669515669515,0.38684745045633295,1.0,False,1.0,False,0.9857592345811885,False,0.0007642604575158399,0.34353507565337005
2,5,26,1,3.1234705228031148,0.32015669515669515,0.38684745045633295,1.0,False,1.0,False,0.9857592345811885,False,0.0007642604575158399,0.34353507565337005
2,5,27,3,3.1234705228031148,0.9604700854700856,1.0,1.0,False,1.0,False,1.0,False,0.002139776275947752,0.9618294360385146
2,5,28,2,3.1234705228031148,0.6403133903133903,0.7762736999601787,1.0,False,1.0,False,1.0,False,0.0014520183667317958,0.6526822558459422
2,5,29,3,3.1234705228031148,0.9604700854700856,1.0,1.0,False,1.0,False,1.0,False,0.002139776275947752,0.9618294360385146
2,5,30,4,3.1234705228031148,1.2806267806267806,0.5615634740660312,1.0,False,1.0,False,0.9957506177226078,False,0.0028275341851637078,1.2709766162310867
2,5,31,4,3.1234705228031148,1.2806267806267806,0.5615634740660312,1.0,False,1.0,False,0.9957506177226078,False,0.0028275341851637078,1.2709766162310867
2,6,7,3,3.1234705228031148,0.9604700854700856,1.0,1.0,False,1.0,False,1.0,False,0.002139776275947752,0.9618294360385146
2,6,8,1,3.1234705228031148,0.32015669515669515,0.38684745045633295,1.0,False,1.0,False,0.9857592345811885,False,0.0007642604575158399,0.34353507565337005
2,6,9,3,3.1234705228031148,0.9604700854700856,1.0,1.0,False,1.0,False,1.0,False,0.002139776275947752,0.9618294360385146
2,6,10,2,3.1234705228031148,0.6403133903133903,0.7762736999601787,1.0,False,1.0,False,1.0,False,0.0014520183667317958,0.6526822558459422
2,6,11,5,3.1234705228031148,1.6007834757834758,0.24957369947482808,1.0,False,1.0,False,0.9857592345811885,False,0.003515292094379664,1.580123796423659
2,6,12,3,3.1234705228031148,0.9604700854700856,1.0,1.0,False,1.0,False,1.0,False,0.002139776275947752,0.9618294360385146
2,6,13,1,3.1234705228031148,0.32015669515669515,0.38684745045633295,1.0,False,1.0,False,0.9857592345811885,False,0.0007642604575158399,0.34353507565337005
2,6,14,6,3.1234705228031148,1.9209401709401712,0.14049792107858372,1.0,False,1.0,False,0.9857592345811885,False,0.00420305000359562,1.8892709766162312
2,6,15,2,3.1234705228031148,0.6403133903133903,0.7762736999601787,1.0,False,1.0,False,1.0,False,0.0014520183667317958,0.6526822558459422
2,6,16,2,3.1234705228031148,0.6403133903133903,0.7762736999601787,1.0,False,1.0,False,1.0,False,0.0014520183667317958,0.6526822558459422
2,6,17,1,3.1234705228031148,0.32015669515669515,0.38684745045633295,1.0,False,1.0,False,0.9857592345811885,False,0.0007642604575158399,0.34353507565337005
2,6,18,1,3.1234705228031148,0.32015669515669515,0.38684745045633295,1.0,False,1.0,False,0.9857592345811885,False,0.0007642604575158399,0.34353507565337005
2,6,19,2,3.1234705228031148,0.6403133903133903,0.7762736999601787,1.0,False,1.0,False,1.0,False,0.0014520183667317958,0.6526822558459422
2,6,20,1,3.1234705228031148,0.32015669515669515,0.38684745045633295,1.0,False,1.0,False,0.9857592345811885,False,0.0007642604575158399,0.34353507565337005
2,6,21,2,3.1234705228031148,0.6403133903133903,0.7762736999601787,1.0,False,1.0,False,1.0,False,0.0014520183667317958,0.6526822558459422
2,6,22,0,3.1234705228031148,0.0,0.08379148704798318,1.0,False,1.0,False,0.9857592345811885,False,7.650254829988387e-05,0.0343878954607978
2,6,23,3,3.1234705228031148,0.9604700854700856,1.0,1.0,False,1.0,False,1.0,False,0.002139776275947752,0.9618294360385146
2,6,24,1,3.1234705228031148,0.32015669515669515,0.38684745045633295,1.0,False,1.0,False,0.9857592345811885,False,0.0007642604575158399,0.34353507565337005
2,6,25,0,3.1234705228031148,0.0,0.08379148704798318,1.0,False,1.0,False,0.9857592345811885,False,7.650254829988387e-05,0.0343878954607978
2,6,26,2,3.1234705228031148,0.6403133903133903,0.7762736999601787,1.0,False,1.0,False,1.0,False,0.0014520183667317958,0.6526822558459422
2,6,27,1,3.1234705228031148,0.32015669515669515,0.38684745045633295,1.0,False,1.0,False,0.9857592345811885,False,0.0007642604575158399,0.34353507565337005
2,6,28,3,3.1234705228031148,0.9604700854700856,1.0,1.0,False,1.0,False,1.0,False,0.002139776275947752,0.9618294360385146
2,6,29,3,3.1234705228031148,0.9604700854700856,1.0,1.0,False,1.0,False,1.0,False,0.002139776275947752,0.9618294360385146
2,6,30,4,3.1234705228031148,1.2806267806267806,0.5615634740660312,1.0,False,1.0,False,0.9957506177226078,False,0.0028275341851637078,1.2709766162310867
2,6,31,1,3.1234705228031148,0.32015669515669515,0.38684745045633295,1.0,False,1.0,False,0.9857592345811885,False,0.0007642604575158399,0.34353507565337005
2,7,8,2,3.1234705228031148,0.6403133903133903,0.7762736999601787,1.0,False,1.0,False,1.0,False,0.0014520183667317958,0.6526822558459422
2,7,9,0,3.1234705228031148,0.0,0.08379148704798318,1.0,False,1.0,False,0.9857592345811885,False,7.650254829988387e-05,0.0343878954607978
2,7,10,5,3.1234705228031148,1.6007834757834758,0.24957369947482808,1.0,False,1.0,False,0.9857592345811885,False,0.003515292094379664,1.580123796423659
2,7,11,3,3.1234705228031148,0.9604700854700856,1.0,1.0,False,1.0,False,1.0,False,0.002139776275947752,0.9618294360385146
2,7,12,1,3.1234705228031148,0.32015669515669515,0.38684745045633295,1.0,False,1.0,False,0.9857592345811885,False,0.0007642604575158399,0.34353507565337005
2,7,13,3,3.1234705228031148,0.9604700854700856,1.0,1.0,False,1.0,False,1.0,False,0.002139776275947752,0.9618294360385146
2,7,14,3,3.1234705228031148,0.9604700854700856,1.0,1.0,False,1.0,False,1.0,False,0.002139776275947752,0.9618294360385146
2,7,15,3,3.1234705228031148,0.9604700854700856,1.0,1.0,False,1.0,False,1.0,False,0.002139776275947752,0.9618294360385146
2,7,16,4,3.1234705228031148,1.2806267806267806,0.5615634740660312,1.0,False,1.0,False,0.9957506177226078,False,0.0028275341851637078,1.2709766162310867
2,7,17,2,3.1234705228031148,0.6403133903133903,0.7762736999601787,1.0,False,1.0,False,1.0,False,0.0014520183667317958,0.6526822558459422
2,7,18,4,3.1234705228031148,1.2806267806267806,0.5615634740660312,1.0,False,1.0,False,0.9957506177226078,False,0.0028275341851637078,1.2709766162310867
2,7,19,6,3.1234705228031148,1.9209401709401712,0.14049792107858372,1.0,False,1.0,False,0.9857592345811885,False,0.00420305000359562,1.8892709766162312
2,7,20,2,3.1234705228031148,0.6403133903133903,0.7762736999601787,1.0,False,1.0,False,1.0,False,0.0014520183667317958,0.6526822558459422
2,7,21,3,3.1234705228031148,0.9604700854700856,1.0,1.0,False,1.0,False,1.0,False,0.002139776275947752,0.9618294360385146
2,7,22,4,3.1234705228031148,1.2806267806267806,0.5615634740660312,1.0,False,1.0,False,0.9957506177226078,False,0.0028275341851637078,1.2709766162310867
2,7,23,5,3.1234705228031148,1.6007834757834758,0.24957369947482808,1.0,False,1.0,False,0.9857592345811885,False,0.003515292094379664,1.580123796423659
2,7,24,3,3.1234705228031148,0.9604700854700856,1.0,1.0,False,1.0,False,1.0,False,0.002139776275947752,0.9618294360385146
2,7,25,4,3.1234705228031148,1.2806267806267806,0.5615634740660312,1.0,False,1.0,False,0.9957506177226078,False,0.0028275341851637078,1.2709766162310867
2,7,26,2,3.1234705228031148,0.6403133903133903,0.7762736999601787,1.0,False,1.0,False,1.0,False,0.0014520183667317958,0.6526822558459422
2,7,27,2,3.1234705228031148,0.6403133903133903,0.7762736999601787,1.0,False,1.0,False,1.0,False,0.0014520183667317958,0.6526822558459422
2,7,28,2,3.1234705228031148,0.6403133903133903,0.7762736999601787,1.0,False,1.0,False,1.0,False,0.0014520183667317958,0.6526822558459422
2,7,29,2,3.1234705228031148,0.6403133903133903,0.7762736999601787,1.0,False,1.0,False,1.0,False,0.0014520183667317958,0.6526822558459422
2,7,30,5,3.1234705228031148,1.6007834757834758,0.24957369947482808,1.0,False,1.0,False,0.9857592345811885,False,0.003515292094379664,1.580123796423659
2,7,31,2,3.1234705228031148,0.6403133903133903,0.7762736999601787,1.0,False,1.0,False,1.0,False,0.0014520183667317958,0.6526822558459422
2,8,9,1,3.1234705228031148,0.32015669515669515,0.38684745045633295,1.0,False,1.0,False,0.9857592345811885,False,0.0007642604575158399,0.34353507565337005
2,8,10,2,3.1234705228031148,0.6403133903133903,0.7762736999601787,1.0,False,1.0,False,1.0,False,0.0014520183667317958,0.6526822558459422
2,8,11,5,3.1234705228031148,1.6007834757834758,0.24957369947482808,1.0,False,1.0,False,0.9857592345811885,False,0.003515292094379664,1.580123796423659
2,8,12,0,3.1234705228031148,0.0,0.08379148704798318,1.0,False,1.0,False,0.9857592345811885,False,7.650254829988387e-05,0.0343878954607978
2,8,13,3,3.1234705228031148,0.9604700854700856,1.0,1.0,False,1.0,False,1.0,False,0.002139776275947752,0.9618294360385146
2,8,14,4,3.1234705228031148,1.2806267806267806,0.5615634740660312,1.0,False,1.0,False,0.9957506177226078,False,0.0028275341851637078,1.2709766162310867
2,8,15,3,3.1234705228031148,0.9604700854700856,1.0,1.0,False,1.0,False,1.0,False,0.002139776275947752,0.9618294360385146
2,8,16,3,3.1234705228031148,0.9604700854700856,1.0,1.0,False,1.0,False,1.0,False,0.002139776275947752,0.9618294360385146
2,8,17,4,3.1234705228031148,1.2806267806267806,0.5615634740660312,1.0,False,1.0,False,0.9957506177226078,False,0.0028275341851637078,1.2709766162310867
2,8,18,2,3.1234705228031148,0.6403133903133903,0.7762736999601787,1.0,False,1.0,False,1.0,False,0.0014520183667317958,0.6526822558459422
2,8,19,2,3.1234705228031148,0.6403133903133903,0.7762736999601787,1.0,False,1.0,False,1.0,False,0.0014520183667317958,0.6526822558459422
2,8,20,1,3.1234705228031148,0.32015669515669515,0.38684745045633295,1.0,False,1.0,False,0.9857592345811885,False,0.0007642604575158399,0.34353507565337005
2,8,21,0,3.1234705228031148,0.0,0.08379148704798318,1.0,False,1.0,False,0.9857592345811885,False,7.650254829988387e-05,0.0343878954607978
2,8,22,1,3.1234705228031148,0.32015669515669515,0.38684745045633295,1.0,False,1.0,False,0.9857592345811885,False,0.0007642604575158399,0.34353507565337005
2,8,23,4,3.1234705228031148,1.2806267806267806,0.5615634740660312,1.0,False,1.0,False,0.9957506177226078,False,0.0028275341851637078,1.2709766162310867
2,8,24,1,3.1234705228031148,0.32015669515669515,0.38684745045633295,1.0,False,1.0,False,0.9857592345811885,False,0.0007642604575158399,0.34353507565337005
2,8,25,2,3.1234705228031148,0.6403133903133903,0.7762736999601787,1.0,False,1.0,False,1.0,False,0.0014520183667317958,0.6526822558459422
2,8,26,3,3.1234705228031148,0.9604700854700856,1.0,1.0,False,1.0,False,1.0,False,0.002139776275947752,0.9618294360385146
2,8,27,3,3.1234705228031148,0.9604700854700856,1.0,1.0,False,1.0,False,1.0,False,0.002139776275947752,0.9618294360385146
2,8,28,5,3.1234705228031148,1.6007834757834758,0.24957369947482808,1.0,False,1.0,False,0.9857592345811885,False,0.003515292094379664,1.580123796423659
2,8,29,5,3.1234705228031148,1.6007834757834758,0.24957369947482808,1.0,False,1.0,False,0.9857592345811885,False,0.003515292094379664,1.580123796423659
2,8,30,3,3.1234705228031148,0.9604700854700856,1.0,1.0,False,1.0,False,1.0,False,0.002139776275947752,0.9618294360385146
2,8,31,1,3.1234705228031148,0.32015669515669515,0.38684745045633295,1.0,False,1.0,False,0.9857592345811885,False,0.0007642604575158399,0.34353507565337005
2,9,10,2,3.1234705228031148,0.6403133903133903,0.7762736999601787,1.0,False,1.0,False,1.0,False,0.0014520183667317958,0.6526822558459422
2,9,11,5,3.1234705228031148,1.6007834757834758,0.24957369947482808,1.0,False,1.0,False,0.9857592345811885,False,0.003515292094379664,1.580123796423659
2,9,12,2,3.1234705228031148,0.6403133903133903,0.7762736999601787,1.0,False,1.0,False,1.0,False,0.0014520183667317958,0.6526822558459422
2,9,13,3,3.1234705228031148,0.9604700854700856,1.0,1.0,False,1.0,False,1.0,False,0.002139776275947752,0.9618294360385146
2,9,14,2,3.1234705228031148,0.6403133903133903,0.7762736999601787,1.0,False,1.0,False,1.0,False,0.0014520183667317958,0.6526822558459422
2,9,15,4,3.1234705228031148,1.2806267806267806,0.5615634740660312,1.0,False,1.0,False,0.9957506177226078,False,0.0028275341851637078,1.2709766162310867
2,9,16,1,3.1234705228031148,0.32015669515669515,0.38684745045633295,1.0,False,1.0,False,0.9857592345811885,False,0.0007642604575158399,0.34353507565337005
2,9,17,2,3.1234705228031148,0.6403133903133903,0.7762736999601787,1.0,False,1.0,False,1.0,False,0.0014520183667317958,0.6526822558459422
2,9,18,2,3.1234705228031148,0.6403133903133903,0.7762736999601787,1.0,False,1.0,False,1.0,False,0.0014520183667317958,0.6526822558459422
2,9,19,4,3.1234705228031148,1.2806267806267806,0.5615634740660312,1.0,False,1.0,False,0.9957506177226078,False,0.0028275341851637078,1.2709766162310867
2,9,20,4,3.1234705228031148,1.2806267806267806,0.5615634740660312,1.0,False,1.0,False,0.9957506177226078,False,0.0028275341851637078,1.2709766162310867
2,9,21,1,3.1234705228031148,0.32015669515669515,0.38684745045633295,1.0,False,1.0,False,0.9857592345811885,False,0.0007642604575158399,0.34353507565337005
2,9,22,9,3.1234705228031148,2.8814102564102564,0.004857551695085205,1.0,False,1.0,False,0.956921941977135,False,0.006266323731243488,2.816712517193948
2,9,23,1,3.1234705228031148,0.32015669515669515,0.38684745045633295,1.0,False,1.0,False,0.9857592345811885,False,0.0007642604575158399,0.34353507565337005
2,9,24,2,3.1234705228031148,0.6403133903133903,0.7762736999601787,1.0,False,1.0,False,1.0,False,0.0014520183667317958,0.6526822558459422
2,9,25,2,3.1234705228031148,0.6403133903133903,0.7762736999601787,1.0,False,1.0,False,1.0,False,0.0014520183667317958,0.6526822558459422
2,9,26,1,3.1234705228031148,0.32015669515669515,0.38684745045633295,1.0,False,1.0,False,0.9857592345811885,False,0.0007642604575158399,0.34353507565337005
2,9,27,3,3.1234705228031148,0.9604700854700856,1.0,1.0,False,1.0,False,1.0,False,0.002139776275947752,0.9618294360385146
2,9,28,0,3.1234705228031148,0.0,0.08379148704798318,1.0,False,1.0,False,0.9857592345811885,False,7.650254829988387e-05,0.0343878954607978
2,9,29,5,3.1234705228031148,1.6007834757834758,0.24957369947482808,1.0,False,1.0,False,0.9857592345811885,False,0.003515292094379664,1.580123796423659
2,9,30,1,3.1234705228031148,0.32015669515669515,0.38684745045633295,1.0,False,1.0,False,0.9857592345811885,False,0.0007642604575158399,0.34353507565337005
2,9,31,9,3.1234705228031148,2.8814102564102564,0.004857551695085205,1.0,False,1.0,False,0.956921941977135,False,0.006266323731243488,2.816712517193948
2,10,11,4,3.1234705228031148,1.2806267806267806,0.5615634740660312,1.0,False,1.0,False,0.9957506177226078,False,0.0028275341851637078,1.2709766162310867
2,10,12,0,3.1234705228031148,0.0,0.08379148704798318,1.0,False,1.0,False,0.9857592345811885,False,7.650254829988387e-05,0.0343878954607978
2,10,13,5,3.1234705228031148,1.6007834757834758,0.24957369947482808,1.0,False,1.0,False,0.9857592345811885,False,0.003515292094379664,1.580123796423659
2,10,14,3,3.1234705228031148,0.9604700854700856,1.0,1.0,False,1.0,False,1.0,False,0.002139776275947752,0.9618294360385146
2,10,15,3,3.1234705228031148,0.9604700854700856,1.0,1.0,False,1.0,False,1.0,False,0.002139776275947752,0.9618294360385146
2,10,16,2,3.1234705228031148,0.6403133903133903,0.7762736999601787,1.0,False,1.0,False,1.0,False,0.0014520183667317958,0.6526822558459422
2,10,17,2,3.1234705228031148,0.6403133903133903,0.7762736999601787,1.0,False,1.0,False,1.0,False,0.0014520183667317958,0.6526822558459422
2,10,18,1,3.1234705228031148,0.32015669515669515,0.38684745045633295,1.0,False,1.0,False,0.9857592345811885,False,0.0007642604575158399,0.34353507565337005
2,10,19,1,3.1234705228031148,0.32015669515669515,0.38684745045633295,1.0,False,1.0,False,0.9857592345811885,False,0.0007642604575158399,0.34353507565337005
2,10,20,3,3.1234705228031148,0.9604700854700856,1.0,1.0,False,1.0,False,1.0,False,0.002139776275947752,0.9618294360385146
2,10,21,4,3.1234705228031148,1.2806267806267806,0.5615634740660312,1.0,False,1.0,False,0.9957506177226078,False,0.0028275341851637078,1.2709766162310867
2,10,22,8,3.1234705228031148,2.561253561253561,0.01468912435960452,1.0,False,1.0,False,0.956921941977135,False,0.005578565822027533,2.5075653370013757
2,10,23,6,3.1234705228031148,1.9209401709401712,0.14049792107858372,1.0,False,1.0,False,0.9857592345811885,False,0.00420305000359562,1.8892709766162312
2,10,24,6,3.1234705228031148,1.9209401709401712,0.14049792107858372,1.0,False,1.0,False,0.9857592345811885,False,0.00420305000359562,1.8892709766162312
2,10,25,2,3.1234705228031148,0.6403133903133903,0.7762736999601787,1.0,False,1.0,False,1.0,False,0.0014520183667317958,0.6526822558459422
2,10,26,4,3.1234705228031148,1.2806267806267806,0.5615634740660312,1.0,False,1.0,False,0.9957506177226078,False,0.0028275341851637078,1.2709766162310867
2,10,27,3,3.1234705228031148,0.9604700854700856,1.0,1.0,False,1.0,False,1.0,False,0.002139776275947752,0.9618294360385146
2,10,28,3,3.1234705228031148,0.9604700854700856,1.0,1.0,False,1.0,False,1.0,False,0.002139776275947752,0.9618294360385146
2,10,29,2,3.1234705228031148,0.6403133903133903,0.7762736999601787,1.0,False,1.0,False,1.0,False,0.0014520183667317958,0.6526822558459422
2,10,30,3,3.1234705228031148,0.9604700854700856,1.0,1.0,False,1.0,False,1.0,False,0.002139776275947752,0.9618294360385146
2,10,31,6,3.1234705228031148,1.9209401709401712,0.14049792107858372,1.0,False,1.0,False,0.9857592345811885,False,0.00420305000359562,1.8892709766162312
2,11,12,5,3.1234705228031148,1.6007834757834758,0.24957369947482808,1.0,False,1.0,False,0.9857592345811885,False,0.003515292094379664,1.580123796423659
2,11,13,7,3.1234705228031148,2.241096866096866,0.03994014992889243,1.0,False,1.0,False,0.9857592345811885,False,0.004890807912811576,2.1984181568088035
2,11,14,4,3.1234705228031148,1.2806267806267806,0.5615634740660312,1.0,False,1.0,False,0.9957506177226078,False,0.0028275341851637078,1.2709766162310867
2,11,15,4,3.1234705228031148,1.2806267806267806,0.5615634740660312,1.0,False,1.0,False,0.9957506177226078,False,0.0028275341851637078,1.2709766162310867
2,11,16,7,3.1234705228031148,2.241096866096866,0.03994014992889243,1.0,False,1.0,False,0.9857592345811885,False,0.004890807912811576,2.1984181568088035
2,11,17,2,3.1234705228031148,0.6403133903133903,0.7762736999601787,1.0,False,1.0,False,1.0,False,0.0014520183667317958,0.6526822558459422
2,11,18,5,3.1234705228031148,1.6007834757834758,0.24957369947482808,1.0,False,1.0,False,0.9857592345811885,False,0.003515292094379664,1.580123796423659
2,11,19,4,3.1234705228031148,1.2806267806267806,0.5615634740660312,1.0,False,1.0,False,0.9957506177226078,False,0.0028275341851637078,1.2709766162310867
2,11,20,4,3.1234705228031148,1.2806267806267806,0.5615634740660312,1.0,False,1.0,False,0.9957506177226078,False,0.0028275341851637078,1.2709766162310867
2,11,21,4,3.1234705228031148,1.2806267806267806,0.5615634740660312,1.0,False,1.0,False,0.9957506177226078,False,0.0028275341851637078,1.2709766162310867
2,11,22,5,3.1234705228031148,1.6007834757834758,0.24957369947482808,1.0,False,1.0,False,0.9857592345811885,False,0.003515292094379664,1.580123796423659
2,11,23,1,3.1234705228031148,0.32015669515669515,0.38684745045633295,1.0,False,1.0,False,0.9857592345811885,False,0.0007642604575158399,0.34353507565337005
2,11,24,6,3.1234705228031148,1.9209401709401712,0.14049792107858372,1.0,False,1.0,False,0.9857592345811885,False,0.00420305000359562,1.8892709766162312
2,11,25,4,3.1234705228031148,1.2806267806267806,0.5615634740660312,1.0,False,1.0,False,0.9957506177226078,False,0.0028275341851637078,1.2709766162310867
2,11,26,4,3.1234705228031148,1.2806267806267806,0.5615634740660312,1.0,False,1.0,False,0.9957506177226078,False,0.0028275341851637078,1.2709766162310867
2,11,27,5,3.1234705228031148,1.6007834757834758,0.24957369947482808,1.0,False,1.0,False,0.9857592345811885,False,0.003515292094379664,1.580123796423659
2,11,28,5,3.1234705228031148,1.6007834757834758,0.24957369947482808,1.0,False,1.0,False,0.9857592345811885,False,0.003515292094379664,1.580123796423659
2,11,29,6,3.1234705228031148,1.9209401709401712,0.14049792107858372,1.0,False,1.0,False,0.9857592345811885,False,0.00420305000359562,1.8892709766162312
2,11,30,7,3.1234705228031148,2.241096866096866,0.03994014992889243,1.0,False,1.0,False,0.9857592345811885,False,0.004890807912811576,2.1984181568088035
2,11,31,4,3.1234705228031148,1.2806267806267806,0.5615634740660312,1.0,False,1.0,False,0.9957506177226078,False,0.0028275341851637078,1.2709766162310867
2,12,13,3,3.1234705228031148,0.9604700854700856,1.0,1.0,False,1.0,False,1.0,False,0.002139776275947752,0.9618294360385146
2,12,14,3,3.1234705228031148,0.9604700854700856,1.0,1.0,False,1.0,False,1.0,False,0.002139776275947752,0.9618294360385146
2,12,15,1,3.1234705228031148,0.32015669515669515,0.38684745045633295,1.0,False,1.0,False,0.9857592345811885,False,0.0007642604575158399,0.34353507565337005
2,12,16,1,3.1234705228031148,0.32015669515669515,0.38684745045633295,1.0,False,1.0,False,0.9857592345811885,False,0.0007642604575158399,0.34353507565337005
2,12,17,4,3.1234705228031148,1.2806267806267806,0.5615634740660312,1.0,False,1.0,False,0.9957506177226078,False,0.0028275341851637078,1.2709766162310867
2,12,18,2,3.1234705228031148,0.6403133903133903,0.7762736999601787,1.0,False,1.0,False,1.0,False,0.0014520183667317958,0.6526822558459422
2,12,19,3,3.1234705228031148,0.9604700854700856,1.0,1.0,False,1.0,False,1.0,False,0.002139776275947752,0.9618294360385146
2,12,20,4,3.1234705228031148,1.2806267806267806,0.5615634740660312,1.0,False,1.0,False,0.9957506177226078,False,0.0028275341851637078,1.2709766162310867
2,12,21,2,3.1234705228031148,0.6403133903133903,0.7762736999601787,1.0,False,1.0,False,1.0,False,0.0014520183667317958,0.6526822558459422
2,12,22,2,3.1234705228031148,0.6403133903133903,0.7762736999601787,1.0,False,1.0,False,1.0,False,0.0014520183667317958,0.6526822558459422
2,12,23,5,3.1234705228031148,1.6007834757834758,0.24957369947482808,1.0,False,1.0,False,0.9857592345811885,False,0.003515292094379664,1.580123796423659
2,12,24,1,3.1234705228031148,0.32015669515669515,0.38684745045633295,1.0,False,1.0,False,0.9857592345811885,False,0.0007642604575158399,0.34353507565337005
2,12,25,1,3.1234705228031148,0.32015669515669515,0.38684745045633295,1.0,False,1.0,False,0.9857592345811885,False,0.0007642604575158399,0.34353507565337005
2,12,26,1,3.1234705228031148,0.32015669515669515,0.38684745045633295,1.0,False,1.0,False,0.9857592345811885,False,0.0007642604575158399,0.34353507565337005
2,12,27,1,3.1234705228031148,0.32015669515669515,0.38684745045633295,1.0,False,1.0,False,0.9857592345811885,False,0.0007642604575158399,0.34353507565337005
2,12,28,1,3.1234705228031148,0.32015669515669515,0.38684745045633295,1.0,False,1.0,False,0.9857592345811885,False,0.0007642604575158399,0.34353507565337005
2,12,29,0,3.1234705228031148,0.0,0.08379148704798318,1.0,False,1.0,False,0.9857592345811885,False,7.650254829988387e-05,0.0343878954607978
2,12,30,7,3.1234705228031148,2.241096866096866,0.03994014992889243,1.0,False,1.0,False,0.9857592345811885,False,0.004890807912811576,2.1984181568088035
2,12,31,5,3.1234705228031148,1.6007834757834758,0.24957369947482808,1.0,False,1.0,False,0.9857592345811885,False,0.003515292094379664,1.580123796423659
2,13,14,2,3.1234705228031148,0.6403133903133903,0.7762736999601787,1.0,False,1.0,False,1.0,False,0.0014520183667317958,0.6526822558459422
2,13,15,4,3.1234705228031148,1.2806267806267806,0.5615634740660312,1.0,False,1.0,False,0.9957506177226078,False,0.0028275341851637078,1.2709766162310867
2,13,16,7,3.1234705228031148,2.241096866096866,0.03994014992889243,1.0,False,1.0,False,0.9857592345811885,False,0.004890807912811576,2.1984181568088035
2,13,17,2,3.1234705228031148,0.6403133903133903,0.7762736999601787,1.0,False,1.0,False,1.0,False,0.0014520183667317958,0.6526822558459422
2,13,18,6,3.1234705228031148,1.9209401709401712,0.14049792107858372,1.0,False,1.0,False,0.9857592345811885,False,0.00420305000359562,1.8892709766162312
2,13,19,4,3.1234705228031148,1.2806267806267806,0.5615634740660312,1.0,False,1.0,False,0.9957506177226078,False,0.0028275341851637078,1.2709766162310867
2,13,20,4,3.1234705228031148,1.2806267806267806,0.5615634740660312,1.0,False,1.0,False,0.9957506177226078,False,0.0028275341851637078,1.2709766162310867
2,13,21,4,3.1234705228031148,1.2806267806267806,0.5615634740660312,1.0,False,1.0,False,0.9957506177226078,False,0.0028275341851637078,1.2709766162310867
2,13,22,6,3.1234705228031148,1.9209401709401712,0.14049792107858372,1.0,False,1.0,False,0.9857592345811885,False,0.00420305000359562,1.8892709766162312
2,13,23,7,3.1234705228031148,2.241096866096866,0.03994014992889243,1.0,False,1.0,False,0.9857592345811885,False,0.004890807912811576,2.1984181568088035
2,13,24,7,3.1234705228031148,2.241096866096866,0.03994014992889243,1.0,False,1.0,False,0.9857592345811885,False,0.004890807912811576,2.1984181568088035
2,13,25,4,3.1234705228031148,1.2806267806267806,0.5615634740660312,1.0,False,1.0,False,0.9957506177226078,False,0.0028275341851637078,1.2709766162310867
2,13,26,4,3.1234705228031148,1.2806267806267806,0.5615634740660312,1.0,False,1.0,False,0.9957506177226078,False,0.0028275341851637078,1.2709766162310867
2,13,27,3,3.1234705228031148,0.9604700854700856,1.0,1.0,False,1.0,False,1.0,False,0.002139776275947752,0.9618294360385146
2,13,28,3,3.1234705228031148,0.9604700854700856,1.0,1.0,False,1.0,False,1.0,False,0.002139776275947752,0.9618294360385146
2,13,29,1,3.1234705228031148,0.32015669515669515,0.38684745045633295,1.0,False,1.0,False,0.9857592345811885,False,0.0007642604575158399,0.34353507565337005
2,13,30,6,3.1234705228031148,1.9209401709401712,0.14049792107858372,1.0,False,1.0,False,0.9857592345811885,False,0.00420305000359562,1.8892709766162312
2,13,31,5,3.1234705228031148,1.6007834757834758,0.24957369947482808,1.0,False,1.0,False,0.9857592345811885,False,0.003515292094379664,1.580123796423659
2,14,15,3,3.1234705228031148,0.9604700854700856,1.0,1.0,False,1.0,False,1.0,False,0.002139776275947752,0.9618294360385146
2,14,16,2,3.1234705228031148,0.6403133903133903,0.7762736999601787,1.0,False,1.0,False,1.0,False,0.0014520183667317958,0.6526822558459422
2,14,17,2,3.1234705228031148,0.6403133903133903,0.7762736999601787,1.0,False,1.0,False,1.0,False,0.0014520183667317958,0.6526822558459422
2,14,18,1,3.1234705228031148,0.32015669515669515,0.38684745045633295,1.0,False,1.0,False,0.9857592345811885,False,0.0007642604575158399,0.34353507565337005
2,14,19,5,3.1234705228031148,1.6007834757834758,0.24957369947482808,1.0,False,1.0,False,0.9857592345811885,False,0.003515292094379664,1.580123796423659
2,14,20,2,3.1234705228031148,0.6403133903133903,0.7762736999601787,1.0,False,1.0,False,1.0,False,0.0014520183667317958,0.6526822558459422
2,14,21,8,3.1234705228031148,2.561253561253561,0.01468912435960452,1.0,False,1.0,False,0.956921941977135,False,0.005578565822027533,2.5075653370013757
2,14,22,3,3.1234705228031148,0.9604700854700856,1.0,1.0,False,1.0,False,1.0,False,0.002139776275947752,0.9618294360385146
2,14,23,4,3.1234705228031148,1.2806267806267806,0.5615634740660312,1.0,False,1.0,False,0.9957506177226078,False,0.0028275341851637078,1.2709766162310867
2,14,24,5,3.1234705228031148,1.6007834757834758,0.24957369947482808,1.0,False,1.0,False,0.9857592345811885,False,0.003515292094379664,1.580123796423659
2,14,25,3,3.1234705228031148,0.9604700854700856,1.0,1.0,False,1.0,False,1.0,False,0.002139776275947752,0.9618294360385146
2,14,26,4,3.1234705228031148,1.2806267806267806,0.5615634740660312,1.0,False,1.0,False,0.9957506177226078,False,0.0028275341851637078,1.2709766162310867
2,14,27,4,3.1234705228031148,1.2806267806267806,0.5615634740660312,1.0,False,1.0,False,0.9957506177226078,False,0.0028275341851637078,1.2709766162310867
2,14,28,4,3.1234705228031148,1.2806267806267806,0.5615634740660312,1.0,False,1.0,False,0.9957506177226078,False,0.0028275341851637078,1.2709766162310867
2,14,29,4,3.1234705228031148,1.2806267806267806,0.5615634740660312,1.0,False,1.0,False,0.9957506177226078,False,0.0028275341851637078,1.2709766162310867
2,14,30,7,3.1234705228031148,2.241096866096866,0.03994014992889243,1.0,False,1.0,False,0.9857592345811885,False,0.004890807912811576,2.1984181568088035
2,14,31,2,3.1234705228031148,0.6403133903133903,0.7762736999601787,1.0,False,1.0,False,1.0,False,0.0014520183667317958,0.6526822558459422
2,15,16,1,3.1234705228031148,0.32015669515669515,0.38684745045633295,1.0,False,1.0,False,0.9857592345811885,False,0.0007642604575158399,0.34353507565337005
2,15,17,1,3.1234705228031148,0.32015669515669515,0.38684745045633295,1.0,False,1.0,False,0.9857592345811885,False,0.0007642604575158399,0.34353507565337005
2,15,18,4,3.1234705228031148,1.2806267806267806,0.5615634740660312,1.0,False,1.0,False,0.9957506177226078,False,0.0028275341851637078,1.2709766162310867
2,15,19,4,3.1234705228031148,1.2806267806267806,0.5615634740660312,1.0,False,1.0,False,0.9957506177226078,False,0.0028275341851637078,1.2709766162310867
2,15,20,3,3.1234705228031148,0.9604700854700856,1.0,1.0,False,1.0,False,1.0,False,0.002139776275947752,0.9618294360385146
2,15,21,2,3.1234705228031148,0.6403133903133903,0.7762736999601787,1.0,False,1.0,False,1.0,False,0.0014520183667317958,0.6526822558459422
2,15,22,2,3.1234705228031148,0.6403133903133903,0.7762736999601787,1.0,False,1.0,False,1.0,False,0.0014520183667317958,0.6526822558459422
2,15,23,4,3.1234705228031148,1.2806267806267806,0.5615634740660312,1.0,False,1.0,False,0.9957506177226078,False,0.0028275341851637078,1.2709766162310867
2,15,24,4,3.1234705228031148,1.2806267806267806,0.5615634740660312,1.0,False,1.0,False,0.9957506177226078,False,0.0028275341851637078,1.2709766162310867
2,15,25,3,3.1234705228031148,0.9604700854700856,1.0,1.0,False,1.0,False,1.0,False,0.002139776275947752,0.9618294360385146
2,15,26,5,3.1234705228031148,1.6007834757834758,0.24957369947482808,1.0,False,1.0,False,0.9857592345811885,False,0.003515292094379664,1.580123796423659
2,15,27,1,3.1234705228031148,0.32015669515669515,0.38684745045633295,1.0,False,1.0,False,0.9857592345811885,False,0.0007642604575158399,0.34353507565337005
2,15,28,6,3.1234705228031148,1.9209401709401712,0.14049792107858372,1.0,False,1.0,False,0.9857592345811885,False,0.00420305000359562,1.8892709766162312
2,15,29,3,3.1234705228031148,0.9604700854700856,1.0,1.0,False,1.0,False,1.0,False,0.002139776275947752,0.9618294360385146
2,15,30,1,3.1234705228031148,0.32015669515669515,0.38684745045633295,1.0,False,1.0,False,0.9857592345811885,False,0.0007642604575158399,0.34353507565337005
2,15,31,2,3.1234705228031148,0.6403133903133903,0.7762736999601787,1.0,False,1.0,False,1.0,False,0.0014520183667317958,0.6526822558459422
2,16,17,5,3.1234705228031148,1.6007834757834758,0.24957369947482808,1.0,False,1.0,False,0.9857592345811885,False,0.003515292094379664,1.580123796423659
2,16,18,8,3.1234705228031148,2.561253561253561,0.01468912435960452,1.0,False,1.0,False,0.956921941977135,False,0.005578565822027533,2.5075653370013757
2,16,19,8,3.1234705228031148,2.561253561253561,0.01468912435960452,1.0,False,1.0,False,0.956921941977135,False,0.005578565822027533,2.5075653370013757
2,16,20,5,3.1234705228031148,1.6007834757834758,0.24957369947482808,1.0,False,1.0,False,0.9857592345811885,False,0.003515292094379664,1.580123796423659
2,16,21,1,3.1234705228031148,0.32015669515669515,0.38684745045633295,1.0,False,1.0,False,0.9857592345811885,False,0.0007642604575158399,0.34353507565337005
2,16,22,5,3.1234705228031148,1.6007834757834758,0.24957369947482808,1.0,False,1.0,False,0.9857592345811885,False,0.003515292094379664,1.580123796423659
2,16,23,2,3.1234705228031148,0.6403133903133903,0.7762736999601787,1.0,False,1.0,False,1.0,False,0.0014520183667317958,0.6526822558459422
2,16,24,7,3.1234705228031148,2.241096866096866,0.03994014992889243,1.0,False,1.0,False,0.9857592345811885,False,0.004890807912811576,2.1984181568088035
2,16,25,2,3.1234705228031148,0.6403133903133903,0.7762736999601787,1.0,False,1.0,False,1.0,False,0.0014520183667317958,0.6526822558459422
2,16,26,5,3.1234705228031148,1.6007834757834758,0.24957369947482808,1.0,False,1.0,False,0.9857592345811885,False,0.003515292094379664,1.580123796423659
2,16,27,3,3.1234705228031148,0.9604700854700856,1.0,1.0,False,1.0,False,1.0,False,0.002139776275947752,0.9618294360385146
2,16,28,5,3.1234705228031148,1.6007834757834758,0.24957369947482808,1.0,False,1.0,False,0.9857592345811885,False,0.003515292094379664,1.580123796423659
2,16,29,2,3.1234705228031148,0.6403133903133903,0.7762736999601787,1.0,False,1.0,False,1.0,False,0.0014520183667317958,0.6526822558459422
2,16,30,7,3.1234705228031148,2.241096866096866,0.03994014992889243,1.0,False,1.0,False,0.9857592345811885,False,0.004890807912811576,2.1984181568088035
2,16,31,2,3.1234705228031148,0.6403133903133903,0.7762736999601787,1.0,False,1.0,False,1.0,False,0.0014520183667317958,0.6526822558459422
2,17,18,2,3.1234705228031148,0.6403133903133903,0.7762736999601787,1.0,False,1.0,False,1.0,False,0.0014520183667317958,0.6526822558459422
2,17,19,5,3.1234705228031148,1.6007834757834758,0.24957369947482808,1.0,False,1.0,False,0.9857592345811885,False,0.003515292094379664,1.580123796423659
2,17,20,3,3.1234705228031148,0.9604700854700856,1.0,1.0,False,1.0,False,1.0,False,0.002139776275947752,0.9618294360385146
2,17,21,1,3.1234705228031148,0.32015669515669515,0.38684745045633295,1.0,False,1.0,False,0.9857592345811885,False,0.0007642604575158399,0.34353507565337005
2,17,22,3,3.1234705228031148,0.9604700854700856,1.0,1.0,False,1.0,False,1.0,False,0.002139776275947752,0.9618294360385146
2,17,23,5,3.1234705228031148,1.6007834757834758,0.24957369947482808,1.0,False,1.0,False,0.9857592345811885,False,0.003515292094379664,1.580123796423659
2,17,24,2,3.1234705228031148,0.6403133903133903,0.7762736999601787,1.0,False,1.0,False,1.0,False,0.0014520183667317958,0.6526822558459422
2,17,25,1,3.1234705228031148,0.32015669515669515,0.38684745045633295,1.0,False,1.0,False,0.9857592345811885,False,0.0007642604575158399,0.34353507565337005
2,17,26,3,3.1234705228031148,0.9604700854700856,1.0,1.0,False,1.0,False,1.0,False,0.002139776275947752,0.9618294360385146
2,17,27,2,3.1234705228031148,0.6403133903133903,0.7762736999601787,1.0,False,1.0,False,1.0,False,0.0014520183667317958,0.6526822558459422
2,17,28,3,3.1234705228031148,0.9604700854700856,1.0,1.0,False,1.0,False,1.0,False,0.002139776275947752,0.9618294360385146
2,17,29,3,3.1234705228031148,0.9604700854700856,1.0,1.0,False,1.0,False,1.0,False,0.002139776275947752,0.9618294360385146
2,17,30,1,3.1234705228031148,0.32015669515669515,0.38684745045633295,1.0,False,1.0,False,0.9857592345811885,False,0.0007642604575158399,0.34353507565337005
2,17,31,2,3.1234705228031148,0.6403133903133903,0.7762736999601787,1.0,False,1.0,False,1.0,False,0.0014520183667317958,0.6526822558459422
2,18,19,2,3.1234705228031148,0.6403133903133903,0.7762736999601787,1.0,False,1.0,False,1.0,False,0.0014520183667317958,0.6526822558459422
2,18,20,4,3.1234705228031148,1.2806267806267806,0.5615634740660312,1.0,False,1.0,False,0.9957506177226078,False,0.0028275341851637078,1.2709766162310867
2,18,21,3,3.1234705228031148,0.9604700854700856,1.0,1.0,False,1.0,False,1.0,False,0.002139776275947752,0.9618294360385146
2,18,22,5,3.1234705228031148,1.6007834757834758,0.24957369947482808,1.0,False,1.0,False,0.9857592345811885,False,0.003515292094379664,1.580123796423659
2,18,23,1,3.1234705228031148,0.32015669515669515,0.38684745045633295,1.0,False,1.0,False,0.9857592345811885,False,0.0007642604575158399,0.34353507565337005
2,18,24,2,3.1234705228031148,0.6403133903133903,0.7762736999601787,1.0,False,1.0,False,1.0,False,0.0014520183667317958,0.6526822558459422
2,18,25,4,3.1234705228031148,1.2806267806267806,0.5615634740660312,1.0,False,1.0,False,0.9957506177226078,False,0.0028275341851637078,1.2709766162310867
2,18,26,3,3.1234705228031148,0.9604700854700856,1.0,1.0,False,1.0,False,1.0,False,0.002139776275947752,0.9618294360385146
2,18,27,4,3.1234705228031148,1.2806267806267806,0.5615634740660312,1.0,False,1.0,False,0.9957506177226078,False,0.0028275341851637078,1.2709766162310867
2,18,28,4,3.1234705228031148,1.2806267806267806,0.5615634740660312,1.0,False,1.0,False,0.9957506177226078,False,0.0028275341851637078,1.2709766162310867
2,18,29,3,3.1234705228031148,0.9604700854700856,1.0,1.0,False,1.0,False,1.0,False,0.002139776275947752,0.9618294360385146
2,18,30,4,3.1234705228031148,1.2806267806267806,0.5615634740660312,1.0,False,1.0,False,0.9957506177226078,False,0.0028275341851637078,1.2709766162310867
2,18,31,0,3.1234705228031148,0.0,0.08379148704798318,1.0,False,1.0,False,0.9857592345811885,False,7.650254829988387e-05,0.0343878954607978
2,19,20,2,3.1234705228031148,0.6403133903133903,0.7762736999601787,1.0,False,1.0,False,1.0,False,0.0014520183667317958,0.6526822558459422
2,19,21,2,3.1234705228031148,0.6403133903133903,0.7762736999601787,1.0,False,1.0,False,1.0,False,0.0014520183667317958,0.6526822558459422
2,19,22,2,3.1234705228031148,0.6403133903133903,0.7762736999601787,1.0,False,1.0,False,1.0,False,0.0014520183667317958,0.6526822558459422
2,19,23,5,3.1234705228031148,1.6007834757834758,0.24957369947482808,1.0,False,1.0,False,0.9857592345811885,False,0.003515292094379664,1.580123796423659
2,19,24,4,3.1234705228031148,1.2806267806267806,0.5615634740660312,1.0,False,1.0,False,0.9957506177226078,False,0.0028275341851637078,1.2709766162310867
2,19,25,3,3.1234705228031148,0.9604700854700856,1.0,1.0,False,1.0,False,1.0,False,0.002139776275947752,0.9618294360385146
2,19,26,4,3.1234705228031148,1.2806267806267806,0.5615634740660312,1.0,False,1.0,False,0.9957506177226078,False,0.0028275341851637078,1.2709766162310867
2,19,27,5,3.1234705228031148,1.6007834757834758,0.24957369947482808,1.0,False,1.0,False,0.9857592345811885,False,0.003515292094379664,1.580123796423659
2,19,28,9,3.1234705228031148,2.8814102564102564,0.004857551695085205,1.0,False,1.0,False,0.956921941977135,False,0.006266323731243488,2.816712517193948
2,19,29,4,3.1234705228031148,1.2806267806267806,0.5615634740660312,1.0,False,1.0,False,0.9957506177226078,False,0.0028275341851637078,1.2709766162310867
2,19,30,4,3.1234705228031148,1.2806267806267806,0.5615634740660312,1.0,False,1.0,False,0.9957506177226078,False,0.0028275341851637078,1.2709766162310867
2,19,31,4,3.1234705228031148,1.2806267806267806,0.5615634740660312,1.0,False,1.0,False,0.9957506177226078,False,0.0028275341851637078,1.2709766162310867
2,20,21,0,3.1234705228031148,0.0,0.08379148704798318,1.0,False,1.0,False,0.9857592345811885,False,7.650254829988387e-05,0.0343878954607978
2,20,22,2,3.1234705228031148,0.6403133903133903,0.7762736999601787,1.0,False,1.0,False,1.0,False,0.0014520183667317958,0.6526822558459422
2,20,23,3,3.1234705228031148,0.9604700854700856,1.0,1.0,False,1.0,False,1.0,False,0.002139776275947752,0.9618294360385146
2,20,24,6,3.1234705228031148,1.9209401709401712,0.14049792107858372,1.0,False,1.0,False,0.9857592345811885,False,0.00420305000359562,1.8892709766162312
2,20,25,1,3.1234705228031148,0.32015669515669515,0.38684745045633295,1.0,False,1.0,False,0.9857592345811885,False,0.0007642604575158399,0.34353507565337005
2,20,26,1,3.1234705228031148,0.32015669515669515,0.38684745045633295,1.0,False,1.0,False,0.9857592345811885,False,0.0007642604575158399,0.34353507565337005
2,20,27,3,3.1234705228031148,0.9604700854700856,1.0,1.0,False,1.0,False,1.0,False,0.002139776275947752,0.9618294360385146
2,20,28,3,3.1234705228031148,0.9604700854700856,1.0,1.0,False,1.0,False,1.0,False,0.002139776275947752,0.9618294360385146
2,20,29,2,3.1234705228031148,0.6403133903133903,0.7762736999601787,1.0,False,1.0,False,1.0,False,0.0014520183667317958,0.6526822558459422
2,20,30,3,3.1234705228031148,0.9604700854700856,1.0,1.0,False,1.0,False,1.0,False,0.002139776275947752,0.9618294360385146
2,20,31,2,3.1234705228031148,0.6403133903133903,0.7762736999601787,1.0,False,1.0,False,1.0,False,0.0014520183667317958,0.6526822558459422
2,21,22,3,3.1234705228031148,0.9604700854700856,1.0,1.0,False,1.0,False,1.0,False,0.002139776275947752,0.9618294360385146
2,21,23,3,3.1234705228031148,0.9604700854700856,1.0,1.0,False,1.0,False,1.0,False,0.002139776275947752,0.9618294360385146
2,21,24,8,3.1234705228031148,2.561253561253561,0.01468912435960452,1.0,False,1.0,False,0.956921941977135,False,0.005578565822027533,2.5075653370013757
2,21,25,3,3.1234705228031148,0.9604700854700856,1.0,1.0,False,1.0,False,1.0,False,0.002139776275947752,0.9618294360385146
2,21,26,2,3.1234705228031148,0.6403133903133903,0.7762736999601787,1.0,False,1.0,False,1.0,False,0.0014520183667317958,0.6526822558459422
2,21,27,4,3.1234705228031148,1.2806267806267806,0.5615634740660312,1.0,False,1.0,False,0.9957506177226078,False,0.0028275341851637078,1.2709766162310867
2,21,28,3,3.1234705228031148,0.9604700854700856,1.0,1.0,False,1.0,False,1.0,False,0.002139776275947752,0.9618294360385146
2,21,29,5,3.1234705228031148,1.6007834757834758,0.24957369947482808,1.0,False,1.0,False,0.9857592345811885,False,0.003515292094379664,1.580123796423659
2,21,30,6,3.1234705228031148,1.9209401709401712,0.14049792107858372,1.0,False,1.0,False,0.9857592345811885,False,0.00420305000359562,1.8892709766162312
2,21,31,3,3.1234705228031148,0.9604700854700856,1.0,1.0,False,1.0,False,1.0,False,0.002139776275947752,0.9618294360385146
2,22,23,3,3.1234705228031148,0.9604700854700856,1.0,1.0,False,1.0,False,1.0,False,0.002139776275947752,0.9618294360385146
2,22,24,2,3.1234705228031148,0.6403133903133903,0.7762736999601787,1.0,False,1.0,False,1.0,False,0.0014520183667317958,0.6526822558459422
2,22,25,2,3.1234705228031148,0.6403133903133903,0.7762736999601787,1.0,False,1.0,False,1.0,False,0.0014520183667317958,0.6526822558459422
2,22,26,4,3.1234705228031148,1.2806267806267806,0.5615634740660312,1.0,False,1.0,False,0.9957506177226078,False,0.0028275341851637078,1.2709766162310867
2,22,27,5,3.1234705228031148,1.6007834757834758,0.24957369947482808,1.0,False,1.0,False,0.9857592345811885,False,0.003515292094379664,1.580123796423659
2,22,28,3,3.1234705228031148,0.9604700854700856,1.0,1.0,False,1.0,False,1.0,False,0.002139776275947752,0.9618294360385146
2,22,29,7,3.1234705228031148,2.241096866096866,0.03994014992889243,1.0,False,1.0,False,0.9857592345811885,False,0.004890807912811576,2.1984181568088035
2,22,30,5,3.1234705228031148,1.6007834757834758,0.24957369947482808,1.0,False,1.0,False,0.9857592345811885,False,0.003515292094379664,1.580123796423659
2,22,31,5,3.1234705228031148,1.6007834757834758,0.24957369947482808,1.0,False,1.0,False,0.9857592345811885,False,0.003515292094379664,1.580123796423659
2,23,24,7,3.1234705228031148,2.241096866096866,0.03994014992889243,1.0,False,1.0,False,0.9857592345811885,False,0.004890807912811576,2.1984181568088035
2,23,25,1,3.1234705228031148,0.32015669515669515,0.38684745045633295,1.0,False,1.0,False,0.9857592345811885,False,0.0007642604575158399,0.34353507565337005
2,23,26,2,3.1234705228031148,0.6403133903133903,0.7762736999601787,1.0,False,1.0,False,1.0,False,0.0014520183667317958,0.6526822558459422
2,23,27,5,3.1234705228031148,1.6007834757834758,0.24957369947482808,1.0,False,1.0,False,0.9857592345811885,False,0.003515292094379664,1.580123796423659
2,23,28,4,3.1234705228031148,1.2806267806267806,0.5615634740660312,1.0,False,1.0,False,0.9957506177226078,False,0.0028275341851637078,1.2709766162310867
2,23,29,3,3.1234705228031148,0.9604700854700856,1.0,1.0,False,1.0,False,1.0,False,0.002139776275947752,0.9618294360385146
2,23,30,8,3.1234705228031148,2.561253561253561,0.01468912435960452,1.0,False,1.0,False,0.956921941977135,False,0.005578565822027533,2.5075653370013757
2,23,31,2,3.1234705228031148,0.6403133903133903,0.7762736999601787,1.0,False,1.0,False,1.0,False,0.0014520183667317958,0.6526822558459422
2,24,25,5,3.1234705228031148,1.6007834757834758,0.24957369947482808,1.0,False,1.0,False,0.9857592345811885,False,0.003515292094379664,1.580123796423659
2,24,26,3,3.1234705228031148,0.9604700854700856,1.0,1.0,False,1.0,False,1.0,False,0.002139776275947752,0.9618294360385146
2,24,27,5,3.1234705228031148,1.6007834757834758,0.24957369947482808,1.0,False,1.0,False,0.9857592345811885,False,0.003515292094379664,1.580123796423659
2,24,28,3,3.1234705228031148,0.9604700854700856,1.0,1.0,False,1.0,False,1.0,False,0.002139776275947752,0.9618294360385146
2,24,29,6,3.1234705228031148,1.9209401709401712,0.14049792107858372,1.0,False,1.0,False,0.9857592345811885,False,0.00420305000359562,1.8892709766162312
2,24,30,2,3.1234705228031148,0.6403133903133903,0.7762736999601787,1.0,False,1.0,False,1.0,False,0.0014520183667317958,0.6526822558459422
2,24,31,5,3.1234705228031148,1.6007834757834758,0.24957369947482808,1.0,False,1.0,False,0.9857592345811885,False,0.003515292094379664,1.580123796423659
2,25,26,3,3.1234705228031148,0.9604700854700856,1.0,1.0,False,1.0,False,1.0,False,0.002139776275947752,0.9618294360385146
2,25,27,1,3.1234705228031148,0.32015669515669515,0.38684745045633295,1.0,False,1.0,False,0.9857592345811885,False,0.0007642604575158399,0.34353507565337005
2,25,28,4,3.1234705228031148,1.2806267806267806,0.5615634740660312,1.0,False,1.0,False,0.9957506177226078,False,0.0028275341851637078,1.2709766162310867
2,25,29,2,3.1234705228031148,0.6403133903133903,0.7762736999601787,1.0,False,1.0,False,1.0,False,0.0014520183667317958,0.6526822558459422
2,25,30,3,3.1234705228031148,0.9604700854700856,1.0,1.0,False,1.0,False,1.0,False,0.002139776275947752,0.9618294360385146
2,25,31,8,3.1234705228031148,2.561253561253561,0.01468912435960452,1.0,False,1.0,False,0.956921941977135,False,0.005578565822027533,2.5075653370013757
2,26,27,1,3.1234705228031148,0.32015669515669515,0.38684745045633295,1.0,False,1.0,False,0.9857592345811885,False,0.0007642604575158399,0.34353507565337005
2,26,28,1,3.1234705228031148,0.32015669515669515,0.38684745045633295,1.0,False,1.0,False,0.9857592345811885,False,0.0007642604575158399,0.34353507565337005
2,26,29,3,3.1234705228031148,0.9604700854700856,1.0,1.0,False,1.0,False,1.0,False,0.002139776275947752,0.9618294360385146
2,26,30,1,3.1234705228031148,0.32015669515669515,0.38684745045633295,1.0,False,1.0,False,0.9857592345811885,False,0.0007642604575158399,0.34353507565337005
2,26,31,6,3.1234705228031148,1.9209401709401712,0.14049792107858372,1.0,False,1.0,False,0.9857592345811885,False,0.00420305000359562,1.8892709766162312
2,27,28,3,3.1234705228031148,0.9604700854700856,1.0,1.0,False,1.0,False,1.0,False,0.002139776275947752,0.9618294360385146
2,27,29,4,3.1234705228031148,1.2806267806267806,0.5615634740660312,1.0,False,1.0,False,0.9957506177226078,False,0.0028275341851637078,1.2709766162310867
2,27,30,2,3.1234705228031148,0.6403133903133903,0.7762736999601787,1.0,False,1.0,False,1.0,False,0.0014520183667317958,0.6526822558459422
2,27,31,3,3.1234705228031148,0.9604700854700856,1.0,1.0,False,1.0,False,1.0,False,0.002139776275947752,0.9618294360385146
2,28,29,5,3.1234705228031148,1.6007834757834758,0.24957369947482808,1.0,False,1.0,False,0.9857592345811885,False,0.003515292094379664,1.580123796423659
2,28,30,2,3.1234705228031148,0.6403133903133903,0.7762736999601787,1.0,False,1.0,False,1.0,False,0.0014520183667317958,0.6526822558459422
2,28,31,0,3.1234705228031148,0.0,0.08379148704798318,1.0,False,1.0,False,0.9857592345811885,False,7.650254829988387e-05,0.0343878954607978
2,29,30,1,3.1234705228031148,0.32015669515669515,0.38684745045633295,1.0,False,1.0,False,0.9857592345811885,False,0.0007642604575158399,0.34353507565337005
2,29,31,4,3.1234705228031148,1.2806267806267806,0.5615634740660312,1.0,False,1.0,False,0.9957506177226078,False,0.0028275341851637078,1.2709766162310867
2,30,31,3,3.1234705228031148,0.9604700854700856,1.0,1.0,False,1.0,False,1.0,False,0.002139776275947752,0.9618294360385146
3,4,5,1,3.1234705228031148,0.32015669515669515,0.38684745045633295,1.0,False,1.0,False,0.9857592345811885,False,0.0007642604575158399,0.34353507565337005
3,4,6,3,3.1234705228031148,0.9604700854700856,1.0,1.0,False,1.0,False,1.0,False,0.002139776275947752,0.9618294360385146
3,4,7,2,3.1234705228031148,0.6403133903133903,0.7762736999601787,1.0,False,1.0,False,1.0,False,0.0014520183667317958,0.6526822558459422
3,4,8,3,3.1234705228031148,0.9604700854700856,1.0,1.0,False,1.0,False,1.0,False,0.002139776275947752,0.9618294360385146
3,4,9,4,3.1234705228031148,1.2806267806267806,0.5615634740660312,1.0,False,1.0,False,0.9957506177226078,False,0.0028275341851637078,1.2709766162310867
3,4,10,5,3.1234705228031148,1.6007834757834758,0.24957369947482808,1.0,False,1.0,False,0.9857592345811885,False,0.003515292094379664,1.580123796423659
3,4,11,6,3.1234705228031148,1.9209401709401712,0.14049792107858372,1.0,False,1.0,False,0.9857592345811885,False,0.00420305000359562,1.8892709766162312
3,4,12,1,3.1234705228031148,0.32015669515669515,0.38684745045633295,1.0,False,1.0,False,0.9857592345811885,False,0.0007642604575158399,0.34353507565337005
3,4,13,6,3.1234705228031148,1.9209401709401712,0.14049792107858372,1.0,False,1.0,False,0.9857592345811885,False,0.00420305000359562,1.8892709766162312
3,4,14,2,3.1234705228031148,0.6403133903133903,0.7762736999601787,1.0,False,1.0,False,1.0,False,0.0014520183667317958,0.6526822558459422
3,4,15,1,3.1234705228031148,0.32015669515669515,0.38684745045633295,1.0,False,1.0,False,0.9857592345811885,False,0.0007642604575158399,0.34353507565337005
3,4,16,6,3.1234705228031148,1.9209401709401712,0.14049792107858372,1.0,False,1.0,False,0.9857592345811885,False,0.00420305000359562,1.8892709766162312
3,4,17,3,3.1234705228031148,0.9604700854700856,1.0,1.0,False,1.0,False,1.0,False,0.002139776275947752,0.9618294360385146
3,4,18,2,3.1234705228031148,0.6403133903133903,0.7762736999601787,1.0,False,1.0,False,1.0,False,0.0014520183667317958,0.6526822558459422
3,4,19,6,3.1234705228031148,1.9209401709401712,0.14049792107858372,1.0,False,1.0,False,0.9857592345811885,False,0.00420305000359562,1.8892709766162312
3,4,20,2,3.1234705228031148,0.6403133903133903,0.7762736999601787,1.0,False,1.0,False,1.0,False,0.0014520183667317958,0.6526822558459422
3,4,21,1,3.1234705228031148,0.32015669515669515,0.38684745045633295,1.0,False,1.0,False,0.9857592345811885,False,0.0007642604575158399,0.34353507565337005
3,4,22,4,3.1234705228031148,1.2806267806267806,0.5615634740660312,1.0,False,1.0,False,0.9957506177226078,False,0.0028275341851637078,1.2709766162310867
3,4,23,4,3.1234705228031148,1.2806267806267806,0.5615634740660312,1.0,False,1.0,False,0.9957506177226078,False,0.0028275341851637078,1.2709766162310867
3,4,24,2,3.1234705228031148,0.6403133903133903,0.7762736999601787,1.0,False,1.0,False,1.0,False,0.0014520183667317958,0.6526822558459422
3,4,25,2,3.1234705228031148,0.6403133903133903,0.7762736999601787,1.0,False,1.0,False,1.0,False,0.0014520183667317958,0.6526822558459422
3,4,26,3,3.1234705228031148,0.9604700854700856,1.0,1.0,False,1.0,False,1.0,False,0.002139776275947752,0.9618294360385146
3,4,27,5,3.1234705228031148,1.6007834757834758,0.24957369947482808,1.0,False,1.0,False,0.9857592345811885,False,0.003515292094379664,1.580123796423659
3,4,28,2,3.1234705228031148,0.6403133903133903,0.7762736999601787,1.0,False,1.0,False,1.0,False,0.0014520183667317958,0.6526822558459422
3,4,29,4,3.1234705228031148,1.2806267806267806,0.5615634740660312,1.0,False,1.0,False,0.9957506177226078,False,0.0028275341851637078,1.2709766162310867
3,4,30,2,3.1234705228031148,0.6403133903133903,0.7762736999601787,1.0,False,1.0,False,1.0,False,0.0014520183667317958,0.6526822558459422
3,4,31,10,3.1234705228031148,3.2015669515669516,0.0014573595881438104,1.0,False,1.0,False,0.956921941977135,False,0.006954081640459444,3.1258596973865203
3,5,6,5,3.1234705228031148,1.6007834757834758,0.24957369947482808,1.0,False,1.0,False,0.9857592345811885,False,0.003515292094379664,1.580123796423659
3,5,7,8,3.1234705228031148,2.561253561253561,0.01468912435960452,1.0,False,1.0,False,0.956921941977135,False,0.005578565822027533,2.5075653370013757
3,5,8,2,3.1234705228031148,0.6403133903133903,0.7762736999601787,1.0,False,1.0,False,1.0,False,0.0014520183667317958,0.6526822558459422
3,5,9,1,3.1234705228031148,0.32015669515669515,0.38684745045633295,1.0,False,1.0,False,0.9857592345811885,False,0.0007642604575158399,0.34353507565337005
3,5,10,3,3.1234705228031148,0.9604700854700856,1.0,1.0,False,1.0,False,1.0,False,0.002139776275947752,0.9618294360385146
3,5,11,6,3.1234705228031148,1.9209401709401712,0.14049792107858372,1.0,False,1.0,False,0.9857592345811885,False,0.00420305000359562,1.8892709766162312
3,5,12,5,3.1234705228031148,1.6007834757834758,0.24957369947482808,1.0,False,1.0,False,0.9857592345811885,False,0.003515292094379664,1.580123796423659
3,5,13,1,3.1234705228031148,0.32015669515669515,0.38684745045633295,1.0,False,1.0,False,0.9857592345811885,False,0.0007642604575158399,0.34353507565337005
3,5,14,8,3.1234705228031148,2.561253561253561,0.01468912435960452,1.0,False,1.0,False,0.956921941977135,False,0.005578565822027533,2.5075653370013757
3,5,15,2,3.1234705228031148,0.6403133903133903,0.7762736999601787,1.0,False,1.0,False,1.0,False,0.0014520183667317958,0.6526822558459422
3,5,16,3,3.1234705228031148,0.9604700854700856,1.0,1.0,False,1.0,False,1.0,False,0.002139776275947752,0.9618294360385146
3,5,17,3,3.1234705228031148,0.9604700854700856,1.0,1.0,False,1.0,False,1.0,False,0.002139776275947752,0.9618294360385146
3,5,18,5,3.1234705228031148,1.6007834757834758,0.24957369947482808,1.0,False,1.0,False,0.9857592345811885,False,0.003515292094379664,1.580123796423659
3,5,19,2,3.1234705228031148,0.6403133903133903,0.7762736999601787,1.0,False,1.0,False,1.0,False,0.0014520183667317958,0.6526822558459422
3,5,20,4,3.1234705228031148,1.2806267806267806,0.5615634740660312,1.0,False,1.0,False,0.9957506177226078,False,0.0028275341851637078,1.2709766162310867
3,5,21,1,3.1234705228031148,0.32015669515669515,0.38684745045633295,1.0,False,1.0,False,0.9857592345811885,False,0.0007642604575158399,0.34353507565337005
3,5,22,6,3.1234705228031148,1.9209401709401712,0.14049792107858372,1.0,False,1.0,False,0.9857592345811885,False,0.00420305000359562,1.8892709766162312
3,5,23,5,3.1234705228031148,1.6007834757834758,0.24957369947482808,1.0,False,1.0,False,0.9857592345811885,False,0.003515292094379664,1.580123796423659
3,5,24,1,3.1234705228031148,0.32015669515669515,0.38684745045633295,1.0,False,1.0,False,0.9857592345811885,False,0.0007642604575158399,0.34353507565337005
3,5,25,3,3.1234705228031148,0.9604700854700856,1.0,1.0,False,1.0,False,1.0,False,0.002139776275947752,0.9618294360385146
3,5,26,3,3.1234705228031148,0.9604700854700856,1.0,1.0,False,1.0,False,1.0,False,0.002139776275947752,0.9618294360385146
3,5,27,0,3.1234705228031148,0.0,0.08379148704798318,1.0,False,1.0,False,0.9857592345811885,False,7.650254829988387e-05,0.0343878954607978
3,5,28,1,3.1234705228031148,0.32015669515669515,0.38684745045633295,1.0,False,1.0,False,0.9857592345811885,False,0.0007642604575158399,0.34353507565337005
3,5,29,2,3.1234705228031148,0.6403133903133903,0.7762736999601787,1.0,False,1.0,False,1.0,False,0.0014520183667317958,0.6526822558459422
3,5,30,1,3.1234705228031148,0.32015669515669515,0.38684745045633295,1.0,False,1.0,False,0.9857592345811885,False,0.0007642604575158399,0.34353507565337005
3,5,31,2,3.1234705228031148,0.6403133903133903,0.7762736999601787,1.0,False,1.0,False,1.0,False,0.0014520183667317958,0.6526822558459422
3,6,7,3,3.1234705228031148,0.9604700854700856,1.0,1.0,False,1.0,False,1.0,False,0.002139776275947752,0.9618294360385146
3,6,8,1,3.1234705228031148,0.32015669515669515,0.38684745045633295,1.0,False,1.0,False,0.9857592345811885,False,0.0007642604575158399,0.34353507565337005
3,6,9,2,3.1234705228031148,0.6403133903133903,0.7762736999601787,1.0,False,1.0,False,1.0,False,0.0014520183667317958,0.6526822558459422
3,6,10,2,3.1234705228031148,0.6403133903133903,0.7762736999601787,1.0,False,1.0,False,1.0,False,0.0014520183667317958,0.6526822558459422
3,6,11,5,3.1234705228031148,1.6007834757834758,0.24957369947482808,1.0,False,1.0,False,0.9857592345811885,False,0.003515292094379664,1.580123796423659
3,6,12,4,3.1234705228031148,1.2806267806267806,0.5615634740660312,1.0,False,1.0,False,0.9957506177226078,False,0.0028275341851637078,1.2709766162310867
3,6,13,1,3.1234705228031148,0.32015669515669515,0.38684745045633295,1.0,False,1.0,False,0.9857592345811885,False,0.0007642604575158399,0.34353507565337005
3,6,14,3,3.1234705228031148,0.9604700854700856,1.0,1.0,False,1.0,False,1.0,False,0.002139776275947752,0.9618294360385146
3,6,15,3,3.1234705228031148,0.9604700854700856,1.0,1.0,False,1.0,False,1.0,False,0.002139776275947752,0.9618294360385146
3,6,16,3,3.1234705228031148,0.9604700854700856,1.0,1.0,False,1.0,False,1.0,False,0.002139776275947752,0.9618294360385146
3,6,17,2,3.1234705228031148,0.6403133903133903,0.7762736999601787,1.0,False,1.0,False,1.0,False,0.0014520183667317958,0.6526822558459422
3,6,18,0,3.1234705228031148,0.0,0.08379148704798318,1.0,False,1.0,False,0.9857592345811885,False,7.650254829988387e-05,0.0343878954607978
3,6,19,3,3.1234705228031148,0.9604700854700856,1.0,1.0,False,1.0,False,1.0,False,0.002139776275947752,0.9618294360385146
3,6,20,3,3.1234705228031148,0.9604700854700856,1.0,1.0,False,1.0,False,1.0,False,0.002139776275947752,0.9618294360385146
3,6,21,1,3.1234705228031148,0.32015669515669515,0.38684745045633295,1.0,False,1.0,False,0.9857592345811885,False,0.0007642604575158399,0.34353507565337005
3,6,22,3,3.1234705228031148,0.9604700854700856,1.0,1.0,False,1.0,False,1.0,False,0.002139776275947752,0.9618294360385146
3,6,23,6,3.1234705228031148,1.9209401709401712,0.14049792107858372,1.0,False,1.0,False,0.9857592345811885,False,0.00420305000359562,1.8892709766162312
3,6,24,1,3.1234705228031148,0.32015669515669515,0.38684745045633295,1.0,False,1.0,False,0.9857592345811885,False,0.0007642604575158399,0.34353507565337005
3,6,25,4,3.1234705228031148,1.2806267806267806,0.5615634740660312,1.0,False,1.0,False,0.9957506177226078,False,0.0028275341851637078,1.2709766162310867
3,6,26,0,3.1234705228031148,0.0,0.08379148704798318,1.0,False,1.0,False,0.9857592345811885,False,7.650254829988387e-05,0.0343878954607978
3,6,27,5,3.1234705228031148,1.6007834757834758,0.24957369947482808,1.0,False,1.0,False,0.9857592345811885,False,0.003515292094379664,1.580123796423659
3,6,28,1,3.1234705228031148,0.32015669515669515,0.38684745045633295,1.0,False,1.0,False,0.9857592345811885,False,0.0007642604575158399,0.34353507565337005
3,6,29,0,3.1234705228031148,0.0,0.08379148704798318,1.0,False,1.0,False,0.9857592345811885,False,7.650254829988387e-05,0.0343878954607978
3,6,30,4,3.1234705228031148,1.2806267806267806,0.5615634740660312,1.0,False,1.0,False,0.9957506177226078,False,0.0028275341851637078,1.2709766162310867
3,6,31,4,3.1234705228031148,1.2806267806267806,0.5615634740660312,1.0,False,1.0,False,0.9957506177226078,False,0.0028275341851637078,1.2709766162310867
3,7,8,2,3.1234705228031148,0.6403133903133903,0.7762736999601787,1.0,False,1.0,False,1.0,False,0.0014520183667317958,0.6526822558459422
3,7,9,2,3.1234705228031148,0.6403133903133903,0.7762736999601787,1.0,False,1.0,False,1.0,False,0.0014520183667317958,0.6526822558459422
3,7,10,6,3.1234705228031148,1.9209401709401712,0.14049792107858372,1.0,False,1.0,False,0.9857592345811885,False,0.00420305000359562,1.8892709766162312
3,7,11,5,3.1234705228031148,1.6007834757834758,0.24957369947482808,1.0,False,1.0,False,0.9857592345811885,False,0.003515292094379664,1.580123796423659
3,7,12,2,3.1234705228031148,0.6403133903133903,0.7762736999601787,1.0,False,1.0,False,1.0,False,0.0014520183667317958,0.6526822558459422
3,7,13,7,3.1234705228031148,2.241096866096866,0.03994014992889243,1.0,False,1.0,False,0.9857592345811885,False,0.004890807912811576,2.1984181568088035
3,7,14,4,3.1234705228031148,1.2806267806267806,0.5615634740660312,1.0,False,1.0,False,0.9957506177226078,False,0.0028275341851637078,1.2709766162310867
3,7,15,3,3.1234705228031148,0.9604700854700856,1.0,1.0,False,1.0,False,1.0,False,0.002139776275947752,0.9618294360385146
3,7,16,4,3.1234705228031148,1.2806267806267806,0.5615634740660312,1.0,False,1.0,False,0.9957506177226078,False,0.0028275341851637078,1.2709766162310867
3,7,17,2,3.1234705228031148,0.6403133903133903,0.7762736999601787,1.0,False,1.0,False,1.0,False,0.0014520183667317958,0.6526822558459422
3,7,18,6,3.1234705228031148,1.9209401709401712,0.14049792107858372,1.0,False,1.0,False,0.9857592345811885,False,0.00420305000359562,1.8892709766162312
3,7,19,1,3.1234705228031148,0.32015669515669515,0.38684745045633295,1.0,False,1.0,False,0.9857592345811885,False,0.0007642604575158399,0.34353507565337005
3,7,20,2,3.1234705228031148,0.6403133903133903,0.7762736999601787,1.0,False,1.0,False,1.0,False,0.0014520183667317958,0.6526822558459422
3,7,21,4,3.1234705228031148,1.2806267806267806,0.5615634740660312,1.0,False,1.0,False,0.9957506177226078,False,0.0028275341851637078,1.2709766162310867
3,7,22,3,3.1234705228031148,0.9604700854700856,1.0,1.0,False,1.0,False,1.0,False,0.002139776275947752,0.9618294360385146
3,7,23,3,3.1234705228031148,0.9604700854700856,1.0,1.0,False,1.0,False,1.0,False,0.002139776275947752,0.9618294360385146
3,7,24,1,3.1234705228031148,0.32015669515669515,0.38684745045633295,1.0,False,1.0,False,0.9857592345811885,False,0.0007642604575158399,0.34353507565337005
3,7,25,3,3.1234705228031148,0.9604700854700856,1.0,1.0,False,1.0,False,1.0,False,0.002139776275947752,0.9618294360385146
3,7,26,0,3.1234705228031148,0.0,0.08379148704798318,1.0,False,1.0,False,0.9857592345811885,False,7.650254829988387e-05,0.0343878954607978
3,7,27,5,3.1234705228031148,1.6007834757834758,0.24957369947482808,1.0,False,1.0,False,0.9857592345811885,False,0.003515292094379664,1.580123796423659
3,7,28,1,3.1234705228031148,0.32015669515669515,0.38684745045633295,1.0,False,1.0,False,0.9857592345811885,False,0.0007642604575158399,0.34353507565337005
3,7,29,4,3.1234705228031148,1.2806267806267806,0.5615634740660312,1.0,False,1.0,False,0.9957506177226078,False,0.0028275341851637078,1.2709766162310867
3,7,30,2,3.1234705228031148,0.6403133903133903,0.7762736999601787,1.0,False,1.0,False,1.0,False,0.0014520183667317958,0.6526822558459422
3,7,31,1,3.1234705228031148,0.32015669515669515,0.38684745045633295,1.0,False,1.0,False,0.9857592345811885,False,0.0007642604575158399,0.34353507565337005
3,8,9,2,3.1234705228031148,0.6403133903133903,0.7762736999601787,1.0,False,1.0,False,1.0,False,0.0014520183667317958,0.6526822558459422
3,8,10,4,3.1234705228031148,1.2806267806267806,0.5615634740660312,1.0,False,1.0,False,0.9957506177226078,False,0.0028275341851637078,1.2709766162310867
3,8,11,7,3.1234705228031148,2.241096866096866,0.03994014992889243,1.0,False,1.0,False,0.9857592345811885,False,0.004890807912811576,2.1984181568088035
3,8,12,2,3.1234705228031148,0.6403133903133903,0.7762736999601787,1.0,False,1.0,False,1.0,False,0.0014520183667317958,0.6526822558459422
3,8,13,2,3.1234705228031148,0.6403133903133903,0.7762736999601787,1.0,False,1.0,False,1.0,False,0.0014520183667317958,0.6526822558459422
3,8,14,4,3.1234705228031148,1.2806267806267806,0.5615634740660312,1.0,False,1.0,False,0.9957506177226078,False,0.0028275341851637078,1.2709766162310867
3,8,15,2,3.1234705228031148,0.6403133903133903,0.7762736999601787,1.0,False,1.0,False,1.0,False,0.0014520183667317958,0.6526822558459422
3,8,16,4,3.1234705228031148,1.2806267806267806,0.5615634740660312,1.0,False,1.0,False,0.9957506177226078,False,0.0028275341851637078,1.2709766162310867
3,8,17,4,3.1234705228031148,1.2806267806267806,0.5615634740660312,1.0,False,1.0,False,0.9957506177226078,False,0.0028275341851637078,1.2709766162310867
3,8,18,1,3.1234705228031148,0.32015669515669515,0.38684745045633295,1.0,False,1.0,False,0.9857592345811885,False,0.0007642604575158399,0.34353507565337005
3,8,19,2,3.1234705228031148,0.6403133903133903,0.7762736999601787,1.0,False,1.0,False,1.0,False,0.0014520183667317958,0.6526822558459422
3,8,20,2,3.1234705228031148,0.6403133903133903,0.7762736999601787,1.0,False,1.0,False,1.0,False,0.0014520183667317958,0.6526822558459422
3,8,21,4,3.1234705228031148,1.2806267806267806,0.5615634740660312,1.0,False,1.0,False,0.9957506177226078,False,0.0028275341851637078,1.2709766162310867
3,8,22,5,3.1234705228031148,1.6007834757834758,0.24957369947482808,1.0,False,1.0,False,0.9857592345811885,False,0.003515292094379664,1.580123796423659
3,8,23,5,3.1234705228031148,1.6007834757834758,0.24957369947482808,1.0,False,1.0,False,0.9857592345811885,False,0.003515292094379664,1.580123796423659
3,8,24,0,3.1234705228031148,0.0,0.08379148704798318,1.0,False,1.0,False,0.9857592345811885,False,7.650254829988387e-05,0.0343878954607978
3,8,25,1,3.1234705228031148,0.32015669515669515,0.38684745045633295,1.0,False,1.0,False,0.9857592345811885,False,0.0007642604575158399,0.34353507565337005
3,8,26,2,3.1234705228031148,0.6403133903133903,0.7762736999601787,1.0,False,1.0,False,1.0,False,0.0014520183667317958,0.6526822558459422
3,8,27,4,3.1234705228031148,1.2806267806267806,0.5615634740660312,1.0,False,1.0,False,0.9957506177226078,False,0.0028275341851637078,1.2709766162310867
3,8,28,5,3.1234705228031148,1.6007834757834758,0.24957369947482808,1.0,False,1.0,False,0.9857592345811885,False,0.003515292094379664,1.580123796423659
3,8,29,5,3.1234705228031148,1.6007834757834758,0.24957369947482808,1.0,False,1.0,False,0.9857592345811885,False,0.003515292094379664,1.580123796423659
3,8,30,4,3.1234705228031148,1.2806267806267806,0.5615634740660312,1.0,False,1.0,False,0.9957506177226078,False,0.0028275341851637078,1.2709766162310867
3,8,31,6,3.1234705228031148,1.9209401709401712,0.14049792107858372,1.0,False,1.0,False,0.9857592345811885,False,0.00420305000359562,1.8892709766162312
3,9,10,1,3.1234705228031148,0.32015669515669515,0.38684745045633295,1.0,False,1.0,False,0.9857592345811885,False,0.0007642604575158399,0.34353507565337005
3,9,11,5,3.1234705228031148,1.6007834757834758,0.24957369947482808,1.0,False,1.0,False,0.9857592345811885,False,0.003515292094379664,1.580123796423659
3,9,12,2,3.1234705228031148,0.6403133903133903,0.7762736999601787,1.0,False,1.0,False,1.0,False,0.0014520183667317958,0.6526822558459422
3,9,13,3,3.1234705228031148,0.9604700854700856,1.0,1.0,False,1.0,False,1.0,False,0.002139776275947752,0.9618294360385146
3,9,14,8,3.1234705228031148,2.561253561253561,0.01468912435960452,1.0,False,1.0,False,0.956921941977135,False,0.005578565822027533,2.5075653370013757
3,9,15,4,3.1234705228031148,1.2806267806267806,0.5615634740660312,1.0,False,1.0,False,0.9957506177226078,False,0.0028275341851637078,1.2709766162310867
3,9,16,2,3.1234705228031148,0.6403133903133903,0.7762736999601787,1.0,False,1.0,False,1.0,False,0.0014520183667317958,0.6526822558459422
3,9,17,2,3.1234705228031148,0.6403133903133903,0.7762736999601787,1.0,False,1.0,False,1.0,False,0.0014520183667317958,0.6526822558459422
3,9,18,3,3.1234705228031148,0.9604700854700856,1.0,1.0,False,1.0,False,1.0,False,0.002139776275947752,0.9618294360385146
3,9,19,3,3.1234705228031148,0.9604700854700856,1.0,1.0,False,1.0,False,1.0,False,0.002139776275947752,0.9618294360385146
3,9,20,3,3.1234705228031148,0.9604700854700856,1.0,1.0,False,1.0,False,1.0,False,0.002139776275947752,0.9618294360385146
3,9,21,0,3.1234705228031148,0.0,0.08379148704798318,1.0,False,1.0,False,0.9857592345811885,False,7.650254829988387e-05,0.0343878954607978
3,9,22,4,3.1234705228031148,1.2806267806267806,0.5615634740660312,1.0,False,1.0,False,0.9957506177226078,False,0.0028275341851637078,1.2709766162310867
3,9,23,4,3.1234705228031148,1.2806267806267806,0.5615634740660312,1.0,False,1.0,False,0.9957506177226078,False,0.0028275341851637078,1.2709766162310867
3,9,24,3,3.1234705228031148,0.9604700854700856,1.0,1.0,False,1.0,False,1.0,False,0.002139776275947752,0.9618294360385146
3,9,25,6,3.1234705228031148,1.9209401709401712,0.14049792107858372,1.0,False,1.0,False,0.9857592345811885,False,0.00420305000359562,1.8892709766162312
3,9,26,2,3.1234705228031148,0.6403133903133903,0.7762736999601787,1.0,False,1.0,False,1.0,False,0.0014520183667317958,0.6526822558459422
3,9,27,4,3.1234705228031148,1.2806267806267806,0.5615634740660312,1.0,False,1.0,False,0.9957506177226078,False,0.0028275341851637078,1.2709766162310867
3,9,28,3,3.1234705228031148,0.9604700854700856,1.0,1.0,False,1.0,False,1.0,False,0.002139776275947752,0.9618294360385146
3,9,29,4,3.1234705228031148,1.2806267806267806,0.5615634740660312,1.0,False,1.0,False,0.9957506177226078,False,0.0028275341851637078,1.2709766162310867
3,9,30,3,3.1234705228031148,0.9604700854700856,1.0,1.0,False,1.0,False,1.0,False,0.002139776275947752,0.9618294360385146
3,9,31,1,3.1234705228031148,0.32015669515669515,0.38684745045633295,1.0,False,1.0,False,0.9857592345811885,False,0.0007642604575158399,0.34353507565337005
3,10,11,5,3.1234705228031148,1.6007834757834758,0.24957369947482808,1.0,False,1.0,False,0.9857592345811885,False,0.003515292094379664,1.580123796423659
3,10,12,3,3.1234705228031148,0.9604700854700856,1.0,1.0,False,1.0,False,1.0,False,0.002139776275947752,0.9618294360385146
3,10,13,5,3.1234705228031148,1.6007834757834758,0.24957369947482808,1.0,False,1.0,False,0.9857592345811885,False,0.003515292094379664,1.580123796423659
3,10,14,3,3.1234705228031148,0.9604700854700856,1.0,1.0,False,1.0,False,1.0,False,0.002139776275947752,0.9618294360385146
3,10,15,4,3.1234705228031148,1.2806267806267806,0.5615634740660312,1.0,False,1.0,False,0.9957506177226078,False,0.0028275341851637078,1.2709766162310867
3,10,16,5,3.1234705228031148,1.6007834757834758,0.24957369947482808,1.0,False,1.0,False,0.9857592345811885,False,0.003515292094379664,1.580123796423659
3,10,17,3,3.1234705228031148,0.9604700854700856,1.0,1.0,False,1.0,False,1.0,False,0.002139776275947752,0.9618294360385146
3,10,18,3,3.1234705228031148,0.9604700854700856,1.0,1.0,False,1.0,False,1.0,False,0.002139776275947752,0.9618294360385146
3,10,19,4,3.1234705228031148,1.2806267806267806,0.5615634740660312,1.0,False,1.0,False,0.9957506177226078,False,0.0028275341851637078,1.2709766162310867
3,10,20,6,3.1234705228031148,1.9209401709401712,0.14049792107858372,1.0,False,1.0,False,0.9857592345811885,False,0.00420305000359562,1.8892709766162312
3,10,21,5,3.1234705228031148,1.6007834757834758,0.24957369947482808,1.0,False,1.0,False,0.9857592345811885,False,0.003515292094379664,1.580123796423659
3,10,22,5,3.1234705228031148,1.6007834757834758,0.24957369947482808,1.0,False,1.0,False,0.9857592345811885,False,0.003515292094379664,1.580123796423659
3,10,23,2,3.1234705228031148,0.6403133903133903,0.7762736999601787,1.0,False,1.0,False,1.0,False,0.0014520183667317958,0.6526822558459422
3,10,24,3,3.1234705228031148,0.9604700854700856,1.0,1.0,False,1.0,False,1.0,False,0.002139776275947752,0.9618294360385146
3,10,25,7,3.1234705228031148,2.241096866096866,0.03994014992889243,1.0,False,1.0,False,0.9857592345811885,False,0.004890807912811576,2.1984181568088035
3,10,26,2,3.1234705228031148,0.6403133903133903,0.7762736999601787,1.0,False,1.0,False,1.0,False,0.0014520183667317958,0.6526822558459422
3,10,27,5,3.1234705228031148,1.6007834757834758,0.24957369947482808,1.0,False,1.0,False,0.9857592345811885,False,0.003515292094379664,1.580123796423659
3,10,28,1,3.1234705228031148,0.32015669515669515,0.38684745045633295,1.0,False,1.0,False,0.9857592345811885,False,0.0007642604575158399,0.34353507565337005
3,10,29,2,3.1234705228031148,0.6403133903133903,0.7762736999601787,1.0,False,1.0,False,1.0,False,0.0014520183667317958,0.6526822558459422
3,10,30,3,3.1234705228031148,0.9604700854700856,1.0,1.0,False,1.0,False,1.0,False,0.002139776275947752,0.9618294360385146
3,10,31,8,3.1234705228031148,2.561253561253561,0.01468912435960452,1.0,False,1.0,False,0.956921941977135,False,0.005578565822027533,2.5075653370013757
3,11,12,5,3.1234705228031148,1.6007834757834758,0.24957369947482808,1.0,False,1.0,False,0.9857592345811885,False,0.003515292094379664,1.580123796423659
3,11,13,3,3.1234705228031148,0.9604700854700856,1.0,1.0,False,1.0,False,1.0,False,0.002139776275947752,0.9618294360385146
3,11,14,7,3.1234705228031148,2.241096866096866,0.03994014992889243,1.0,False,1.0,False,0.9857592345811885,False,0.004890807912811576,2.1984181568088035
3,11,15,4,3.1234705228031148,1.2806267806267806,0.5615634740660312,1.0,False,1.0,False,0.9957506177226078,False,0.0028275341851637078,1.2709766162310867
3,11,16,4,3.1234705228031148,1.2806267806267806,0.5615634740660312,1.0,False,1.0,False,0.9957506177226078,False,0.0028275341851637078,1.2709766162310867
3,11,17,3,3.1234705228031148,0.9604700854700856,1.0,1.0,False,1.0,False,1.0,False,0.002139776275947752,0.9618294360385146
3,11,18,5,3.1234705228031148,1.6007834757834758,0.24957369947482808,1.0,False,1.0,False,0.9857592345811885,False,0.003515292094379664,1.580123796423659
3,11,19,3,3.1234705228031148,0.9604700854700856,1.0,1.0,False,1.0,False,1.0,False,0.002139776275947752,0.9618294360385146
3,11,20,6,3.1234705228031148,1.9209401709401712,0.14049792107858372,1.0,False,1.0,False,0.9857592345811885,False,0.00420305000359562,1.8892709766162312
3,11,21,2,3.1234705228031148,0.6403133903133903,0.7762736999601787,1.0,False,1.0,False,1.0,False,0.0014520183667317958,0.6526822558459422
3,11,22,5,3.1234705228031148,1.6007834757834758,0.24957369947482808,1.0,False,1.0,False,0.9857592345811885,False,0.003515292094379664,1.580123796423659
3,11,23,3,3.1234705228031148,0.9604700854700856,1.0,1.0,False,1.0,False,1.0,False,0.002139776275947752,0.9618294360385146
3,11,24,3,3.1234705228031148,0.9604700854700856,1.0,1.0,False,1.0,False,1.0,False,0.002139776275947752,0.9618294360385146
3,11,25,2,3.1234705228031148,0.6403133903133903,0.7762736999601787,1.0,False,1.0,False,1.0,False,0.0014520183667317958,0.6526822558459422
3,11,26,2,3.1234705228031148,0.6403133903133903,0.7762736999601787,1.0,False,1.0,False,1.0,False,0.0014520183667317958,0.6526822558459422
3,11,27,4,3.1234705228031148,1.2806267806267806,0.5615634740660312,1.0,False,1.0,False,0.9957506177226078,False,0.0028275341851637078,1.2709766162310867
3,11,28,6,3.1234705228031148,1.9209401709401712,0.14049792107858372,1.0,False,1.0,False,0.9857592345811885,False,0.00420305000359562,1.8892709766162312
3,11,29,3,3.1234705228031148,0.9604700854700856,1.0,1.0,False,1.0,False,1.0,False,0.002139776275947752,0.9618294360385146
3,11,30,6,3.1234705228031148,1.9209401709401712,0.14049792107858372,1.0,False,1.0,False,0.9857592345811885,False,0.00420305000359562,1.8892709766162312
3,11,31,6,3.1234705228031148,1.9209401709401712,0.14049792107858372,1.0,False,1.0,False,0.9857592345811885,False,0.00420305000359562,1.8892709766162312
3,12,13,2,3.1234705228031148,0.6403133903133903,0.7762736999601787,1.0,False,1.0,False,1.0,False,0.0014520183667317958,0.6526822558459422
3,12,14,6,3.1234705228031148,1.9209401709401712,0.14049792107858372,1.0,False,1.0,False,0.9857592345811885,False,0.00420305000359562,1.8892709766162312
3,12,15,3,3.1234705228031148,0.9604700854700856,1.0,1.0,False,1.0,False,1.0,False,0.002139776275947752,0.9618294360385146
3,12,16,2,3.1234705228031148,0.6403133903133903,0.7762736999601787,1.0,False,1.0,False,1.0,False,0.0014520183667317958,0.6526822558459422
3,12,17,1,3.1234705228031148,0.32015669515669515,0.38684745045633295,1.0,False,1.0,False,0.9857592345811885,False,0.0007642604575158399,0.34353507565337005
3,12,18,2,3.1234705228031148,0.6403133903133903,0.7762736999601787,1.0,False,1.0,False,1.0,False,0.0014520183667317958,0.6526822558459422
3,12,19,2,3.1234705228031148,0.6403133903133903,0.7762736999601787,1.0,False,1.0,False,1.0,False,0.0014520183667317958,0.6526822558459422
3,12,20,4,3.1234705228031148,1.2806267806267806,0.5615634740660312,1.0,False,1.0,False,0.9957506177226078,False,0.0028275341851637078,1.2709766162310867
3,12,21,3,3.1234705228031148,0.9604700854700856,1.0,1.0,False,1.0,False,1.0,False,0.002139776275947752,0.9618294360385146
3,12,22,4,3.1234705228031148,1.2806267806267806,0.5615634740660312,1.0,False,1.0,False,0.9957506177226078,False,0.0028275341851637078,1.2709766162310867
3,12,23,2,3.1234705228031148,0.6403133903133903,0.7762736999601787,1.0,False,1.0,False,1.0,False,0.0014520183667317958,0.6526822558459422
3,12,24,5,3.1234705228031148,1.6007834757834758,0.24957369947482808,1.0,False,1.0,False,0.9857592345811885,False,0.003515292094379664,1.580123796423659
3,12,25,3,3.1234705228031148,0.9604700854700856,1.0,1.0,False,1.0,False,1.0,False,0.002139776275947752,0.9618294360385146
3,12,26,4,3.1234705228031148,1.2806267806267806,0.5615634740660312,1.0,False,1.0,False,0.9957506177226078,False,0.0028275341851637078,1.2709766162310867
3,12,27,3,3.1234705228031148,0.9604700854700856,1.0,1.0,False,1.0,False,1.0,False,0.002139776275947752,0.9618294360385146
3,12,28,1,3.1234705228031148,0.32015669515669515,0.38684745045633295,1.0,False,1.0,False,0.9857592345811885,False,0.0007642604575158399,0.34353507565337005
3,12,29,1,3.1234705228031148,0.32015669515669515,0.38684745045633295,1.0,False,1.0,False,0.9857592345811885,False,0.0007642604575158399,0.34353507565337005
3,12,30,2,3.1234705228031148,0.6403133903133903,0.7762736999601787,1.0,False,1.0,False,1.0,False,0.0014520183667317958,0.6526822558459422
3,12,31,4,3.1234705228031148,1.2806267806267806,0.5615634740660312,1.0,False,1.0,False,0.9957506177226078,False,0.0028275341851637078,1.2709766162310867
3,13,14,5,3.1234705228031148,1.6007834757834758,0.24957369947482808,1.0,False,1.0,False,0.9857592345811885,False,0.003515292094379664,1.580123796423659
3,13,15,4,3.1234705228031148,1.2806267806267806,0.5615634740660312,1.0,False,1.0,False,0.9957506177226078,False,0.0028275341851637078,1.2709766162310867
3,13,16,5,3.1234705228031148,1.6007834757834758,0.24957369947482808,1.0,False,1.0,False,0.9857592345811885,False,0.003515292094379664,1.580123796423659
3,13,17,4,3.1234705228031148,1.2806267806267806,0.5615634740660312,1.0,False,1.0,False,0.9957506177226078,False,0.0028275341851637078,1.2709766162310867
3,13,18,1,3.1234705228031148,0.32015669515669515,0.38684745045633295,1.0,False,1.0,False,0.9857592345811885,False,0.0007642604575158399,0.34353507565337005
3,13,19,5,3.1234705228031148,1.6007834757834758,0.24957369947482808,1.0,False,1.0,False,0.9857592345811885,False,0.003515292094379664,1.580123796423659
3,13,20,1,3.1234705228031148,0.32015669515669515,0.38684745045633295,1.0,False,1.0,False,0.9857592345811885,False,0.0007642604575158399,0.34353507565337005
3,13,21,0,3.1234705228031148,0.0,0.08379148704798318,1.0,False,1.0,False,0.9857592345811885,False,7.650254829988387e-05,0.0343878954607978
3,13,22,5,3.1234705228031148,1.6007834757834758,0.24957369947482808,1.0,False,1.0,False,0.9857592345811885,False,0.003515292094379664,1.580123796423659
3,13,23,4,3.1234705228031148,1.2806267806267806,0.5615634740660312,1.0,False,1.0,False,0.9957506177226078,False,0.0028275341851637078,1.2709766162310867
3,13,24,2,3.1234705228031148,0.6403133903133903,0.7762736999601787,1.0,False,1.0,False,1.0,False,0.0014520183667317958,0.6526822558459422
3,13,25,4,3.1234705228031148,1.2806267806267806,0.5615634740660312,1.0,False,1.0,False,0.9957506177226078,False,0.0028275341851637078,1.2709766162310867
3,13,26,2,3.1234705228031148,0.6403133903133903,0.7762736999601787,1.0,False,1.0,False,1.0,False,0.0014520183667317958,0.6526822558459422
3,13,27,2,3.1234705228031148,0.6403133903133903,0.7762736999601787,1.0,False,1.0,False,1.0,False,0.0014520183667317958,0.6526822558459422
3,13,28,1,3.1234705228031148,0.32015669515669515,0.38684745045633295,1.0,False,1.0,False,0.9857592345811885,False,0.0007642604575158399,0.34353507565337005
3,13,29,1,3.1234705228031148,0.32015669515669515,0.38684745045633295,1.0,False,1.0,False,0.9857592345811885,False,0.0007642604575158399,0.34353507565337005
3,13,30,1,3.1234705228031148,0.32015669515669515,0.38684745045633295,1.0,False,1.0,False,0.9857592345811885,False,0.0007642604575158399,0.34353507565337005
3,13,31,5,3.1234705228031148,1.6007834757834758,0.24957369947482808,1.0,False,1.0,False,0.9857592345811885,False,0.003515292094379664,1.580123796423659
3,14,15,6,3.1234705228031148,1.9209401709401712,0.14049792107858372,1.0,False,1.0,False,0.9857592345811885,False,0.00420305000359562,1.8892709766162312
3,14,16,4,3.1234705228031148,1.2806267806267806,0.5615634740660312,1.0,False,1.0,False,0.9957506177226078,False,0.0028275341851637078,1.2709766162310867
3,14,17,3,3.1234705228031148,0.9604700854700856,1.0,1.0,False,1.0,False,1.0,False,0.002139776275947752,0.9618294360385146
3,14,18,4,3.1234705228031148,1.2806267806267806,0.5615634740660312,1.0,False,1.0,False,0.9957506177226078,False,0.0028275341851637078,1.2709766162310867
3,14,19,2,3.1234705228031148,0.6403133903133903,0.7762736999601787,1.0,False,1.0,False,1.0,False,0.0014520183667317958,0.6526822558459422
3,14,20,4,3.1234705228031148,1.2806267806267806,0.5615634740660312,1.0,False,1.0,False,0.9957506177226078,False,0.0028275341851637078,1.2709766162310867
3,14,21,3,3.1234705228031148,0.9604700854700856,1.0,1.0,False,1.0,False,1.0,False,0.002139776275947752,0.9618294360385146
3,14,22,8,3.1234705228031148,2.561253561253561,0.01468912435960452,1.0,False,1.0,False,0.956921941977135,False,0.005578565822027533,2.5075653370013757
3,14,23,4,3.1234705228031148,1.2806267806267806,0.5615634740660312,1.0,False,1.0,False,0.9957506177226078,False,0.0028275341851637078,1.2709766162310867
3,14,24,3,3.1234705228031148,0.9604700854700856,1.0,1.0,False,1.0,False,1.0,False,0.002139776275947752,0.9618294360385146
3,14,25,7,3.1234705228031148,2.241096866096866,0.03994014992889243,1.0,False,1.0,False,0.9857592345811885,False,0.004890807912811576,2.1984181568088035
3,14,26,7,3.1234705228031148,2.241096866096866,0.03994014992889243,1.0,False,1.0,False,0.9857592345811885,False,0.004890807912811576,2.1984181568088035
3,14,27,3,3.1234705228031148,0.9604700854700856,1.0,1.0,False,1.0,False,1.0,False,0.002139776275947752,0.9618294360385146
3,14,28,1,3.1234705228031148,0.32015669515669515,0.38684745045633295,1.0,False,1.0,False,0.9857592345811885,False,0.0007642604575158399,0.34353507565337005
3,14,29,1,3.1234705228031148,0.32015669515669515,0.38684745045633295,1.0,False,1.0,False,0.9857592345811885,False,0.0007642604575158399,0.34353507565337005
3,14,30,8,3.1234705228031148,2.561253561253561,0.01468912435960452,1.0,False,1.0,False,0.956921941977135,False,0.005578565822027533,2.5075653370013757
3,14,31,3,3.1234705228031148,0.9604700854700856,1.0,1.0,False,1.0,False,1.0,False,0.002139776275947752,0.9618294360385146
3,15,16,1,3.1234705228031148,0.32015669515669515,0.38684745045633295,1.0,False,1.0,False,0.9857592345811885,False,0.0007642604575158399,0.34353507565337005
3,15,17,3,3.1234705228031148,0.9604700854700856,1.0,1.0,False,1.0,False,1.0,False,0.002139776275947752,0.9618294360385146
3,15,18,4,3.1234705228031148,1.2806267806267806,0.5615634740660312,1.0,False,1.0,False,0.9957506177226078,False,0.0028275341851637078,1.2709766162310867
3,15,19,5,3.1234705228031148,1.6007834757834758,0.24957369947482808,1.0,False,1.0,False,0.9857592345811885,False,0.003515292094379664,1.580123796423659
3,15,20,3,3.1234705228031148,0.9604700854700856,1.0,1.0,False,1.0,False,1.0,False,0.002139776275947752,0.9618294360385146
3,15,21,1,3.1234705228031148,0.32015669515669515,0.38684745045633295,1.0,False,1.0,False,0.9857592345811885,False,0.0007642604575158399,0.34353507565337005
3,15,22,5,3.1234705228031148,1.6007834757834758,0.24957369947482808,1.0,False,1.0,False,0.9857592345811885,False,0.003515292094379664,1.580123796423659
3,15,23,1,3.1234705228031148,0.32015669515669515,0.38684745045633295,1.0,False,1.0,False,0.9857592345811885,False,0.0007642604575158399,0.34353507565337005
3,15,24,3,3.1234705228031148,0.9604700854700856,1.0,1.0,False,1.0,False,1.0,False,0.002139776275947752,0.9618294360385146
3,15,25,5,3.1234705228031148,1.6007834757834758,0.24957369947482808,1.0,False,1.0,False,0.9857592345811885,False,0.003515292094379664,1.580123796423659
3,15,26,3,3.1234705228031148,0.9604700854700856,1.0,1.0,False,1.0,False,1.0,False,0.002139776275947752,0.9618294360385146
3,15,27,1,3.1234705228031148,0.32015669515669515,0.38684745045633295,1.0,False,1.0,False,0.9857592345811885,False,0.0007642604575158399,0.34353507565337005
3,15,28,3,3.1234705228031148,0.9604700854700856,1.0,1.0,False,1.0,False,1.0,False,0.002139776275947752,0.9618294360385146
3,15,29,1,3.1234705228031148,0.32015669515669515,0.38684745045633295,1.0,False,1.0,False,0.9857592345811885,False,0.0007642604575158399,0.34353507565337005
3,15,30,2,3.1234705228031148,0.6403133903133903,0.7762736999601787,1.0,False,1.0,False,1.0,False,0.0014520183667317958,0.6526822558459422
3,15,31,2,3.1234705228031148,0.6403133903133903,0.7762736999601787,1.0,False,1.0,False,1.0,False,0.0014520183667317958,0.6526822558459422
3,16,17,3,3.1234705228031148,0.9604700854700856,1.0,1.0,False,1.0,False,1.0,False,0.002139776275947752,0.9618294360385146
3,16,18,1,3.1234705228031148,0.32015669515669515,0.38684745045633295,1.0,False,1.0,False,0.9857592345811885,False,0.0007642604575158399,0.34353507565337005
3,16,19,4,3.1234705228031148,1.2806267806267806,0.5615634740660312,1.0,False,1.0,False,0.9957506177226078,False,0.0028275341851637078,1.2709766162310867
3,16,20,4,3.1234705228031148,1.2806267806267806,0.5615634740660312,1.0,False,1.0,False,0.9957506177226078,False,0.0028275341851637078,1.2709766162310867
3,16,21,2,3.1234705228031148,0.6403133903133903,0.7762736999601787,1.0,False,1.0,False,1.0,False,0.0014520183667317958,0.6526822558459422
3,16,22,2,3.1234705228031148,0.6403133903133903,0.7762736999601787,1.0,False,1.0,False,1.0,False,0.0014520183667317958,0.6526822558459422
3,16,23,4,3.1234705228031148,1.2806267806267806,0.5615634740660312,1.0,False,1.0,False,0.9957506177226078,False,0.0028275341851637078,1.2709766162310867
3,16,24,0,3.1234705228031148,0.0,0.08379148704798318,1.0,False,1.0,False,0.9857592345811885,False,7.650254829988387e-05,0.0343878954607978
3,16,25,3,3.1234705228031148,0.9604700854700856,1.0,1.0,False,1.0,False,1.0,False,0.002139776275947752,0.9618294360385146
3,16,26,3,3.1234705228031148,0.9604700854700856,1.0,1.0,False,1.0,False,1.0,False,0.002139776275947752,0.9618294360385146
3,16,27,3,3.1234705228031148,0.9604700854700856,1.0,1.0,False,1.0,False,1.0,False,0.002139776275947752,0.9618294360385146
3,16,28,2,3.1234705228031148,0.6403133903133903,0.7762736999601787,1.0,False,1.0,False,1.0,False,0.0014520183667317958,0.6526822558459422
3,16,29,1,3.1234705228031148,0.32015669515669515,0.38684745045633295,1.0,False,1.0,False,0.9857592345811885,False,0.0007642604575158399,0.34353507565337005
3,16,30,4,3.1234705228031148,1.2806267806267806,0.5615634740660312,1.0,False,1.0,False,0.9957506177226078,False,0.0028275341851637078,1.2709766162310867
3,16,31,8,3.1234705228031148,2.561253561253561,0.01468912435960452,1.0,False,1.0,False,0.956921941977135,False,0.005578565822027533,2.5075653370013757
3,17,18,1,3.1234705228031148,0.32015669515669515,0.38684745045633295,1.0,False,1.0,False,0.9857592345811885,False,0.0007642604575158399,0.34353507565337005
3,17,19,6,3.1234705228031148,1.9209401709401712,0.14049792107858372,1.0,False,1.0,False,0.9857592345811885,False,0.00420305000359562,1.8892709766162312
3,17,20,2,3.1234705228031148,0.6403133903133903,0.7762736999601787,1.0,False,1.0,False,1.0,False,0.0014520183667317958,0.6526822558459422
3,17,21,2,3.1234705228031148,0.6403133903133903,0.7762736999601787,1.0,False,1.0,False,1.0,False,0.0014520183667317958,0.6526822558459422
3,17,22,2,3.1234705228031148,0.6403133903133903,0.7762736999601787,1.0,False,1.0,False,1.0,False,0.0014520183667317958,0.6526822558459422
3,17,23,4,3.1234705228031148,1.2806267806267806,0.5615634740660312,1.0,False,1.0,False,0.9957506177226078,False,0.0028275341851637078,1.2709766162310867
3,17,24,2,3.1234705228031148,0.6403133903133903,0.7762736999601787,1.0,False,1.0,False,1.0,False,0.0014520183667317958,0.6526822558459422
3,17,25,7,3.1234705228031148,2.241096866096866,0.03994014992889243,1.0,False,1.0,False,0.9857592345811885,False,0.004890807912811576,2.1984181568088035
3,17,26,2,3.1234705228031148,0.6403133903133903,0.7762736999601787,1.0,False,1.0,False,1.0,False,0.0014520183667317958,0.6526822558459422
3,17,27,0,3.1234705228031148,0.0,0.08379148704798318,1.0,False,1.0,False,0.9857592345811885,False,7.650254829988387e-05,0.0343878954607978
3,17,28,1,3.1234705228031148,0.32015669515669515,0.38684745045633295,1.0,False,1.0,False,0.9857592345811885,False,0.0007642604575158399,0.34353507565337005
3,17,29,0,3.1234705228031148,0.0,0.08379148704798318,1.0,False,1.0,False,0.9857592345811885,False,7.650254829988387e-05,0.0343878954607978
3,17,30,3,3.1234705228031148,0.9604700854700856,1.0,1.0,False,1.0,False,1.0,False,0.002139776275947752,0.9618294360385146
3,17,31,3,3.1234705228031148,0.9604700854700856,1.0,1.0,False,1.0,False,1.0,False,0.002139776275947752,0.9618294360385146
3,18,19,4,3.1234705228031148,1.2806267806267806,0.5615634740660312,1.0,False,1.0,False,0.9957506177226078,False,0.0028275341851637078,1.2709766162310867
3,18,20,2,3.1234705228031148,0.6403133903133903,0.7762736999601787,1.0,False,1.0,False,1.0,False,0.0014520183667317958,0.6526822558459422
3,18,21,2,3.1234705228031148,0.6403133903133903,0.7762736999601787,1.0,False,1.0,False,1.0,False,0.0014520183667317958,0.6526822558459422
3,18,22,3,3.1234705228031148,0.9604700854700856,1.0,1.0,False,1.0,False,1.0,False,0.002139776275947752,0.9618294360385146
3,18,23,0,3.1234705228031148,0.0,0.08379148704798318,1.0,False,1.0,False,0.9857592345811885,False,7.650254829988387e-05,0.0343878954607978
3,18,24,1,3.1234705228031148,0.32015669515669515,0.38684745045633295,1.0,False,1.0,False,0.9857592345811885,False,0.0007642604575158399,0.34353507565337005
3,18,25,6,3.1234705228031148,1.9209401709401712,0.14049792107858372,1.0,False,1.0,False,0.9857592345811885,False,0.00420305000359562,1.8892709766162312
3,18,26,1,3.1234705228031148,0.32015669515669515,0.38684745045633295,1.0,False,1.0,False,0.9857592345811885,False,0.0007642604575158399,0.34353507565337005
3,18,27,2,3.1234705228031148,0.6403133903133903,0.7762736999601787,1.0,False,1.0,False,1.0,False,0.0014520183667317958,0.6526822558459422
3,18,28,0,3.1234705228031148,0.0,0.08379148704798318,1.0,False,1.0,False,0.9857592345811885,False,7.650254829988387e-05,0.0343878954607978
3,18,29,3,3.1234705228031148,0.9604700854700856,1.0,1.0,False,1.0,False,1.0,False,0.002139776275947752,0.9618294360385146
3,18,30,1,3.1234705228031148,0.32015669515669515,0.38684745045633295,1.0,False,1.0,False,0.9857592345811885,False,0.0007642604575158399,0.34353507565337005
3,18,31,1,3.1234705228031148,0.32015669515669515,0.38684745045633295,1.0,False,1.0,False,0.9857592345811885,False,0.0007642604575158399,0.34353507565337005
3,19,20,3,3.1234705228031148,0.9604700854700856,1.0,1.0,False,1.0,False,1.0,False,0.002139776275947752,0.9618294360385146
3,19,21,6,3.1234705228031148,1.9209401709401712,0.14049792107858372,1.0,False,1.0,False,0.9857592345811885,False,0.00420305000359562,1.8892709766162312
3,19,22,4,3.1234705228031148,1.2806267806267806,0.5615634740660312,1.0,False,1.0,False,0.9957506177226078,False,0.0028275341851637078,1.2709766162310867
3,19,23,4,3.1234705228031148,1.2806267806267806,0.5615634740660312,1.0,False,1.0,False,0.9957506177226078,False,0.0028275341851637078,1.2709766162310867
3,19,24,2,3.1234705228031148,0.6403133903133903,0.7762736999601787,1.0,False,1.0,False,1.0,False,0.0014520183667317958,0.6526822558459422
3,19,25,2,3.1234705228031148,0.6403133903133903,0.7762736999601787,1.0,False,1.0,False,1.0,False,0.0014520183667317958,0.6526822558459422
3,19,26,1,3.1234705228031148,0.32015669515669515,0.38684745045633295,1.0,False,1.0,False,0.9857592345811885,False,0.0007642604575158399,0.34353507565337005
3,19,27,3,3.1234705228031148,0.9604700854700856,1.0,1.0,False,1.0,False,1.0,False,0.002139776275947752,0.9618294360385146
3,19,28,3,3.1234705228031148,0.9604700854700856,1.0,1.0,False,1.0,False,1.0,False,0.002139776275947752,0.9618294360385146
3,19,29,5,3.1234705228031148,1.6007834757834758,0.24957369947482808,1.0,False,1.0,False,0.9857592345811885,False,0.003515292094379664,1.580123796423659
3,19,30,3,3.1234705228031148,0.9604700854700856,1.0,1.0,False,1.0,False,1.0,False,0.002139776275947752,0.9618294360385146
3,19,31,6,3.1234705228031148,1.9209401709401712,0.14049792107858372,1.0,False,1.0,False,0.9857592345811885,False,0.00420305000359562,1.8892709766162312
3,20,21,3,3.1234705228031148,0.9604700854700856,1.0,1.0,False,1.0,False,1.0,False,0.002139776275947752,0.9618294360385146
3,20,22,3,3.1234705228031148,0.9604700854700856,1.0,1.0,False,1.0,False,1.0,False,0.002139776275947752,0.9618294360385146
3,20,23,3,3.1234705228031148,0.9604700854700856,1.0,1.0,False,1.0,False,1.0,False,0.002139776275947752,0.9618294360385146
3,20,24,5,3.1234705228031148,1.6007834757834758,0.24957369947482808,1.0,False,1.0,False,0.9857592345811885,False,0.003515292094379664,1.580123796423659
3,20,25,7,3.1234705228031148,2.241096866096866,0.03994014992889243,1.0,False,1.0,False,0.9857592345811885,False,0.004890807912811576,2.1984181568088035
3,20,26,1,3.1234705228031148,0.32015669515669515,0.38684745045633295,1.0,False,1.0,False,0.9857592345811885,False,0.0007642604575158399,0.34353507565337005
3,20,27,4,3.1234705228031148,1.2806267806267806,0.5615634740660312,1.0,False,1.0,False,0.9957506177226078,False,0.0028275341851637078,1.2709766162310867
3,20,28,5,3.1234705228031148,1.6007834757834758,0.24957369947482808,1.0,False,1.0,False,0.9857592345811885,False,0.003515292094379664,1.580123796423659
3,20,29,1,3.1234705228031148,0.32015669515669515,0.38684745045633295,1.0,False,1.0,False,0.9857592345811885,False,0.0007642604575158399,0.34353507565337005
3,20,30,0,3.1234705228031148,0.0,0.08379148704798318,1.0,False,1.0,False,0.9857592345811885,False,7.650254829988387e-05,0.0343878954607978
3,20,31,7,3.1234705228031148,2.241096866096866,0.03994014992889243,1.0,False,1.0,False,0.9857592345811885,False,0.004890807912811576,2.1984181568088035
3,21,22,2,3.1234705228031148,0.6403133903133903,0.7762736999601787,1.0,False,1.0,False,1.0,False,0.0014520183667317958,0.6526822558459422
3,21,23,2,3.1234705228031148,0.6403133903133903,0.7762736999601787,1.0,False,1.0,False,1.0,False,0.0014520183667317958,0.6526822558459422
3,21,24,1,3.1234705228031148,0.32015669515669515,0.38684745045633295,1.0,False,1.0,False,0.9857592345811885,False,0.0007642604575158399,0.34353507565337005
3,21,25,3,3.1234705228031148,0.9604700854700856,1.0,1.0,False,1.0,False,1.0,False,0.002139776275947752,0.9618294360385146
3,21,26,3,3.1234705228031148,0.9604700854700856,1.0,1.0,False,1.0,False,1.0,False,0.002139776275947752,0.9618294360385146
3,21,27,4,3.1234705228031148,1.2806267806267806,0.5615634740660312,1.0,False,1.0,False,0.9957506177226078,False,0.0028275341851637078,1.2709766162310867
3,21,28,2,3.1234705228031148,0.6403133903133903,0.7762736999601787,1.0,False,1.0,False,1.0,False,0.0014520183667317958,0.6526822558459422
3,21,29,2,3.1234705228031148,0.6403133903133903,0.7762736999601787,1.0,False,1.0,False,1.0,False,0.0014520183667317958,0.6526822558459422
3,21,30,5,3.1234705228031148,1.6007834757834758,0.24957369947482808,1.0,False,1.0,False,0.9857592345811885,False,0.003515292094379664,1.580123796423659
3,21,31,1,3.1234705228031148,0.32015669515669515,0.38684745045633295,1.0,False,1.0,False,0.9857592345811885,False,0.0007642604575158399,0.34353507565337005
3,22,23,3,3.1234705228031148,0.9604700854700856,1.0,1.0,False,1.0,False,1.0,False,0.002139776275947752,0.9618294360385146
3,22,24,5,3.1234705228031148,1.6007834757834758,0.24957369947482808,1.0,False,1.0,False,0.9857592345811885,False,0.003515292094379664,1.580123796423659
3,22,25,5,3.1234705228031148,1.6007834757834758,0.24957369947482808,1.0,False,1.0,False,0.9857592345811885,False,0.003515292094379664,1.580123796423659
3,22,26,6,3.1234705228031148,1.9209401709401712,0.14049792107858372,1.0,False,1.0,False,0.9857592345811885,False,0.00420305000359562,1.8892709766162312
3,22,27,4,3.1234705228031148,1.2806267806267806,0.5615634740660312,1.0,False,1.0,False,0.9957506177226078,False,0.0028275341851637078,1.2709766162310867
3,22,28,4,3.1234705228031148,1.2806267806267806,0.5615634740660312,1.0,False,1.0,False,0.9957506177226078,False,0.0028275341851637078,1.2709766162310867
3,22,29,4,3.1234705228031148,1.2806267806267806,0.5615634740660312,1.0,False,1.0,False,0.9957506177226078,False,0.0028275341851637078,1.2709766162310867
3,22,30,3,3.1234705228031148,0.9604700854700856,1.0,1.0,False,1.0,False,1.0,False,0.002139776275947752,0.9618294360385146
3,22,31,5,3.1234705228031148,1.6007834757834758,0.24957369947482808,1.0,False,1.0,False,0.9857592345811885,False,0.003515292094379664,1.580123796423659
3,23,24,3,3.1234705228031148,0.9604700854700856,1.0,1.0,False,1.0,False,1.0,False,0.002139776275947752,0.9618294360385146
3,23,25,3,3.1234705228031148,0.9604700854700856,1.0,1.0,False,1.0,False,1.0,False,0.002139776275947752,0.9618294360385146
3,23,26,2,3.1234705228031148,0.6403133903133903,0.7762736999601787,1.0,False,1.0,False,1.0,False,0.0014520183667317958,0.6526822558459422
3,23,27,5,3.1234705228031148,1.6007834757834758,0.24957369947482808,1.0,False,1.0,False,0.9857592345811885,False,0.003515292094379664,1.580123796423659
3,23,28,3,3.1234705228031148,0.9604700854700856,1.0,1.0,False,1.0,False,1.0,False,0.002139776275947752,0.9618294360385146
3,23,29,3,3.1234705228031148,0.9604700854700856,1.0,1.0,False,1.0,False,1.0,False,0.002139776275947752,0.9618294360385146
3,23,30,3,3.1234705228031148,0.9604700854700856,1.0,1.0,False,1.0,False,1.0,False,0.002139776275947752,0.9618294360385146
3,23,31,3,3.1234705228031148,0.9604700854700856,1.0,1.0,False,1.0,False,1.0,False,0.002139776275947752,0.9618294360385146
3,24,25,6,3.1234705228031148,1.9209401709401712,0.14049792107858372,1.0,False,1.0,False,0.9857592345811885,False,0.00420305000359562,1.8892709766162312
3,24,26,4,3.1234705228031148,1.2806267806267806,0.5615634740660312,1.0,False,1.0,False,0.9957506177226078,False,0.0028275341851637078,1.2709766162310867
3,24,27,3,3.1234705228031148,0.9604700854700856,1.0,1.0,False,1.0,False,1.0,False,0.002139776275947752,0.9618294360385146
3,24,28,4,3.1234705228031148,1.2806267806267806,0.5615634740660312,1.0,False,1.0,False,0.9957506177226078,False,0.0028275341851637078,1.2709766162310867
3,24,29,0,3.1234705228031148,0.0,0.08379148704798318,1.0,False,1.0,False,0.9857592345811885,False,7.650254829988387e-05,0.0343878954607978
3,24,30,3,3.1234705228031148,0.9604700854700856,1.0,1.0,False,1.0,False,1.0,False,0.002139776275947752,0.9618294360385146
3,24,31,3,3.1234705228031148,0.9604700854700856,1.0,1.0,False,1.0,False,1.0,False,0.002139776275947752,0.9618294360385146
3,25,26,3,3.1234705228031148,0.9604700854700856,1.0,1.0,False,1.0,False,1.0,False,0.002139776275947752,0.9618294360385146
3,25,27,2,3.1234705228031148,0.6403133903133903,0.7762736999601787,1.0,False,1.0,False,1.0,False,0.0014520183667317958,0.6526822558459422
3,25,28,3,3.1234705228031148,0.9604700854700856,1.0,1.0,False,1.0,False,1.0,False,0.002139776275947752,0.9618294360385146
3,25,29,1,3.1234705228031148,0.32015669515669515,0.38684745045633295,1.0,False,1.0,False,0.9857592345811885,False,0.0007642604575158399,0.34353507565337005
3,25,30,1,3.1234705228031148,0.32015669515669515,0.38684745045633295,1.0,False,1.0,False,0.9857592345811885,False,0.0007642604575158399,0.34353507565337005
3,25,31,5,3.1234705228031148,1.6007834757834758,0.24957369947482808,1.0,False,1.0,False,0.9857592345811885,False,0.003515292094379664,1.580123796423659
3,26,27,2,3.1234705228031148,0.6403133903133903,0.7762736999601787,1.0,False,1.0,False,1.0,False,0.0014520183667317958,0.6526822558459422
3,26,28,2,3.1234705228031148,0.6403133903133903,0.7762736999601787,1.0,False,1.0,False,1.0,False,0.0014520183667317958,0.6526822558459422
3,26,29,3,3.1234705228031148,0.9604700854700856,1.0,1.0,False,1.0,False,1.0,False,0.002139776275947752,0.9618294360385146
3,26,30,1,3.1234705228031148,0.32015669515669515,0.38684745045633295,1.0,False,1.0,False,0.9857592345811885,False,0.0007642604575158399,0.34353507565337005
3,26,31,3,3.1234705228031148,0.9604700854700856,1.0,1.0,False,1.0,False,1.0,False,0.002139776275947752,0.9618294360385146
3,27,28,1,3.1234705228031148,0.32015669515669515,0.38684745045633295,1.0,False,1.0,False,0.9857592345811885,False,0.0007642604575158399,0.34353507565337005
3,27,29,3,3.1234705228031148,0.9604700854700856,1.0,1.0,False,1.0,False,1.0,False,0.002139776275947752,0.9618294360385146
3,27,30,2,3.1234705228031148,0.6403133903133903,0.7762736999601787,1.0,False,1.0,False,1.0,False,0.0014520183667317958,0.6526822558459422
3,27,31,4,3.1234705228031148,1.2806267806267806,0.5615634740660312,1.0,False,1.0,False,0.9957506177226078,False,0.0028275341851637078,1.2709766162310867
3,28,29,3,3.1234705228031148,0.9604700854700856,1.0,1.0,False,1.0,False,1.0,False,0.002139776275947752,0.9618294360385146
3,28,30,1,3.1234705228031148,0.32015669515669515,0.38684745045633295,1.0,False,1.0,False,0.9857592345811885,False,0.0007642604575158399,0.34353507565337005
3,28,31,5,3.1234705228031148,1.6007834757834758,0.24957369947482808,1.0,False,1.0,False,0.9857592345811885,False,0.003515292094379664,1.580123796423659
3,29,30,1,3.1234705228031148,0.32015669515669515,0.38684745045633295,1.0,False,1.0,False,0.9857592345811885,False,0.0007642604575158399,0.34353507565337005
3,29,31,2,3.1234705228031148,0.6403133903133903,0.7762736999601787,1.0,False,1.0,False,1.0,False,0.0014520183667317958,0.6526822558459422
3,30,31,3,3.1234705228031148,0.9604700854700856,1.0,1.0,False,1.0,False,1.0,False,0.002139776275947752,0.9618294360385146
4,5,6,1,3.1234705228031148,0.32015669515669515,0.38684745045633295,1.0,False,1.0,False,0.9857592345811885,False,0.0007642604575158399,0.34353507565337005
4,5,7,1,3.1234705228031148,0.32015669515669515,0.38684745045633295,1.0,False,1.0,False,0.9857592345811885,False,0.0007642604575158399,0.34353507565337005
4,5,8,3,3.1234705228031148,0.9604700854700856,1.0,1.0,False,1.0,False,1.0,False,0.002139776275947752,0.9618294360385146
4,5,9,3,3.1234705228031148,0.9604700854700856,1.0,1.0,False,1.0,False,1.0,False,0.002139776275947752,0.9618294360385146
4,5,10,2,3.1234705228031148,0.6403133903133903,0.7762736999601787,1.0,False,1.0,False,1.0,False,0.0014520183667317958,0.6526822558459422
4,5,11,3,3.1234705228031148,0.9604700854700856,1.0,1.0,False,1.0,False,1.0,False,0.002139776275947752,0.9618294360385146
4,5,12,0,3.1234705228031148,0.0,0.08379148704798318,1.0,False,1.0,False,0.9857592345811885,False,7.650254829988387e-05,0.0343878954607978
4,5,13,2,3.1234705228031148,0.6403133903133903,0.7762736999601787,1.0,False,1.0,False,1.0,False,0.0014520183667317958,0.6526822558459422
4,5,14,3,3.1234705228031148,0.9604700854700856,1.0,1.0,False,1.0,False,1.0,False,0.002139776275947752,0.9618294360385146
4,5,15,4,3.1234705228031148,1.2806267806267806,0.5615634740660312,1.0,False,1.0,False,0.9957506177226078,False,0.0028275341851637078,1.2709766162310867
4,5,16,4,3.1234705228031148,1.2806267806267806,0.5615634740660312,1.0,False,1.0,False,0.9957506177226078,False,0.0028275341851637078,1.2709766162310867
4,5,17,1,3.1234705228031148,0.32015669515669515,0.38684745045633295,1.0,False,1.0,False,0.9857592345811885,False,0.0007642604575158399,0.34353507565337005
4,5,18,5,3.1234705228031148,1.6007834757834758,0.24957369947482808,1.0,False,1.0,False,0.9857592345811885,False,0.003515292094379664,1.580123796423659
4,5,19,2,3.1234705228031148,0.6403133903133903,0.7762736999601787,1.0,False,1.0,False,1.0,False,0.0014520183667317958,0.6526822558459422
4,5,20,3,3.1234705228031148,0.9604700854700856,1.0,1.0,False,1.0,False,1.0,False,0.002139776275947752,0.9618294360385146
4,5,21,4,3.1234705228031148,1.2806267806267806,0.5615634740660312,1.0,False,1.0,False,0.9957506177226078,False,0.0028275341851637078,1.2709766162310867
4,5,22,1,3.1234705228031148,0.32015669515669515,0.38684745045633295,1.0,False,1.0,False,0.9857592345811885,False,0.0007642604575158399,0.34353507565337005
4,5,23,1,3.1234705228031148,0.32015669515669515,0.38684745045633295,1.0,False,1.0,False,0.9857592345811885,False,0.0007642604575158399,0.34353507565337005
4,5,24,2,3.1234705228031148,0.6403133903133903,0.7762736999601787,1.0,False,1.0,False,1.0,False,0.0014520183667317958,0.6526822558459422
4,5,25,3,3.1234705228031148,0.9604700854700856,1.0,1.0,False,1.0,False,1.0,False,0.002139776275947752,0.9618294360385146
4,5,26,3,3.1234705228031148,0.9604700854700856,1.0,1.0,False,1.0,False,1.0,False,0.002139776275947752,0.9618294360385146
4,5,27,5,3.1234705228031148,1.6007834757834758,0.24957369947482808,1.0,False,1.0,False,0.9857592345811885,False,0.003515292094379664,1.580123796423659
4,5,28,1,3.1234705228031148,0.32015669515669515,0.38684745045633295,1.0,False,1.0,False,0.9857592345811885,False,0.0007642604575158399,0.34353507565337005
4,5,29,4,3.1234705228031148,1.2806267806267806,0.5615634740660312,1.0,False,1.0,False,0.9957506177226078,False,0.0028275341851637078,1.2709766162310867
4,5,30,5,3.1234705228031148,1.6007834757834758,0.24957369947482808,1.0,False,1.0,False,0.9857592345811885,False,0.003515292094379664,1.580123796423659
4,5,31,4,3.1234705228031148,1.2806267806267806,0.5615634740660312,1.0,False,1.0,False,0.9957506177226078,False,0.0028275341851637078,1.2709766162310867
4,6,7,1,3.1234705228031148,0.32015669515669515,0.38684745045633295,1.0,False,1.0,False,0.9857592345811885,False,0.0007642604575158399,0.34353507565337005
4,6,8,3,3.1234705228031148,0.9604700854700856,1.0,1.0,False,1.0,False,1.0,False,0.002139776275947752,0.9618294360385146
4,6,9,2,3.1234705228031148,0.6403133903133903,0.7762736999601787,1.0,False,1.0,False,1.0,False,0.0014520183667317958,0.6526822558459422
4,6,10,2,3.1234705228031148,0.6403133903133903,0.7762736999601787,1.0,False,1.0,False,1.0,False,0.0014520183667317958,0.6526822558459422
4,6,11,2,3.1234705228031148,0.6403133903133903,0.7762736999601787,1.0,False,1.0,False,1.0,False,0.0014520183667317958,0.6526822558459422
4,6,12,2,3.1234705228031148,0.6403133903133903,0.7762736999601787,1.0,False,1.0,False,1.0,False,0.0014520183667317958,0.6526822558459422
4,6,13,1,3.1234705228031148,0.32015669515669515,0.38684745045633295,1.0,False,1.0,False,0.9857592345811885,False,0.0007642604575158399,0.34353507565337005
4,6,14,1,3.1234705228031148,0.32015669515669515,0.38684745045633295,1.0,False,1.0,False,0.9857592345811885,False,0.0007642604575158399,0.34353507565337005
4,6,15,3,3.1234705228031148,0.9604700854700856,1.0,1.0,False,1.0,False,1.0,False,0.002139776275947752,0.9618294360385146
4,6,16,5,3.1234705228031148,1.6007834757834758,0.24957369947482808,1.0,False,1.0,False,0.9857592345811885,False,0.003515292094379664,1.580123796423659
4,6,17,3,3.1234705228031148,0.9604700854700856,1.0,1.0,False,1.0,False,1.0,False,0.002139776275947752,0.9618294360385146
4,6,18,1,3.1234705228031148,0.32015669515669515,0.38684745045633295,1.0,False,1.0,False,0.9857592345811885,False,0.0007642604575158399,0.34353507565337005
4,6,19,2,3.1234705228031148,0.6403133903133903,0.7762736999601787,1.0,False,1.0,False,1.0,False,0.0014520183667317958,0.6526822558459422
4,6,20,2,3.1234705228031148,0.6403133903133903,0.7762736999601787,1.0,False,1.0,False,1.0,False,0.0014520183667317958,0.6526822558459422
4,6,21,1,3.1234705228031148,0.32015669515669515,0.38684745045633295,1.0,False,1.0,False,0.9857592345811885,False,0.0007642604575158399,0.34353507565337005
4,6,22,4,3.1234705228031148,1.2806267806267806,0.5615634740660312,1.0,False,1.0,False,0.9957506177226078,False,0.0028275341851637078,1.2709766162310867
4,6,23,3,3.1234705228031148,0.9604700854700856,1.0,1.0,False,1.0,False,1.0,False,0.002139776275947752,0.9618294360385146
4,6,24,3,3.1234705228031148,0.9604700854700856,1.0,1.0,False,1.0,False,1.0,False,0.002139776275947752,0.9618294360385146
4,6,25,1,3.1234705228031148,0.32015669515669515,0.38684745045633295,1.0,False,1.0,False,0.9857592345811885,False,0.0007642604575158399,0.34353507565337005
4,6,26,4,3.1234705228031148,1.2806267806267806,0.5615634740660312,1.0,False,1.0,False,0.9957506177226078,False,0.0028275341851637078,1.2709766162310867
4,6,27,2,3.1234705228031148,0.6403133903133903,0.7762736999601787,1.0,False,1.0,False,1.0,False,0.0014520183667317958,0.6526822558459422
4,6,28,3,3.1234705228031148,0.9604700854700856,1.0,1.0,False,1.0,False,1.0,False,0.002139776275947752,0.9618294360385146
4,6,29,6,3.1234705228031148,1.9209401709401712,0.14049792107858372,1.0,False,1.0,False,0.9857592345811885,False,0.00420305000359562,1.8892709766162312
4,6,30,4,3.1234705228031148,1.2806267806267806,0.5615634740660312,1.0,False,1.0,False,0.9957506177226078,False,0.0028275341851637078,1.2709766162310867
4,6,31,4,3.1234705228031148,1.2806267806267806,0.5615634740660312,1.0,False,1.0,False,0.9957506177226078,False,0.0028275341851637078,1.2709766162310867
4,7,8,4,3.1234705228031148,1.2806267806267806,0.5615634740660312,1.0,False,1.0,False,0.9957506177226078,False,0.0028275341851637078,1.2709766162310867
4,7,9,5,3.1234705228031148,1.6007834757834758,0.24957369947482808,1.0,False,1.0,False,0.9857592345811885,False,0.003515292094379664,1.580123796423659
4,7,10,1,3.1234705228031148,0.32015669515669515,0.38684745045633295,1.0,False,1.0,False,0.9857592345811885,False,0.0007642604575158399,0.34353507565337005
4,7,11,6,3.1234705228031148,1.9209401709401712,0.14049792107858372,1.0,False,1.0,False,0.9857592345811885,False,0.00420305000359562,1.8892709766162312
4,7,12,2,3.1234705228031148,0.6403133903133903,0.7762736999601787,1.0,False,1.0,False,1.0,False,0.0014520183667317958,0.6526822558459422
4,7,13,1,3.1234705228031148,0.32015669515669515,0.38684745045633295,1.0,False,1.0,False,0.9857592345811885,False,0.0007642604575158399,0.34353507565337005
4,7,14,4,3.1234705228031148,1.2806267806267806,0.5615634740660312,1.0,False,1.0,False,0.9957506177226078,False,0.0028275341851637078,1.2709766162310867
4,7,15,1,3.1234705228031148,0.32015669515669515,0.38684745045633295,1.0,False,1.0,False,0.9857592345811885,False,0.0007642604575158399,0.34353507565337005
4,7,16,2,3.1234705228031148,0.6403133903133903,0.7762736999601787,1.0,False,1.0,False,1.0,False,0.0014520183667317958,0.6526822558459422
4,7,17,6,3.1234705228031148,1.9209401709401712,0.14049792107858372,1.0,False,1.0,False,0.9857592345811885,False,0.00420305000359562,1.8892709766162312
4,7,18,1,3.1234705228031148,0.32015669515669515,0.38684745045633295,1.0,False,1.0,False,0.9857592345811885,False,0.0007642604575158399,0.34353507565337005
4,7,19,2,3.1234705228031148,0.6403133903133903,0.7762736999601787,1.0,False,1.0,False,1.0,False,0.0014520183667317958,0.6526822558459422
4,7,20,1,3.1234705228031148,0.32015669515669515,0.38684745045633295,1.0,False,1.0,False,0.9857592345811885,False,0.0007642604575158399,0.34353507565337005
4,7,21,5,3.1234705228031148,1.6007834757834758,0.24957369947482808,1.0,False,1.0,False,0.9857592345811885,False,0.003515292094379664,1.580123796423659
4,7,22,2,3.1234705228031148,0.6403133903133903,0.7762736999601787,1.0,False,1.0,False,1.0,False,0.0014520183667317958,0.6526822558459422
4,7,23,3,3.1234705228031148,0.9604700854700856,1.0,1.0,False,1.0,False,1.0,False,0.002139776275947752,0.9618294360385146
4,7,24,3,3.1234705228031148,0.9604700854700856,1.0,1.0,False,1.0,False,1.0,False,0.002139776275947752,0.9618294360385146
4,7,25,4,3.1234705228031148,1.2806267806267806,0.5615634740660312,1.0,False,1.0,False,0.9957506177226078,False,0.0028275341851637078,1.2709766162310867
4,7,26,0,3.1234705228031148,0.0,0.08379148704798318,1.0,False,1.0,False,0.9857592345811885,False,7.650254829988387e-05,0.0343878954607978
4,7,27,1,3.1234705228031148,0.32015669515669515,0.38684745045633295,1.0,False,1.0,False,0.9857592345811885,False,0.0007642604575158399,0.34353507565337005
4,7,28,1,3.1234705228031148,0.32015669515669515,0.38684745045633295,1.0,False,1.0,False,0.9857592345811885,False,0.0007642604575158399,0.34353507565337005
4,7,29,0,3.1234705228031148,0.0,0.08379148704798318,1.0,False,1.0,False,0.9857592345811885,False,7.650254829988387e-05,0.0343878954607978
4,7,30,5,3.1234705228031148,1.6007834757834758,0.24957369947482808,1.0,False,1.0,False,0.9857592345811885,False,0.003515292094379664,1.580123796423659
4,7,31,6,3.1234705228031148,1.9209401709401712,0.14049792107858372,1.0,False,1.0,False,0.9857592345811885,False,0.00420305000359562,1.8892709766162312
4,8,9,4,3.1234705228031148,1.2806267806267806,0.5615634740660312,1.0,False,1.0,False,0.9957506177226078,False,0.0028275341851637078,1.2709766162310867
4,8,10,2,3.1234705228031148,0.6403133903133903,0.7762736999601787,1.0,False,1.0,False,1.0,False,0.0014520183667317958,0.6526822558459422
4,8,11,2,3.1234705228031148,0.6403133903133903,0.7762736999601787,1.0,False,1.0,False,1.0,False,0.0014520183667317958,0.6526822558459422
4,8,12,3,3.1234705228031148,0.9604700854700856,1.0,1.0,False,1.0,False,1.0,False,0.002139776275947752,0.9618294360385146
4,8,13,2,3.1234705228031148,0.6403133903133903,0.7762736999601787,1.0,False,1.0,False,1.0,False,0.0014520183667317958,0.6526822558459422
4,8,14,3,3.1234705228031148,0.9604700854700856,1.0,1.0,False,1.0,False,1.0,False,0.002139776275947752,0.9618294360385146
4,8,15,2,3.1234705228031148,0.6403133903133903,0.7762736999601787,1.0,False,1.0,False,1.0,False,0.0014520183667317958,0.6526822558459422
4,8,16,3,3.1234705228031148,0.9604700854700856,1.0,1.0,False,1.0,False,1.0,False,0.002139776275947752,0.9618294360385146
4,8,17,1,3.1234705228031148,0.32015669515669515,0.38684745045633295,1.0,False,1.0,False,0.9857592345811885,False,0.0007642604575158399,0.34353507565337005
4,8,18,0,3.1234705228031148,0.0,0.08379148704798318,1.0,False,1.0,False,0.9857592345811885,False,7.650254829988387e-05,0.0343878954607978
4,8,19,3,3.1234705228031148,0.9604700854700856,1.0,1.0,False,1.0,False,1.0,False,0.002139776275947752,0.9618294360385146
4,8,20,2,3.1234705228031148,0.6403133903133903,0.7762736999601787,1.0,False,1.0,False,1.0,False,0.0014520183667317958,0.6526822558459422
4,8,21,2,3.1234705228031148,0.6403133903133903,0.7762736999601787,1.0,False,1.0,False,1.0,False,0.0014520183667317958,0.6526822558459422
4,8,22,1,3.1234705228031148,0.32015669515669515,0.38684745045633295,1.0,False,1.0,False,0.9857592345811885,False,0.0007642604575158399,0.34353507565337005
4,8,23,1,3.1234705228031148,0.32015669515669515,0.38684745045633295,1.0,False,1.0,False,0.9857592345811885,False,0.0007642604575158399,0.34353507565337005
4,8,24,1,3.1234705228031148,0.32015669515669515,0.38684745045633295,1.0,False,1.0,False,0.9857592345811885,False,0.0007642604575158399,0.34353507565337005
4,8,25,3,3.1234705228031148,0.9604700854700856,1.0,1.0,False,1.0,False,1.0,False,0.002139776275947752,0.9618294360385146
4,8,26,7,3.1234705228031148,2.241096866096866,0.03994014992889243,1.0,False,1.0,False,0.9857592345811885,False,0.004890807912811576,2.1984181568088035
4,8,27,6,3.1234705228031148,1.9209401709401712,0.14049792107858372,1.0,False,1.0,False,0.9857592345811885,False,0.00420305000359562,1.8892709766162312
4,8,28,0,3.1234705228031148,0.0,0.08379148704798318,1.0,False,1.0,False,0.9857592345811885,False,7.650254829988387e-05,0.0343878954607978
4,8,29,0,3.1234705228031148,0.0,0.08379148704798318,1.0,False,1.0,False,0.9857592345811885,False,7.650254829988387e-05,0.0343878954607978
4,8,30,2,3.1234705228031148,0.6403133903133903,0.7762736999601787,1.0,False,1.0,False,1.0,False,0.0014520183667317958,0.6526822558459422
4,8,31,5,3.1234705228031148,1.6007834757834758,0.24957369947482808,1.0,False,1.0,False,0.9857592345811885,False,0.003515292094379664,1.580123796423659
4,9,10,1,3.1234705228031148,0.32015669515669515,0.38684745045633295,1.0,False,1.0,False,0.9857592345811885,False,0.0007642604575158399,0.34353507565337005
4,9,11,4,3.1234705228031148,1.2806267806267806,0.5615634740660312,1.0,False,1.0,False,0.9957506177226078,False,0.0028275341851637078,1.2709766162310867
4,9,12,0,3.1234705228031148,0.0,0.08379148704798318,1.0,False,1.0,False,0.9857592345811885,False,7.650254829988387e-05,0.0343878954607978
4,9,13,4,3.1234705228031148,1.2806267806267806,0.5615634740660312,1.0,False,1.0,False,0.9957506177226078,False,0.0028275341851637078,1.2709766162310867
4,9,14,4,3.1234705228031148,1.2806267806267806,0.5615634740660312,1.0,False,1.0,False,0.9957506177226078,False,0.0028275341851637078,1.2709766162310867
4,9,15,7,3.1234705228031148,2.241096866096866,0.03994014992889243,1.0,False,1.0,False,0.9857592345811885,False,0.004890807912811576,2.1984181568088035
4,9,16,4,3.1234705228031148,1.2806267806267806,0.5615634740660312,1.0,False,1.0,False,0.9957506177226078,False,0.0028275341851637078,1.2709766162310867
4,9,17,1,3.1234705228031148,0.32015669515669515,0.38684745045633295,1.0,False,1.0,False,0.9857592345811885,False,0.0007642604575158399,0.34353507565337005
4,9,18,3,3.1234705228031148,0.9604700854700856,1.0,1.0,False,1.0,False,1.0,False,0.002139776275947752,0.9618294360385146
4,9,19,7,3.1234705228031148,2.241096866096866,0.03994014992889243,1.0,False,1.0,False,0.9857592345811885,False,0.004890807912811576,2.1984181568088035
4,9,20,1,3.1234705228031148,0.32015669515669515,0.38684745045633295,1.0,False,1.0,False,0.9857592345811885,False,0.0007642604575158399,0.34353507565337005
4,9,21,3,3.1234705228031148,0.9604700854700856,1.0,1.0,False,1.0,False,1.0,False,0.002139776275947752,0.9618294360385146
4,9,22,4,3.1234705228031148,1.2806267806267806,0.5615634740660312,1.0,False,1.0,False,0.9957506177226078,False,0.0028275341851637078,1.2709766162310867
4,9,23,4,3.1234705228031148,1.2806267806267806,0.5615634740660312,1.0,False,1.0,False,0.9957506177226078,False,0.0028275341851637078,1.2709766162310867
4,9,24,5,3.1234705228031148,1.6007834757834758,0.24957369947482808,1.0,False,1.0,False,0.9857592345811885,False,0.003515292094379664,1.580123796423659
4,9,25,6,3.1234705228031148,1.9209401709401712,0.14049792107858372,1.0,False,1.0,False,0.9857592345811885,False,0.00420305000359562,1.8892709766162312
4,9,26,7,3.1234705228031148,2.241096866096866,0.03994014992889243,1.0,False,1.0,False,0.9857592345811885,False,0.004890807912811576,2.1984181568088035
4,9,27,2,3.1234705228031148,0.6403133903133903,0.7762736999601787,1.0,False,1.0,False,1.0,False,0.0014520183667317958,0.6526822558459422
4,9,28,3,3.1234705228031148,0.9604700854700856,1.0,1.0,False,1.0,False,1.0,False,0.002139776275947752,0.9618294360385146
4,9,29,7,3.1234705228031148,2.241096866096866,0.03994014992889243,1.0,False,1.0,False,0.9857592345811885,False,0.004890807912811576,2.1984181568088035
4,9,30,1,3.1234705228031148,0.32015669515669515,0.38684745045633295,1.0,False,1.0,False,0.9857592345811885,False,0.0007642604575158399,0.34353507565337005
4,9,31,6,3.1234705228031148,1.9209401709401712,0.14049792107858372,1.0,False,1.0,False,0.9857592345811885,False,0.00420305000359562,1.8892709766162312
4,10,11,5,3.1234705228031148,1.6007834757834758,0.24957369947482808,1.0,False,1.0,False,0.9857592345811885,False,0.003515292094379664,1.580123796423659
4,10,12,3,3.1234705228031148,0.9604700854700856,1.0,1.0,False,1.0,False,1.0,False,0.002139776275947752,0.9618294360385146
4,10,13,2,3.1234705228031148,0.6403133903133903,0.7762736999601787,1.0,False,1.0,False,1.0,False,0.0014520183667317958,0.6526822558459422
4,10,14,1,3.1234705228031148,0.32015669515669515,0.38684745045633295,1.0,False,1.0,False,0.9857592345811885,False,0.0007642604575158399,0.34353507565337005
4,10,15,4,3.1234705228031148,1.2806267806267806,0.5615634740660312,1.0,False,1.0,False,0.9957506177226078,False,0.0028275341851637078,1.2709766162310867
4,10,16,5,3.1234705228031148,1.6007834757834758,0.24957369947482808,1.0,False,1.0,False,0.9857592345811885,False,0.003515292094379664,1.580123796423659
4,10,17,2,3.1234705228031148,0.6403133903133903,0.7762736999601787,1.0,False,1.0,False,1.0,False,0.0014520183667317958,0.6526822558459422
4,10,18,4,3.1234705228031148,1.2806267806267806,0.5615634740660312,1.0,False,1.0,False,0.9957506177226078,False,0.0028275341851637078,1.2709766162310867
4,10,19,3,3.1234705228031148,0.9604700854700856,1.0,1.0,False,1.0,False,1.0,False,0.002139776275947752,0.9618294360385146
4,10,20,3,3.1234705228031148,0.9604700854700856,1.0,1.0,False,1.0,False,1.0,False,0.002139776275947752,0.9618294360385146
4,10,21,1,3.1234705228031148,0.32015669515669515,0.38684745045633295,1.0,False,1.0,False,0.9857592345811885,False,0.0007642604575158399,0.34353507565337005
4,10,22,9,3.1234705228031148,2.8814102564102564,0.004857551695085205,1.0,False,1.0,False,0.956921941977135,False,0.006266323731243488,2.816712517193948
4,10,23,3,3.1234705228031148,0.9604700854700856,1.0,1.0,False,1.0,False,1.0,False,0.002139776275947752,0.9618294360385146
4,10,24,5,3.1234705228031148,1.6007834757834758,0.24957369947482808,1.0,False,1.0,False,0.9857592345811885,False,0.003515292094379664,1.580123796423659
4,10,25,3,3.1234705228031148,0.9604700854700856,1.0,1.0,False,1.0,False,1.0,False,0.002139776275947752,0.9618294360385146
4,10,26,1,3.1234705228031148,0.32015669515669515,0.38684745045633295,1.0,False,1.0,False,0.9857592345811885,False,0.0007642604575158399,0.34353507565337005
4,10,27,0,3.1234705228031148,0.0,0.08379148704798318,1.0,False,1.0,False,0.9857592345811885,False,7.650254829988387e-05,0.0343878954607978
4,10,28,1,3.1234705228031148,0.32015669515669515,0.38684745045633295,1.0,False,1.0,False,0.9857592345811885,False,0.0007642604575158399,0.34353507565337005
4,10,29,3,3.1234705228031148,0.9604700854700856,1.0,1.0,False,1.0,False,1.0,False,0.002139776275947752,0.9618294360385146
4,10,30,3,3.1234705228031148,0.9604700854700856,1.0,1.0,False,1.0,False,1.0,False,0.002139776275947752,0.9618294360385146
4,10,31,5,3.1234705228031148,1.6007834757834758,0.24957369947482808,1.0,False,1.0,False,0.9857592345811885,False,0.003515292094379664,1.580123796423659
4,11,12,3,3.1234705228031148,0.9604700854700856,1.0,1.0,False,1.0,False,1.0,False,0.002139776275947752,0.9618294360385146
4,11,13,2,3.1234705228031148,0.6403133903133903,0.7762736999601787,1.0,False,1.0,False,1.0,False,0.0014520183667317958,0.6526822558459422
4,11,14,2,3.1234705228031148,0.6403133903133903,0.7762736999601787,1.0,False,1.0,False,1.0,False,0.0014520183667317958,0.6526822558459422
4,11,15,3,3.1234705228031148,0.9604700854700856,1.0,1.0,False,1.0,False,1.0,False,0.002139776275947752,0.9618294360385146
4,11,16,4,3.1234705228031148,1.2806267806267806,0.5615634740660312,1.0,False,1.0,False,0.9957506177226078,False,0.0028275341851637078,1.2709766162310867
4,11,17,3,3.1234705228031148,0.9604700854700856,1.0,1.0,False,1.0,False,1.0,False,0.002139776275947752,0.9618294360385146
4,11,18,6,3.1234705228031148,1.9209401709401712,0.14049792107858372,1.0,False,1.0,False,0.9857592345811885,False,0.00420305000359562,1.8892709766162312
4,11,19,3,3.1234705228031148,0.9604700854700856,1.0,1.0,False,1.0,False,1.0,False,0.002139776275947752,0.9618294360385146
4,11,20,3,3.1234705228031148,0.9604700854700856,1.0,1.0,False,1.0,False,1.0,False,0.002139776275947752,0.9618294360385146
4,11,21,4,3.1234705228031148,1.2806267806267806,0.5615634740660312,1.0,False,1.0,False,0.9957506177226078,False,0.0028275341851637078,1.2709766162310867
4,11,22,3,3.1234705228031148,0.9604700854700856,1.0,1.0,False,1.0,False,1.0,False,0.002139776275947752,0.9618294360385146
4,11,23,4,3.1234705228031148,1.2806267806267806,0.5615634740660312,1.0,False,1.0,False,0.9957506177226078,False,0.0028275341851637078,1.2709766162310867
4,11,24,2,3.1234705228031148,0.6403133903133903,0.7762736999601787,1.0,False,1.0,False,1.0,False,0.0014520183667317958,0.6526822558459422
4,11,25,1,3.1234705228031148,0.32015669515669515,0.38684745045633295,1.0,False,1.0,False,0.9857592345811885,False,0.0007642604575158399,0.34353507565337005
4,11,26,6,3.1234705228031148,1.9209401709401712,0.14049792107858372,1.0,False,1.0,False,0.9857592345811885,False,0.00420305000359562,1.8892709766162312
4,11,27,1,3.1234705228031148,0.32015669515669515,0.38684745045633295,1.0,False,1.0,False,0.9857592345811885,False,0.0007642604575158399,0.34353507565337005
4,11,28,4,3.1234705228031148,1.2806267806267806,0.5615634740660312,1.0,False,1.0,False,0.9957506177226078,False,0.0028275341851637078,1.2709766162310867
4,11,29,3,3.1234705228031148,0.9604700854700856,1.0,1.0,False,1.0,False,1.0,False,0.002139776275947752,0.9618294360385146
4,11,30,5,3.1234705228031148,1.6007834757834758,0.24957369947482808,1.0,False,1.0,False,0.9857592345811885,False,0.003515292094379664,1.580123796423659
4,11,31,9,3.1234705228031148,2.8814102564102564,0.004857551695085205,1.0,False,1.0,False,0.956921941977135,False,0.006266323731243488,2.816712517193948
4,12,13,4,3.1234705228031148,1.2806267806267806,0.5615634740660312,1.0,False,1.0,False,0.9957506177226078,False,0.0028275341851637078,1.2709766162310867
4,12,14,2,3.1234705228031148,0.6403133903133903,0.7762736999601787,1.0,False,1.0,False,1.0,False,0.0014520183667317958,0.6526822558459422
4,12,15,2,3.1234705228031148,0.6403133903133903,0.7762736999601787,1.0,False,1.0,False,1.0,False,0.0014520183667317958,0.6526822558459422
4,12,16,1,3.1234705228031148,0.32015669515669515,0.38684745045633295,1.0,False,1.0,False,0.9857592345811885,False,0.0007642604575158399,0.34353507565337005
4,12,17,4,3.1234705228031148,1.2806267806267806,0.5615634740660312,1.0,False,1.0,False,0.9957506177226078,False,0.0028275341851637078,1.2709766162310867
4,12,18,1,3.1234705228031148,0.32015669515669515,0.38684745045633295,1.0,False,1.0,False,0.9857592345811885,False,0.0007642604575158399,0.34353507565337005
4,12,19,2,3.1234705228031148,0.6403133903133903,0.7762736999601787,1.0,False,1.0,False,1.0,False,0.0014520183667317958,0.6526822558459422
4,12,20,2,3.1234705228031148,0.6403133903133903,0.7762736999601787,1.0,False,1.0,False,1.0,False,0.0014520183667317958,0.6526822558459422
4,12,21,1,3.1234705228031148,0.32015669515669515,0.38684745045633295,1.0,False,1.0,False,0.9857592345811885,False,0.0007642604575158399,0.34353507565337005
4,12,22,3,3.1234705228031148,0.9604700854700856,1.0,1.0,False,1.0,False,1.0,False,0.002139776275947752,0.9618294360385146
4,12,23,2,3.1234705228031148,0.6403133903133903,0.7762736999601787,1.0,False,1.0,False,1.0,False,0.0014520183667317958,0.6526822558459422
4,12,24,0,3.1234705228031148,0.0,0.08379148704798318,1.0,False,1.0,False,0.9857592345811885,False,7.650254829988387e-05,0.0343878954607978
4,12,25,1,3.1234705228031148,0.32015669515669515,0.38684745045633295,1.0,False,1.0,False,0.9857592345811885,False,0.0007642604575158399,0.34353507565337005
4,12,26,4,3.1234705228031148,1.2806267806267806,0.5615634740660312,1.0,False,1.0,False,0.9957506177226078,False,0.0028275341851637078,1.2709766162310867
4,12,27,3,3.1234705228031148,0.9604700854700856,1.0,1.0,False,1.0,False,1.0,False,0.002139776275947752,0.9618294360385146
4,12,28,1,3.1234705228031148,0.32015669515669515,0.38684745045633295,1.0,False,1.0,False,0.9857592345811885,False,0.0007642604575158399,0.34353507565337005
4,12,29,0,3.1234705228031148,0.0,0.08379148704798318,1.0,False,1.0,False,0.9857592345811885,False,7.650254829988387e-05,0.0343878954607978
4,12,30,2,3.1234705228031148,0.6403133903133903,0.7762736999601787,1.0,False,1.0,False,1.0,False,0.0014520183667317958,0.6526822558459422
4,12,31,1,3.1234705228031148,0.32015669515669515,0.38684745045633295,1.0,False,1.0,False,0.9857592345811885,False,0.0007642604575158399,0.34353507565337005
4,13,14,4,3.1234705228031148,1.2806267806267806,0.5615634740660312,1.0,False,1.0,False,0.9957506177226078,False,0.0028275341851637078,1.2709766162310867
4,13,15,5,3.1234705228031148,1.6007834757834758,0.24957369947482808,1.0,False,1.0,False,0.9857592345811885,False,0.003515292094379664,1.580123796423659
4,13,16,6,3.1234705228031148,1.9209401709401712,0.14049792107858372,1.0,False,1.0,False,0.9857592345811885,False,0.00420305000359562,1.8892709766162312
4,13,17,2,3.1234705228031148,0.6403133903133903,0.7762736999601787,1.0,False,1.0,False,1.0,False,0.0014520183667317958,0.6526822558459422
4,13,18,3,3.1234705228031148,0.9604700854700856,1.0,1.0,False,1.0,False,1.0,False,0.002139776275947752,0.9618294360385146
4,13,19,7,3.1234705228031148,2.241096866096866,0.03994014992889243,1.0,False,1.0,False,0.9857592345811885,False,0.004890807912811576,2.1984181568088035
4,13,20,3,3.1234705228031148,0.9604700854700856,1.0,1.0,False,1.0,False,1.0,False,0.002139776275947752,0.9618294360385146
4,13,21,3,3.1234705228031148,0.9604700854700856,1.0,1.0,False,1.0,False,1.0,False,0.002139776275947752,0.9618294360385146
4,13,22,4,3.1234705228031148,1.2806267806267806,0.5615634740660312,1.0,False,1.0,False,0.9957506177226078,False,0.0028275341851637078,1.2709766162310867
4,13,23,3,3.1234705228031148,0.9604700854700856,1.0,1.0,False,1.0,False,1.0,False,0.002139776275947752,0.9618294360385146
4,13,24,2,3.1234705228031148,0.6403133903133903,0.7762736999601787,1.0,False,1.0,False,1.0,False,0.0014520183667317958,0.6526822558459422
4,13,25,0,3.1234705228031148,0.0,0.08379148704798318,1.0,False,1.0,False,0.9857592345811885,False,7.650254829988387e-05,0.0343878954607978
4,13,26,3,3.1234705228031148,0.9604700854700856,1.0,1.0,False,1.0,False,1.0,False,0.002139776275947752,0.9618294360385146
4,13,27,3,3.1234705228031148,0.9604700854700856,1.0,1.0,False,1.0,False,1.0,False,0.002139776275947752,0.9618294360385146
4,13,28,3,3.1234705228031148,0.9604700854700856,1.0,1.0,False,1.0,False,1.0,False,0.002139776275947752,0.9618294360385146
4,13,29,2,3.1234705228031148,0.6403133903133903,0.7762736999601787,1.0,False,1.0,False,1.0,False,0.0014520183667317958,0.6526822558459422
4,13,30,3,3.1234705228031148,0.9604700854700856,1.0,1.0,False,1.0,False,1.0,False,0.002139776275947752,0.9618294360385146
4,13,31,5,3.1234705228031148,1.6007834757834758,0.24957369947482808,1.0,False,1.0,False,0.9857592345811885,False,0.003515292094379664,1.580123796423659
4,14,15,6,3.1234705228031148,1.9209401709401712,0.14049792107858372,1.0,False,1.0,False,0.9857592345811885,False,0.00420305000359562,1.8892709766162312
4,14,16,3,3.1234705228031148,0.9604700854700856,1.0,1.0,False,1.0,False,1.0,False,0.002139776275947752,0.9618294360385146
4,14,17,2,3.1234705228031148,0.6403133903133903,0.7762736999601787,1.0,False,1.0,False,1.0,False,0.0014520183667317958,0.6526822558459422
4,14,18,2,3.1234705228031148,0.6403133903133903,0.7762736999601787,1.0,False,1.0,False,1.0,False,0.0014520183667317958,0.6526822558459422
4,14,19,5,3.1234705228031148,1.6007834757834758,0.24957369947482808,1.0,False,1.0,False,0.9857592345811885,False,0.003515292094379664,1.580123796423659
4,14,20,2,3.1234705228031148,0.6403133903133903,0.7762736999601787,1.0,False,1.0,False,1.0,False,0.0014520183667317958,0.6526822558459422
4,14,21,6,3.1234705228031148,1.9209401709401712,0.14049792107858372,1.0,False,1.0,False,0.9857592345811885,False,0.00420305000359562,1.8892709766162312
4,14,22,4,3.1234705228031148,1.2806267806267806,0.5615634740660312,1.0,False,1.0,False,0.9957506177226078,False,0.0028275341851637078,1.2709766162310867
4,14,23,2,3.1234705228031148,0.6403133903133903,0.7762736999601787,1.0,False,1.0,False,1.0,False,0.0014520183667317958,0.6526822558459422
4,14,24,4,3.1234705228031148,1.2806267806267806,0.5615634740660312,1.0,False,1.0,False,0.9957506177226078,False,0.0028275341851637078,1.2709766162310867
4,14,25,2,3.1234705228031148,0.6403133903133903,0.7762736999601787,1.0,False,1.0,False,1.0,False,0.0014520183667317958,0.6526822558459422
4,14,26,7,3.1234705228031148,2.241096866096866,0.03994014992889243,1.0,False,1.0,False,0.9857592345811885,False,0.004890807912811576,2.1984181568088035
4,14,27,2,3.1234705228031148,0.6403133903133903,0.7762736999601787,1.0,False,1.0,False,1.0,False,0.0014520183667317958,0.6526822558459422
4,14,28,3,3.1234705228031148,0.9604700854700856,1.0,1.0,False,1.0,False,1.0,False,0.002139776275947752,0.9618294360385146
4,14,29,1,3.1234705228031148,0.32015669515669515,0.38684745045633295,1.0,False,1.0,False,0.9857592345811885,False,0.0007642604575158399,0.34353507565337005
4,14,30,3,3.1234705228031148,0.9604700854700856,1.0,1.0,False,1.0,False,1.0,False,0.002139776275947752,0.9618294360385146
4,14,31,4,3.1234705228031148,1.2806267806267806,0.5615634740660312,1.0,False,1.0,False,0.9957506177226078,False,0.0028275341851637078,1.2709766162310867
4,15,16,4,3.1234705228031148,1.2806267806267806,0.5615634740660312,1.0,False,1.0,False,0.9957506177226078,False,0.0028275341851637078,1.2709766162310867
4,15,17,3,3.1234705228031148,0.9604700854700856,1.0,1.0,False,1.0,False,1.0,False,0.002139776275947752,0.9618294360385146
4,15,18,6,3.1234705228031148,1.9209401709401712,0.14049792107858372,1.0,False,1.0,False,0.9857592345811885,False,0.00420305000359562,1.8892709766162312
4,15,19,3,3.1234705228031148,0.9604700854700856,1.0,1.0,False,1.0,False,1.0,False,0.002139776275947752,0.9618294360385146
4,15,20,5,3.1234705228031148,1.6007834757834758,0.24957369947482808,1.0,False,1.0,False,0.9857592345811885,False,0.003515292094379664,1.580123796423659
4,15,21,5,3.1234705228031148,1.6007834757834758,0.24957369947482808,1.0,False,1.0,False,0.9857592345811885,False,0.003515292094379664,1.580123796423659
4,15,22,3,3.1234705228031148,0.9604700854700856,1.0,1.0,False,1.0,False,1.0,False,0.002139776275947752,0.9618294360385146
4,15,23,5,3.1234705228031148,1.6007834757834758,0.24957369947482808,1.0,False,1.0,False,0.9857592345811885,False,0.003515292094379664,1.580123796423659
4,15,24,2,3.1234705228031148,0.6403133903133903,0.7762736999601787,1.0,False,1.0,False,1.0,False,0.0014520183667317958,0.6526822558459422
4,15,25,2,3.1234705228031148,0.6403133903133903,0.7762736999601787,1.0,False,1.0,False,1.0,False,0.0014520183667317958,0.6526822558459422
4,15,26,6,3.1234705228031148,1.9209401709401712,0.14049792107858372,1.0,False,1.0,False,0.9857592345811885,False,0.00420305000359562,1.8892709766162312
4,15,27,3,3.1234705228031148,0.9604700854700856,1.0,1.0,False,1.0,False,1.0,False,0.002139776275947752,0.9618294360385146
4,15,28,3,3.1234705228031148,0.9604700854700856,1.0,1.0,False,1.0,False,1.0,False,0.002139776275947752,0.9618294360385146
4,15,29,2,3.1234705228031148,0.6403133903133903,0.7762736999601787,1.0,False,1.0,False,1.0,False,0.0014520183667317958,0.6526822558459422
4,15,30,4,3.1234705228031148,1.2806267806267806,0.5615634740660312,1.0,False,1.0,False,0.9957506177226078,False,0.0028275341851637078,1.2709766162310867
4,15,31,1,3.1234705228031148,0.32015669515669515,0.38684745045633295,1.0,False,1.0,False,0.9857592345811885,False,0.0007642604575158399,0.34353507565337005
4,16,17,2,3.1234705228031148,0.6403133903133903,0.7762736999601787,1.0,False,1.0,False,1.0,False,0.0014520183667317958,0.6526822558459422
4,16,18,4,3.1234705228031148,1.2806267806267806,0.5615634740660312,1.0,False,1.0,False,0.9957506177226078,False,0.0028275341851637078,1.2709766162310867
4,16,19,5,3.1234705228031148,1.6007834757834758,0.24957369947482808,1.0,False,1.0,False,0.9857592345811885,False,0.003515292094379664,1.580123796423659
4,16,20,1,3.1234705228031148,0.32015669515669515,0.38684745045633295,1.0,False,1.0,False,0.9857592345811885,False,0.0007642604575158399,0.34353507565337005
4,16,21,6,3.1234705228031148,1.9209401709401712,0.14049792107858372,1.0,False,1.0,False,0.9857592345811885,False,0.00420305000359562,1.8892709766162312
4,16,22,7,3.1234705228031148,2.241096866096866,0.03994014992889243,1.0,False,1.0,False,0.9857592345811885,False,0.004890807912811576,2.1984181568088035
4,16,23,0,3.1234705228031148,0.0,0.08379148704798318,1.0,False,1.0,False,0.9857592345811885,False,7.650254829988387e-05,0.0343878954607978
4,16,24,5,3.1234705228031148,1.6007834757834758,0.24957369947482808,1.0,False,1.0,False,0.9857592345811885,False,0.003515292094379664,1.580123796423659
4,16,25,4,3.1234705228031148,1.2806267806267806,0.5615634740660312,1.0,False,1.0,False,0.9957506177226078,False,0.0028275341851637078,1.2709766162310867
4,16,26,6,3.1234705228031148,1.9209401709401712,0.14049792107858372,1.0,False,1.0,False,0.9857592345811885,False,0.00420305000359562,1.8892709766162312
4,16,27,6,3.1234705228031148,1.9209401709401712,0.14049792107858372,1.0,False,1.0,False,0.9857592345811885,False,0.00420305000359562,1.8892709766162312
4,16,28,5,3.1234705228031148,1.6007834757834758,0.24957369947482808,1.0,False,1.0,False,0.9857592345811885,False,0.003515292094379664,1.580123796423659
4,16,29,6,3.1234705228031148,1.9209401709401712,0.14049792107858372,1.0,False,1.0,False,0.9857592345811885,False,0.00420305000359562,1.8892709766162312
4,16,30,2,3.1234705228031148,0.6403133903133903,0.7762736999601787,1.0,False,1.0,False,1.0,False,0.0014520183667317958,0.6526822558459422
4,16,31,8,3.1234705228031148,2.561253561253561,0.01468912435960452,1.0,False,1.0,False,0.956921941977135,False,0.005578565822027533,2.5075653370013757
4,17,18,1,3.1234705228031148,0.32015669515669515,0.38684745045633295,1.0,False,1.0,False,0.9857592345811885,False,0.0007642604575158399,0.34353507565337005
4,17,19,5,3.1234705228031148,1.6007834757834758,0.24957369947482808,1.0,False,1.0,False,0.9857592345811885,False,0.003515292094379664,1.580123796423659
4,17,20,4,3.1234705228031148,1.2806267806267806,0.5615634740660312,1.0,False,1.0,False,0.9957506177226078,False,0.0028275341851637078,1.2709766162310867
4,17,21,3,3.1234705228031148,0.9604700854700856,1.0,1.0,False,1.0,False,1.0,False,0.002139776275947752,0.9618294360385146
4,17,22,3,3.1234705228031148,0.9604700854700856,1.0,1.0,False,1.0,False,1.0,False,0.002139776275947752,0.9618294360385146
4,17,23,2,3.1234705228031148,0.6403133903133903,0.7762736999601787,1.0,False,1.0,False,1.0,False,0.0014520183667317958,0.6526822558459422
4,17,24,4,3.1234705228031148,1.2806267806267806,0.5615634740660312,1.0,False,1.0,False,0.9957506177226078,False,0.0028275341851637078,1.2709766162310867
4,17,25,4,3.1234705228031148,1.2806267806267806,0.5615634740660312,1.0,False,1.0,False,0.9957506177226078,False,0.0028275341851637078,1.2709766162310867
4,17,26,2,3.1234705228031148,0.6403133903133903,0.7762736999601787,1.0,False,1.0,False,1.0,False,0.0014520183667317958,0.6526822558459422
4,17,27,5,3.1234705228031148,1.6007834757834758,0.24957369947482808,1.0,False,1.0,False,0.9857592345811885,False,0.003515292094379664,1.580123796423659
4,17,28,2,3.1234705228031148,0.6403133903133903,0.7762736999601787,1.0,False,1.0,False,1.0,False,0.0014520183667317958,0.6526822558459422
4,17,29,2,3.1234705228031148,0.6403133903133903,0.7762736999601787,1.0,False,1.0,False,1.0,False,0.0014520183667317958,0.6526822558459422
4,17,30,1,3.1234705228031148,0.32015669515669515,0.38684745045633295,1.0,False,1.0,False,0.9857592345811885,False,0.0007642604575158399,0.34353507565337005
4,17,31,3,3.1234705228031148,0.9604700854700856,1.0,1.0,False,1.0,False,1.0,False,0.002139776275947752,0.9618294360385146
4,18,19,3,3.1234705228031148,0.9604700854700856,1.0,1.0,False,1.0,False,1.0,False,0.002139776275947752,0.9618294360385146
4,18,20,3,3.1234705228031148,0.9604700854700856,1.0,1.0,False,1.0,False,1.0,False,0.002139776275947752,0.9618294360385146
4,18,21,2,3.1234705228031148,0.6403133903133903,0.7762736999601787,1.0,False,1.0,False,1.0,False,0.0014520183667317958,0.6526822558459422
4,18,22,4,3.1234705228031148,1.2806267806267806,0.5615634740660312,1.0,False,1.0,False,0.9957506177226078,False,0.0028275341851637078,1.2709766162310867
4,18,23,3,3.1234705228031148,0.9604700854700856,1.0,1.0,False,1.0,False,1.0,False,0.002139776275947752,0.9618294360385146
4,18,24,5,3.1234705228031148,1.6007834757834758,0.24957369947482808,1.0,False,1.0,False,0.9857592345811885,False,0.003515292094379664,1.580123796423659
4,18,25,3,3.1234705228031148,0.9604700854700856,1.0,1.0,False,1.0,False,1.0,False,0.002139776275947752,0.9618294360385146
4,18,26,7,3.1234705228031148,2.241096866096866,0.03994014992889243,1.0,False,1.0,False,0.9857592345811885,False,0.004890807912811576,2.1984181568088035
4,18,27,5,3.1234705228031148,1.6007834757834758,0.24957369947482808,1.0,False,1.0,False,0.9857592345811885,False,0.003515292094379664,1.580123796423659
4,18,28,5,3.1234705228031148,1.6007834757834758,0.24957369947482808,1.0,False,1.0,False,0.9857592345811885,False,0.003515292094379664,1.580123796423659
4,18,29,2,3.1234705228031148,0.6403133903133903,0.7762736999601787,1.0,False,1.0,False,1.0,False,0.0014520183667317958,0.6526822558459422
4,18,30,4,3.1234705228031148,1.2806267806267806,0.5615634740660312,1.0,False,1.0,False,0.9957506177226078,False,0.0028275341851637078,1.2709766162310867
4,18,31,7,3.1234705228031148,2.241096866096866,0.03994014992889243,1.0,False,1.0,False,0.9857592345811885,False,0.004890807912811576,2.1984181568088035
4,19,20,6,3.1234705228031148,1.9209401709401712,0.14049792107858372,1.0,False,1.0,False,0.9857592345811885,False,0.00420305000359562,1.8892709766162312
4,19,21,1,3.1234705228031148,0.32015669515669515,0.38684745045633295,1.0,False,1.0,False,0.9857592345811885,False,0.0007642604575158399,0.34353507565337005
4,19,22,7,3.1234705228031148,2.241096866096866,0.03994014992889243,1.0,False,1.0,False,0.9857592345811885,False,0.004890807912811576,2.1984181568088035
4,19,23,3,3.1234705228031148,0.9604700854700856,1.0,1.0,False,1.0,False,1.0,False,0.002139776275947752,0.9618294360385146
4,19,24,2,3.1234705228031148,0.6403133903133903,0.7762736999601787,1.0,False,1.0,False,1.0,False,0.0014520183667317958,0.6526822558459422
4,19,25,3,3.1234705228031148,0.9604700854700856,1.0,1.0,False,1.0,False,1.0,False,0.002139776275947752,0.9618294360385146
4,19,26,4,3.1234705228031148,1.2806267806267806,0.5615634740660312,1.0,False,1.0,False,0.9957506177226078,False,0.0028275341851637078,1.2709766162310867
4,19,27,7,3.1234705228031148,2.241096866096866,0.03994014992889243,1.0,False,1.0,False,0.9857592345811885,False,0.004890807912811576,2.1984181568088035
4,19,28,5,3.1234705228031148,1.6007834757834758,0.24957369947482808,1.0,False,1.0,False,0.9857592345811885,False,0.003515292094379664,1.580123796423659
4,19,29,4,3.1234705228031148,1.2806267806267806,0.5615634740660312,1.0,False,1.0,False,0.9957506177226078,False,0.0028275341851637078,1.2709766162310867
4,19,30,3,3.1234705228031148,0.9604700854700856,1.0,1.0,False,1.0,False,1.0,False,0.002139776275947752,0.9618294360385146
4,19,31,6,3.1234705228031148,1.9209401709401712,0.14049792107858372,1.0,False,1.0,False,0.9857592345811885,False,0.00420305000359562,1.8892709766162312
4,20,21,2,3.1234705228031148,0.6403133903133903,0.7762736999601787,1.0,False,1.0,False,1.0,False,0.0014520183667317958,0.6526822558459422
4,20,22,2,3.1234705228031148,0.6403133903133903,0.7762736999601787,1.0,False,1.0,False,1.0,False,0.0014520183667317958,0.6526822558459422
4,20,23,1,3.1234705228031148,0.32015669515669515,0.38684745045633295,1.0,False,1.0,False,0.9857592345811885,False,0.0007642604575158399,0.34353507565337005
4,20,24,3,3.1234705228031148,0.9604700854700856,1.0,1.0,False,1.0,False,1.0,False,0.002139776275947752,0.9618294360385146
4,20,25,4,3.1234705228031148,1.2806267806267806,0.5615634740660312,1.0,False,1.0,False,0.9957506177226078,False,0.0028275341851637078,1.2709766162310867
4,20,26,2,3.1234705228031148,0.6403133903133903,0.7762736999601787,1.0,False,1.0,False,1.0,False,0.0014520183667317958,0.6526822558459422
4,20,27,2,3.1234705228031148,0.6403133903133903,0.7762736999601787,1.0,False,1.0,False,1.0,False,0.0014520183667317958,0.6526822558459422
4,20,28,6,3.1234705228031148,1.9209401709401712,0.14049792107858372,1.0,False,1.0,False,0.9857592345811885,False,0.00420305000359562,1.8892709766162312
4,20,29,2,3.1234705228031148,0.6403133903133903,0.7762736999601787,1.0,False,1.0,False,1.0,False,0.0014520183667317958,0.6526822558459422
4,20,30,2,3.1234705228031148,0.6403133903133903,0.7762736999601787,1.0,False,1.0,False,1.0,False,0.0014520183667317958,0.6526822558459422
4,20,31,2,3.1234705228031148,0.6403133903133903,0.7762736999601787,1.0,False,1.0,False,1.0,False,0.0014520183667317958,0.6526822558459422
4,21,22,4,3.1234705228031148,1.2806267806267806,0.5615634740660312,1.0,False,1.0,False,0.9957506177226078,False,0.0028275341851637078,1.2709766162310867
4,21,23,5,3.1234705228031148,1.6007834757834758,0.24957369947482808,1.0,False,1.0,False,0.9857592345811885,False,0.003515292094379664,1.580123796423659
4,21,24,3,3.1234705228031148,0.9604700854700856,1.0,1.0,False,1.0,False,1.0,False,0.002139776275947752,0.9618294360385146
4,21,25,0,3.1234705228031148,0.0,0.08379148704798318,1.0,False,1.0,False,0.9857592345811885,False,7.650254829988387e-05,0.0343878954607978
4,21,26,5,3.1234705228031148,1.6007834757834758,0.24957369947482808,1.0,False,1.0,False,0.9857592345811885,False,0.003515292094379664,1.580123796423659
4,21,27,2,3.1234705228031148,0.6403133903133903,0.7762736999601787,1.0,False,1.0,False,1.0,False,0.0014520183667317958,0.6526822558459422
4,21,28,6,3.1234705228031148,1.9209401709401712,0.14049792107858372,1.0,False,1.0,False,0.9857592345811885,False,0.00420305000359562,1.8892709766162312
4,21,29,3,3.1234705228031148,0.9604700854700856,1.0,1.0,False,1.0,False,1.0,False,0.002139776275947752,0.9618294360385146
4,21,30,6,3.1234705228031148,1.9209401709401712,0.14049792107858372,1.0,False,1.0,False,0.9857592345811885,False,0.00420305000359562,1.8892709766162312
4,21,31,3,3.1234705228031148,0.9604700854700856,1.0,1.0,False,1.0,False,1.0,False,0.002139776275947752,0.9618294360385146
4,22,23,4,3.1234705228031148,1.2806267806267806,0.5615634740660312,1.0,False,1.0,False,0.9957506177226078,False,0.0028275341851637078,1.2709766162310867
4,22,24,2,3.1234705228031148,0.6403133903133903,0.7762736999601787,1.0,False,1.0,False,1.0,False,0.0014520183667317958,0.6526822558459422
4,22,25,4,3.1234705228031148,1.2806267806267806,0.5615634740660312,1.0,False,1.0,False,0.9957506177226078,False,0.0028275341851637078,1.2709766162310867
4,22,26,3,3.1234705228031148,0.9604700854700856,1.0,1.0,False,1.0,False,1.0,False,0.002139776275947752,0.9618294360385146
4,22,27,4,3.1234705228031148,1.2806267806267806,0.5615634740660312,1.0,False,1.0,False,0.9957506177226078,False,0.0028275341851637078,1.2709766162310867
4,22,28,4,3.1234705228031148,1.2806267806267806,0.5615634740660312,1.0,False,1.0,False,0.9957506177226078,False,0.0028275341851637078,1.2709766162310867
4,22,29,5,3.1234705228031148,1.6007834757834758,0.24957369947482808,1.0,False,1.0,False,0.9857592345811885,False,0.003515292094379664,1.580123796423659
4,22,30,5,3.1234705228031148,1.6007834757834758,0.24957369947482808,1.0,False,1.0,False,0.9857592345811885,False,0.003515292094379664,1.580123796423659
4,22,31,4,3.1234705228031148,1.2806267806267806,0.5615634740660312,1.0,False,1.0,False,0.9957506177226078,False,0.0028275341851637078,1.2709766162310867
4,23,24,2,3.1234705228031148,0.6403133903133903,0.7762736999601787,1.0,False,1.0,False,1.0,False,0.0014520183667317958,0.6526822558459422
4,23,25,1,3.1234705228031148,0.32015669515669515,0.38684745045633295,1.0,False,1.0,False,0.9857592345811885,False,0.0007642604575158399,0.34353507565337005
4,23,26,2,3.1234705228031148,0.6403133903133903,0.7762736999601787,1.0,False,1.0,False,1.0,False,0.0014520183667317958,0.6526822558459422
4,23,27,2,3.1234705228031148,0.6403133903133903,0.7762736999601787,1.0,False,1.0,False,1.0,False,0.0014520183667317958,0.6526822558459422
4,23,28,4,3.1234705228031148,1.2806267806267806,0.5615634740660312,1.0,False,1.0,False,0.9957506177226078,False,0.0028275341851637078,1.2709766162310867
4,23,29,2,3.1234705228031148,0.6403133903133903,0.7762736999601787,1.0,False,1.0,False,1.0,False,0.0014520183667317958,0.6526822558459422
4,23,30,2,3.1234705228031148,0.6403133903133903,0.7762736999601787,1.0,False,1.0,False,1.0,False,0.0014520183667317958,0.6526822558459422
4,23,31,3,3.1234705228031148,0.9604700854700856,1.0,1.0,False,1.0,False,1.0,False,0.002139776275947752,0.9618294360385146
4,24,25,5,3.1234705228031148,1.6007834757834758,0.24957369947482808,1.0,False,1.0,False,0.9857592345811885,False,0.003515292094379664,1.580123796423659
4,24,26,1,3.1234705228031148,0.32015669515669515,0.38684745045633295,1.0,False,1.0,False,0.9857592345811885,False,0.0007642604575158399,0.34353507565337005
4,24,27,3,3.1234705228031148,0.9604700854700856,1.0,1.0,False,1.0,False,1.0,False,0.002139776275947752,0.9618294360385146
4,24,28,3,3.1234705228031148,0.9604700854700856,1.0,1.0,False,1.0,False,1.0,False,0.002139776275947752,0.9618294360385146
4,24,29,5,3.1234705228031148,1.6007834757834758,0.24957369947482808,1.0,False,1.0,False,0.9857592345811885,False,0.003515292094379664,1.580123796423659
4,24,30,4,3.1234705228031148,1.2806267806267806,0.5615634740660312,1.0,False,1.0,False,0.9957506177226078,False,0.0028275341851637078,1.2709766162310867
4,24,31,4,3.1234705228031148,1.2806267806267806,0.5615634740660312,1.0,False,1.0,False,0.9957506177226078,False,0.0028275341851637078,1.2709766162310867
4,25,26,3,3.1234705228031148,0.9604700854700856,1.0,1.0,False,1.0,False,1.0,False,0.002139776275947752,0.9618294360385146
4,25,27,3,3.1234705228031148,0.9604700854700856,1.0,1.0,False,1.0,False,1.0,False,0.002139776275947752,0.9618294360385146
4,25,28,3,3.1234705228031148,0.9604700854700856,1.0,1.0,False,1.0,False,1.0,False,0.002139776275947752,0.9618294360385146
4,25,29,3,3.1234705228031148,0.9604700854700856,1.0,1.0,False,1.0,False,1.0,False,0.002139776275947752,0.9618294360385146
4,25,30,2,3.1234705228031148,0.6403133903133903,0.7762736999601787,1.0,False,1.0,False,1.0,False,0.0014520183667317958,0.6526822558459422
4,25,31,2,3.1234705228031148,0.6403133903133903,0.7762736999601787,1.0,False,1.0,False,1.0,False,0.0014520183667317958,0.6526822558459422
4,26,27,5,3.1234705228031148,1.6007834757834758,0.24957369947482808,1.0,False,1.0,False,0.9857592345811885,False,0.003515292094379664,1.580123796423659
4,26,28,5,3.1234705228031148,1.6007834757834758,0.24957369947482808,1.0,False,1.0,False,0.9857592345811885,False,0.003515292094379664,1.580123796423659
4,26,29,4,3.1234705228031148,1.2806267806267806,0.5615634740660312,1.0,False,1.0,False,0.9957506177226078,False,0.0028275341851637078,1.2709766162310867
4,26,30,6,3.1234705228031148,1.9209401709401712,0.14049792107858372,1.0,False,1.0,False,0.9857592345811885,False,0.00420305000359562,1.8892709766162312
4,26,31,4,3.1234705228031148,1.2806267806267806,0.5615634740660312,1.0,False,1.0,False,0.9957506177226078,False,0.0028275341851637078,1.2709766162310867
4,27,28,6,3.1234705228031148,1.9209401709401712,0.14049792107858372,1.0,False,1.0,False,0.9857592345811885,False,0.00420305000359562,1.8892709766162312
4,27,29,4,3.1234705228031148,1.2806267806267806,0.5615634740660312,1.0,False,1.0,False,0.9957506177226078,False,0.0028275341851637078,1.2709766162310867
4,27,30,3,3.1234705228031148,0.9604700854700856,1.0,1.0,False,1.0,False,1.0,False,0.002139776275947752,0.9618294360385146
4,27,31,6,3.1234705228031148,1.9209401709401712,0.14049792107858372,1.0,False,1.0,False,0.9857592345811885,False,0.00420305000359562,1.8892709766162312
4,28,29,6,3.1234705228031148,1.9209401709401712,0.14049792107858372,1.0,False,1.0,False,0.9857592345811885,False,0.00420305000359562,1.8892709766162312
4,28,30,3,3.1234705228031148,0.9604700854700856,1.0,1.0,False,1.0,False,1.0,False,0.002139776275947752,0.9618294360385146
4,28,31,2,3.1234705228031148,0.6403133903133903,0.7762736999601787,1.0,False,1.0,False,1.0,False,0.0014520183667317958,0.6526822558459422
4,29,30,4,3.1234705228031148,1.2806267806267806,0.5615634740660312,1.0,False,1.0,False,0.9957506177226078,False,0.0028275341851637078,1.2709766162310867
4,29,31,1,3.1234705228031148,0.32015669515669515,0.38684745045633295,1.0,False,1.0,False,0.9857592345811885,False,0.0007642604575158399,0.34353507565337005
4,30,31,4,3.1234705228031148,1.2806267806267806,0.5615634740660312,1.0,False,1.0,False,0.9957506177226078,False,0.0028275341851637078,1.2709766162310867
5,6,7,3,3.1234705228031148,0.9604700854700856,1.0,1.0,False,1.0,False,1.0,False,0.002139776275947752,0.9618294360385146
5,6,8,4,3.1234705228031148,1.2806267806267806,0.5615634740660312,1.0,False,1.0,False,0.9957506177226078,False,0.0028275341851637078,1.2709766162310867
5,6,9,3,3.1234705228031148,0.9604700854700856,1.0,1.0,False,1.0,False,1.0,False,0.002139776275947752,0.9618294360385146
5,6,10,3,3.1234705228031148,0.9604700854700856,1.0,1.0,False,1.0,False,1.0,False,0.002139776275947752,0.9618294360385146
5,6,11,3,3.1234705228031148,0.9604700854700856,1.0,1.0,False,1.0,False,1.0,False,0.002139776275947752,0.9618294360385146
5,6,12,3,3.1234705228031148,0.9604700854700856,1.0,1.0,False,1.0,False,1.0,False,0.002139776275947752,0.9618294360385146
5,6,13,5,3.1234705228031148,1.6007834757834758,0.24957369947482808,1.0,False,1.0,False,0.9857592345811885,False,0.003515292094379664,1.580123796423659
5,6,14,3,3.1234705228031148,0.9604700854700856,1.0,1.0,False,1.0,False,1.0,False,0.002139776275947752,0.9618294360385146
5,6,15,2,3.1234705228031148,0.6403133903133903,0.7762736999601787,1.0,False,1.0,False,1.0,False,0.0014520183667317958,0.6526822558459422
5,6,16,4,3.1234705228031148,1.2806267806267806,0.5615634740660312,1.0,False,1.0,False,0.9957506177226078,False,0.0028275341851637078,1.2709766162310867
5,6,17,5,3.1234705228031148,1.6007834757834758,0.24957369947482808,1.0,False,1.0,False,0.9857592345811885,False,0.003515292094379664,1.580123796423659
5,6,18,1,3.1234705228031148,0.32015669515669515,0.38684745045633295,1.0,False,1.0,False,0.9857592345811885,False,0.0007642604575158399,0.34353507565337005
5,6,19,1,3.1234705228031148,0.32015669515669515,0.38684745045633295,1.0,False,1.0,False,0.9857592345811885,False,0.0007642604575158399,0.34353507565337005
5,6,20,5,3.1234705228031148,1.6007834757834758,0.24957369947482808,1.0,False,1.0,False,0.9857592345811885,False,0.003515292094379664,1.580123796423659
5,6,21,6,3.1234705228031148,1.9209401709401712,0.14049792107858372,1.0,False,1.0,False,0.9857592345811885,False,0.00420305000359562,1.8892709766162312
5,6,22,3,3.1234705228031148,0.9604700854700856,1.0,1.0,False,1.0,False,1.0,False,0.002139776275947752,0.9618294360385146
5,6,23,7,3.1234705228031148,2.241096866096866,0.03994014992889243,1.0,False,1.0,False,0.9857592345811885,False,0.004890807912811576,2.1984181568088035
5,6,24,5,3.1234705228031148,1.6007834757834758,0.24957369947482808,1.0,False,1.0,False,0.9857592345811885,False,0.003515292094379664,1.580123796423659
5,6,25,6,3.1234705228031148,1.9209401709401712,0.14049792107858372,1.0,False,1.0,False,0.9857592345811885,False,0.00420305000359562,1.8892709766162312
5,6,26,2,3.1234705228031148,0.6403133903133903,0.7762736999601787,1.0,False,1.0,False,1.0,False,0.0014520183667317958,0.6526822558459422
5,6,27,4,3.1234705228031148,1.2806267806267806,0.5615634740660312,1.0,False,1.0,False,0.9957506177226078,False,0.0028275341851637078,1.2709766162310867
5,6,28,5,3.1234705228031148,1.6007834757834758,0.24957369947482808,1.0,False,1.0,False,0.9857592345811885,False,0.003515292094379664,1.580123796423659
5,6,29,5,3.1234705228031148,1.6007834757834758,0.24957369947482808,1.0,False,1.0,False,0.9857592345811885,False,0.003515292094379664,1.580123796423659
5,6,30,5,3.1234705228031148,1.6007834757834758,0.24957369947482808,1.0,False,1.0,False,0.9857592345811885,False,0.003515292094379664,1.580123796423659
5,6,31,2,3.1234705228031148,0.6403133903133903,0.7762736999601787,1.0,False,1.0,False,1.0,False,0.0014520183667317958,0.6526822558459422
5,7,8,1,3.1234705228031148,0.32015669515669515,0.38684745045633295,1.0,False,1.0,False,0.9857592345811885,False,0.0007642604575158399,0.34353507565337005
5,7,9,0,3.1234705228031148,0.0,0.08379148704798318,1.0,False,1.0,False,0.9857592345811885,False,7.650254829988387e-05,0.0343878954607978
5,7,10,3,3.1234705228031148,0.9604700854700856,1.0,1.0,False,1.0,False,1.0,False,0.002139776275947752,0.9618294360385146
5,7,11,7,3.1234705228031148,2.241096866096866,0.03994014992889243,1.0,False,1.0,False,0.9857592345811885,False,0.004890807912811576,2.1984181568088035
5,7,12,5,3.1234705228031148,1.6007834757834758,0.24957369947482808,1.0,False,1.0,False,0.9857592345811885,False,0.003515292094379664,1.580123796423659
5,7,13,3,3.1234705228031148,0.9604700854700856,1.0,1.0,False,1.0,False,1.0,False,0.002139776275947752,0.9618294360385146
5,7,14,4,3.1234705228031148,1.2806267806267806,0.5615634740660312,1.0,False,1.0,False,0.9957506177226078,False,0.0028275341851637078,1.2709766162310867
5,7,15,3,3.1234705228031148,0.9604700854700856,1.0,1.0,False,1.0,False,1.0,False,0.002139776275947752,0.9618294360385146
5,7,16,2,3.1234705228031148,0.6403133903133903,0.7762736999601787,1.0,False,1.0,False,1.0,False,0.0014520183667317958,0.6526822558459422
5,7,17,6,3.1234705228031148,1.9209401709401712,0.14049792107858372,1.0,False,1.0,False,0.9857592345811885,False,0.00420305000359562,1.8892709766162312
5,7,18,7,3.1234705228031148,2.241096866096866,0.03994014992889243,1.0,False,1.0,False,0.9857592345811885,False,0.004890807912811576,2.1984181568088035
5,7,19,3,3.1234705228031148,0.9604700854700856,1.0,1.0,False,1.0,False,1.0,False,0.002139776275947752,0.9618294360385146
5,7,20,5,3.1234705228031148,1.6007834757834758,0.24957369947482808,1.0,False,1.0,False,0.9857592345811885,False,0.003515292094379664,1.580123796423659
5,7,21,3,3.1234705228031148,0.9604700854700856,1.0,1.0,False,1.0,False,1.0,False,0.002139776275947752,0.9618294360385146
5,7,22,3,3.1234705228031148,0.9604700854700856,1.0,1.0,False,1.0,False,1.0,False,0.002139776275947752,0.9618294360385146
5,7,23,2,3.1234705228031148,0.6403133903133903,0.7762736999601787,1.0,False,1.0,False,1.0,False,0.0014520183667317958,0.6526822558459422
5,7,24,4,3.1234705228031148,1.2806267806267806,0.5615634740660312,1.0,False,1.0,False,0.9957506177226078,False,0.0028275341851637078,1.2709766162310867
5,7,25,4,3.1234705228031148,1.2806267806267806,0.5615634740660312,1.0,False,1.0,False,0.9957506177226078,False,0.0028275341851637078,1.2709766162310867
5,7,26,2,3.1234705228031148,0.6403133903133903,0.7762736999601787,1.0,False,1.0,False,1.0,False,0.0014520183667317958,0.6526822558459422
5,7,27,8,3.1234705228031148,2.561253561253561,0.01468912435960452,1.0,False,1.0,False,0.956921941977135,False,0.005578565822027533,2.5075653370013757
5,7,28,1,3.1234705228031148,0.32015669515669515,0.38684745045633295,1.0,False,1.0,False,0.9857592345811885,False,0.0007642604575158399,0.34353507565337005
5,7,29,3,3.1234705228031148,0.9604700854700856,1.0,1.0,False,1.0,False,1.0,False,0.002139776275947752,0.9618294360385146
5,7,30,1,3.1234705228031148,0.32015669515669515,0.38684745045633295,1.0,False,1.0,False,0.9857592345811885,False,0.0007642604575158399,0.34353507565337005
5,7,31,3,3.1234705228031148,0.9604700854700856,1.0,1.0,False,1.0,False,1.0,False,0.002139776275947752,0.9618294360385146
5,8,9,1,3.1234705228031148,0.32015669515669515,0.38684745045633295,1.0,False,1.0,False,0.9857592345811885,False,0.0007642604575158399,0.34353507565337005
5,8,10,3,3.1234705228031148,0.9604700854700856,1.0,1.0,False,1.0,False,1.0,False,0.002139776275947752,0.9618294360385146
5,8,11,3,3.1234705228031148,0.9604700854700856,1.0,1.0,False,1.0,False,1.0,False,0.002139776275947752,0.9618294360385146
5,8,12,4,3.1234705228031148,1.2806267806267806,0.5615634740660312,1.0,False,1.0,False,0.9957506177226078,False,0.0028275341851637078,1.2709766162310867
5,8,13,2,3.1234705228031148,0.6403133903133903,0.7762736999601787,1.0,False,1.0,False,1.0,False,0.0014520183667317958,0.6526822558459422
5,8,14,3,3.1234705228031148,0.9604700854700856,1.0,1.0,False,1.0,False,1.0,False,0.002139776275947752,0.9618294360385146
5,8,15,0,3.1234705228031148,0.0,0.08379148704798318,1.0,False,1.0,False,0.9857592345811885,False,7.650254829988387e-05,0.0343878954607978
5,8,16,1,3.1234705228031148,0.32015669515669515,0.38684745045633295,1.0,False,1.0,False,0.9857592345811885,False,0.0007642604575158399,0.34353507565337005
5,8,17,2,3.1234705228031148,0.6403133903133903,0.7762736999601787,1.0,False,1.0,False,1.0,False,0.0014520183667317958,0.6526822558459422
5,8,18,1,3.1234705228031148,0.32015669515669515,0.38684745045633295,1.0,False,1.0,False,0.9857592345811885,False,0.0007642604575158399,0.34353507565337005
5,8,19,3,3.1234705228031148,0.9604700854700856,1.0,1.0,False,1.0,False,1.0,False,0.002139776275947752,0.9618294360385146
5,8,20,2,3.1234705228031148,0.6403133903133903,0.7762736999601787,1.0,False,1.0,False,1.0,False,0.0014520183667317958,0.6526822558459422
5,8,21,3,3.1234705228031148,0.9604700854700856,1.0,1.0,False,1.0,False,1.0,False,0.002139776275947752,0.9618294360385146
5,8,22,5,3.1234705228031148,1.6007834757834758,0.24957369947482808,1.0,False,1.0,False,0.9857592345811885,False,0.003515292094379664,1.580123796423659
5,8,23,1,3.1234705228031148,0.32015669515669515,0.38684745045633295,1.0,False,1.0,False,0.9857592345811885,False,0.0007642604575158399,0.34353507565337005
5,8,24,1,3.1234705228031148,0.32015669515669515,0.38684745045633295,1.0,False,1.0,False,0.9857592345811885,False,0.0007642604575158399,0.34353507565337005
5,8,25,2,3.1234705228031148,0.6403133903133903,0.7762736999601787,1.0,False,1.0,False,1.0,False,0.0014520183667317958,0.6526822558459422
5,8,26,2,3.1234705228031148,0.6403133903133903,0.7762736999601787,1.0,False,1.0,False,1.0,False,0.0014520183667317958,0.6526822558459422
5,8,27,5,3.1234705228031148,1.6007834757834758,0.24957369947482808,1.0,False,1.0,False,0.9857592345811885,False,0.003515292094379664,1.580123796423659
5,8,28,4,3.1234705228031148,1.2806267806267806,0.5615634740660312,1.0,False,1.0,False,0.9957506177226078,False,0.0028275341851637078,1.2709766162310867
5,8,29,2,3.1234705228031148,0.6403133903133903,0.7762736999601787,1.0,False,1.0,False,1.0,False,0.0014520183667317958,0.6526822558459422
5,8,30,3,3.1234705228031148,0.9604700854700856,1.0,1.0,False,1.0,False,1.0,False,0.002139776275947752,0.9618294360385146
5,8,31,2,3.1234705228031148,0.6403133903133903,0.7762736999601787,1.0,False,1.0,False,1.0,False,0.0014520183667317958,0.6526822558459422
5,9,10,1,3.1234705228031148,0.32015669515669515,0.38684745045633295,1.0,False,1.0,False,0.9857592345811885,False,0.0007642604575158399,0.34353507565337005
5,9,11,1,3.1234705228031148,0.32015669515669515,0.38684745045633295,1.0,False,1.0,False,0.9857592345811885,False,0.0007642604575158399,0.34353507565337005
5,9,12,1,3.1234705228031148,0.32015669515669515,0.38684745045633295,1.0,False,1.0,False,0.9857592345811885,False,0.0007642604575158399,0.34353507565337005
5,9,13,4,3.1234705228031148,1.2806267806267806,0.5615634740660312,1.0,False,1.0,False,0.9957506177226078,False,0.0028275341851637078,1.2709766162310867
5,9,14,1,3.1234705228031148,0.32015669515669515,0.38684745045633295,1.0,False,1.0,False,0.9857592345811885,False,0.0007642604575158399,0.34353507565337005
5,9,15,3,3.1234705228031148,0.9604700854700856,1.0,1.0,False,1.0,False,1.0,False,0.002139776275947752,0.9618294360385146
5,9,16,5,3.1234705228031148,1.6007834757834758,0.24957369947482808,1.0,False,1.0,False,0.9857592345811885,False,0.003515292094379664,1.580123796423659
5,9,17,0,3.1234705228031148,0.0,0.08379148704798318,1.0,False,1.0,False,0.9857592345811885,False,7.650254829988387e-05,0.0343878954607978
5,9,18,3,3.1234705228031148,0.9604700854700856,1.0,1.0,False,1.0,False,1.0,False,0.002139776275947752,0.9618294360385146
5,9,19,5,3.1234705228031148,1.6007834757834758,0.24957369947482808,1.0,False,1.0,False,0.9857592345811885,False,0.003515292094379664,1.580123796423659
5,9,20,3,3.1234705228031148,0.9604700854700856,1.0,1.0,False,1.0,False,1.0,False,0.002139776275947752,0.9618294360385146
5,9,21,1,3.1234705228031148,0.32015669515669515,0.38684745045633295,1.0,False,1.0,False,0.9857592345811885,False,0.0007642604575158399,0.34353507565337005
5,9,22,5,3.1234705228031148,1.6007834757834758,0.24957369947482808,1.0,False,1.0,False,0.9857592345811885,False,0.003515292094379664,1.580123796423659
5,9,23,3,3.1234705228031148,0.9604700854700856,1.0,1.0,False,1.0,False,1.0,False,0.002139776275947752,0.9618294360385146
5,9,24,1,3.1234705228031148,0.32015669515669515,0.38684745045633295,1.0,False,1.0,False,0.9857592345811885,False,0.0007642604575158399,0.34353507565337005
5,9,25,2,3.1234705228031148,0.6403133903133903,0.7762736999601787,1.0,False,1.0,False,1.0,False,0.0014520183667317958,0.6526822558459422
5,9,26,2,3.1234705228031148,0.6403133903133903,0.7762736999601787,1.0,False,1.0,False,1.0,False,0.0014520183667317958,0.6526822558459422
5,9,27,2,3.1234705228031148,0.6403133903133903,0.7762736999601787,1.0,False,1.0,False,1.0,False,0.0014520183667317958,0.6526822558459422
5,9,28,0,3.1234705228031148,0.0,0.08379148704798318,1.0,False,1.0,False,0.9857592345811885,False,7.650254829988387e-05,0.0343878954607978
5,9,29,3,3.1234705228031148,0.9604700854700856,1.0,1.0,False,1.0,False,1.0,False,0.002139776275947752,0.9618294360385146
5,9,30,7,3.1234705228031148,2.241096866096866,0.03994014992889243,1.0,False,1.0,False,0.9857592345811885,False,0.004890807912811576,2.1984181568088035
5,9,31,3,3.1234705228031148,0.9604700854700856,1.0,1.0,False,1.0,False,1.0,False,0.002139776275947752,0.9618294360385146
5,10,11,3,3.1234705228031148,0.9604700854700856,1.0,1.0,False,1.0,False,1.0,False,0.002139776275947752,0.9618294360385146
5,10,12,3,3.1234705228031148,0.9604700854700856,1.0,1.0,False,1.0,False,1.0,False,0.002139776275947752,0.9618294360385146
5,10,13,1,3.1234705228031148,0.32015669515669515,0.38684745045633295,1.0,False,1.0,False,0.9857592345811885,False,0.0007642604575158399,0.34353507565337005
5,10,14,1,3.1234705228031148,0.32015669515669515,0.38684745045633295,1.0,False,1.0,False,0.9857592345811885,False,0.0007642604575158399,0.34353507565337005
5,10,15,4,3.1234705228031148,1.2806267806267806,0.5615634740660312,1.0,False,1.0,False,0.9957506177226078,False,0.0028275341851637078,1.2709766162310867
5,10,16,2,3.1234705228031148,0.6403133903133903,0.7762736999601787,1.0,False,1.0,False,1.0,False,0.0014520183667317958,0.6526822558459422
5,10,17,2,3.1234705228031148,0.6403133903133903,0.7762736999601787,1.0,False,1.0,False,1.0,False,0.0014520183667317958,0.6526822558459422
5,10,18,3,3.1234705228031148,0.9604700854700856,1.0,1.0,False,1.0,False,1.0,False,0.002139776275947752,0.9618294360385146
5,10,19,2,3.1234705228031148,0.6403133903133903,0.7762736999601787,1.0,False,1.0,False,1.0,False,0.0014520183667317958,0.6526822558459422
5,10,20,5,3.1234705228031148,1.6007834757834758,0.24957369947482808,1.0,False,1.0,False,0.9857592345811885,False,0.003515292094379664,1.580123796423659
5,10,21,5,3.1234705228031148,1.6007834757834758,0.24957369947482808,1.0,False,1.0,False,0.9857592345811885,False,0.003515292094379664,1.580123796423659
5,10,22,1,3.1234705228031148,0.32015669515669515,0.38684745045633295,1.0,False,1.0,False,0.9857592345811885,False,0.0007642604575158399,0.34353507565337005
5,10,23,2,3.1234705228031148,0.6403133903133903,0.7762736999601787,1.0,False,1.0,False,1.0,False,0.0014520183667317958,0.6526822558459422
5,10,24,2,3.1234705228031148,0.6403133903133903,0.7762736999601787,1.0,False,1.0,False,1.0,False,0.0014520183667317958,0.6526822558459422
5,10,25,3,3.1234705228031148,0.9604700854700856,1.0,1.0,False,1.0,False,1.0,False,0.002139776275947752,0.9618294360385146
5,10,26,1,3.1234705228031148,0.32015669515669515,0.38684745045633295,1.0,False,1.0,False,0.9857592345811885,False,0.0007642604575158399,0.34353507565337005
5,10,27,4,3.1234705228031148,1.2806267806267806,0.5615634740660312,1.0,False,1.0,False,0.9957506177226078,False,0.0028275341851637078,1.2709766162310867
5,10,28,5,3.1234705228031148,1.6007834757834758,0.24957369947482808,1.0,False,1.0,False,0.9857592345811885,False,0.003515292094379664,1.580123796423659
5,10,29,3,3.1234705228031148,0.9604700854700856,1.0,1.0,False,1.0,False,1.0,False,0.002139776275947752,0.9618294360385146
5,10,30,3,3.1234705228031148,0.9604700854700856,1.0,1.0,False,1.0,False,1.0,False,0.002139776275947752,0.9618294360385146
5,10,31,1,3.1234705228031148,0.32015669515669515,0.38684745045633295,1.0,False,1.0,False,0.9857592345811885,False,0.0007642604575158399,0.34353507565337005
5,11,12,8,3.1234705228031148,2.561253561253561,0.01468912435960452,1.0,False,1.0,False,0.956921941977135,False,0.005578565822027533,2.5075653370013757
5,11,13,2,3.1234705228031148,0.6403133903133903,0.7762736999601787,1.0,False,1.0,False,1.0,False,0.0014520183667317958,0.6526822558459422
5,11,14,2,3.1234705228031148,0.6403133903133903,0.7762736999601787,1.0,False,1.0,False,1.0,False,0.0014520183667317958,0.6526822558459422
5,11,15,1,3.1234705228031148,0.32015669515669515,0.38684745045633295,1.0,False,1.0,False,0.9857592345811885,False,0.0007642604575158399,0.34353507565337005
5,11,16,5,3.1234705228031148,1.6007834757834758,0.24957369947482808,1.0,False,1.0,False,0.9857592345811885,False,0.003515292094379664,1.580123796423659
5,11,17,4,3.1234705228031148,1.2806267806267806,0.5615634740660312,1.0,False,1.0,False,0.9957506177226078,False,0.0028275341851637078,1.2709766162310867
5,11,18,4,3.1234705228031148,1.2806267806267806,0.5615634740660312,1.0,False,1.0,False,0.9957506177226078,False,0.0028275341851637078,1.2709766162310867
5,11,19,2,3.1234705228031148,0.6403133903133903,0.7762736999601787,1.0,False,1.0,False,1.0,False,0.0014520183667317958,0.6526822558459422
5,11,20,4,3.1234705228031148,1.2806267806267806,0.5615634740660312,1.0,False,1.0,False,0.9957506177226078,False,0.0028275341851637078,1.2709766162310867
5,11,21,2,3.1234705228031148,0.6403133903133903,0.7762736999601787,1.0,False,1.0,False,1.0,False,0.0014520183667317958,0.6526822558459422
5,11,22,3,3.1234705228031148,0.9604700854700856,1.0,1.0,False,1.0,False,1.0,False,0.002139776275947752,0.9618294360385146
5,11,23,5,3.1234705228031148,1.6007834757834758,0.24957369947482808,1.0,False,1.0,False,0.9857592345811885,False,0.003515292094379664,1.580123796423659
5,11,24,3,3.1234705228031148,0.9604700854700856,1.0,1.0,False,1.0,False,1.0,False,0.002139776275947752,0.9618294360385146
5,11,25,1,3.1234705228031148,0.32015669515669515,0.38684745045633295,1.0,False,1.0,False,0.9857592345811885,False,0.0007642604575158399,0.34353507565337005
5,11,26,4,3.1234705228031148,1.2806267806267806,0.5615634740660312,1.0,False,1.0,False,0.9957506177226078,False,0.0028275341851637078,1.2709766162310867
5,11,27,1,3.1234705228031148,0.32015669515669515,0.38684745045633295,1.0,False,1.0,False,0.9857592345811885,False,0.0007642604575158399,0.34353507565337005
5,11,28,3,3.1234705228031148,0.9604700854700856,1.0,1.0,False,1.0,False,1.0,False,0.002139776275947752,0.9618294360385146
5,11,29,4,3.1234705228031148,1.2806267806267806,0.5615634740660312,1.0,False,1.0,False,0.9957506177226078,False,0.0028275341851637078,1.2709766162310867
5,11,30,3,3.1234705228031148,0.9604700854700856,1.0,1.0,False,1.0,False,1.0,False,0.002139776275947752,0.9618294360385146
5,11,31,4,3.1234705228031148,1.2806267806267806,0.5615634740660312,1.0,False,1.0,False,0.9957506177226078,False,0.0028275341851637078,1.2709766162310867
5,12,13,2,3.1234705228031148,0.6403133903133903,0.7762736999601787,1.0,False,1.0,False,1.0,False,0.0014520183667317958,0.6526822558459422
5,12,14,4,3.1234705228031148,1.2806267806267806,0.5615634740660312,1.0,False,1.0,False,0.9957506177226078,False,0.0028275341851637078,1.2709766162310867
5,12,15,4,3.1234705228031148,1.2806267806267806,0.5615634740660312,1.0,False,1.0,False,0.9957506177226078,False,0.0028275341851637078,1.2709766162310867
5,12,16,5,3.1234705228031148,1.6007834757834758,0.24957369947482808,1.0,False,1.0,False,0.9857592345811885,False,0.003515292094379664,1.580123796423659
5,12,17,3,3.1234705228031148,0.9604700854700856,1.0,1.0,False,1.0,False,1.0,False,0.002139776275947752,0.9618294360385146
5,12,18,6,3.1234705228031148,1.9209401709401712,0.14049792107858372,1.0,False,1.0,False,0.9857592345811885,False,0.00420305000359562,1.8892709766162312
5,12,19,6,3.1234705228031148,1.9209401709401712,0.14049792107858372,1.0,False,1.0,False,0.9857592345811885,False,0.00420305000359562,1.8892709766162312
5,12,20,5,3.1234705228031148,1.6007834757834758,0.24957369947482808,1.0,False,1.0,False,0.9857592345811885,False,0.003515292094379664,1.580123796423659
5,12,21,2,3.1234705228031148,0.6403133903133903,0.7762736999601787,1.0,False,1.0,False,1.0,False,0.0014520183667317958,0.6526822558459422
5,12,22,4,3.1234705228031148,1.2806267806267806,0.5615634740660312,1.0,False,1.0,False,0.9957506177226078,False,0.0028275341851637078,1.2709766162310867
5,12,23,7,3.1234705228031148,2.241096866096866,0.03994014992889243,1.0,False,1.0,False,0.9857592345811885,False,0.004890807912811576,2.1984181568088035
5,12,24,6,3.1234705228031148,1.9209401709401712,0.14049792107858372,1.0,False,1.0,False,0.9857592345811885,False,0.00420305000359562,1.8892709766162312
5,12,25,0,3.1234705228031148,0.0,0.08379148704798318,1.0,False,1.0,False,0.9857592345811885,False,7.650254829988387e-05,0.0343878954607978
5,12,26,0,3.1234705228031148,0.0,0.08379148704798318,1.0,False,1.0,False,0.9857592345811885,False,7.650254829988387e-05,0.0343878954607978
5,12,27,6,3.1234705228031148,1.9209401709401712,0.14049792107858372,1.0,False,1.0,False,0.9857592345811885,False,0.00420305000359562,1.8892709766162312
5,12,28,4,3.1234705228031148,1.2806267806267806,0.5615634740660312,1.0,False,1.0,False,0.9957506177226078,False,0.0028275341851637078,1.2709766162310867
5,12,29,2,3.1234705228031148,0.6403133903133903,0.7762736999601787,1.0,False,1.0,False,1.0,False,0.0014520183667317958,0.6526822558459422
5,12,30,3,3.1234705228031148,0.9604700854700856,1.0,1.0,False,1.0,False,1.0,False,0.002139776275947752,0.9618294360385146
5,12,31,2,3.1234705228031148,0.6403133903133903,0.7762736999601787,1.0,False,1.0,False,1.0,False,0.0014520183667317958,0.6526822558459422
5,13,14,2,3.1234705228031148,0.6403133903133903,0.7762736999601787,1.0,False,1.0,False,1.0,False,0.0014520183667317958,0.6526822558459422
5,13,15,3,3.1234705228031148,0.9604700854700856,1.0,1.0,False,1.0,False,1.0,False,0.002139776275947752,0.9618294360385146
5,13,16,4,3.1234705228031148,1.2806267806267806,0.5615634740660312,1.0,False,1.0,False,0.9957506177226078,False,0.0028275341851637078,1.2709766162310867
5,13,17,2,3.1234705228031148,0.6403133903133903,0.7762736999601787,1.0,False,1.0,False,1.0,False,0.0014520183667317958,0.6526822558459422
5,13,18,4,3.1234705228031148,1.2806267806267806,0.5615634740660312,1.0,False,1.0,False,0.9957506177226078,False,0.0028275341851637078,1.2709766162310867
5,13,19,6,3.1234705228031148,1.9209401709401712,0.14049792107858372,1.0,False,1.0,False,0.9857592345811885,False,0.00420305000359562,1.8892709766162312
5,13,20,3,3.1234705228031148,0.9604700854700856,1.0,1.0,False,1.0,False,1.0,False,0.002139776275947752,0.9618294360385146
5,13,21,5,3.1234705228031148,1.6007834757834758,0.24957369947482808,1.0,False,1.0,False,0.9857592345811885,False,0.003515292094379664,1.580123796423659
5,13,22,1,3.1234705228031148,0.32015669515669515,0.38684745045633295,1.0,False,1.0,False,0.9857592345811885,False,0.0007642604575158399,0.34353507565337005
5,13,23,1,3.1234705228031148,0.32015669515669515,0.38684745045633295,1.0,False,1.0,False,0.9857592345811885,False,0.0007642604575158399,0.34353507565337005
5,13,24,4,3.1234705228031148,1.2806267806267806,0.5615634740660312,1.0,False,1.0,False,0.9957506177226078,False,0.0028275341851637078,1.2709766162310867
5,13,25,2,3.1234705228031148,0.6403133903133903,0.7762736999601787,1.0,False,1.0,False,1.0,False,0.0014520183667317958,0.6526822558459422
5,13,26,2,3.1234705228031148,0.6403133903133903,0.7762736999601787,1.0,False,1.0,False,1.0,False,0.0014520183667317958,0.6526822558459422
5,13,27,5,3.1234705228031148,1.6007834757834758,0.24957369947482808,1.0,False,1.0,False,0.9857592345811885,False,0.003515292094379664,1.580123796423659
5,13,28,2,3.1234705228031148,0.6403133903133903,0.7762736999601787,1.0,False,1.0,False,1.0,False,0.0014520183667317958,0.6526822558459422
5,13,29,4,3.1234705228031148,1.2806267806267806,0.5615634740660312,1.0,False,1.0,False,0.9957506177226078,False,0.0028275341851637078,1.2709766162310867
5,13,30,2,3.1234705228031148,0.6403133903133903,0.7762736999601787,1.0,False,1.0,False,1.0,False,0.0014520183667317958,0.6526822558459422
5,13,31,3,3.1234705228031148,0.9604700854700856,1.0,1.0,False,1.0,False,1.0,False,0.002139776275947752,0.9618294360385146
5,14,15,2,3.1234705228031148,0.6403133903133903,0.7762736999601787,1.0,False,1.0,False,1.0,False,0.0014520183667317958,0.6526822558459422
5,14,16,2,3.1234705228031148,0.6403133903133903,0.7762736999601787,1.0,False,1.0,False,1.0,False,0.0014520183667317958,0.6526822558459422
5,14,17,3,3.1234705228031148,0.9604700854700856,1.0,1.0,False,1.0,False,1.0,False,0.002139776275947752,0.9618294360385146
5,14,18,6,3.1234705228031148,1.9209401709401712,0.14049792107858372,1.0,False,1.0,False,0.9857592345811885,False,0.00420305000359562,1.8892709766162312
5,14,19,0,3.1234705228031148,0.0,0.08379148704798318,1.0,False,1.0,False,0.9857592345811885,False,7.650254829988387e-05,0.0343878954607978
5,14,20,5,3.1234705228031148,1.6007834757834758,0.24957369947482808,1.0,False,1.0,False,0.9857592345811885,False,0.003515292094379664,1.580123796423659
5,14,21,1,3.1234705228031148,0.32015669515669515,0.38684745045633295,1.0,False,1.0,False,0.9857592345811885,False,0.0007642604575158399,0.34353507565337005
5,14,22,4,3.1234705228031148,1.2806267806267806,0.5615634740660312,1.0,False,1.0,False,0.9957506177226078,False,0.0028275341851637078,1.2709766162310867
5,14,23,4,3.1234705228031148,1.2806267806267806,0.5615634740660312,1.0,False,1.0,False,0.9957506177226078,False,0.0028275341851637078,1.2709766162310867
5,14,24,5,3.1234705228031148,1.6007834757834758,0.24957369947482808,1.0,False,1.0,False,0.9857592345811885,False,0.003515292094379664,1.580123796423659
5,14,25,1,3.1234705228031148,0.32015669515669515,0.38684745045633295,1.0,False,1.0,False,0.9857592345811885,False,0.0007642604575158399,0.34353507565337005
5,14,26,1,3.1234705228031148,0.32015669515669515,0.38684745045633295,1.0,False,1.0,False,0.9857592345811885,False,0.0007642604575158399,0.34353507565337005
5,14,27,3,3.1234705228031148,0.9604700854700856,1.0,1.0,False,1.0,False,1.0,False,0.002139776275947752,0.9618294360385146
5,14,28,3,3.1234705228031148,0.9604700854700856,1.0,1.0,False,1.0,False,1.0,False,0.002139776275947752,0.9618294360385146
5,14,29,3,3.1234705228031148,0.9604700854700856,1.0,1.0,False,1.0,False,1.0,False,0.002139776275947752,0.9618294360385146
5,14,30,3,3.1234705228031148,0.9604700854700856,1.0,1.0,False,1.0,False,1.0,False,0.002139776275947752,0.9618294360385146
5,14,31,2,3.1234705228031148,0.6403133903133903,0.7762736999601787,1.0,False,1.0,False,1.0,False,0.0014520183667317958,0.6526822558459422
5,15,16,4,3.1234705228031148,1.2806267806267806,0.5615634740660312,1.0,False,1.0,False,0.9957506177226078,False,0.0028275341851637078,1.2709766162310867
5,15,17,1,3.1234705228031148,0.32015669515669515,0.38684745045633295,1.0,False,1.0,False,0.9857592345811885,False,0.0007642604575158399,0.34353507565337005
5,15,18,1,3.1234705228031148,0.32015669515669515,0.38684745045633295,1.0,False,1.0,False,0.9857592345811885,False,0.0007642604575158399,0.34353507565337005
5,15,19,3,3.1234705228031148,0.9604700854700856,1.0,1.0,False,1.0,False,1.0,False,0.002139776275947752,0.9618294360385146
5,15,20,5,3.1234705228031148,1.6007834757834758,0.24957369947482808,1.0,False,1.0,False,0.9857592345811885,False,0.003515292094379664,1.580123796423659
5,15,21,3,3.1234705228031148,0.9604700854700856,1.0,1.0,False,1.0,False,1.0,False,0.002139776275947752,0.9618294360385146
5,15,22,5,3.1234705228031148,1.6007834757834758,0.24957369947482808,1.0,False,1.0,False,0.9857592345811885,False,0.003515292094379664,1.580123796423659
5,15,23,0,3.1234705228031148,0.0,0.08379148704798318,1.0,False,1.0,False,0.9857592345811885,False,7.650254829988387e-05,0.0343878954607978
5,15,24,3,3.1234705228031148,0.9604700854700856,1.0,1.0,False,1.0,False,1.0,False,0.002139776275947752,0.9618294360385146
5,15,25,1,3.1234705228031148,0.32015669515669515,0.38684745045633295,1.0,False,1.0,False,0.9857592345811885,False,0.0007642604575158399,0.34353507565337005
5,15,26,2,3.1234705228031148,0.6403133903133903,0.7762736999601787,1.0,False,1.0,False,1.0,False,0.0014520183667317958,0.6526822558459422
5,15,27,6,3.1234705228031148,1.9209401709401712,0.14049792107858372,1.0,False,1.0,False,0.9857592345811885,False,0.00420305000359562,1.8892709766162312
5,15,28,1,3.1234705228031148,0.32015669515669515,0.38684745045633295,1.0,False,1.0,False,0.9857592345811885,False,0.0007642604575158399,0.34353507565337005
5,15,29,3,3.1234705228031148,0.9604700854700856,1.0,1.0,False,1.0,False,1.0,False,0.002139776275947752,0.9618294360385146
5,15,30,2,3.1234705228031148,0.6403133903133903,0.7762736999601787,1.0,False,1.0,False,1.0,False,0.0014520183667317958,0.6526822558459422
5,15,31,3,3.1234705228031148,0.9604700854700856,1.0,1.0,False,1.0,False,1.0,False,0.002139776275947752,0.9618294360385146
5,16,17,3,3.1234705228031148,0.9604700854700856,1.0,1.0,False,1.0,False,1.0,False,0.002139776275947752,0.9618294360385146
5,16,18,4,3.1234705228031148,1.2806267806267806,0.5615634740660312,1.0,False,1.0,False,0.9957506177226078,False,0.0028275341851637078,1.2709766162310867
5,16,19,5,3.1234705228031148,1.6007834757834758,0.24957369947482808,1.0,False,1.0,False,0.9857592345811885,False,0.003515292094379664,1.580123796423659
5,16,20,6,3.1234705228031148,1.9209401709401712,0.14049792107858372,1.0,False,1.0,False,0.9857592345811885,False,0.00420305000359562,1.8892709766162312
5,16,21,2,3.1234705228031148,0.6403133903133903,0.7762736999601787,1.0,False,1.0,False,1.0,False,0.0014520183667317958,0.6526822558459422
5,16,22,3,3.1234705228031148,0.9604700854700856,1.0,1.0,False,1.0,False,1.0,False,0.002139776275947752,0.9618294360385146
5,16,23,3,3.1234705228031148,0.9604700854700856,1.0,1.0,False,1.0,False,1.0,False,0.002139776275947752,0.9618294360385146
5,16,24,2,3.1234705228031148,0.6403133903133903,0.7762736999601787,1.0,False,1.0,False,1.0,False,0.0014520183667317958,0.6526822558459422
5,16,25,1,3.1234705228031148,0.32015669515669515,0.38684745045633295,1.0,False,1.0,False,0.9857592345811885,False,0.0007642604575158399,0.34353507565337005
5,16,26,3,3.1234705228031148,0.9604700854700856,1.0,1.0,False,1.0,False,1.0,False,0.002139776275947752,0.9618294360385146
5,16,27,6,3.1234705228031148,1.9209401709401712,0.14049792107858372,1.0,False,1.0,False,0.9857592345811885,False,0.00420305000359562,1.8892709766162312
5,16,28,3,3.1234705228031148,0.9604700854700856,1.0,1.0,False,1.0,False,1.0,False,0.002139776275947752,0.9618294360385146
5,16,29,2,3.1234705228031148,0.6403133903133903,0.7762736999601787,1.0,False,1.0,False,1.0,False,0.0014520183667317958,0.6526822558459422
5,16,30,4,3.1234705228031148,1.2806267806267806,0.5615634740660312,1.0,False,1.0,False,0.9957506177226078,False,0.0028275341851637078,1.2709766162310867
5,16,31,8,3.1234705228031148,2.561253561253561,0.01468912435960452,1.0,False,1.0,False,0.956921941977135,False,0.005578565822027533,2.5075653370013757
5,17,18,3,3.1234705228031148,0.9604700854700856,1.0,1.0,False,1.0,False,1.0,False,0.002139776275947752,0.9618294360385146
5,17,19,4,3.1234705228031148,1.2806267806267806,0.5615634740660312,1.0,False,1.0,False,0.9957506177226078,False,0.0028275341851637078,1.2709766162310867
5,17,20,2,3.1234705228031148,0.6403133903133903,0.7762736999601787,1.0,False,1.0,False,1.0,False,0.0014520183667317958,0.6526822558459422
5,17,21,5,3.1234705228031148,1.6007834757834758,0.24957369947482808,1.0,False,1.0,False,0.9857592345811885,False,0.003515292094379664,1.580123796423659
5,17,22,3,3.1234705228031148,0.9604700854700856,1.0,1.0,False,1.0,False,1.0,False,0.002139776275947752,0.9618294360385146
5,17,23,3,3.1234705228031148,0.9604700854700856,1.0,1.0,False,1.0,False,1.0,False,0.002139776275947752,0.9618294360385146
5,17,24,2,3.1234705228031148,0.6403133903133903,0.7762736999601787,1.0,False,1.0,False,1.0,False,0.0014520183667317958,0.6526822558459422
5,17,25,3,3.1234705228031148,0.9604700854700856,1.0,1.0,False,1.0,False,1.0,False,0.002139776275947752,0.9618294360385146
5,17,26,2,3.1234705228031148,0.6403133903133903,0.7762736999601787,1.0,False,1.0,False,1.0,False,0.0014520183667317958,0.6526822558459422
5,17,27,5,3.1234705228031148,1.6007834757834758,0.24957369947482808,1.0,False,1.0,False,0.9857592345811885,False,0.003515292094379664,1.580123796423659
5,17,28,2,3.1234705228031148,0.6403133903133903,0.7762736999601787,1.0,False,1.0,False,1.0,False,0.0014520183667317958,0.6526822558459422
5,17,29,3,3.1234705228031148,0.9604700854700856,1.0,1.0,False,1.0,False,1.0,False,0.002139776275947752,0.9618294360385146
5,17,30,3,3.1234705228031148,0.9604700854700856,1.0,1.0,False,1.0,False,1.0,False,0.002139776275947752,0.9618294360385146
5,17,31,1,3.1234705228031148,0.32015669515669515,0.38684745045633295,1.0,False,1.0,False,0.9857592345811885,False,0.0007642604575158399,0.34353507565337005
5,18,19,5,3.1234705228031148,1.6007834757834758,0.24957369947482808,1.0,False,1.0,False,0.9857592345811885,False,0.003515292094379664,1.580123796423659
5,18,20,6,3.1234705228031148,1.9209401709401712,0.14049792107858372,1.0,False,1.0,False,0.9857592345811885,False,0.00420305000359562,1.8892709766162312
5,18,21,3,3.1234705228031148,0.9604700854700856,1.0,1.0,False,1.0,False,1.0,False,0.002139776275947752,0.9618294360385146
5,18,22,1,3.1234705228031148,0.32015669515669515,0.38684745045633295,1.0,False,1.0,False,0.9857592345811885,False,0.0007642604575158399,0.34353507565337005
5,18,23,3,3.1234705228031148,0.9604700854700856,1.0,1.0,False,1.0,False,1.0,False,0.002139776275947752,0.9618294360385146
5,18,24,2,3.1234705228031148,0.6403133903133903,0.7762736999601787,1.0,False,1.0,False,1.0,False,0.0014520183667317958,0.6526822558459422
5,18,25,4,3.1234705228031148,1.2806267806267806,0.5615634740660312,1.0,False,1.0,False,0.9957506177226078,False,0.0028275341851637078,1.2709766162310867
5,18,26,3,3.1234705228031148,0.9604700854700856,1.0,1.0,False,1.0,False,1.0,False,0.002139776275947752,0.9618294360385146
5,18,27,2,3.1234705228031148,0.6403133903133903,0.7762736999601787,1.0,False,1.0,False,1.0,False,0.0014520183667317958,0.6526822558459422
5,18,28,2,3.1234705228031148,0.6403133903133903,0.7762736999601787,1.0,False,1.0,False,1.0,False,0.0014520183667317958,0.6526822558459422
5,18,29,0,3.1234705228031148,0.0,0.08379148704798318,1.0,False,1.0,False,0.9857592345811885,False,7.650254829988387e-05,0.0343878954607978
5,18,30,3,3.1234705228031148,0.9604700854700856,1.0,1.0,False,1.0,False,1.0,False,0.002139776275947752,0.9618294360385146
5,18,31,2,3.1234705228031148,0.6403133903133903,0.7762736999601787,1.0,False,1.0,False,1.0,False,0.0014520183667317958,0.6526822558459422
5,19,20,3,3.1234705228031148,0.9604700854700856,1.0,1.0,False,1.0,False,1.0,False,0.002139776275947752,0.9618294360385146
5,19,21,2,3.1234705228031148,0.6403133903133903,0.7762736999601787,1.0,False,1.0,False,1.0,False,0.0014520183667317958,0.6526822558459422
5,19,22,4,3.1234705228031148,1.2806267806267806,0.5615634740660312,1.0,False,1.0,False,0.9957506177226078,False,0.0028275341851637078,1.2709766162310867
5,19,23,4,3.1234705228031148,1.2806267806267806,0.5615634740660312,1.0,False,1.0,False,0.9957506177226078,False,0.0028275341851637078,1.2709766162310867
5,19,24,3,3.1234705228031148,0.9604700854700856,1.0,1.0,False,1.0,False,1.0,False,0.002139776275947752,0.9618294360385146
5,19,25,0,3.1234705228031148,0.0,0.08379148704798318,1.0,False,1.0,False,0.9857592345811885,False,7.650254829988387e-05,0.0343878954607978
5,19,26,1,3.1234705228031148,0.32015669515669515,0.38684745045633295,1.0,False,1.0,False,0.9857592345811885,False,0.0007642604575158399,0.34353507565337005
5,19,27,6,3.1234705228031148,1.9209401709401712,0.14049792107858372,1.0,False,1.0,False,0.9857592345811885,False,0.00420305000359562,1.8892709766162312
5,19,28,5,3.1234705228031148,1.6007834757834758,0.24957369947482808,1.0,False,1.0,False,0.9857592345811885,False,0.003515292094379664,1.580123796423659
5,19,29,2,3.1234705228031148,0.6403133903133903,0.7762736999601787,1.0,False,1.0,False,1.0,False,0.0014520183667317958,0.6526822558459422
5,19,30,4,3.1234705228031148,1.2806267806267806,0.5615634740660312,1.0,False,1.0,False,0.9957506177226078,False,0.0028275341851637078,1.2709766162310867
5,19,31,1,3.1234705228031148,0.32015669515669515,0.38684745045633295,1.0,False,1.0,False,0.9857592345811885,False,0.0007642604575158399,0.34353507565337005
5,20,21,1,3.1234705228031148,0.32015669515669515,0.38684745045633295,1.0,False,1.0,False,0.9857592345811885,False,0.0007642604575158399,0.34353507565337005
5,20,22,5,3.1234705228031148,1.6007834757834758,0.24957369947482808,1.0,False,1.0,False,0.9857592345811885,False,0.003515292094379664,1.580123796423659
5,20,23,4,3.1234705228031148,1.2806267806267806,0.5615634740660312,1.0,False,1.0,False,0.9957506177226078,False,0.0028275341851637078,1.2709766162310867
5,20,24,3,3.1234705228031148,0.9604700854700856,1.0,1.0,False,1.0,False,1.0,False,0.002139776275947752,0.9618294360385146
5,20,25,4,3.1234705228031148,1.2806267806267806,0.5615634740660312,1.0,False,1.0,False,0.9957506177226078,False,0.0028275341851637078,1.2709766162310867
5,20,26,3,3.1234705228031148,0.9604700854700856,1.0,1.0,False,1.0,False,1.0,False,0.002139776275947752,0.9618294360385146
5,20,27,6,3.1234705228031148,1.9209401709401712,0.14049792107858372,1.0,False,1.0,False,0.9857592345811885,False,0.00420305000359562,1.8892709766162312
5,20,28,1,3.1234705228031148,0.32015669515669515,0.38684745045633295,1.0,False,1.0,False,0.9857592345811885,False,0.0007642604575158399,0.34353507565337005
5,20,29,2,3.1234705228031148,0.6403133903133903,0.7762736999601787,1.0,False,1.0,False,1.0,False,0.0014520183667317958,0.6526822558459422
5,20,30,2,3.1234705228031148,0.6403133903133903,0.7762736999601787,1.0,False,1.0,False,1.0,False,0.0014520183667317958,0.6526822558459422
5,20,31,0,3.1234705228031148,0.0,0.08379148704798318,1.0,False,1.0,False,0.9857592345811885,False,7.650254829988387e-05,0.0343878954607978
5,21,22,2,3.1234705228031148,0.6403133903133903,0.7762736999601787,1.0,False,1.0,False,1.0,False,0.0014520183667317958,0.6526822558459422
5,21,23,3,3.1234705228031148,0.9604700854700856,1.0,1.0,False,1.0,False,1.0,False,0.002139776275947752,0.9618294360385146
5,21,24,6,3.1234705228031148,1.9209401709401712,0.14049792107858372,1.0,False,1.0,False,0.9857592345811885,False,0.00420305000359562,1.8892709766162312
5,21,25,5,3.1234705228031148,1.6007834757834758,0.24957369947482808,1.0,False,1.0,False,0.9857592345811885,False,0.003515292094379664,1.580123796423659
5,21,26,2,3.1234705228031148,0.6403133903133903,0.7762736999601787,1.0,False,1.0,False,1.0,False,0.0014520183667317958,0.6526822558459422
5,21,27,6,3.1234705228031148,1.9209401709401712,0.14049792107858372,1.0,False,1.0,False,0.9857592345811885,False,0.00420305000359562,1.8892709766162312
5,21,28,4,3.1234705228031148,1.2806267806267806,0.5615634740660312,1.0,False,1.0,False,0.9957506177226078,False,0.0028275341851637078,1.2709766162310867
5,21,29,5,3.1234705228031148,1.6007834757834758,0.24957369947482808,1.0,False,1.0,False,0.9857592345811885,False,0.003515292094379664,1.580123796423659
5,21,30,5,3.1234705228031148,1.6007834757834758,0.24957369947482808,1.0,False,1.0,False,0.9857592345811885,False,0.003515292094379664,1.580123796423659
5,21,31,4,3.1234705228031148,1.2806267806267806,0.5615634740660312,1.0,False,1.0,False,0.9957506177226078,False,0.0028275341851637078,1.2709766162310867
5,22,23,2,3.1234705228031148,0.6403133903133903,0.7762736999601787,1.0,False,1.0,False,1.0,False,0.0014520183667317958,0.6526822558459422
5,22,24,2,3.1234705228031148,0.6403133903133903,0.7762736999601787,1.0,False,1.0,False,1.0,False,0.0014520183667317958,0.6526822558459422
5,22,25,3,3.1234705228031148,0.9604700854700856,1.0,1.0,False,1.0,False,1.0,False,0.002139776275947752,0.9618294360385146
5,22,26,3,3.1234705228031148,0.9604700854700856,1.0,1.0,False,1.0,False,1.0,False,0.002139776275947752,0.9618294360385146
5,22,27,3,3.1234705228031148,0.9604700854700856,1.0,1.0,False,1.0,False,1.0,False,0.002139776275947752,0.9618294360385146
5,22,28,2,3.1234705228031148,0.6403133903133903,0.7762736999601787,1.0,False,1.0,False,1.0,False,0.0014520183667317958,0.6526822558459422
5,22,29,2,3.1234705228031148,0.6403133903133903,0.7762736999601787,1.0,False,1.0,False,1.0,False,0.0014520183667317958,0.6526822558459422
5,22,30,5,3.1234705228031148,1.6007834757834758,0.24957369947482808,1.0,False,1.0,False,0.9857592345811885,False,0.003515292094379664,1.580123796423659
5,22,31,3,3.1234705228031148,0.9604700854700856,1.0,1.0,False,1.0,False,1.0,False,0.002139776275947752,0.9618294360385146
5,23,24,2,3.1234705228031148,0.6403133903133903,0.7762736999601787,1.0,False,1.0,False,1.0,False,0.0014520183667317958,0.6526822558459422
5,23,25,5,3.1234705228031148,1.6007834757834758,0.24957369947482808,1.0,False,1.0,False,0.9857592345811885,False,0.003515292094379664,1.580123796423659
5,23,26,3,3.1234705228031148,0.9604700854700856,1.0,1.0,False,1.0,False,1.0,False,0.002139776275947752,0.9618294360385146
5,23,27,4,3.1234705228031148,1.2806267806267806,0.5615634740660312,1.0,False,1.0,False,0.9957506177226078,False,0.0028275341851637078,1.2709766162310867
5,23,28,2,3.1234705228031148,0.6403133903133903,0.7762736999601787,1.0,False,1.0,False,1.0,False,0.0014520183667317958,0.6526822558459422
5,23,29,4,3.1234705228031148,1.2806267806267806,0.5615634740660312,1.0,False,1.0,False,0.9957506177226078,False,0.0028275341851637078,1.2709766162310867
5,23,30,4,3.1234705228031148,1.2806267806267806,0.5615634740660312,1.0,False,1.0,False,0.9957506177226078,False,0.0028275341851637078,1.2709766162310867
5,23,31,3,3.1234705228031148,0.9604700854700856,1.0,1.0,False,1.0,False,1.0,False,0.002139776275947752,0.9618294360385146
5,24,25,7,3.1234705228031148,2.241096866096866,0.03994014992889243,1.0,False,1.0,False,0.9857592345811885,False,0.004890807912811576,2.1984181568088035
5,24,26,1,3.1234705228031148,0.32015669515669515,0.38684745045633295,1.0,False,1.0,False,0.9857592345811885,False,0.0007642604575158399,0.34353507565337005
5,24,27,2,3.1234705228031148,0.6403133903133903,0.7762736999601787,1.0,False,1.0,False,1.0,False,0.0014520183667317958,0.6526822558459422
5,24,28,4,3.1234705228031148,1.2806267806267806,0.5615634740660312,1.0,False,1.0,False,0.9957506177226078,False,0.0028275341851637078,1.2709766162310867
5,24,29,5,3.1234705228031148,1.6007834757834758,0.24957369947482808,1.0,False,1.0,False,0.9857592345811885,False,0.003515292094379664,1.580123796423659
5,24,30,2,3.1234705228031148,0.6403133903133903,0.7762736999601787,1.0,False,1.0,False,1.0,False,0.0014520183667317958,0.6526822558459422
5,24,31,4,3.1234705228031148,1.2806267806267806,0.5615634740660312,1.0,False,1.0,False,0.9957506177226078,False,0.0028275341851637078,1.2709766162310867
5,25,26,5,3.1234705228031148,1.6007834757834758,0.24957369947482808,1.0,False,1.0,False,0.9857592345811885,False,0.003515292094379664,1.580123796423659
5,25,27,3,3.1234705228031148,0.9604700854700856,1.0,1.0,False,1.0,False,1.0,False,0.002139776275947752,0.9618294360385146
5,25,28,1,3.1234705228031148,0.32015669515669515,0.38684745045633295,1.0,False,1.0,False,0.9857592345811885,False,0.0007642604575158399,0.34353507565337005
5,25,29,1,3.1234705228031148,0.32015669515669515,0.38684745045633295,1.0,False,1.0,False,0.9857592345811885,False,0.0007642604575158399,0.34353507565337005
5,25,30,2,3.1234705228031148,0.6403133903133903,0.7762736999601787,1.0,False,1.0,False,1.0,False,0.0014520183667317958,0.6526822558459422
5,25,31,2,3.1234705228031148,0.6403133903133903,0.7762736999601787,1.0,False,1.0,False,1.0,False,0.0014520183667317958,0.6526822558459422
5,26,27,1,3.1234705228031148,0.32015669515669515,0.38684745045633295,1.0,False,1.0,False,0.9857592345811885,False,0.0007642604575158399,0.34353507565337005
5,26,28,1,3.1234705228031148,0.32015669515669515,0.38684745045633295,1.0,False,1.0,False,0.9857592345811885,False,0.0007642604575158399,0.34353507565337005
5,26,29,1,3.1234705228031148,0.32015669515669515,0.38684745045633295,1.0,False,1.0,False,0.9857592345811885,False,0.0007642604575158399,0.34353507565337005
5,26,30,2,3.1234705228031148,0.6403133903133903,0.7762736999601787,1.0,False,1.0,False,1.0,False,0.0014520183667317958,0.6526822558459422
5,26,31,3,3.1234705228031148,0.9604700854700856,1.0,1.0,False,1.0,False,1.0,False,0.002139776275947752,0.9618294360385146
5,27,28,5,3.1234705228031148,1.6007834757834758,0.24957369947482808,1.0,False,1.0,False,0.9857592345811885,False,0.003515292094379664,1.580123796423659
5,27,29,5,3.1234705228031148,1.6007834757834758,0.24957369947482808,1.0,False,1.0,False,0.9857592345811885,False,0.003515292094379664,1.580123796423659
5,27,30,2,3.1234705228031148,0.6403133903133903,0.7762736999601787,1.0,False,1.0,False,1.0,False,0.0014520183667317958,0.6526822558459422
5,27,31,3,3.1234705228031148,0.9604700854700856,1.0,1.0,False,1.0,False,1.0,False,0.002139776275947752,0.9618294360385146
5,28,29,7,3.1234705228031148,2.241096866096866,0.03994014992889243,1.0,False,1.0,False,0.9857592345811885,False,0.004890807912811576,2.1984181568088035
5,28,30,1,3.1234705228031148,0.32015669515669515,0.38684745045633295,1.0,False,1.0,False,0.9857592345811885,False,0.0007642604575158399,0.34353507565337005
5,28,31,1,3.1234705228031148,0.32015669515669515,0.38684745045633295,1.0,False,1.0,False,0.9857592345811885,False,0.0007642604575158399,0.34353507565337005
5,29,30,6,3.1234705228031148,1.9209401709401712,0.14049792107858372,1.0,False,1.0,False,0.9857592345811885,False,0.00420305000359562,1.8892709766162312
5,29,31,3,3.1234705228031148,0.9604700854700856,1.0,1.0,False,1.0,False,1.0,False,0.002139776275947752,0.9618294360385146
5,30,31,3,3.1234705228031148,0.9604700854700856,1.0,1.0,False,1.0,False,1.0,False,0.002139776275947752,0.9618294360385146
6,7,8,1,3.1234705228031148,0.32015669515669515,0.38684745045633295,1.0,False,1.0,False,0.9857592345811885,False,0.0007642604575158399,0.34353507565337005
6,7,9,1,3.1234705228031148,0.32015669515669515,0.38684745045633295,1.0,False,1.0,False,0.9857592345811885,False,0.0007642604575158399,0.34353507565337005
6,7,10,3,3.1234705228031148,0.9604700854700856,1.0,1.0,False,1.0,False,1.0,False,0.002139776275947752,0.9618294360385146
6,7,11,3,3.1234705228031148,0.9604700854700856,1.0,1.0,False,1.0,False,1.0,False,0.002139776275947752,0.9618294360385146
6,7,12,1,3.1234705228031148,0.32015669515669515,0.38684745045633295,1.0,False,1.0,False,0.9857592345811885,False,0.0007642604575158399,0.34353507565337005
6,7,13,3,3.1234705228031148,0.9604700854700856,1.0,1.0,False,1.0,False,1.0,False,0.002139776275947752,0.9618294360385146
6,7,14,1,3.1234705228031148,0.32015669515669515,0.38684745045633295,1.0,False,1.0,False,0.9857592345811885,False,0.0007642604575158399,0.34353507565337005
6,7,15,1,3.1234705228031148,0.32015669515669515,0.38684745045633295,1.0,False,1.0,False,0.9857592345811885,False,0.0007642604575158399,0.34353507565337005
6,7,16,2,3.1234705228031148,0.6403133903133903,0.7762736999601787,1.0,False,1.0,False,1.0,False,0.0014520183667317958,0.6526822558459422
6,7,17,4,3.1234705228031148,1.2806267806267806,0.5615634740660312,1.0,False,1.0,False,0.9957506177226078,False,0.0028275341851637078,1.2709766162310867
6,7,18,2,3.1234705228031148,0.6403133903133903,0.7762736999601787,1.0,False,1.0,False,1.0,False,0.0014520183667317958,0.6526822558459422
6,7,19,1,3.1234705228031148,0.32015669515669515,0.38684745045633295,1.0,False,1.0,False,0.9857592345811885,False,0.0007642604575158399,0.34353507565337005
6,7,20,2,3.1234705228031148,0.6403133903133903,0.7762736999601787,1.0,False,1.0,False,1.0,False,0.0014520183667317958,0.6526822558459422
6,7,21,2,3.1234705228031148,0.6403133903133903,0.7762736999601787,1.0,False,1.0,False,1.0,False,0.0014520183667317958,0.6526822558459422
6,7,22,3,3.1234705228031148,0.9604700854700856,1.0,1.0,False,1.0,False,1.0,False,0.002139776275947752,0.9618294360385146
6,7,23,2,3.1234705228031148,0.6403133903133903,0.7762736999601787,1.0,False,1.0,False,1.0,False,0.0014520183667317958,0.6526822558459422
6,7,24,2,3.1234705228031148,0.6403133903133903,0.7762736999601787,1.0,False,1.0,False,1.0,False,0.0014520183667317958,0.6526822558459422
6,7,25,0,3.1234705228031148,0.0,0.08379148704798318,1.0,False,1.0,False,0.9857592345811885,False,7.650254829988387e-05,0.0343878954607978
6,7,26,0,3.1234705228031148,0.0,0.08379148704798318,1.0,False,1.0,False,0.9857592345811885,False,7.650254829988387e-05,0.0343878954607978
6,7,27,0,3.1234705228031148,0.0,0.08379148704798318,1.0,False,1.0,False,0.9857592345811885,False,7.650254829988387e-05,0.0343878954607978
6,7,28,1,3.1234705228031148,0.32015669515669515,0.38684745045633295,1.0,False,1.0,False,0.9857592345811885,False,0.0007642604575158399,0.34353507565337005
6,7,29,0,3.1234705228031148,0.0,0.08379148704798318,1.0,False,1.0,False,0.9857592345811885,False,7.650254829988387e-05,0.0343878954607978
6,7,30,2,3.1234705228031148,0.6403133903133903,0.7762736999601787,1.0,False,1.0,False,1.0,False,0.0014520183667317958,0.6526822558459422
6,7,31,2,3.1234705228031148,0.6403133903133903,0.7762736999601787,1.0,False,1.0,False,1.0,False,0.0014520183667317958,0.6526822558459422
6,8,9,1,3.1234705228031148,0.32015669515669515,0.38684745045633295,1.0,False,1.0,False,0.9857592345811885,False,0.0007642604575158399,0.34353507565337005
6,8,10,7,3.1234705228031148,2.241096866096866,0.03994014992889243,1.0,False,1.0,False,0.9857592345811885,False,0.004890807912811576,2.1984181568088035
6,8,11,1,3.1234705228031148,0.32015669515669515,0.38684745045633295,1.0,False,1.0,False,0.9857592345811885,False,0.0007642604575158399,0.34353507565337005
6,8,12,3,3.1234705228031148,0.9604700854700856,1.0,1.0,False,1.0,False,1.0,False,0.002139776275947752,0.9618294360385146
6,8,13,3,3.1234705228031148,0.9604700854700856,1.0,1.0,False,1.0,False,1.0,False,0.002139776275947752,0.9618294360385146
6,8,14,1,3.1234705228031148,0.32015669515669515,0.38684745045633295,1.0,False,1.0,False,0.9857592345811885,False,0.0007642604575158399,0.34353507565337005
6,8,15,2,3.1234705228031148,0.6403133903133903,0.7762736999601787,1.0,False,1.0,False,1.0,False,0.0014520183667317958,0.6526822558459422
6,8,16,2,3.1234705228031148,0.6403133903133903,0.7762736999601787,1.0,False,1.0,False,1.0,False,0.0014520183667317958,0.6526822558459422
6,8,17,3,3.1234705228031148,0.9604700854700856,1.0,1.0,False,1.0,False,1.0,False,0.002139776275947752,0.9618294360385146
6,8,18,3,3.1234705228031148,0.9604700854700856,1.0,1.0,False,1.0,False,1.0,False,0.002139776275947752,0.9618294360385146
6,8,19,1,3.1234705228031148,0.32015669515669515,0.38684745045633295,1.0,False,1.0,False,0.9857592345811885,False,0.0007642604575158399,0.34353507565337005
6,8,20,4,3.1234705228031148,1.2806267806267806,0.5615634740660312,1.0,False,1.0,False,0.9957506177226078,False,0.0028275341851637078,1.2709766162310867
6,8,21,5,3.1234705228031148,1.6007834757834758,0.24957369947482808,1.0,False,1.0,False,0.9857592345811885,False,0.003515292094379664,1.580123796423659
6,8,22,3,3.1234705228031148,0.9604700854700856,1.0,1.0,False,1.0,False,1.0,False,0.002139776275947752,0.9618294360385146
6,8,23,4,3.1234705228031148,1.2806267806267806,0.5615634740660312,1.0,False,1.0,False,0.9957506177226078,False,0.0028275341851637078,1.2709766162310867
6,8,24,5,3.1234705228031148,1.6007834757834758,0.24957369947482808,1.0,False,1.0,False,0.9857592345811885,False,0.003515292094379664,1.580123796423659
6,8,25,3,3.1234705228031148,0.9604700854700856,1.0,1.0,False,1.0,False,1.0,False,0.002139776275947752,0.9618294360385146
6,8,26,3,3.1234705228031148,0.9604700854700856,1.0,1.0,False,1.0,False,1.0,False,0.002139776275947752,0.9618294360385146
6,8,27,3,3.1234705228031148,0.9604700854700856,1.0,1.0,False,1.0,False,1.0,False,0.002139776275947752,0.9618294360385146
6,8,28,4,3.1234705228031148,1.2806267806267806,0.5615634740660312,1.0,False,1.0,False,0.9957506177226078,False,0.0028275341851637078,1.2709766162310867
6,8,29,3,3.1234705228031148,0.9604700854700856,1.0,1.0,False,1.0,False,1.0,False,0.002139776275947752,0.9618294360385146
6,8,30,5,3.1234705228031148,1.6007834757834758,0.24957369947482808,1.0,False,1.0,False,0.9857592345811885,False,0.003515292094379664,1.580123796423659
6,8,31,4,3.1234705228031148,1.2806267806267806,0.5615634740660312,1.0,False,1.0,False,0.9957506177226078,False,0.0028275341851637078,1.2709766162310867
6,9,10,1,3.1234705228031148,0.32015669515669515,0.38684745045633295,1.0,False,1.0,False,0.9857592345811885,False,0.0007642604575158399,0.34353507565337005
6,9,11,3,3.1234705228031148,0.9604700854700856,1.0,1.0,False,1.0,False,1.0,False,0.002139776275947752,0.9618294360385146
6,9,12,1,3.1234705228031148,0.32015669515669515,0.38684745045633295,1.0,False,1.0,False,0.9857592345811885,False,0.0007642604575158399,0.34353507565337005
6,9,13,0,3.1234705228031148,0.0,0.08379148704798318,1.0,False,1.0,False,0.9857592345811885,False,7.650254829988387e-05,0.0343878954607978
6,9,14,5,3.1234705228031148,1.6007834757834758,0.24957369947482808,1.0,False,1.0,False,0.9857592345811885,False,0.003515292094379664,1.580123796423659
6,9,15,2,3.1234705228031148,0.6403133903133903,0.7762736999601787,1.0,False,1.0,False,1.0,False,0.0014520183667317958,0.6526822558459422
6,9,16,1,3.1234705228031148,0.32015669515669515,0.38684745045633295,1.0,False,1.0,False,0.9857592345811885,False,0.0007642604575158399,0.34353507565337005
6,9,17,0,3.1234705228031148,0.0,0.08379148704798318,1.0,False,1.0,False,0.9857592345811885,False,7.650254829988387e-05,0.0343878954607978
6,9,18,0,3.1234705228031148,0.0,0.08379148704798318,1.0,False,1.0,False,0.9857592345811885,False,7.650254829988387e-05,0.0343878954607978
6,9,19,3,3.1234705228031148,0.9604700854700856,1.0,1.0,False,1.0,False,1.0,False,0.002139776275947752,0.9618294360385146
6,9,20,4,3.1234705228031148,1.2806267806267806,0.5615634740660312,1.0,False,1.0,False,0.9957506177226078,False,0.0028275341851637078,1.2709766162310867
6,9,21,1,3.1234705228031148,0.32015669515669515,0.38684745045633295,1.0,False,1.0,False,0.9857592345811885,False,0.0007642604575158399,0.34353507565337005
6,9,22,2,3.1234705228031148,0.6403133903133903,0.7762736999601787,1.0,False,1.0,False,1.0,False,0.0014520183667317958,0.6526822558459422
6,9,23,2,3.1234705228031148,0.6403133903133903,0.7762736999601787,1.0,False,1.0,False,1.0,False,0.0014520183667317958,0.6526822558459422
6,9,24,2,3.1234705228031148,0.6403133903133903,0.7762736999601787,1.0,False,1.0,False,1.0,False,0.0014520183667317958,0.6526822558459422
6,9,25,1,3.1234705228031148,0.32015669515669515,0.38684745045633295,1.0,False,1.0,False,0.9857592345811885,False,0.0007642604575158399,0.34353507565337005
6,9,26,1,3.1234705228031148,0.32015669515669515,0.38684745045633295,1.0,False,1.0,False,0.9857592345811885,False,0.0007642604575158399,0.34353507565337005
6,9,27,1,3.1234705228031148,0.32015669515669515,0.38684745045633295,1.0,False,1.0,False,0.9857592345811885,False,0.0007642604575158399,0.34353507565337005
6,9,28,1,3.1234705228031148,0.32015669515669515,0.38684745045633295,1.0,False,1.0,False,0.9857592345811885,False,0.0007642604575158399,0.34353507565337005
6,9,29,1,3.1234705228031148,0.32015669515669515,0.38684745045633295,1.0,False,1.0,False,0.9857592345811885,False,0.0007642604575158399,0.34353507565337005
6,9,30,2,3.1234705228031148,0.6403133903133903,0.7762736999601787,1.0,False,1.0,False,1.0,False,0.0014520183667317958,0.6526822558459422
6,9,31,1,3.1234705228031148,0.32015669515669515,0.38684745045633295,1.0,False,1.0,False,0.9857592345811885,False,0.0007642604575158399,0.34353507565337005
6,10,11,3,3.1234705228031148,0.9604700854700856,1.0,1.0,False,1.0,False,1.0,False,0.002139776275947752,0.9618294360385146
6,10,12,2,3.1234705228031148,0.6403133903133903,0.7762736999601787,1.0,False,1.0,False,1.0,False,0.0014520183667317958,0.6526822558459422
6,10,13,2,3.1234705228031148,0.6403133903133903,0.7762736999601787,1.0,False,1.0,False,1.0,False,0.0014520183667317958,0.6526822558459422
6,10,14,6,3.1234705228031148,1.9209401709401712,0.14049792107858372,1.0,False,1.0,False,0.9857592345811885,False,0.00420305000359562,1.8892709766162312
6,10,15,4,3.1234705228031148,1.2806267806267806,0.5615634740660312,1.0,False,1.0,False,0.9957506177226078,False,0.0028275341851637078,1.2709766162310867
6,10,16,3,3.1234705228031148,0.9604700854700856,1.0,1.0,False,1.0,False,1.0,False,0.002139776275947752,0.9618294360385146
6,10,17,3,3.1234705228031148,0.9604700854700856,1.0,1.0,False,1.0,False,1.0,False,0.002139776275947752,0.9618294360385146
6,10,18,4,3.1234705228031148,1.2806267806267806,0.5615634740660312,1.0,False,1.0,False,0.9957506177226078,False,0.0028275341851637078,1.2709766162310867
6,10,19,1,3.1234705228031148,0.32015669515669515,0.38684745045633295,1.0,False,1.0,False,0.9857592345811885,False,0.0007642604575158399,0.34353507565337005
6,10,20,6,3.1234705228031148,1.9209401709401712,0.14049792107858372,1.0,False,1.0,False,0.9857592345811885,False,0.00420305000359562,1.8892709766162312
6,10,21,3,3.1234705228031148,0.9604700854700856,1.0,1.0,False,1.0,False,1.0,False,0.002139776275947752,0.9618294360385146
6,10,22,2,3.1234705228031148,0.6403133903133903,0.7762736999601787,1.0,False,1.0,False,1.0,False,0.0014520183667317958,0.6526822558459422
6,10,23,5,3.1234705228031148,1.6007834757834758,0.24957369947482808,1.0,False,1.0,False,0.9857592345811885,False,0.003515292094379664,1.580123796423659
6,10,24,0,3.1234705228031148,0.0,0.08379148704798318,1.0,False,1.0,False,0.9857592345811885,False,7.650254829988387e-05,0.0343878954607978
6,10,25,1,3.1234705228031148,0.32015669515669515,0.38684745045633295,1.0,False,1.0,False,0.9857592345811885,False,0.0007642604575158399,0.34353507565337005
6,10,26,0,3.1234705228031148,0.0,0.08379148704798318,1.0,False,1.0,False,0.9857592345811885,False,7.650254829988387e-05,0.0343878954607978
6,10,27,5,3.1234705228031148,1.6007834757834758,0.24957369947482808,1.0,False,1.0,False,0.9857592345811885,False,0.003515292094379664,1.580123796423659
6,10,28,2,3.1234705228031148,0.6403133903133903,0.7762736999601787,1.0,False,1.0,False,1.0,False,0.0014520183667317958,0.6526822558459422
6,10,29,2,3.1234705228031148,0.6403133903133903,0.7762736999601787,1.0,False,1.0,False,1.0,False,0.0014520183667317958,0.6526822558459422
6,10,30,2,3.1234705228031148,0.6403133903133903,0.7762736999601787,1.0,False,1.0,False,1.0,False,0.0014520183667317958,0.6526822558459422
6,10,31,5,3.1234705228031148,1.6007834757834758,0.24957369947482808,1.0,False,1.0,False,0.9857592345811885,False,0.003515292094379664,1.580123796423659
6,11,12,6,3.1234705228031148,1.9209401709401712,0.14049792107858372,1.0,False,1.0,False,0.9857592345811885,False,0.00420305000359562,1.8892709766162312
6,11,13,3,3.1234705228031148,0.9604700854700856,1.0,1.0,False,1.0,False,1.0,False,0.002139776275947752,0.9618294360385146
6,11,14,6,3.1234705228031148,1.9209401709401712,0.14049792107858372,1.0,False,1.0,False,0.9857592345811885,False,0.00420305000359562,1.8892709766162312
6,11,15,3,3.1234705228031148,0.9604700854700856,1.0,1.0,False,1.0,False,1.0,False,0.002139776275947752,0.9618294360385146
6,11,16,3,3.1234705228031148,0.9604700854700856,1.0,1.0,False,1.0,False,1.0,False,0.002139776275947752,0.9618294360385146
6,11,17,5,3.1234705228031148,1.6007834757834758,0.24957369947482808,1.0,False,1.0,False,0.9857592345811885,False,0.003515292094379664,1.580123796423659
6,11,18,6,3.1234705228031148,1.9209401709401712,0.14049792107858372,1.0,False,1.0,False,0.9857592345811885,False,0.00420305000359562,1.8892709766162312
6,11,19,3,3.1234705228031148,0.9604700854700856,1.0,1.0,False,1.0,False,1.0,False,0.002139776275947752,0.9618294360385146
6,11,20,1,3.1234705228031148,0.32015669515669515,0.38684745045633295,1.0,False,1.0,False,0.9857592345811885,False,0.0007642604575158399,0.34353507565337005
6,11,21,3,3.1234705228031148,0.9604700854700856,1.0,1.0,False,1.0,False,1.0,False,0.002139776275947752,0.9618294360385146
6,11,22,5,3.1234705228031148,1.6007834757834758,0.24957369947482808,1.0,False,1.0,False,0.9857592345811885,False,0.003515292094379664,1.580123796423659
6,11,23,4,3.1234705228031148,1.2806267806267806,0.5615634740660312,1.0,False,1.0,False,0.9957506177226078,False,0.0028275341851637078,1.2709766162310867
6,11,24,3,3.1234705228031148,0.9604700854700856,1.0,1.0,False,1.0,False,1.0,False,0.002139776275947752,0.9618294360385146
6,11,25,7,3.1234705228031148,2.241096866096866,0.03994014992889243,1.0,False,1.0,False,0.9857592345811885,False,0.004890807912811576,2.1984181568088035
6,11,26,3,3.1234705228031148,0.9604700854700856,1.0,1.0,False,1.0,False,1.0,False,0.002139776275947752,0.9618294360385146
6,11,27,4,3.1234705228031148,1.2806267806267806,0.5615634740660312,1.0,False,1.0,False,0.9957506177226078,False,0.0028275341851637078,1.2709766162310867
6,11,28,5,3.1234705228031148,1.6007834757834758,0.24957369947482808,1.0,False,1.0,False,0.9857592345811885,False,0.003515292094379664,1.580123796423659
6,11,29,3,3.1234705228031148,0.9604700854700856,1.0,1.0,False,1.0,False,1.0,False,0.002139776275947752,0.9618294360385146
6,11,30,3,3.1234705228031148,0.9604700854700856,1.0,1.0,False,1.0,False,1.0,False,0.002139776275947752,0.9618294360385146
6,11,31,1,3.1234705228031148,0.32015669515669515,0.38684745045633295,1.0,False,1.0,False,0.9857592345811885,False,0.0007642604575158399,0.34353507565337005
6,12,13,5,3.1234705228031148,1.6007834757834758,0.24957369947482808,1.0,False,1.0,False,0.9857592345811885,False,0.003515292094379664,1.580123796423659
6,12,14,3,3.1234705228031148,0.9604700854700856,1.0,1.0,False,1.0,False,1.0,False,0.002139776275947752,0.9618294360385146
6,12,15,5,3.1234705228031148,1.6007834757834758,0.24957369947482808,1.0,False,1.0,False,0.9857592345811885,False,0.003515292094379664,1.580123796423659
6,12,16,2,3.1234705228031148,0.6403133903133903,0.7762736999601787,1.0,False,1.0,False,1.0,False,0.0014520183667317958,0.6526822558459422
6,12,17,6,3.1234705228031148,1.9209401709401712,0.14049792107858372,1.0,False,1.0,False,0.9857592345811885,False,0.00420305000359562,1.8892709766162312
6,12,18,2,3.1234705228031148,0.6403133903133903,0.7762736999601787,1.0,False,1.0,False,1.0,False,0.0014520183667317958,0.6526822558459422
6,12,19,4,3.1234705228031148,1.2806267806267806,0.5615634740660312,1.0,False,1.0,False,0.9957506177226078,False,0.0028275341851637078,1.2709766162310867
6,12,20,2,3.1234705228031148,0.6403133903133903,0.7762736999601787,1.0,False,1.0,False,1.0,False,0.0014520183667317958,0.6526822558459422
6,12,21,3,3.1234705228031148,0.9604700854700856,1.0,1.0,False,1.0,False,1.0,False,0.002139776275947752,0.9618294360385146
6,12,22,3,3.1234705228031148,0.9604700854700856,1.0,1.0,False,1.0,False,1.0,False,0.002139776275947752,0.9618294360385146
6,12,23,1,3.1234705228031148,0.32015669515669515,0.38684745045633295,1.0,False,1.0,False,0.9857592345811885,False,0.0007642604575158399,0.34353507565337005
6,12,24,4,3.1234705228031148,1.2806267806267806,0.5615634740660312,1.0,False,1.0,False,0.9957506177226078,False,0.0028275341851637078,1.2709766162310867
6,12,25,3,3.1234705228031148,0.9604700854700856,1.0,1.0,False,1.0,False,1.0,False,0.002139776275947752,0.9618294360385146
6,12,26,2,3.1234705228031148,0.6403133903133903,0.7762736999601787,1.0,False,1.0,False,1.0,False,0.0014520183667317958,0.6526822558459422
6,12,27,4,3.1234705228031148,1.2806267806267806,0.5615634740660312,1.0,False,1.0,False,0.9957506177226078,False,0.0028275341851637078,1.2709766162310867
6,12,28,1,3.1234705228031148,0.32015669515669515,0.38684745045633295,1.0,False,1.0,False,0.9857592345811885,False,0.0007642604575158399,0.34353507565337005
6,12,29,1,3.1234705228031148,0.32015669515669515,0.38684745045633295,1.0,False,1.0,False,0.9857592345811885,False,0.0007642604575158399,0.34353507565337005
6,12,30,5,3.1234705228031148,1.6007834757834758,0.24957369947482808,1.0,False,1.0,False,0.9857592345811885,False,0.003515292094379664,1.580123796423659
6,12,31,4,3.1234705228031148,1.2806267806267806,0.5615634740660312,1.0,False,1.0,False,0.9957506177226078,False,0.0028275341851637078,1.2709766162310867
6,13,14,2,3.1234705228031148,0.6403133903133903,0.7762736999601787,1.0,False,1.0,False,1.0,False,0.0014520183667317958,0.6526822558459422
6,13,15,4,3.1234705228031148,1.2806267806267806,0.5615634740660312,1.0,False,1.0,False,0.9957506177226078,False,0.0028275341851637078,1.2709766162310867
6,13,16,2,3.1234705228031148,0.6403133903133903,0.7762736999601787,1.0,False,1.0,False,1.0,False,0.0014520183667317958,0.6526822558459422
6,13,17,3,3.1234705228031148,0.9604700854700856,1.0,1.0,False,1.0,False,1.0,False,0.002139776275947752,0.9618294360385146
6,13,18,3,3.1234705228031148,0.9604700854700856,1.0,1.0,False,1.0,False,1.0,False,0.002139776275947752,0.9618294360385146
6,13,19,4,3.1234705228031148,1.2806267806267806,0.5615634740660312,1.0,False,1.0,False,0.9957506177226078,False,0.0028275341851637078,1.2709766162310867
6,13,20,1,3.1234705228031148,0.32015669515669515,0.38684745045633295,1.0,False,1.0,False,0.9857592345811885,False,0.0007642604575158399,0.34353507565337005
6,13,21,2,3.1234705228031148,0.6403133903133903,0.7762736999601787,1.0,False,1.0,False,1.0,False,0.0014520183667317958,0.6526822558459422
6,13,22,2,3.1234705228031148,0.6403133903133903,0.7762736999601787,1.0,False,1.0,False,1.0,False,0.0014520183667317958,0.6526822558459422
6,13,23,4,3.1234705228031148,1.2806267806267806,0.5615634740660312,1.0,False,1.0,False,0.9957506177226078,False,0.0028275341851637078,1.2709766162310867
6,13,24,1,3.1234705228031148,0.32015669515669515,0.38684745045633295,1.0,False,1.0,False,0.9857592345811885,False,0.0007642604575158399,0.34353507565337005
6,13,25,1,3.1234705228031148,0.32015669515669515,0.38684745045633295,1.0,False,1.0,False,0.9857592345811885,False,0.0007642604575158399,0.34353507565337005
6,13,26,1,3.1234705228031148,0.32015669515669515,0.38684745045633295,1.0,False,1.0,False,0.9857592345811885,False,0.0007642604575158399,0.34353507565337005
6,13,27,0,3.1234705228031148,0.0,0.08379148704798318,1.0,False,1.0,False,0.9857592345811885,False,7.650254829988387e-05,0.0343878954607978
6,13,28,4,3.1234705228031148,1.2806267806267806,0.5615634740660312,1.0,False,1.0,False,0.9957506177226078,False,0.0028275341851637078,1.2709766162310867
6,13,29,1,3.1234705228031148,0.32015669515669515,0.38684745045633295,1.0,False,1.0,False,0.9857592345811885,False,0.0007642604575158399,0.34353507565337005
6,13,30,3,3.1234705228031148,0.9604700854700856,1.0,1.0,False,1.0,False,1.0,False,0.002139776275947752,0.9618294360385146
6,13,31,2,3.1234705228031148,0.6403133903133903,0.7762736999601787,1.0,False,1.0,False,1.0,False,0.0014520183667317958,0.6526822558459422
6,14,15,5,3.1234705228031148,1.6007834757834758,0.24957369947482808,1.0,False,1.0,False,0.9857592345811885,False,0.003515292094379664,1.580123796423659
6,14,16,1,3.1234705228031148,0.32015669515669515,0.38684745045633295,1.0,False,1.0,False,0.9857592345811885,False,0.0007642604575158399,0.34353507565337005
6,14,17,4,3.1234705228031148,1.2806267806267806,0.5615634740660312,1.0,False,1.0,False,0.9957506177226078,False,0.0028275341851637078,1.2709766162310867
6,14,18,4,3.1234705228031148,1.2806267806267806,0.5615634740660312,1.0,False,1.0,False,0.9957506177226078,False,0.0028275341851637078,1.2709766162310867
6,14,19,2,3.1234705228031148,0.6403133903133903,0.7762736999601787,1.0,False,1.0,False,1.0,False,0.0014520183667317958,0.6526822558459422
6,14,20,6,3.1234705228031148,1.9209401709401712,0.14049792107858372,1.0,False,1.0,False,0.9857592345811885,False,0.00420305000359562,1.8892709766162312
6,14,21,4,3.1234705228031148,1.2806267806267806,0.5615634740660312,1.0,False,1.0,False,0.9957506177226078,False,0.0028275341851637078,1.2709766162310867
6,14,22,1,3.1234705228031148,0.32015669515669515,0.38684745045633295,1.0,False,1.0,False,0.9857592345811885,False,0.0007642604575158399,0.34353507565337005
6,14,23,3,3.1234705228031148,0.9604700854700856,1.0,1.0,False,1.0,False,1.0,False,0.002139776275947752,0.9618294360385146
6,14,24,4,3.1234705228031148,1.2806267806267806,0.5615634740660312,1.0,False,1.0,False,0.9957506177226078,False,0.0028275341851637078,1.2709766162310867
6,14,25,5,3.1234705228031148,1.6007834757834758,0.24957369947482808,1.0,False,1.0,False,0.9857592345811885,False,0.003515292094379664,1.580123796423659
6,14,26,3,3.1234705228031148,0.9604700854700856,1.0,1.0,False,1.0,False,1.0,False,0.002139776275947752,0.9618294360385146
6,14,27,8,3.1234705228031148,2.561253561253561,0.01468912435960452,1.0,False,1.0,False,0.956921941977135,False,0.005578565822027533,2.5075653370013757
6,14,28,1,3.1234705228031148,0.32015669515669515,0.38684745045633295,1.0,False,1.0,False,0.9857592345811885,False,0.0007642604575158399,0.34353507565337005
6,14,29,2,3.1234705228031148,0.6403133903133903,0.7762736999601787,1.0,False,1.0,False,1.0,False,0.0014520183667317958,0.6526822558459422
6,14,30,3,3.1234705228031148,0.9604700854700856,1.0,1.0,False,1.0,False,1.0,False,0.002139776275947752,0.9618294360385146
6,14,31,8,3.1234705228031148,2.561253561253561,0.01468912435960452,1.0,False,1.0,False,0.956921941977135,False,0.005578565822027533,2.5075653370013757
6,15,16,2,3.1234705228031148,0.6403133903133903,0.7762736999601787,1.0,False,1.0,False,1.0,False,0.0014520183667317958,0.6526822558459422
6,15,17,2,3.1234705228031148,0.6403133903133903,0.7762736999601787,1.0,False,1.0,False,1.0,False,0.0014520183667317958,0.6526822558459422
6,15,18,3,3.1234705228031148,0.9604700854700856,1.0,1.0,False,1.0,False,1.0,False,0.002139776275947752,0.9618294360385146
6,15,19,2,3.1234705228031148,0.6403133903133903,0.7762736999601787,1.0,False,1.0,False,1.0,False,0.0014520183667317958,0.6526822558459422
6,15,20,1,3.1234705228031148,0.32015669515669515,0.38684745045633295,1.0,False,1.0,False,0.9857592345811885,False,0.0007642604575158399,0.34353507565337005
6,15,21,2,3.1234705228031148,0.6403133903133903,0.7762736999601787,1.0,False,1.0,False,1.0,False,0.0014520183667317958,0.6526822558459422
6,15,22,4,3.1234705228031148,1.2806267806267806,0.5615634740660312,1.0,False,1.0,False,0.9957506177226078,False,0.0028275341851637078,1.2709766162310867
6,15,23,3,3.1234705228031148,0.9604700854700856,1.0,1.0,False,1.0,False,1.0,False,0.002139776275947752,0.9618294360385146
6,15,24,4,3.1234705228031148,1.2806267806267806,0.5615634740660312,1.0,False,1.0,False,0.9957506177226078,False,0.0028275341851637078,1.2709766162310867
6,15,25,3,3.1234705228031148,0.9604700854700856,1.0,1.0,False,1.0,False,1.0,False,0.002139776275947752,0.9618294360385146
6,15,26,2,3.1234705228031148,0.6403133903133903,0.7762736999601787,1.0,False,1.0,False,1.0,False,0.0014520183667317958,0.6526822558459422
6,15,27,1,3.1234705228031148,0.32015669515669515,0.38684745045633295,1.0,False,1.0,False,0.9857592345811885,False,0.0007642604575158399,0.34353507565337005
6,15,28,2,3.1234705228031148,0.6403133903133903,0.7762736999601787,1.0,False,1.0,False,1.0,False,0.0014520183667317958,0.6526822558459422
6,15,29,3,3.1234705228031148,0.9604700854700856,1.0,1.0,False,1.0,False,1.0,False,0.002139776275947752,0.9618294360385146
6,15,30,2,3.1234705228031148,0.6403133903133903,0.7762736999601787,1.0,False,1.0,False,1.0,False,0.0014520183667317958,0.6526822558459422
6,15,31,5,3.1234705228031148,1.6007834757834758,0.24957369947482808,1.0,False,1.0,False,0.9857592345811885,False,0.003515292094379664,1.580123796423659
6,16,17,4,3.1234705228031148,1.2806267806267806,0.5615634740660312,1.0,False,1.0,False,0.9957506177226078,False,0.0028275341851637078,1.2709766162310867
6,16,18,1,3.1234705228031148,0.32015669515669515,0.38684745045633295,1.0,False,1.0,False,0.9857592345811885,False,0.0007642604575158399,0.34353507565337005
6,16,19,1,3.1234705228031148,0.32015669515669515,0.38684745045633295,1.0,False,1.0,False,0.9857592345811885,False,0.0007642604575158399,0.34353507565337005
6,16,20,1,3.1234705228031148,0.32015669515669515,0.38684745045633295,1.0,False,1.0,False,0.9857592345811885,False,0.0007642604575158399,0.34353507565337005
6,16,21,1,3.1234705228031148,0.32015669515669515,0.38684745045633295,1.0,False,1.0,False,0.9857592345811885,False,0.0007642604575158399,0.34353507565337005
6,16,22,3,3.1234705228031148,0.9604700854700856,1.0,1.0,False,1.0,False,1.0,False,0.002139776275947752,0.9618294360385146
6,16,23,4,3.1234705228031148,1.2806267806267806,0.5615634740660312,1.0,False,1.0,False,0.9957506177226078,False,0.0028275341851637078,1.2709766162310867
6,16,24,2,3.1234705228031148,0.6403133903133903,0.7762736999601787,1.0,False,1.0,False,1.0,False,0.0014520183667317958,0.6526822558459422
6,16,25,1,3.1234705228031148,0.32015669515669515,0.38684745045633295,1.0,False,1.0,False,0.9857592345811885,False,0.0007642604575158399,0.34353507565337005
6,16,26,2,3.1234705228031148,0.6403133903133903,0.7762736999601787,1.0,False,1.0,False,1.0,False,0.0014520183667317958,0.6526822558459422
6,16,27,0,3.1234705228031148,0.0,0.08379148704798318,1.0,False,1.0,False,0.9857592345811885,False,7.650254829988387e-05,0.0343878954607978
6,16,28,3,3.1234705228031148,0.9604700854700856,1.0,1.0,False,1.0,False,1.0,False,0.002139776275947752,0.9618294360385146
6,16,29,6,3.1234705228031148,1.9209401709401712,0.14049792107858372,1.0,False,1.0,False,0.9857592345811885,False,0.00420305000359562,1.8892709766162312
6,16,30,3,3.1234705228031148,0.9604700854700856,1.0,1.0,False,1.0,False,1.0,False,0.002139776275947752,0.9618294360385146
6,16,31,8,3.1234705228031148,2.561253561253561,0.01468912435960452,1.0,False,1.0,False,0.956921941977135,False,0.005578565822027533,2.5075653370013757
6,17,18,4,3.1234705228031148,1.2806267806267806,0.5615634740660312,1.0,False,1.0,False,0.9957506177226078,False,0.0028275341851637078,1.2709766162310867
6,17,19,5,3.1234705228031148,1.6007834757834758,0.24957369947482808,1.0,False,1.0,False,0.9857592345811885,False,0.003515292094379664,1.580123796423659
6,17,20,3,3.1234705228031148,0.9604700854700856,1.0,1.0,False,1.0,False,1.0,False,0.002139776275947752,0.9618294360385146
6,17,21,3,3.1234705228031148,0.9604700854700856,1.0,1.0,False,1.0,False,1.0,False,0.002139776275947752,0.9618294360385146
6,17,22,3,3.1234705228031148,0.9604700854700856,1.0,1.0,False,1.0,False,1.0,False,0.002139776275947752,0.9618294360385146
6,17,23,4,3.1234705228031148,1.2806267806267806,0.5615634740660312,1.0,False,1.0,False,0.9957506177226078,False,0.0028275341851637078,1.2709766162310867
6,17,24,6,3.1234705228031148,1.9209401709401712,0.14049792107858372,1.0,False,1.0,False,0.9857592345811885,False,0.00420305000359562,1.8892709766162312
6,17,25,3,3.1234705228031148,0.9604700854700856,1.0,1.0,False,1.0,False,1.0,False,0.002139776275947752,0.9618294360385146
6,17,26,2,3.1234705228031148,0.6403133903133903,0.7762736999601787,1.0,False,1.0,False,1.0,False,0.0014520183667317958,0.6526822558459422
6,17,27,2,3.1234705228031148,0.6403133903133903,0.7762736999601787,1.0,False,1.0,False,1.0,False,0.0014520183667317958,0.6526822558459422
6,17,28,2,3.1234705228031148,0.6403133903133903,0.7762736999601787,1.0,False,1.0,False,1.0,False,0.0014520183667317958,0.6526822558459422
6,17,29,3,3.1234705228031148,0.9604700854700856,1.0,1.0,False,1.0,False,1.0,False,0.002139776275947752,0.9618294360385146
6,17,30,4,3.1234705228031148,1.2806267806267806,0.5615634740660312,1.0,False,1.0,False,0.9957506177226078,False,0.0028275341851637078,1.2709766162310867
6,17,31,3,3.1234705228031148,0.9604700854700856,1.0,1.0,False,1.0,False,1.0,False,0.002139776275947752,0.9618294360385146
6,18,19,1,3.1234705228031148,0.32015669515669515,0.38684745045633295,1.0,False,1.0,False,0.9857592345811885,False,0.0007642604575158399,0.34353507565337005
6,18,20,3,3.1234705228031148,0.9604700854700856,1.0,1.0,False,1.0,False,1.0,False,0.002139776275947752,0.9618294360385146
6,18,21,2,3.1234705228031148,0.6403133903133903,0.7762736999601787,1.0,False,1.0,False,1.0,False,0.0014520183667317958,0.6526822558459422
6,18,22,3,3.1234705228031148,0.9604700854700856,1.0,1.0,False,1.0,False,1.0,False,0.002139776275947752,0.9618294360385146
6,18,23,3,3.1234705228031148,0.9604700854700856,1.0,1.0,False,1.0,False,1.0,False,0.002139776275947752,0.9618294360385146
6,18,24,1,3.1234705228031148,0.32015669515669515,0.38684745045633295,1.0,False,1.0,False,0.9857592345811885,False,0.0007642604575158399,0.34353507565337005
6,18,25,1,3.1234705228031148,0.32015669515669515,0.38684745045633295,1.0,False,1.0,False,0.9857592345811885,False,0.0007642604575158399,0.34353507565337005
6,18,26,0,3.1234705228031148,0.0,0.08379148704798318,1.0,False,1.0,False,0.9857592345811885,False,7.650254829988387e-05,0.0343878954607978
6,18,27,1,3.1234705228031148,0.32015669515669515,0.38684745045633295,1.0,False,1.0,False,0.9857592345811885,False,0.0007642604575158399,0.34353507565337005
6,18,28,5,3.1234705228031148,1.6007834757834758,0.24957369947482808,1.0,False,1.0,False,0.9857592345811885,False,0.003515292094379664,1.580123796423659
6,18,29,3,3.1234705228031148,0.9604700854700856,1.0,1.0,False,1.0,False,1.0,False,0.002139776275947752,0.9618294360385146
6,18,30,3,3.1234705228031148,0.9604700854700856,1.0,1.0,False,1.0,False,1.0,False,0.002139776275947752,0.9618294360385146
6,18,31,5,3.1234705228031148,1.6007834757834758,0.24957369947482808,1.0,False,1.0,False,0.9857592345811885,False,0.003515292094379664,1.580123796423659
6,19,20,1,3.1234705228031148,0.32015669515669515,0.38684745045633295,1.0,False,1.0,False,0.9857592345811885,False,0.0007642604575158399,0.34353507565337005
6,19,21,2,3.1234705228031148,0.6403133903133903,0.7762736999601787,1.0,False,1.0,False,1.0,False,0.0014520183667317958,0.6526822558459422
6,19,22,3,3.1234705228031148,0.9604700854700856,1.0,1.0,False,1.0,False,1.0,False,0.002139776275947752,0.9618294360385146
6,19,23,3,3.1234705228031148,0.9604700854700856,1.0,1.0,False,1.0,False,1.0,False,0.002139776275947752,0.9618294360385146
6,19,24,0,3.1234705228031148,0.0,0.08379148704798318,1.0,False,1.0,False,0.9857592345811885,False,7.650254829988387e-05,0.0343878954607978
6,19,25,0,3.1234705228031148,0.0,0.08379148704798318,1.0,False,1.0,False,0.9857592345811885,False,7.650254829988387e-05,0.0343878954607978
6,19,26,0,3.1234705228031148,0.0,0.08379148704798318,1.0,False,1.0,False,0.9857592345811885,False,7.650254829988387e-05,0.0343878954607978
6,19,27,0,3.1234705228031148,0.0,0.08379148704798318,1.0,False,1.0,False,0.9857592345811885,False,7.650254829988387e-05,0.0343878954607978
6,19,28,4,3.1234705228031148,1.2806267806267806,0.5615634740660312,1.0,False,1.0,False,0.9957506177226078,False,0.0028275341851637078,1.2709766162310867
6,19,29,1,3.1234705228031148,0.32015669515669515,0.38684745045633295,1.0,False,1.0,False,0.9857592345811885,False,0.0007642604575158399,0.34353507565337005
6,19,30,5,3.1234705228031148,1.6007834757834758,0.24957369947482808,1.0,False,1.0,False,0.9857592345811885,False,0.003515292094379664,1.580123796423659
6,19,31,3,3.1234705228031148,0.9604700854700856,1.0,1.0,False,1.0,False,1.0,False,0.002139776275947752,0.9618294360385146
6,20,21,0,3.1234705228031148,0.0,0.08379148704798318,1.0,False,1.0,False,0.9857592345811885,False,7.650254829988387e-05,0.0343878954607978
6,20,22,3,3.1234705228031148,0.9604700854700856,1.0,1.0,False,1.0,False,1.0,False,0.002139776275947752,0.9618294360385146
6,20,23,2,3.1234705228031148,0.6403133903133903,0.7762736999601787,1.0,False,1.0,False,1.0,False,0.0014520183667317958,0.6526822558459422
6,20,24,3,3.1234705228031148,0.9604700854700856,1.0,1.0,False,1.0,False,1.0,False,0.002139776275947752,0.9618294360385146
6,20,25,1,3.1234705228031148,0.32015669515669515,0.38684745045633295,1.0,False,1.0,False,0.9857592345811885,False,0.0007642604575158399,0.34353507565337005
6,20,26,1,3.1234705228031148,0.32015669515669515,0.38684745045633295,1.0,False,1.0,False,0.9857592345811885,False,0.0007642604575158399,0.34353507565337005
6,20,27,4,3.1234705228031148,1.2806267806267806,0.5615634740660312,1.0,False,1.0,False,0.9957506177226078,False,0.0028275341851637078,1.2709766162310867
6,20,28,3,3.1234705228031148,0.9604700854700856,1.0,1.0,False,1.0,False,1.0,False,0.002139776275947752,0.9618294360385146
6,20,29,4,3.1234705228031148,1.2806267806267806,0.5615634740660312,1.0,False,1.0,False,0.9957506177226078,False,0.0028275341851637078,1.2709766162310867
6,20,30,2,3.1234705228031148,0.6403133903133903,0.7762736999601787,1.0,False,1.0,False,1.0,False,0.0014520183667317958,0.6526822558459422
6,20,31,6,3.1234705228031148,1.9209401709401712,0.14049792107858372,1.0,False,1.0,False,0.9857592345811885,False,0.00420305000359562,1.8892709766162312
6,21,22,3,3.1234705228031148,0.9604700854700856,1.0,1.0,False,1.0,False,1.0,False,0.002139776275947752,0.9618294360385146
6,21,23,5,3.1234705228031148,1.6007834757834758,0.24957369947482808,1.0,False,1.0,False,0.9857592345811885,False,0.003515292094379664,1.580123796423659
6,21,24,4,3.1234705228031148,1.2806267806267806,0.5615634740660312,1.0,False,1.0,False,0.9957506177226078,False,0.0028275341851637078,1.2709766162310867
6,21,25,4,3.1234705228031148,1.2806267806267806,0.5615634740660312,1.0,False,1.0,False,0.9957506177226078,False,0.0028275341851637078,1.2709766162310867
6,21,26,1,3.1234705228031148,0.32015669515669515,0.38684745045633295,1.0,False,1.0,False,0.9857592345811885,False,0.0007642604575158399,0.34353507565337005
6,21,27,4,3.1234705228031148,1.2806267806267806,0.5615634740660312,1.0,False,1.0,False,0.9957506177226078,False,0.0028275341851637078,1.2709766162310867
6,21,28,4,3.1234705228031148,1.2806267806267806,0.5615634740660312,1.0,False,1.0,False,0.9957506177226078,False,0.0028275341851637078,1.2709766162310867
6,21,29,4,3.1234705228031148,1.2806267806267806,0.5615634740660312,1.0,False,1.0,False,0.9957506177226078,False,0.0028275341851637078,1.2709766162310867
6,21,30,4,3.1234705228031148,1.2806267806267806,0.5615634740660312,1.0,False,1.0,False,0.9957506177226078,False,0.0028275341851637078,1.2709766162310867
6,21,31,5,3.1234705228031148,1.6007834757834758,0.24957369947482808,1.0,False,1.0,False,0.9857592345811885,False,0.003515292094379664,1.580123796423659
6,22,23,1,3.1234705228031148,0.32015669515669515,0.38684745045633295,1.0,False,1.0,False,0.9857592345811885,False,0.0007642604575158399,0.34353507565337005
6,22,24,4,3.1234705228031148,1.2806267806267806,0.5615634740660312,1.0,False,1.0,False,0.9957506177226078,False,0.0028275341851637078,1.2709766162310867
6,22,25,2,3.1234705228031148,0.6403133903133903,0.7762736999601787,1.0,False,1.0,False,1.0,False,0.0014520183667317958,0.6526822558459422
6,22,26,0,3.1234705228031148,0.0,0.08379148704798318,1.0,False,1.0,False,0.9857592345811885,False,7.650254829988387e-05,0.0343878954607978
6,22,27,3,3.1234705228031148,0.9604700854700856,1.0,1.0,False,1.0,False,1.0,False,0.002139776275947752,0.9618294360385146
6,22,28,4,3.1234705228031148,1.2806267806267806,0.5615634740660312,1.0,False,1.0,False,0.9957506177226078,False,0.0028275341851637078,1.2709766162310867
6,22,29,3,3.1234705228031148,0.9604700854700856,1.0,1.0,False,1.0,False,1.0,False,0.002139776275947752,0.9618294360385146
6,22,30,1,3.1234705228031148,0.32015669515669515,0.38684745045633295,1.0,False,1.0,False,0.9857592345811885,False,0.0007642604575158399,0.34353507565337005
6,22,31,2,3.1234705228031148,0.6403133903133903,0.7762736999601787,1.0,False,1.0,False,1.0,False,0.0014520183667317958,0.6526822558459422
6,23,24,3,3.1234705228031148,0.9604700854700856,1.0,1.0,False,1.0,False,1.0,False,0.002139776275947752,0.9618294360385146
6,23,25,3,3.1234705228031148,0.9604700854700856,1.0,1.0,False,1.0,False,1.0,False,0.002139776275947752,0.9618294360385146
6,23,26,2,3.1234705228031148,0.6403133903133903,0.7762736999601787,1.0,False,1.0,False,1.0,False,0.0014520183667317958,0.6526822558459422
6,23,27,3,3.1234705228031148,0.9604700854700856,1.0,1.0,False,1.0,False,1.0,False,0.002139776275947752,0.9618294360385146
6,23,28,3,3.1234705228031148,0.9604700854700856,1.0,1.0,False,1.0,False,1.0,False,0.002139776275947752,0.9618294360385146
6,23,29,5,3.1234705228031148,1.6007834757834758,0.24957369947482808,1.0,False,1.0,False,0.9857592345811885,False,0.003515292094379664,1.580123796423659
6,23,30,1,3.1234705228031148,0.32015669515669515,0.38684745045633295,1.0,False,1.0,False,0.9857592345811885,False,0.0007642604575158399,0.34353507565337005
6,23,31,5,3.1234705228031148,1.6007834757834758,0.24957369947482808,1.0,False,1.0,False,0.9857592345811885,False,0.003515292094379664,1.580123796423659
6,24,25,4,3.1234705228031148,1.2806267806267806,0.5615634740660312,1.0,False,1.0,False,0.9957506177226078,False,0.0028275341851637078,1.2709766162310867
6,24,26,0,3.1234705228031148,0.0,0.08379148704798318,1.0,False,1.0,False,0.9857592345811885,False,7.650254829988387e-05,0.0343878954607978
6,24,27,3,3.1234705228031148,0.9604700854700856,1.0,1.0,False,1.0,False,1.0,False,0.002139776275947752,0.9618294360385146
6,24,28,4,3.1234705228031148,1.2806267806267806,0.5615634740660312,1.0,False,1.0,False,0.9957506177226078,False,0.0028275341851637078,1.2709766162310867
6,24,29,2,3.1234705228031148,0.6403133903133903,0.7762736999601787,1.0,False,1.0,False,1.0,False,0.0014520183667317958,0.6526822558459422
6,24,30,1,3.1234705228031148,0.32015669515669515,0.38684745045633295,1.0,False,1.0,False,0.9857592345811885,False,0.0007642604575158399,0.34353507565337005
6,24,31,5,3.1234705228031148,1.6007834757834758,0.24957369947482808,1.0,False,1.0,False,0.9857592345811885,False,0.003515292094379664,1.580123796423659
6,25,26,4,3.1234705228031148,1.2806267806267806,0.5615634740660312,1.0,False,1.0,False,0.9957506177226078,False,0.0028275341851637078,1.2709766162310867
6,25,27,3,3.1234705228031148,0.9604700854700856,1.0,1.0,False,1.0,False,1.0,False,0.002139776275947752,0.9618294360385146
6,25,28,2,3.1234705228031148,0.6403133903133903,0.7762736999601787,1.0,False,1.0,False,1.0,False,0.0014520183667317958,0.6526822558459422
6,25,29,1,3.1234705228031148,0.32015669515669515,0.38684745045633295,1.0,False,1.0,False,0.9857592345811885,False,0.0007642604575158399,0.34353507565337005
6,25,30,0,3.1234705228031148,0.0,0.08379148704798318,1.0,False,1.0,False,0.9857592345811885,False,7.650254829988387e-05,0.0343878954607978
6,25,31,1,3.1234705228031148,0.32015669515669515,0.38684745045633295,1.0,False,1.0,False,0.9857592345811885,False,0.0007642604575158399,0.34353507565337005
6,26,27,1,3.1234705228031148,0.32015669515669515,0.38684745045633295,1.0,False,1.0,False,0.9857592345811885,False,0.0007642604575158399,0.34353507565337005
6,26,28,2,3.1234705228031148,0.6403133903133903,0.7762736999601787,1.0,False,1.0,False,1.0,False,0.0014520183667317958,0.6526822558459422
6,26,29,2,3.1234705228031148,0.6403133903133903,0.7762736999601787,1.0,False,1.0,False,1.0,False,0.0014520183667317958,0.6526822558459422
6,26,30,3,3.1234705228031148,0.9604700854700856,1.0,1.0,False,1.0,False,1.0,False,0.002139776275947752,0.9618294360385146
6,26,31,0,3.1234705228031148,0.0,0.08379148704798318,1.0,False,1.0,False,0.9857592345811885,False,7.650254829988387e-05,0.0343878954607978
6,27,28,4,3.1234705228031148,1.2806267806267806,0.5615634740660312,1.0,False,1.0,False,0.9957506177226078,False,0.0028275341851637078,1.2709766162310867
6,27,29,5,3.1234705228031148,1.6007834757834758,0.24957369947482808,1.0,False,1.0,False,0.9857592345811885,False,0.003515292094379664,1.580123796423659
6,27,30,2,3.1234705228031148,0.6403133903133903,0.7762736999601787,1.0,False,1.0,False,1.0,False,0.0014520183667317958,0.6526822558459422
6,27,31,3,3.1234705228031148,0.9604700854700856,1.0,1.0,False,1.0,False,1.0,False,0.002139776275947752,0.9618294360385146
6,28,29,2,3.1234705228031148,0.6403133903133903,0.7762736999601787,1.0,False,1.0,False,1.0,False,0.0014520183667317958,0.6526822558459422
6,28,30,4,3.1234705228031148,1.2806267806267806,0.5615634740660312,1.0,False,1.0,False,0.9957506177226078,False,0.0028275341851637078,1.2709766162310867
6,28,31,2,3.1234705228031148,0.6403133903133903,0.7762736999601787,1.0,False,1.0,False,1.0,False,0.0014520183667317958,0.6526822558459422
6,29,30,4,3.1234705228031148,1.2806267806267806,0.5615634740660312,1.0,False,1.0,False,0.9957506177226078,False,0.0028275341851637078,1.2709766162310867
6,29,31,4,3.1234705228031148,1.2806267806267806,0.5615634740660312,1.0,False,1.0,False,0.9957506177226078,False,0.0028275341851637078,1.2709766162310867
6,30,31,3,3.1234705228031148,0.9604700854700856,1.0,1.0,False,1.0,False,1.0,False,0.002139776275947752,0.9618294360385146
7,8,9,5,3.1234705228031148,1.6007834757834758,0.24957369947482808,1.0,False,1.0,False,0.9857592345811885,False,0.003515292094379664,1.580123796423659
7,8,10,3,3.1234705228031148,0.9604700854700856,1.0,1.0,False,1.0,False,1.0,False,0.002139776275947752,0.9618294360385146
7,8,11,4,3.1234705228031148,1.2806267806267806,0.5615634740660312,1.0,False,1.0,False,0.9957506177226078,False,0.0028275341851637078,1.2709766162310867
7,8,12,3,3.1234705228031148,0.9604700854700856,1.0,1.0,False,1.0,False,1.0,False,0.002139776275947752,0.9618294360385146
7,8,13,3,3.1234705228031148,0.9604700854700856,1.0,1.0,False,1.0,False,1.0,False,0.002139776275947752,0.9618294360385146
7,8,14,5,3.1234705228031148,1.6007834757834758,0.24957369947482808,1.0,False,1.0,False,0.9857592345811885,False,0.003515292094379664,1.580123796423659
7,8,15,3,3.1234705228031148,0.9604700854700856,1.0,1.0,False,1.0,False,1.0,False,0.002139776275947752,0.9618294360385146
7,8,16,1,3.1234705228031148,0.32015669515669515,0.38684745045633295,1.0,False,1.0,False,0.9857592345811885,False,0.0007642604575158399,0.34353507565337005
7,8,17,1,3.1234705228031148,0.32015669515669515,0.38684745045633295,1.0,False,1.0,False,0.9857592345811885,False,0.0007642604575158399,0.34353507565337005
7,8,18,3,3.1234705228031148,0.9604700854700856,1.0,1.0,False,1.0,False,1.0,False,0.002139776275947752,0.9618294360385146
7,8,19,3,3.1234705228031148,0.9604700854700856,1.0,1.0,False,1.0,False,1.0,False,0.002139776275947752,0.9618294360385146
7,8,20,2,3.1234705228031148,0.6403133903133903,0.7762736999601787,1.0,False,1.0,False,1.0,False,0.0014520183667317958,0.6526822558459422
7,8,21,4,3.1234705228031148,1.2806267806267806,0.5615634740660312,1.0,False,1.0,False,0.9957506177226078,False,0.0028275341851637078,1.2709766162310867
7,8,22,1,3.1234705228031148,0.32015669515669515,0.38684745045633295,1.0,False,1.0,False,0.9857592345811885,False,0.0007642604575158399,0.34353507565337005
7,8,23,1,3.1234705228031148,0.32015669515669515,0.38684745045633295,1.0,False,1.0,False,0.9857592345811885,False,0.0007642604575158399,0.34353507565337005
7,8,24,4,3.1234705228031148,1.2806267806267806,0.5615634740660312,1.0,False,1.0,False,0.9957506177226078,False,0.0028275341851637078,1.2709766162310867
7,8,25,4,3.1234705228031148,1.2806267806267806,0.5615634740660312,1.0,False,1.0,False,0.9957506177226078,False,0.0028275341851637078,1.2709766162310867
7,8,26,2,3.1234705228031148,0.6403133903133903,0.7762736999601787,1.0,False,1.0,False,1.0,False,0.0014520183667317958,0.6526822558459422
7,8,27,2,3.1234705228031148,0.6403133903133903,0.7762736999601787,1.0,False,1.0,False,1.0,False,0.0014520183667317958,0.6526822558459422
7,8,28,2,3.1234705228031148,0.6403133903133903,0.7762736999601787,1.0,False,1.0,False,1.0,False,0.0014520183667317958,0.6526822558459422
7,8,29,2,3.1234705228031148,0.6403133903133903,0.7762736999601787,1.0,False,1.0,False,1.0,False,0.0014520183667317958,0.6526822558459422
7,8,30,2,3.1234705228031148,0.6403133903133903,0.7762736999601787,1.0,False,1.0,False,1.0,False,0.0014520183667317958,0.6526822558459422
7,8,31,4,3.1234705228031148,1.2806267806267806,0.5615634740660312,1.0,False,1.0,False,0.9957506177226078,False,0.0028275341851637078,1.2709766162310867
7,9,10,0,3.1234705228031148,0.0,0.08379148704798318,1.0,False,1.0,False,0.9857592345811885,False,7.650254829988387e-05,0.0343878954607978
7,9,11,5,3.1234705228031148,1.6007834757834758,0.24957369947482808,1.0,False,1.0,False,0.9857592345811885,False,0.003515292094379664,1.580123796423659
7,9,12,3,3.1234705228031148,0.9604700854700856,1.0,1.0,False,1.0,False,1.0,False,0.002139776275947752,0.9618294360385146
7,9,13,2,3.1234705228031148,0.6403133903133903,0.7762736999601787,1.0,False,1.0,False,1.0,False,0.0014520183667317958,0.6526822558459422
7,9,14,10,3.1234705228031148,3.2015669515669516,0.0014573595881438104,1.0,False,1.0,False,0.956921941977135,False,0.006954081640459444,3.1258596973865203
7,9,15,4,3.1234705228031148,1.2806267806267806,0.5615634740660312,1.0,False,1.0,False,0.9957506177226078,False,0.0028275341851637078,1.2709766162310867
7,9,16,3,3.1234705228031148,0.9604700854700856,1.0,1.0,False,1.0,False,1.0,False,0.002139776275947752,0.9618294360385146
7,9,17,4,3.1234705228031148,1.2806267806267806,0.5615634740660312,1.0,False,1.0,False,0.9957506177226078,False,0.0028275341851637078,1.2709766162310867
7,9,18,3,3.1234705228031148,0.9604700854700856,1.0,1.0,False,1.0,False,1.0,False,0.002139776275947752,0.9618294360385146
7,9,19,1,3.1234705228031148,0.32015669515669515,0.38684745045633295,1.0,False,1.0,False,0.9857592345811885,False,0.0007642604575158399,0.34353507565337005
7,9,20,2,3.1234705228031148,0.6403133903133903,0.7762736999601787,1.0,False,1.0,False,1.0,False,0.0014520183667317958,0.6526822558459422
7,9,21,6,3.1234705228031148,1.9209401709401712,0.14049792107858372,1.0,False,1.0,False,0.9857592345811885,False,0.00420305000359562,1.8892709766162312
7,9,22,0,3.1234705228031148,0.0,0.08379148704798318,1.0,False,1.0,False,0.9857592345811885,False,7.650254829988387e-05,0.0343878954607978
7,9,23,4,3.1234705228031148,1.2806267806267806,0.5615634740660312,1.0,False,1.0,False,0.9957506177226078,False,0.0028275341851637078,1.2709766162310867
7,9,24,3,3.1234705228031148,0.9604700854700856,1.0,1.0,False,1.0,False,1.0,False,0.002139776275947752,0.9618294360385146
7,9,25,4,3.1234705228031148,1.2806267806267806,0.5615634740660312,1.0,False,1.0,False,0.9957506177226078,False,0.0028275341851637078,1.2709766162310867
7,9,26,2,3.1234705228031148,0.6403133903133903,0.7762736999601787,1.0,False,1.0,False,1.0,False,0.0014520183667317958,0.6526822558459422
7,9,27,4,3.1234705228031148,1.2806267806267806,0.5615634740660312,1.0,False,1.0,False,0.9957506177226078,False,0.0028275341851637078,1.2709766162310867
7,9,28,3,3.1234705228031148,0.9604700854700856,1.0,1.0,False,1.0,False,1.0,False,0.002139776275947752,0.9618294360385146
7,9,29,2,3.1234705228031148,0.6403133903133903,0.7762736999601787,1.0,False,1.0,False,1.0,False,0.0014520183667317958,0.6526822558459422
7,9,30,4,3.1234705228031148,1.2806267806267806,0.5615634740660312,1.0,False,1.0,False,0.9957506177226078,False,0.0028275341851637078,1.2709766162310867
7,9,31,4,3.1234705228031148,1.2806267806267806,0.5615634740660312,1.0,False,1.0,False,0.9957506177226078,False,0.0028275341851637078,1.2709766162310867
7,10,11,5,3.1234705228031148,1.6007834757834758,0.24957369947482808,1.0,False,1.0,False,0.9857592345811885,False,0.003515292094379664,1.580123796423659
7,10,12,0,3.1234705228031148,0.0,0.08379148704798318,1.0,False,1.0,False,0.9857592345811885,False,7.650254829988387e-05,0.0343878954607978
7,10,13,3,3.1234705228031148,0.9604700854700856,1.0,1.0,False,1.0,False,1.0,False,0.002139776275947752,0.9618294360385146
7,10,14,1,3.1234705228031148,0.32015669515669515,0.38684745045633295,1.0,False,1.0,False,0.9857592345811885,False,0.0007642604575158399,0.34353507565337005
7,10,15,1,3.1234705228031148,0.32015669515669515,0.38684745045633295,1.0,False,1.0,False,0.9857592345811885,False,0.0007642604575158399,0.34353507565337005
7,10,16,4,3.1234705228031148,1.2806267806267806,0.5615634740660312,1.0,False,1.0,False,0.9957506177226078,False,0.0028275341851637078,1.2709766162310867
7,10,17,4,3.1234705228031148,1.2806267806267806,0.5615634740660312,1.0,False,1.0,False,0.9957506177226078,False,0.0028275341851637078,1.2709766162310867
7,10,18,4,3.1234705228031148,1.2806267806267806,0.5615634740660312,1.0,False,1.0,False,0.9957506177226078,False,0.0028275341851637078,1.2709766162310867
7,10,19,0,3.1234705228031148,0.0,0.08379148704798318,1.0,False,1.0,False,0.9857592345811885,False,7.650254829988387e-05,0.0343878954607978
7,10,20,3,3.1234705228031148,0.9604700854700856,1.0,1.0,False,1.0,False,1.0,False,0.002139776275947752,0.9618294360385146
7,10,21,2,3.1234705228031148,0.6403133903133903,0.7762736999601787,1.0,False,1.0,False,1.0,False,0.0014520183667317958,0.6526822558459422
7,10,22,7,3.1234705228031148,2.241096866096866,0.03994014992889243,1.0,False,1.0,False,0.9857592345811885,False,0.004890807912811576,2.1984181568088035
7,10,23,0,3.1234705228031148,0.0,0.08379148704798318,1.0,False,1.0,False,0.9857592345811885,False,7.650254829988387e-05,0.0343878954607978
7,10,24,2,3.1234705228031148,0.6403133903133903,0.7762736999601787,1.0,False,1.0,False,1.0,False,0.0014520183667317958,0.6526822558459422
7,10,25,2,3.1234705228031148,0.6403133903133903,0.7762736999601787,1.0,False,1.0,False,1.0,False,0.0014520183667317958,0.6526822558459422
7,10,26,1,3.1234705228031148,0.32015669515669515,0.38684745045633295,1.0,False,1.0,False,0.9857592345811885,False,0.0007642604575158399,0.34353507565337005
7,10,27,6,3.1234705228031148,1.9209401709401712,0.14049792107858372,1.0,False,1.0,False,0.9857592345811885,False,0.00420305000359562,1.8892709766162312
7,10,28,2,3.1234705228031148,0.6403133903133903,0.7762736999601787,1.0,False,1.0,False,1.0,False,0.0014520183667317958,0.6526822558459422
7,10,29,3,3.1234705228031148,0.9604700854700856,1.0,1.0,False,1.0,False,1.0,False,0.002139776275947752,0.9618294360385146
7,10,30,1,3.1234705228031148,0.32015669515669515,0.38684745045633295,1.0,False,1.0,False,0.9857592345811885,False,0.0007642604575158399,0.34353507565337005
7,10,31,2,3.1234705228031148,0.6403133903133903,0.7762736999601787,1.0,False,1.0,False,1.0,False,0.0014520183667317958,0.6526822558459422
7,11,12,4,3.1234705228031148,1.2806267806267806,0.5615634740660312,1.0,False,1.0,False,0.9957506177226078,False,0.0028275341851637078,1.2709766162310867
7,11,13,2,3.1234705228031148,0.6403133903133903,0.7762736999601787,1.0,False,1.0,False,1.0,False,0.0014520183667317958,0.6526822558459422
7,11,14,6,3.1234705228031148,1.9209401709401712,0.14049792107858372,1.0,False,1.0,False,0.9857592345811885,False,0.00420305000359562,1.8892709766162312
7,11,15,4,3.1234705228031148,1.2806267806267806,0.5615634740660312,1.0,False,1.0,False,0.9957506177226078,False,0.0028275341851637078,1.2709766162310867
7,11,16,2,3.1234705228031148,0.6403133903133903,0.7762736999601787,1.0,False,1.0,False,1.0,False,0.0014520183667317958,0.6526822558459422
7,11,17,6,3.1234705228031148,1.9209401709401712,0.14049792107858372,1.0,False,1.0,False,0.9857592345811885,False,0.00420305000359562,1.8892709766162312
7,11,18,3,3.1234705228031148,0.9604700854700856,1.0,1.0,False,1.0,False,1.0,False,0.002139776275947752,0.9618294360385146
7,11,19,3,3.1234705228031148,0.9604700854700856,1.0,1.0,False,1.0,False,1.0,False,0.002139776275947752,0.9618294360385146
7,11,20,2,3.1234705228031148,0.6403133903133903,0.7762736999601787,1.0,False,1.0,False,1.0,False,0.0014520183667317958,0.6526822558459422
7,11,21,4,3.1234705228031148,1.2806267806267806,0.5615634740660312,1.0,False,1.0,False,0.9957506177226078,False,0.0028275341851637078,1.2709766162310867
7,11,22,3,3.1234705228031148,0.9604700854700856,1.0,1.0,False,1.0,False,1.0,False,0.002139776275947752,0.9618294360385146
7,11,23,5,3.1234705228031148,1.6007834757834758,0.24957369947482808,1.0,False,1.0,False,0.9857592345811885,False,0.003515292094379664,1.580123796423659
7,11,24,2,3.1234705228031148,0.6403133903133903,0.7762736999601787,1.0,False,1.0,False,1.0,False,0.0014520183667317958,0.6526822558459422
7,11,25,1,3.1234705228031148,0.32015669515669515,0.38684745045633295,1.0,False,1.0,False,0.9857592345811885,False,0.0007642604575158399,0.34353507565337005
7,11,26,4,3.1234705228031148,1.2806267806267806,0.5615634740660312,1.0,False,1.0,False,0.9957506177226078,False,0.0028275341851637078,1.2709766162310867
7,11,27,2,3.1234705228031148,0.6403133903133903,0.7762736999601787,1.0,False,1.0,False,1.0,False,0.0014520183667317958,0.6526822558459422
7,11,28,3,3.1234705228031148,0.9604700854700856,1.0,1.0,False,1.0,False,1.0,False,0.002139776275947752,0.9618294360385146
7,11,29,2,3.1234705228031148,0.6403133903133903,0.7762736999601787,1.0,False,1.0,False,1.0,False,0.0014520183667317958,0.6526822558459422
7,11,30,2,3.1234705228031148,0.6403133903133903,0.7762736999601787,1.0,False,1.0,False,1.0,False,0.0014520183667317958,0.6526822558459422
7,11,31,5,3.1234705228031148,1.6007834757834758,0.24957369947482808,1.0,False,1.0,False,0.9857592345811885,False,0.003515292094379664,1.580123796423659
7,12,13,2,3.1234705228031148,0.6403133903133903,0.7762736999601787,1.0,False,1.0,False,1.0,False,0.0014520183667317958,0.6526822558459422
7,12,14,4,3.1234705228031148,1.2806267806267806,0.5615634740660312,1.0,False,1.0,False,0.9957506177226078,False,0.0028275341851637078,1.2709766162310867
7,12,15,2,3.1234705228031148,0.6403133903133903,0.7762736999601787,1.0,False,1.0,False,1.0,False,0.0014520183667317958,0.6526822558459422
7,12,16,1,3.1234705228031148,0.32015669515669515,0.38684745045633295,1.0,False,1.0,False,0.9857592345811885,False,0.0007642604575158399,0.34353507565337005
7,12,17,6,3.1234705228031148,1.9209401709401712,0.14049792107858372,1.0,False,1.0,False,0.9857592345811885,False,0.00420305000359562,1.8892709766162312
7,12,18,4,3.1234705228031148,1.2806267806267806,0.5615634740660312,1.0,False,1.0,False,0.9957506177226078,False,0.0028275341851637078,1.2709766162310867
7,12,19,1,3.1234705228031148,0.32015669515669515,0.38684745045633295,1.0,False,1.0,False,0.9857592345811885,False,0.0007642604575158399,0.34353507565337005
7,12,20,1,3.1234705228031148,0.32015669515669515,0.38684745045633295,1.0,False,1.0,False,0.9857592345811885,False,0.0007642604575158399,0.34353507565337005
7,12,21,3,3.1234705228031148,0.9604700854700856,1.0,1.0,False,1.0,False,1.0,False,0.002139776275947752,0.9618294360385146
7,12,22,3,3.1234705228031148,0.9604700854700856,1.0,1.0,False,1.0,False,1.0,False,0.002139776275947752,0.9618294360385146
7,12,23,2,3.1234705228031148,0.6403133903133903,0.7762736999601787,1.0,False,1.0,False,1.0,False,0.0014520183667317958,0.6526822558459422
7,12,24,2,3.1234705228031148,0.6403133903133903,0.7762736999601787,1.0,False,1.0,False,1.0,False,0.0014520183667317958,0.6526822558459422
7,12,25,1,3.1234705228031148,0.32015669515669515,0.38684745045633295,1.0,False,1.0,False,0.9857592345811885,False,0.0007642604575158399,0.34353507565337005
7,12,26,1,3.1234705228031148,0.32015669515669515,0.38684745045633295,1.0,False,1.0,False,0.9857592345811885,False,0.0007642604575158399,0.34353507565337005
7,12,27,2,3.1234705228031148,0.6403133903133903,0.7762736999601787,1.0,False,1.0,False,1.0,False,0.0014520183667317958,0.6526822558459422
7,12,28,1,3.1234705228031148,0.32015669515669515,0.38684745045633295,1.0,False,1.0,False,0.9857592345811885,False,0.0007642604575158399,0.34353507565337005
7,12,29,3,3.1234705228031148,0.9604700854700856,1.0,1.0,False,1.0,False,1.0,False,0.002139776275947752,0.9618294360385146
7,12,30,5,3.1234705228031148,1.6007834757834758,0.24957369947482808,1.0,False,1.0,False,0.9857592345811885,False,0.003515292094379664,1.580123796423659
7,12,31,3,3.1234705228031148,0.9604700854700856,1.0,1.0,False,1.0,False,1.0,False,0.002139776275947752,0.9618294360385146
7,13,14,0,3.1234705228031148,0.0,0.08379148704798318,1.0,False,1.0,False,0.9857592345811885,False,7.650254829988387e-05,0.0343878954607978
7,13,15,3,3.1234705228031148,0.9604700854700856,1.0,1.0,False,1.0,False,1.0,False,0.002139776275947752,0.9618294360385146
7,13,16,2,3.1234705228031148,0.6403133903133903,0.7762736999601787,1.0,False,1.0,False,1.0,False,0.0014520183667317958,0.6526822558459422
7,13,17,5,3.1234705228031148,1.6007834757834758,0.24957369947482808,1.0,False,1.0,False,0.9857592345811885,False,0.003515292094379664,1.580123796423659
7,13,18,3,3.1234705228031148,0.9604700854700856,1.0,1.0,False,1.0,False,1.0,False,0.002139776275947752,0.9618294360385146
7,13,19,4,3.1234705228031148,1.2806267806267806,0.5615634740660312,1.0,False,1.0,False,0.9957506177226078,False,0.0028275341851637078,1.2709766162310867
7,13,20,0,3.1234705228031148,0.0,0.08379148704798318,1.0,False,1.0,False,0.9857592345811885,False,7.650254829988387e-05,0.0343878954607978
7,13,21,4,3.1234705228031148,1.2806267806267806,0.5615634740660312,1.0,False,1.0,False,0.9957506177226078,False,0.0028275341851637078,1.2709766162310867
7,13,22,2,3.1234705228031148,0.6403133903133903,0.7762736999601787,1.0,False,1.0,False,1.0,False,0.0014520183667317958,0.6526822558459422
7,13,23,3,3.1234705228031148,0.9604700854700856,1.0,1.0,False,1.0,False,1.0,False,0.002139776275947752,0.9618294360385146
7,13,24,5,3.1234705228031148,1.6007834757834758,0.24957369947482808,1.0,False,1.0,False,0.9857592345811885,False,0.003515292094379664,1.580123796423659
7,13,25,4,3.1234705228031148,1.2806267806267806,0.5615634740660312,1.0,False,1.0,False,0.9957506177226078,False,0.0028275341851637078,1.2709766162310867
7,13,26,1,3.1234705228031148,0.32015669515669515,0.38684745045633295,1.0,False,1.0,False,0.9857592345811885,False,0.0007642604575158399,0.34353507565337005
7,13,27,4,3.1234705228031148,1.2806267806267806,0.5615634740660312,1.0,False,1.0,False,0.9957506177226078,False,0.0028275341851637078,1.2709766162310867
7,13,28,3,3.1234705228031148,0.9604700854700856,1.0,1.0,False,1.0,False,1.0,False,0.002139776275947752,0.9618294360385146
7,13,29,1,3.1234705228031148,0.32015669515669515,0.38684745045633295,1.0,False,1.0,False,0.9857592345811885,False,0.0007642604575158399,0.34353507565337005
7,13,30,4,3.1234705228031148,1.2806267806267806,0.5615634740660312,1.0,False,1.0,False,0.9957506177226078,False,0.0028275341851637078,1.2709766162310867
7,13,31,3,3.1234705228031148,0.9604700854700856,1.0,1.0,False,1.0,False,1.0,False,0.002139776275947752,0.9618294360385146
7,14,15,2,3.1234705228031148,0.6403133903133903,0.7762736999601787,1.0,False,1.0,False,1.0,False,0.0014520183667317958,0.6526822558459422
7,14,16,7,3.1234705228031148,2.241096866096866,0.03994014992889243,1.0,False,1.0,False,0.9857592345811885,False,0.004890807912811576,2.1984181568088035
7,14,17,7,3.1234705228031148,2.241096866096866,0.03994014992889243,1.0,False,1.0,False,0.9857592345811885,False,0.004890807912811576,2.1984181568088035
7,14,18,2,3.1234705228031148,0.6403133903133903,0.7762736999601787,1.0,False,1.0,False,1.0,False,0.0014520183667317958,0.6526822558459422
7,14,19,3,3.1234705228031148,0.9604700854700856,1.0,1.0,False,1.0,False,1.0,False,0.002139776275947752,0.9618294360385146
7,14,20,5,3.1234705228031148,1.6007834757834758,0.24957369947482808,1.0,False,1.0,False,0.9857592345811885,False,0.003515292094379664,1.580123796423659
7,14,21,6,3.1234705228031148,1.9209401709401712,0.14049792107858372,1.0,False,1.0,False,0.9857592345811885,False,0.00420305000359562,1.8892709766162312
7,14,22,4,3.1234705228031148,1.2806267806267806,0.5615634740660312,1.0,False,1.0,False,0.9957506177226078,False,0.0028275341851637078,1.2709766162310867
7,14,23,4,3.1234705228031148,1.2806267806267806,0.5615634740660312,1.0,False,1.0,False,0.9957506177226078,False,0.0028275341851637078,1.2709766162310867
7,14,24,1,3.1234705228031148,0.32015669515669515,0.38684745045633295,1.0,False,1.0,False,0.9857592345811885,False,0.0007642604575158399,0.34353507565337005
7,14,25,1,3.1234705228031148,0.32015669515669515,0.38684745045633295,1.0,False,1.0,False,0.9857592345811885,False,0.0007642604575158399,0.34353507565337005
7,14,26,0,3.1234705228031148,0.0,0.08379148704798318,1.0,False,1.0,False,0.9857592345811885,False,7.650254829988387e-05,0.0343878954607978
7,14,27,1,3.1234705228031148,0.32015669515669515,0.38684745045633295,1.0,False,1.0,False,0.9857592345811885,False,0.0007642604575158399,0.34353507565337005
7,14,28,2,3.1234705228031148,0.6403133903133903,0.7762736999601787,1.0,False,1.0,False,1.0,False,0.0014520183667317958,0.6526822558459422
7,14,29,5,3.1234705228031148,1.6007834757834758,0.24957369947482808,1.0,False,1.0,False,0.9857592345811885,False,0.003515292094379664,1.580123796423659
7,14,30,7,3.1234705228031148,2.241096866096866,0.03994014992889243,1.0,False,1.0,False,0.9857592345811885,False,0.004890807912811576,2.1984181568088035
7,14,31,3,3.1234705228031148,0.9604700854700856,1.0,1.0,False,1.0,False,1.0,False,0.002139776275947752,0.9618294360385146
7,15,16,2,3.1234705228031148,0.6403133903133903,0.7762736999601787,1.0,False,1.0,False,1.0,False,0.0014520183667317958,0.6526822558459422
7,15,17,2,3.1234705228031148,0.6403133903133903,0.7762736999601787,1.0,False,1.0,False,1.0,False,0.0014520183667317958,0.6526822558459422
7,15,18,1,3.1234705228031148,0.32015669515669515,0.38684745045633295,1.0,False,1.0,False,0.9857592345811885,False,0.0007642604575158399,0.34353507565337005
7,15,19,3,3.1234705228031148,0.9604700854700856,1.0,1.0,False,1.0,False,1.0,False,0.002139776275947752,0.9618294360385146
7,15,20,1,3.1234705228031148,0.32015669515669515,0.38684745045633295,1.0,False,1.0,False,0.9857592345811885,False,0.0007642604575158399,0.34353507565337005
7,15,21,0,3.1234705228031148,0.0,0.08379148704798318,1.0,False,1.0,False,0.9857592345811885,False,7.650254829988387e-05,0.0343878954607978
7,15,22,0,3.1234705228031148,0.0,0.08379148704798318,1.0,False,1.0,False,0.9857592345811885,False,7.650254829988387e-05,0.0343878954607978
7,15,23,3,3.1234705228031148,0.9604700854700856,1.0,1.0,False,1.0,False,1.0,False,0.002139776275947752,0.9618294360385146
7,15,24,2,3.1234705228031148,0.6403133903133903,0.7762736999601787,1.0,False,1.0,False,1.0,False,0.0014520183667317958,0.6526822558459422
7,15,25,0,3.1234705228031148,0.0,0.08379148704798318,1.0,False,1.0,False,0.9857592345811885,False,7.650254829988387e-05,0.0343878954607978
7,15,26,4,3.1234705228031148,1.2806267806267806,0.5615634740660312,1.0,False,1.0,False,0.9957506177226078,False,0.0028275341851637078,1.2709766162310867
7,15,27,2,3.1234705228031148,0.6403133903133903,0.7762736999601787,1.0,False,1.0,False,1.0,False,0.0014520183667317958,0.6526822558459422
7,15,28,3,3.1234705228031148,0.9604700854700856,1.0,1.0,False,1.0,False,1.0,False,0.002139776275947752,0.9618294360385146
7,15,29,3,3.1234705228031148,0.9604700854700856,1.0,1.0,False,1.0,False,1.0,False,0.002139776275947752,0.9618294360385146
7,15,30,2,3.1234705228031148,0.6403133903133903,0.7762736999601787,1.0,False,1.0,False,1.0,False,0.0014520183667317958,0.6526822558459422
7,15,31,5,3.1234705228031148,1.6007834757834758,0.24957369947482808,1.0,False,1.0,False,0.9857592345811885,False,0.003515292094379664,1.580123796423659
7,16,17,4,3.1234705228031148,1.2806267806267806,0.5615634740660312,1.0,False,1.0,False,0.9957506177226078,False,0.0028275341851637078,1.2709766162310867
7,16,18,5,3.1234705228031148,1.6007834757834758,0.24957369947482808,1.0,False,1.0,False,0.9857592345811885,False,0.003515292094379664,1.580123796423659
7,16,19,1,3.1234705228031148,0.32015669515669515,0.38684745045633295,1.0,False,1.0,False,0.9857592345811885,False,0.0007642604575158399,0.34353507565337005
7,16,20,3,3.1234705228031148,0.9604700854700856,1.0,1.0,False,1.0,False,1.0,False,0.002139776275947752,0.9618294360385146
7,16,21,2,3.1234705228031148,0.6403133903133903,0.7762736999601787,1.0,False,1.0,False,1.0,False,0.0014520183667317958,0.6526822558459422
7,16,22,2,3.1234705228031148,0.6403133903133903,0.7762736999601787,1.0,False,1.0,False,1.0,False,0.0014520183667317958,0.6526822558459422
7,16,23,4,3.1234705228031148,1.2806267806267806,0.5615634740660312,1.0,False,1.0,False,0.9957506177226078,False,0.0028275341851637078,1.2709766162310867
7,16,24,3,3.1234705228031148,0.9604700854700856,1.0,1.0,False,1.0,False,1.0,False,0.002139776275947752,0.9618294360385146
7,16,25,6,3.1234705228031148,1.9209401709401712,0.14049792107858372,1.0,False,1.0,False,0.9857592345811885,False,0.00420305000359562,1.8892709766162312
7,16,26,3,3.1234705228031148,0.9604700854700856,1.0,1.0,False,1.0,False,1.0,False,0.002139776275947752,0.9618294360385146
7,16,27,1,3.1234705228031148,0.32015669515669515,0.38684745045633295,1.0,False,1.0,False,0.9857592345811885,False,0.0007642604575158399,0.34353507565337005
7,16,28,3,3.1234705228031148,0.9604700854700856,1.0,1.0,False,1.0,False,1.0,False,0.002139776275947752,0.9618294360385146
7,16,29,5,3.1234705228031148,1.6007834757834758,0.24957369947482808,1.0,False,1.0,False,0.9857592345811885,False,0.003515292094379664,1.580123796423659
7,16,30,3,3.1234705228031148,0.9604700854700856,1.0,1.0,False,1.0,False,1.0,False,0.002139776275947752,0.9618294360385146
7,16,31,4,3.1234705228031148,1.2806267806267806,0.5615634740660312,1.0,False,1.0,False,0.9957506177226078,False,0.0028275341851637078,1.2709766162310867
7,17,18,4,3.1234705228031148,1.2806267806267806,0.5615634740660312,1.0,False,1.0,False,0.9957506177226078,False,0.0028275341851637078,1.2709766162310867
7,17,19,7,3.1234705228031148,2.241096866096866,0.03994014992889243,1.0,False,1.0,False,0.9857592345811885,False,0.004890807912811576,2.1984181568088035
7,17,20,3,3.1234705228031148,0.9604700854700856,1.0,1.0,False,1.0,False,1.0,False,0.002139776275947752,0.9618294360385146
7,17,21,5,3.1234705228031148,1.6007834757834758,0.24957369947482808,1.0,False,1.0,False,0.9857592345811885,False,0.003515292094379664,1.580123796423659
7,17,22,5,3.1234705228031148,1.6007834757834758,0.24957369947482808,1.0,False,1.0,False,0.9857592345811885,False,0.003515292094379664,1.580123796423659
7,17,23,2,3.1234705228031148,0.6403133903133903,0.7762736999601787,1.0,False,1.0,False,1.0,False,0.0014520183667317958,0.6526822558459422
7,17,24,4,3.1234705228031148,1.2806267806267806,0.5615634740660312,1.0,False,1.0,False,0.9957506177226078,False,0.0028275341851637078,1.2709766162310867
7,17,25,2,3.1234705228031148,0.6403133903133903,0.7762736999601787,1.0,False,1.0,False,1.0,False,0.0014520183667317958,0.6526822558459422
7,17,26,3,3.1234705228031148,0.9604700854700856,1.0,1.0,False,1.0,False,1.0,False,0.002139776275947752,0.9618294360385146
7,17,27,6,3.1234705228031148,1.9209401709401712,0.14049792107858372,1.0,False,1.0,False,0.9857592345811885,False,0.00420305000359562,1.8892709766162312
7,17,28,6,3.1234705228031148,1.9209401709401712,0.14049792107858372,1.0,False,1.0,False,0.9857592345811885,False,0.00420305000359562,1.8892709766162312
7,17,29,6,3.1234705228031148,1.9209401709401712,0.14049792107858372,1.0,False,1.0,False,0.9857592345811885,False,0.00420305000359562,1.8892709766162312
7,17,30,3,3.1234705228031148,0.9604700854700856,1.0,1.0,False,1.0,False,1.0,False,0.002139776275947752,0.9618294360385146
7,17,31,2,3.1234705228031148,0.6403133903133903,0.7762736999601787,1.0,False,1.0,False,1.0,False,0.0014520183667317958,0.6526822558459422
7,18,19,3,3.1234705228031148,0.9604700854700856,1.0,1.0,False,1.0,False,1.0,False,0.002139776275947752,0.9618294360385146
7,18,20,4,3.1234705228031148,1.2806267806267806,0.5615634740660312,1.0,False,1.0,False,0.9957506177226078,False,0.0028275341851637078,1.2709766162310867
7,18,21,6,3.1234705228031148,1.9209401709401712,0.14049792107858372,1.0,False,1.0,False,0.9857592345811885,False,0.00420305000359562,1.8892709766162312
7,18,22,4,3.1234705228031148,1.2806267806267806,0.5615634740660312,1.0,False,1.0,False,0.9957506177226078,False,0.0028275341851637078,1.2709766162310867
7,18,23,2,3.1234705228031148,0.6403133903133903,0.7762736999601787,1.0,False,1.0,False,1.0,False,0.0014520183667317958,0.6526822558459422
7,18,24,3,3.1234705228031148,0.9604700854700856,1.0,1.0,False,1.0,False,1.0,False,0.002139776275947752,0.9618294360385146
7,18,25,4,3.1234705228031148,1.2806267806267806,0.5615634740660312,1.0,False,1.0,False,0.9957506177226078,False,0.0028275341851637078,1.2709766162310867
7,18,26,3,3.1234705228031148,0.9604700854700856,1.0,1.0,False,1.0,False,1.0,False,0.002139776275947752,0.9618294360385146
7,18,27,3,3.1234705228031148,0.9604700854700856,1.0,1.0,False,1.0,False,1.0,False,0.002139776275947752,0.9618294360385146
7,18,28,2,3.1234705228031148,0.6403133903133903,0.7762736999601787,1.0,False,1.0,False,1.0,False,0.0014520183667317958,0.6526822558459422
7,18,29,3,3.1234705228031148,0.9604700854700856,1.0,1.0,False,1.0,False,1.0,False,0.002139776275947752,0.9618294360385146
7,18,30,5,3.1234705228031148,1.6007834757834758,0.24957369947482808,1.0,False,1.0,False,0.9857592345811885,False,0.003515292094379664,1.580123796423659
7,18,31,5,3.1234705228031148,1.6007834757834758,0.24957369947482808,1.0,False,1.0,False,0.9857592345811885,False,0.003515292094379664,1.580123796423659
7,19,20,3,3.1234705228031148,0.9604700854700856,1.0,1.0,False,1.0,False,1.0,False,0.002139776275947752,0.9618294360385146
7,19,21,5,3.1234705228031148,1.6007834757834758,0.24957369947482808,1.0,False,1.0,False,0.9857592345811885,False,0.003515292094379664,1.580123796423659
7,19,22,2,3.1234705228031148,0.6403133903133903,0.7762736999601787,1.0,False,1.0,False,1.0,False,0.0014520183667317958,0.6526822558459422
7,19,23,5,3.1234705228031148,1.6007834757834758,0.24957369947482808,1.0,False,1.0,False,0.9857592345811885,False,0.003515292094379664,1.580123796423659
7,19,24,6,3.1234705228031148,1.9209401709401712,0.14049792107858372,1.0,False,1.0,False,0.9857592345811885,False,0.00420305000359562,1.8892709766162312
7,19,25,3,3.1234705228031148,0.9604700854700856,1.0,1.0,False,1.0,False,1.0,False,0.002139776275947752,0.9618294360385146
7,19,26,3,3.1234705228031148,0.9604700854700856,1.0,1.0,False,1.0,False,1.0,False,0.002139776275947752,0.9618294360385146
7,19,27,7,3.1234705228031148,2.241096866096866,0.03994014992889243,1.0,False,1.0,False,0.9857592345811885,False,0.004890807912811576,2.1984181568088035
7,19,28,5,3.1234705228031148,1.6007834757834758,0.24957369947482808,1.0,False,1.0,False,0.9857592345811885,False,0.003515292094379664,1.580123796423659
7,19,29,0,3.1234705228031148,0.0,0.08379148704798318,1.0,False,1.0,False,0.9857592345811885,False,7.650254829988387e-05,0.0343878954607978
7,19,30,1,3.1234705228031148,0.32015669515669515,0.38684745045633295,1.0,False,1.0,False,0.9857592345811885,False,0.0007642604575158399,0.34353507565337005
7,19,31,6,3.1234705228031148,1.9209401709401712,0.14049792107858372,1.0,False,1.0,False,0.9857592345811885,False,0.00420305000359562,1.8892709766162312
7,20,21,0,3.1234705228031148,0.0,0.08379148704798318,1.0,False,1.0,False,0.9857592345811885,False,7.650254829988387e-05,0.0343878954607978
7,20,22,5,3.1234705228031148,1.6007834757834758,0.24957369947482808,1.0,False,1.0,False,0.9857592345811885,False,0.003515292094379664,1.580123796423659
7,20,23,5,3.1234705228031148,1.6007834757834758,0.24957369947482808,1.0,False,1.0,False,0.9857592345811885,False,0.003515292094379664,1.580123796423659
7,20,24,3,3.1234705228031148,0.9604700854700856,1.0,1.0,False,1.0,False,1.0,False,0.002139776275947752,0.9618294360385146
7,20,25,5,3.1234705228031148,1.6007834757834758,0.24957369947482808,1.0,False,1.0,False,0.9857592345811885,False,0.003515292094379664,1.580123796423659
7,20,26,1,3.1234705228031148,0.32015669515669515,0.38684745045633295,1.0,False,1.0,False,0.9857592345811885,False,0.0007642604575158399,0.34353507565337005
7,20,27,2,3.1234705228031148,0.6403133903133903,0.7762736999601787,1.0,False,1.0,False,1.0,False,0.0014520183667317958,0.6526822558459422
7,20,28,4,3.1234705228031148,1.2806267806267806,0.5615634740660312,1.0,False,1.0,False,0.9957506177226078,False,0.0028275341851637078,1.2709766162310867
7,20,29,2,3.1234705228031148,0.6403133903133903,0.7762736999601787,1.0,False,1.0,False,1.0,False,0.0014520183667317958,0.6526822558459422
7,20,30,1,3.1234705228031148,0.32015669515669515,0.38684745045633295,1.0,False,1.0,False,0.9857592345811885,False,0.0007642604575158399,0.34353507565337005
7,20,31,1,3.1234705228031148,0.32015669515669515,0.38684745045633295,1.0,False,1.0,False,0.9857592345811885,False,0.0007642604575158399,0.34353507565337005
7,21,22,3,3.1234705228031148,0.9604700854700856,1.0,1.0,False,1.0,False,1.0,False,0.002139776275947752,0.9618294360385146
7,21,23,3,3.1234705228031148,0.9604700854700856,1.0,1.0,False,1.0,False,1.0,False,0.002139776275947752,0.9618294360385146
7,21,24,3,3.1234705228031148,0.9604700854700856,1.0,1.0,False,1.0,False,1.0,False,0.002139776275947752,0.9618294360385146
7,21,25,5,3.1234705228031148,1.6007834757834758,0.24957369947482808,1.0,False,1.0,False,0.9857592345811885,False,0.003515292094379664,1.580123796423659
7,21,26,2,3.1234705228031148,0.6403133903133903,0.7762736999601787,1.0,False,1.0,False,1.0,False,0.0014520183667317958,0.6526822558459422
7,21,27,2,3.1234705228031148,0.6403133903133903,0.7762736999601787,1.0,False,1.0,False,1.0,False,0.0014520183667317958,0.6526822558459422
7,21,28,7,3.1234705228031148,2.241096866096866,0.03994014992889243,1.0,False,1.0,False,0.9857592345811885,False,0.004890807912811576,2.1984181568088035
7,21,29,1,3.1234705228031148,0.32015669515669515,0.38684745045633295,1.0,False,1.0,False,0.9857592345811885,False,0.0007642604575158399,0.34353507565337005
7,21,30,4,3.1234705228031148,1.2806267806267806,0.5615634740660312,1.0,False,1.0,False,0.9957506177226078,False,0.0028275341851637078,1.2709766162310867
7,21,31,5,3.1234705228031148,1.6007834757834758,0.24957369947482808,1.0,False,1.0,False,0.9857592345811885,False,0.003515292094379664,1.580123796423659
7,22,23,3,3.1234705228031148,0.9604700854700856,1.0,1.0,False,1.0,False,1.0,False,0.002139776275947752,0.9618294360385146
7,22,24,6,3.1234705228031148,1.9209401709401712,0.14049792107858372,1.0,False,1.0,False,0.9857592345811885,False,0.00420305000359562,1.8892709766162312
7,22,25,6,3.1234705228031148,1.9209401709401712,0.14049792107858372,1.0,False,1.0,False,0.9857592345811885,False,0.00420305000359562,1.8892709766162312
7,22,26,7,3.1234705228031148,2.241096866096866,0.03994014992889243,1.0,False,1.0,False,0.9857592345811885,False,0.004890807912811576,2.1984181568088035
7,22,27,5,3.1234705228031148,1.6007834757834758,0.24957369947482808,1.0,False,1.0,False,0.9857592345811885,False,0.003515292094379664,1.580123796423659
7,22,28,2,3.1234705228031148,0.6403133903133903,0.7762736999601787,1.0,False,1.0,False,1.0,False,0.0014520183667317958,0.6526822558459422
7,22,29,4,3.1234705228031148,1.2806267806267806,0.5615634740660312,1.0,False,1.0,False,0.9957506177226078,False,0.0028275341851637078,1.2709766162310867
7,22,30,4,3.1234705228031148,1.2806267806267806,0.5615634740660312,1.0,False,1.0,False,0.9957506177226078,False,0.0028275341851637078,1.2709766162310867
7,22,31,3,3.1234705228031148,0.9604700854700856,1.0,1.0,False,1.0,False,1.0,False,0.002139776275947752,0.9618294360385146
7,23,24,3,3.1234705228031148,0.9604700854700856,1.0,1.0,False,1.0,False,1.0,False,0.002139776275947752,0.9618294360385146
7,23,25,5,3.1234705228031148,1.6007834757834758,0.24957369947482808,1.0,False,1.0,False,0.9857592345811885,False,0.003515292094379664,1.580123796423659
7,23,26,1,3.1234705228031148,0.32015669515669515,0.38684745045633295,1.0,False,1.0,False,0.9857592345811885,False,0.0007642604575158399,0.34353507565337005
7,23,27,4,3.1234705228031148,1.2806267806267806,0.5615634740660312,1.0,False,1.0,False,0.9957506177226078,False,0.0028275341851637078,1.2709766162310867
7,23,28,4,3.1234705228031148,1.2806267806267806,0.5615634740660312,1.0,False,1.0,False,0.9957506177226078,False,0.0028275341851637078,1.2709766162310867
7,23,29,4,3.1234705228031148,1.2806267806267806,0.5615634740660312,1.0,False,1.0,False,0.9957506177226078,False,0.0028275341851637078,1.2709766162310867
7,23,30,1,3.1234705228031148,0.32015669515669515,0.38684745045633295,1.0,False,1.0,False,0.9857592345811885,False,0.0007642604575158399,0.34353507565337005
7,23,31,2,3.1234705228031148,0.6403133903133903,0.7762736999601787,1.0,False,1.0,False,1.0,False,0.0014520183667317958,0.6526822558459422
7,24,25,4,3.1234705228031148,1.2806267806267806,0.5615634740660312,1.0,False,1.0,False,0.9957506177226078,False,0.0028275341851637078,1.2709766162310867
7,24,26,1,3.1234705228031148,0.32015669515669515,0.38684745045633295,1.0,False,1.0,False,0.9857592345811885,False,0.0007642604575158399,0.34353507565337005
7,24,27,5,3.1234705228031148,1.6007834757834758,0.24957369947482808,1.0,False,1.0,False,0.9857592345811885,False,0.003515292094379664,1.580123796423659
7,24,28,1,3.1234705228031148,0.32015669515669515,0.38684745045633295,1.0,False,1.0,False,0.9857592345811885,False,0.0007642604575158399,0.34353507565337005
7,24,29,4,3.1234705228031148,1.2806267806267806,0.5615634740660312,1.0,False,1.0,False,0.9957506177226078,False,0.0028275341851637078,1.2709766162310867
7,24,30,1,3.1234705228031148,0.32015669515669515,0.38684745045633295,1.0,False,1.0,False,0.9857592345811885,False,0.0007642604575158399,0.34353507565337005
7,24,31,2,3.1234705228031148,0.6403133903133903,0.7762736999601787,1.0,False,1.0,False,1.0,False,0.0014520183667317958,0.6526822558459422
7,25,26,4,3.1234705228031148,1.2806267806267806,0.5615634740660312,1.0,False,1.0,False,0.9957506177226078,False,0.0028275341851637078,1.2709766162310867
7,25,27,3,3.1234705228031148,0.9604700854700856,1.0,1.0,False,1.0,False,1.0,False,0.002139776275947752,0.9618294360385146
7,25,28,5,3.1234705228031148,1.6007834757834758,0.24957369947482808,1.0,False,1.0,False,0.9857592345811885,False,0.003515292094379664,1.580123796423659
7,25,29,2,3.1234705228031148,0.6403133903133903,0.7762736999601787,1.0,False,1.0,False,1.0,False,0.0014520183667317958,0.6526822558459422
7,25,30,4,3.1234705228031148,1.2806267806267806,0.5615634740660312,1.0,False,1.0,False,0.9957506177226078,False,0.0028275341851637078,1.2709766162310867
7,25,31,6,3.1234705228031148,1.9209401709401712,0.14049792107858372,1.0,False,1.0,False,0.9857592345811885,False,0.00420305000359562,1.8892709766162312
7,26,27,5,3.1234705228031148,1.6007834757834758,0.24957369947482808,1.0,False,1.0,False,0.9857592345811885,False,0.003515292094379664,1.580123796423659
7,26,28,2,3.1234705228031148,0.6403133903133903,0.7762736999601787,1.0,False,1.0,False,1.0,False,0.0014520183667317958,0.6526822558459422
7,26,29,1,3.1234705228031148,0.32015669515669515,0.38684745045633295,1.0,False,1.0,False,0.9857592345811885,False,0.0007642604575158399,0.34353507565337005
7,26,30,6,3.1234705228031148,1.9209401709401712,0.14049792107858372,1.0,False,1.0,False,0.9857592345811885,False,0.00420305000359562,1.8892709766162312
7,26,31,5,3.1234705228031148,1.6007834757834758,0.24957369947482808,1.0,False,1.0,False,0.9857592345811885,False,0.003515292094379664,1.580123796423659
7,27,28,2,3.1234705228031148,0.6403133903133903,0.7762736999601787,1.0,False,1.0,False,1.0,False,0.0014520183667317958,0.6526822558459422
7,27,29,6,3.1234705228031148,1.9209401709401712,0.14049792107858372,1.0,False,1.0,False,0.9857592345811885,False,0.00420305000359562,1.8892709766162312
7,27,30,0,3.1234705228031148,0.0,0.08379148704798318,1.0,False,1.0,False,0.9857592345811885,False,7.650254829988387e-05,0.0343878954607978
7,27,31,7,3.1234705228031148,2.241096866096866,0.03994014992889243,1.0,False,1.0,False,0.9857592345811885,False,0.004890807912811576,2.1984181568088035
7,28,29,3,3.1234705228031148,0.9604700854700856,1.0,1.0,False,1.0,False,1.0,False,0.002139776275947752,0.9618294360385146
7,28,30,2,3.1234705228031148,0.6403133903133903,0.7762736999601787,1.0,False,1.0,False,1.0,False,0.0014520183667317958,0.6526822558459422
7,28,31,2,3.1234705228031148,0.6403133903133903,0.7762736999601787,1.0,False,1.0,False,1.0,False,0.0014520183667317958,0.6526822558459422
7,29,30,1,3.1234705228031148,0.32015669515669515,0.38684745045633295,1.0,False,1.0,False,0.9857592345811885,False,0.0007642604575158399,0.34353507565337005
7,29,31,1,3.1234705228031148,0.32015669515669515,0.38684745045633295,1.0,False,1.0,False,0.9857592345811885,False,0.0007642604575158399,0.34353507565337005
7,30,31,4,3.1234705228031148,1.2806267806267806,0.5615634740660312,1.0,False,1.0,False,0.9957506177226078,False,0.0028275341851637078,1.2709766162310867
8,9,10,3,3.1234705228031148,0.9604700854700856,1.0,1.0,False,1.0,False,1.0,False,0.002139776275947752,0.9618294360385146
8,9,11,5,3.1234705228031148,1.6007834757834758,0.24957369947482808,1.0,False,1.0,False,0.9857592345811885,False,0.003515292094379664,1.580123796423659
8,9,12,3,3.1234705228031148,0.9604700854700856,1.0,1.0,False,1.0,False,1.0,False,0.002139776275947752,0.9618294360385146
8,9,13,4,3.1234705228031148,1.2806267806267806,0.5615634740660312,1.0,False,1.0,False,0.9957506177226078,False,0.0028275341851637078,1.2709766162310867
8,9,14,5,3.1234705228031148,1.6007834757834758,0.24957369947482808,1.0,False,1.0,False,0.9857592345811885,False,0.003515292094379664,1.580123796423659
8,9,15,4,3.1234705228031148,1.2806267806267806,0.5615634740660312,1.0,False,1.0,False,0.9957506177226078,False,0.0028275341851637078,1.2709766162310867
8,9,16,2,3.1234705228031148,0.6403133903133903,0.7762736999601787,1.0,False,1.0,False,1.0,False,0.0014520183667317958,0.6526822558459422
8,9,17,3,3.1234705228031148,0.9604700854700856,1.0,1.0,False,1.0,False,1.0,False,0.002139776275947752,0.9618294360385146
8,9,18,3,3.1234705228031148,0.9604700854700856,1.0,1.0,False,1.0,False,1.0,False,0.002139776275947752,0.9618294360385146
8,9,19,2,3.1234705228031148,0.6403133903133903,0.7762736999601787,1.0,False,1.0,False,1.0,False,0.0014520183667317958,0.6526822558459422
8,9,20,2,3.1234705228031148,0.6403133903133903,0.7762736999601787,1.0,False,1.0,False,1.0,False,0.0014520183667317958,0.6526822558459422
8,9,21,4,3.1234705228031148,1.2806267806267806,0.5615634740660312,1.0,False,1.0,False,0.9957506177226078,False,0.0028275341851637078,1.2709766162310867
8,9,22,1,3.1234705228031148,0.32015669515669515,0.38684745045633295,1.0,False,1.0,False,0.9857592345811885,False,0.0007642604575158399,0.34353507565337005
8,9,23,1,3.1234705228031148,0.32015669515669515,0.38684745045633295,1.0,False,1.0,False,0.9857592345811885,False,0.0007642604575158399,0.34353507565337005
8,9,24,3,3.1234705228031148,0.9604700854700856,1.0,1.0,False,1.0,False,1.0,False,0.002139776275947752,0.9618294360385146
8,9,25,3,3.1234705228031148,0.9604700854700856,1.0,1.0,False,1.0,False,1.0,False,0.002139776275947752,0.9618294360385146
8,9,26,4,3.1234705228031148,1.2806267806267806,0.5615634740660312,1.0,False,1.0,False,0.9957506177226078,False,0.0028275341851637078,1.2709766162310867
8,9,27,4,3.1234705228031148,1.2806267806267806,0.5615634740660312,1.0,False,1.0,False,0.9957506177226078,False,0.0028275341851637078,1.2709766162310867
8,9,28,1,3.1234705228031148,0.32015669515669515,0.38684745045633295,1.0,False,1.0,False,0.9857592345811885,False,0.0007642604575158399,0.34353507565337005
8,9,29,5,3.1234705228031148,1.6007834757834758,0.24957369947482808,1.0,False,1.0,False,0.9857592345811885,False,0.003515292094379664,1.580123796423659
8,9,30,7,3.1234705228031148,2.241096866096866,0.03994014992889243,1.0,False,1.0,False,0.9857592345811885,False,0.004890807912811576,2.1984181568088035
8,9,31,6,3.1234705228031148,1.9209401709401712,0.14049792107858372,1.0,False,1.0,False,0.9857592345811885,False,0.00420305000359562,1.8892709766162312
8,10,11,3,3.1234705228031148,0.9604700854700856,1.0,1.0,False,1.0,False,1.0,False,0.002139776275947752,0.9618294360385146
8,10,12,3,3.1234705228031148,0.9604700854700856,1.0,1.0,False,1.0,False,1.0,False,0.002139776275947752,0.9618294360385146
8,10,13,4,3.1234705228031148,1.2806267806267806,0.5615634740660312,1.0,False,1.0,False,0.9957506177226078,False,0.0028275341851637078,1.2709766162310867
8,10,14,3,3.1234705228031148,0.9604700854700856,1.0,1.0,False,1.0,False,1.0,False,0.002139776275947752,0.9618294360385146
8,10,15,2,3.1234705228031148,0.6403133903133903,0.7762736999601787,1.0,False,1.0,False,1.0,False,0.0014520183667317958,0.6526822558459422
8,10,16,2,3.1234705228031148,0.6403133903133903,0.7762736999601787,1.0,False,1.0,False,1.0,False,0.0014520183667317958,0.6526822558459422
8,10,17,2,3.1234705228031148,0.6403133903133903,0.7762736999601787,1.0,False,1.0,False,1.0,False,0.0014520183667317958,0.6526822558459422
8,10,18,0,3.1234705228031148,0.0,0.08379148704798318,1.0,False,1.0,False,0.9857592345811885,False,7.650254829988387e-05,0.0343878954607978
8,10,19,0,3.1234705228031148,0.0,0.08379148704798318,1.0,False,1.0,False,0.9857592345811885,False,7.650254829988387e-05,0.0343878954607978
8,10,20,6,3.1234705228031148,1.9209401709401712,0.14049792107858372,1.0,False,1.0,False,0.9857592345811885,False,0.00420305000359562,1.8892709766162312
8,10,21,3,3.1234705228031148,0.9604700854700856,1.0,1.0,False,1.0,False,1.0,False,0.002139776275947752,0.9618294360385146
8,10,22,3,3.1234705228031148,0.9604700854700856,1.0,1.0,False,1.0,False,1.0,False,0.002139776275947752,0.9618294360385146
8,10,23,5,3.1234705228031148,1.6007834757834758,0.24957369947482808,1.0,False,1.0,False,0.9857592345811885,False,0.003515292094379664,1.580123796423659
8,10,24,3,3.1234705228031148,0.9604700854700856,1.0,1.0,False,1.0,False,1.0,False,0.002139776275947752,0.9618294360385146
8,10,25,2,3.1234705228031148,0.6403133903133903,0.7762736999601787,1.0,False,1.0,False,1.0,False,0.0014520183667317958,0.6526822558459422
8,10,26,0,3.1234705228031148,0.0,0.08379148704798318,1.0,False,1.0,False,0.9857592345811885,False,7.650254829988387e-05,0.0343878954607978
8,10,27,1,3.1234705228031148,0.32015669515669515,0.38684745045633295,1.0,False,1.0,False,0.9857592345811885,False,0.0007642604575158399,0.34353507565337005
8,10,28,5,3.1234705228031148,1.6007834757834758,0.24957369947482808,1.0,False,1.0,False,0.9857592345811885,False,0.003515292094379664,1.580123796423659
8,10,29,3,3.1234705228031148,0.9604700854700856,1.0,1.0,False,1.0,False,1.0,False,0.002139776275947752,0.9618294360385146
8,10,30,3,3.1234705228031148,0.9604700854700856,1.0,1.0,False,1.0,False,1.0,False,0.002139776275947752,0.9618294360385146
8,10,31,6,3.1234705228031148,1.9209401709401712,0.14049792107858372,1.0,False,1.0,False,0.9857592345811885,False,0.00420305000359562,1.8892709766162312
8,11,12,1,3.1234705228031148,0.32015669515669515,0.38684745045633295,1.0,False,1.0,False,0.9857592345811885,False,0.0007642604575158399,0.34353507565337005
8,11,13,4,3.1234705228031148,1.2806267806267806,0.5615634740660312,1.0,False,1.0,False,0.9957506177226078,False,0.0028275341851637078,1.2709766162310867
8,11,14,4,3.1234705228031148,1.2806267806267806,0.5615634740660312,1.0,False,1.0,False,0.9957506177226078,False,0.0028275341851637078,1.2709766162310867
8,11,15,5,3.1234705228031148,1.6007834757834758,0.24957369947482808,1.0,False,1.0,False,0.9857592345811885,False,0.003515292094379664,1.580123796423659
8,11,16,3,3.1234705228031148,0.9604700854700856,1.0,1.0,False,1.0,False,1.0,False,0.002139776275947752,0.9618294360385146
8,11,17,2,3.1234705228031148,0.6403133903133903,0.7762736999601787,1.0,False,1.0,False,1.0,False,0.0014520183667317958,0.6526822558459422
8,11,18,2,3.1234705228031148,0.6403133903133903,0.7762736999601787,1.0,False,1.0,False,1.0,False,0.0014520183667317958,0.6526822558459422
8,11,19,3,3.1234705228031148,0.9604700854700856,1.0,1.0,False,1.0,False,1.0,False,0.002139776275947752,0.9618294360385146
8,11,20,4,3.1234705228031148,1.2806267806267806,0.5615634740660312,1.0,False,1.0,False,0.9957506177226078,False,0.0028275341851637078,1.2709766162310867
8,11,21,1,3.1234705228031148,0.32015669515669515,0.38684745045633295,1.0,False,1.0,False,0.9857592345811885,False,0.0007642604575158399,0.34353507565337005
8,11,22,2,3.1234705228031148,0.6403133903133903,0.7762736999601787,1.0,False,1.0,False,1.0,False,0.0014520183667317958,0.6526822558459422
8,11,23,3,3.1234705228031148,0.9604700854700856,1.0,1.0,False,1.0,False,1.0,False,0.002139776275947752,0.9618294360385146
8,11,24,1,3.1234705228031148,0.32015669515669515,0.38684745045633295,1.0,False,1.0,False,0.9857592345811885,False,0.0007642604575158399,0.34353507565337005
8,11,25,1,3.1234705228031148,0.32015669515669515,0.38684745045633295,1.0,False,1.0,False,0.9857592345811885,False,0.0007642604575158399,0.34353507565337005
8,11,26,3,3.1234705228031148,0.9604700854700856,1.0,1.0,False,1.0,False,1.0,False,0.002139776275947752,0.9618294360385146
8,11,27,1,3.1234705228031148,0.32015669515669515,0.38684745045633295,1.0,False,1.0,False,0.9857592345811885,False,0.0007642604575158399,0.34353507565337005
8,11,28,3,3.1234705228031148,0.9604700854700856,1.0,1.0,False,1.0,False,1.0,False,0.002139776275947752,0.9618294360385146
8,11,29,3,3.1234705228031148,0.9604700854700856,1.0,1.0,False,1.0,False,1.0,False,0.002139776275947752,0.9618294360385146
8,11,30,5,3.1234705228031148,1.6007834757834758,0.24957369947482808,1.0,False,1.0,False,0.9857592345811885,False,0.003515292094379664,1.580123796423659
8,11,31,5,3.1234705228031148,1.6007834757834758,0.24957369947482808,1.0,False,1.0,False,0.9857592345811885,False,0.003515292094379664,1.580123796423659
8,12,13,3,3.1234705228031148,0.9604700854700856,1.0,1.0,False,1.0,False,1.0,False,0.002139776275947752,0.9618294360385146
8,12,14,4,3.1234705228031148,1.2806267806267806,0.5615634740660312,1.0,False,1.0,False,0.9957506177226078,False,0.0028275341851637078,1.2709766162310867
8,12,15,1,3.1234705228031148,0.32015669515669515,0.38684745045633295,1.0,False,1.0,False,0.9857592345811885,False,0.0007642604575158399,0.34353507565337005
8,12,16,3,3.1234705228031148,0.9604700854700856,1.0,1.0,False,1.0,False,1.0,False,0.002139776275947752,0.9618294360385146
8,12,17,3,3.1234705228031148,0.9604700854700856,1.0,1.0,False,1.0,False,1.0,False,0.002139776275947752,0.9618294360385146
8,12,18,3,3.1234705228031148,0.9604700854700856,1.0,1.0,False,1.0,False,1.0,False,0.002139776275947752,0.9618294360385146
8,12,19,6,3.1234705228031148,1.9209401709401712,0.14049792107858372,1.0,False,1.0,False,0.9857592345811885,False,0.00420305000359562,1.8892709766162312
8,12,20,3,3.1234705228031148,0.9604700854700856,1.0,1.0,False,1.0,False,1.0,False,0.002139776275947752,0.9618294360385146
8,12,21,3,3.1234705228031148,0.9604700854700856,1.0,1.0,False,1.0,False,1.0,False,0.002139776275947752,0.9618294360385146
8,12,22,4,3.1234705228031148,1.2806267806267806,0.5615634740660312,1.0,False,1.0,False,0.9957506177226078,False,0.0028275341851637078,1.2709766162310867
8,12,23,2,3.1234705228031148,0.6403133903133903,0.7762736999601787,1.0,False,1.0,False,1.0,False,0.0014520183667317958,0.6526822558459422
8,12,24,4,3.1234705228031148,1.2806267806267806,0.5615634740660312,1.0,False,1.0,False,0.9957506177226078,False,0.0028275341851637078,1.2709766162310867
8,12,25,2,3.1234705228031148,0.6403133903133903,0.7762736999601787,1.0,False,1.0,False,1.0,False,0.0014520183667317958,0.6526822558459422
8,12,26,3,3.1234705228031148,0.9604700854700856,1.0,1.0,False,1.0,False,1.0,False,0.002139776275947752,0.9618294360385146
8,12,27,5,3.1234705228031148,1.6007834757834758,0.24957369947482808,1.0,False,1.0,False,0.9857592345811885,False,0.003515292094379664,1.580123796423659
8,12,28,4,3.1234705228031148,1.2806267806267806,0.5615634740660312,1.0,False,1.0,False,0.9957506177226078,False,0.0028275341851637078,1.2709766162310867
8,12,29,2,3.1234705228031148,0.6403133903133903,0.7762736999601787,1.0,False,1.0,False,1.0,False,0.0014520183667317958,0.6526822558459422
8,12,30,2,3.1234705228031148,0.6403133903133903,0.7762736999601787,1.0,False,1.0,False,1.0,False,0.0014520183667317958,0.6526822558459422
8,12,31,3,3.1234705228031148,0.9604700854700856,1.0,1.0,False,1.0,False,1.0,False,0.002139776275947752,0.9618294360385146
8,13,14,1,3.1234705228031148,0.32015669515669515,0.38684745045633295,1.0,False,1.0,False,0.9857592345811885,False,0.0007642604575158399,0.34353507565337005
8,13,15,3,3.1234705228031148,0.9604700854700856,1.0,1.0,False,1.0,False,1.0,False,0.002139776275947752,0.9618294360385146
8,13,16,1,3.1234705228031148,0.32015669515669515,0.38684745045633295,1.0,False,1.0,False,0.9857592345811885,False,0.0007642604575158399,0.34353507565337005
8,13,17,0,3.1234705228031148,0.0,0.08379148704798318,1.0,False,1.0,False,0.9857592345811885,False,7.650254829988387e-05,0.0343878954607978
8,13,18,1,3.1234705228031148,0.32015669515669515,0.38684745045633295,1.0,False,1.0,False,0.9857592345811885,False,0.0007642604575158399,0.34353507565337005
8,13,19,3,3.1234705228031148,0.9604700854700856,1.0,1.0,False,1.0,False,1.0,False,0.002139776275947752,0.9618294360385146
8,13,20,3,3.1234705228031148,0.9604700854700856,1.0,1.0,False,1.0,False,1.0,False,0.002139776275947752,0.9618294360385146
8,13,21,4,3.1234705228031148,1.2806267806267806,0.5615634740660312,1.0,False,1.0,False,0.9957506177226078,False,0.0028275341851637078,1.2709766162310867
8,13,22,1,3.1234705228031148,0.32015669515669515,0.38684745045633295,1.0,False,1.0,False,0.9857592345811885,False,0.0007642604575158399,0.34353507565337005
8,13,23,0,3.1234705228031148,0.0,0.08379148704798318,1.0,False,1.0,False,0.9857592345811885,False,7.650254829988387e-05,0.0343878954607978
8,13,24,6,3.1234705228031148,1.9209401709401712,0.14049792107858372,1.0,False,1.0,False,0.9857592345811885,False,0.00420305000359562,1.8892709766162312
8,13,25,2,3.1234705228031148,0.6403133903133903,0.7762736999601787,1.0,False,1.0,False,1.0,False,0.0014520183667317958,0.6526822558459422
8,13,26,3,3.1234705228031148,0.9604700854700856,1.0,1.0,False,1.0,False,1.0,False,0.002139776275947752,0.9618294360385146
8,13,27,5,3.1234705228031148,1.6007834757834758,0.24957369947482808,1.0,False,1.0,False,0.9857592345811885,False,0.003515292094379664,1.580123796423659
8,13,28,2,3.1234705228031148,0.6403133903133903,0.7762736999601787,1.0,False,1.0,False,1.0,False,0.0014520183667317958,0.6526822558459422
8,13,29,2,3.1234705228031148,0.6403133903133903,0.7762736999601787,1.0,False,1.0,False,1.0,False,0.0014520183667317958,0.6526822558459422
8,13,30,2,3.1234705228031148,0.6403133903133903,0.7762736999601787,1.0,False,1.0,False,1.0,False,0.0014520183667317958,0.6526822558459422
8,13,31,1,3.1234705228031148,0.32015669515669515,0.38684745045633295,1.0,False,1.0,False,0.9857592345811885,False,0.0007642604575158399,0.34353507565337005
8,14,15,3,3.1234705228031148,0.9604700854700856,1.0,1.0,False,1.0,False,1.0,False,0.002139776275947752,0.9618294360385146
8,14,16,3,3.1234705228031148,0.9604700854700856,1.0,1.0,False,1.0,False,1.0,False,0.002139776275947752,0.9618294360385146
8,14,17,5,3.1234705228031148,1.6007834757834758,0.24957369947482808,1.0,False,1.0,False,0.9857592345811885,False,0.003515292094379664,1.580123796423659
8,14,18,3,3.1234705228031148,0.9604700854700856,1.0,1.0,False,1.0,False,1.0,False,0.002139776275947752,0.9618294360385146
8,14,19,6,3.1234705228031148,1.9209401709401712,0.14049792107858372,1.0,False,1.0,False,0.9857592345811885,False,0.00420305000359562,1.8892709766162312
8,14,20,1,3.1234705228031148,0.32015669515669515,0.38684745045633295,1.0,False,1.0,False,0.9857592345811885,False,0.0007642604575158399,0.34353507565337005
8,14,21,3,3.1234705228031148,0.9604700854700856,1.0,1.0,False,1.0,False,1.0,False,0.002139776275947752,0.9618294360385146
8,14,22,4,3.1234705228031148,1.2806267806267806,0.5615634740660312,1.0,False,1.0,False,0.9957506177226078,False,0.0028275341851637078,1.2709766162310867
8,14,23,3,3.1234705228031148,0.9604700854700856,1.0,1.0,False,1.0,False,1.0,False,0.002139776275947752,0.9618294360385146
8,14,24,5,3.1234705228031148,1.6007834757834758,0.24957369947482808,1.0,False,1.0,False,0.9857592345811885,False,0.003515292094379664,1.580123796423659
8,14,25,6,3.1234705228031148,1.9209401709401712,0.14049792107858372,1.0,False,1.0,False,0.9857592345811885,False,0.00420305000359562,1.8892709766162312
8,14,26,6,3.1234705228031148,1.9209401709401712,0.14049792107858372,1.0,False,1.0,False,0.9857592345811885,False,0.00420305000359562,1.8892709766162312
8,14,27,2,3.1234705228031148,0.6403133903133903,0.7762736999601787,1.0,False,1.0,False,1.0,False,0.0014520183667317958,0.6526822558459422
8,14,28,4,3.1234705228031148,1.2806267806267806,0.5615634740660312,1.0,False,1.0,False,0.9957506177226078,False,0.0028275341851637078,1.2709766162310867
8,14,29,4,3.1234705228031148,1.2806267806267806,0.5615634740660312,1.0,False,1.0,False,0.9957506177226078,False,0.0028275341851637078,1.2709766162310867
8,14,30,3,3.1234705228031148,0.9604700854700856,1.0,1.0,False,1.0,False,1.0,False,0.002139776275947752,0.9618294360385146
8,14,31,2,3.1234705228031148,0.6403133903133903,0.7762736999601787,1.0,False,1.0,False,1.0,False,0.0014520183667317958,0.6526822558459422
8,15,16,1,3.1234705228031148,0.32015669515669515,0.38684745045633295,1.0,False,1.0,False,0.9857592345811885,False,0.0007642604575158399,0.34353507565337005
8,15,17,0,3.1234705228031148,0.0,0.08379148704798318,1.0,False,1.0,False,0.9857592345811885,False,7.650254829988387e-05,0.0343878954607978
8,15,18,2,3.1234705228031148,0.6403133903133903,0.7762736999601787,1.0,False,1.0,False,1.0,False,0.0014520183667317958,0.6526822558459422
8,15,19,2,3.1234705228031148,0.6403133903133903,0.7762736999601787,1.0,False,1.0,False,1.0,False,0.0014520183667317958,0.6526822558459422
8,15,20,1,3.1234705228031148,0.32015669515669515,0.38684745045633295,1.0,False,1.0,False,0.9857592345811885,False,0.0007642604575158399,0.34353507565337005
8,15,21,3,3.1234705228031148,0.9604700854700856,1.0,1.0,False,1.0,False,1.0,False,0.002139776275947752,0.9618294360385146
8,15,22,2,3.1234705228031148,0.6403133903133903,0.7762736999601787,1.0,False,1.0,False,1.0,False,0.0014520183667317958,0.6526822558459422
8,15,23,0,3.1234705228031148,0.0,0.08379148704798318,1.0,False,1.0,False,0.9857592345811885,False,7.650254829988387e-05,0.0343878954607978
8,15,24,2,3.1234705228031148,0.6403133903133903,0.7762736999601787,1.0,False,1.0,False,1.0,False,0.0014520183667317958,0.6526822558459422
8,15,25,3,3.1234705228031148,0.9604700854700856,1.0,1.0,False,1.0,False,1.0,False,0.002139776275947752,0.9618294360385146
8,15,26,4,3.1234705228031148,1.2806267806267806,0.5615634740660312,1.0,False,1.0,False,0.9957506177226078,False,0.0028275341851637078,1.2709766162310867
8,15,27,0,3.1234705228031148,0.0,0.08379148704798318,1.0,False,1.0,False,0.9857592345811885,False,7.650254829988387e-05,0.0343878954607978
8,15,28,2,3.1234705228031148,0.6403133903133903,0.7762736999601787,1.0,False,1.0,False,1.0,False,0.0014520183667317958,0.6526822558459422
8,15,29,0,3.1234705228031148,0.0,0.08379148704798318,1.0,False,1.0,False,0.9857592345811885,False,7.650254829988387e-05,0.0343878954607978
8,15,30,0,3.1234705228031148,0.0,0.08379148704798318,1.0,False,1.0,False,0.9857592345811885,False,7.650254829988387e-05,0.0343878954607978
8,15,31,5,3.1234705228031148,1.6007834757834758,0.24957369947482808,1.0,False,1.0,False,0.9857592345811885,False,0.003515292094379664,1.580123796423659
8,16,17,2,3.1234705228031148,0.6403133903133903,0.7762736999601787,1.0,False,1.0,False,1.0,False,0.0014520183667317958,0.6526822558459422
8,16,18,2,3.1234705228031148,0.6403133903133903,0.7762736999601787,1.0,False,1.0,False,1.0,False,0.0014520183667317958,0.6526822558459422
8,16,19,0,3.1234705228031148,0.0,0.08379148704798318,1.0,False,1.0,False,0.9857592345811885,False,7.650254829988387e-05,0.0343878954607978
8,16,20,2,3.1234705228031148,0.6403133903133903,0.7762736999601787,1.0,False,1.0,False,1.0,False,0.0014520183667317958,0.6526822558459422
8,16,21,2,3.1234705228031148,0.6403133903133903,0.7762736999601787,1.0,False,1.0,False,1.0,False,0.0014520183667317958,0.6526822558459422
8,16,22,4,3.1234705228031148,1.2806267806267806,0.5615634740660312,1.0,False,1.0,False,0.9957506177226078,False,0.0028275341851637078,1.2709766162310867
8,16,23,1,3.1234705228031148,0.32015669515669515,0.38684745045633295,1.0,False,1.0,False,0.9857592345811885,False,0.0007642604575158399,0.34353507565337005
8,16,24,2,3.1234705228031148,0.6403133903133903,0.7762736999601787,1.0,False,1.0,False,1.0,False,0.0014520183667317958,0.6526822558459422
8,16,25,2,3.1234705228031148,0.6403133903133903,0.7762736999601787,1.0,False,1.0,False,1.0,False,0.0014520183667317958,0.6526822558459422
8,16,26,2,3.1234705228031148,0.6403133903133903,0.7762736999601787,1.0,False,1.0,False,1.0,False,0.0014520183667317958,0.6526822558459422
8,16,27,2,3.1234705228031148,0.6403133903133903,0.7762736999601787,1.0,False,1.0,False,1.0,False,0.0014520183667317958,0.6526822558459422
8,16,28,4,3.1234705228031148,1.2806267806267806,0.5615634740660312,1.0,False,1.0,False,0.9957506177226078,False,0.0028275341851637078,1.2709766162310867
8,16,29,1,3.1234705228031148,0.32015669515669515,0.38684745045633295,1.0,False,1.0,False,0.9857592345811885,False,0.0007642604575158399,0.34353507565337005
8,16,30,3,3.1234705228031148,0.9604700854700856,1.0,1.0,False,1.0,False,1.0,False,0.002139776275947752,0.9618294360385146
8,16,31,5,3.1234705228031148,1.6007834757834758,0.24957369947482808,1.0,False,1.0,False,0.9857592345811885,False,0.003515292094379664,1.580123796423659
8,17,18,2,3.1234705228031148,0.6403133903133903,0.7762736999601787,1.0,False,1.0,False,1.0,False,0.0014520183667317958,0.6526822558459422
8,17,19,6,3.1234705228031148,1.9209401709401712,0.14049792107858372,1.0,False,1.0,False,0.9857592345811885,False,0.00420305000359562,1.8892709766162312
8,17,20,1,3.1234705228031148,0.32015669515669515,0.38684745045633295,1.0,False,1.0,False,0.9857592345811885,False,0.0007642604575158399,0.34353507565337005
8,17,21,2,3.1234705228031148,0.6403133903133903,0.7762736999601787,1.0,False,1.0,False,1.0,False,0.0014520183667317958,0.6526822558459422
8,17,22,2,3.1234705228031148,0.6403133903133903,0.7762736999601787,1.0,False,1.0,False,1.0,False,0.0014520183667317958,0.6526822558459422
8,17,23,7,3.1234705228031148,2.241096866096866,0.03994014992889243,1.0,False,1.0,False,0.9857592345811885,False,0.004890807912811576,2.1984181568088035
8,17,24,4,3.1234705228031148,1.2806267806267806,0.5615634740660312,1.0,False,1.0,False,0.9957506177226078,False,0.0028275341851637078,1.2709766162310867
8,17,25,0,3.1234705228031148,0.0,0.08379148704798318,1.0,False,1.0,False,0.9857592345811885,False,7.650254829988387e-05,0.0343878954607978
8,17,26,3,3.1234705228031148,0.9604700854700856,1.0,1.0,False,1.0,False,1.0,False,0.002139776275947752,0.9618294360385146
8,17,27,2,3.1234705228031148,0.6403133903133903,0.7762736999601787,1.0,False,1.0,False,1.0,False,0.0014520183667317958,0.6526822558459422
8,17,28,4,3.1234705228031148,1.2806267806267806,0.5615634740660312,1.0,False,1.0,False,0.9957506177226078,False,0.0028275341851637078,1.2709766162310867
8,17,29,3,3.1234705228031148,0.9604700854700856,1.0,1.0,False,1.0,False,1.0,False,0.002139776275947752,0.9618294360385146
8,17,30,2,3.1234705228031148,0.6403133903133903,0.7762736999601787,1.0,False,1.0,False,1.0,False,0.0014520183667317958,0.6526822558459422
8,17,31,1,3.1234705228031148,0.32015669515669515,0.38684745045633295,1.0,False,1.0,False,0.9857592345811885,False,0.0007642604575158399,0.34353507565337005
8,18,19,2,3.1234705228031148,0.6403133903133903,0.7762736999601787,1.0,False,1.0,False,1.0,False,0.0014520183667317958,0.6526822558459422
8,18,20,2,3.1234705228031148,0.6403133903133903,0.7762736999601787,1.0,False,1.0,False,1.0,False,0.0014520183667317958,0.6526822558459422
8,18,21,5,3.1234705228031148,1.6007834757834758,0.24957369947482808,1.0,False,1.0,False,0.9857592345811885,False,0.003515292094379664,1.580123796423659
8,18,22,4,3.1234705228031148,1.2806267806267806,0.5615634740660312,1.0,False,1.0,False,0.9957506177226078,False,0.0028275341851637078,1.2709766162310867
8,18,23,2,3.1234705228031148,0.6403133903133903,0.7762736999601787,1.0,False,1.0,False,1.0,False,0.0014520183667317958,0.6526822558459422
8,18,24,5,3.1234705228031148,1.6007834757834758,0.24957369947482808,1.0,False,1.0,False,0.9857592345811885,False,0.003515292094379664,1.580123796423659
8,18,25,1,3.1234705228031148,0.32015669515669515,0.38684745045633295,1.0,False,1.0,False,0.9857592345811885,False,0.0007642604575158399,0.34353507565337005
8,18,26,1,3.1234705228031148,0.32015669515669515,0.38684745045633295,1.0,False,1.0,False,0.9857592345811885,False,0.0007642604575158399,0.34353507565337005
8,18,27,1,3.1234705228031148,0.32015669515669515,0.38684745045633295,1.0,False,1.0,False,0.9857592345811885,False,0.0007642604575158399,0.34353507565337005
8,18,28,3,3.1234705228031148,0.9604700854700856,1.0,1.0,False,1.0,False,1.0,False,0.002139776275947752,0.9618294360385146
8,18,29,2,3.1234705228031148,0.6403133903133903,0.7762736999601787,1.0,False,1.0,False,1.0,False,0.0014520183667317958,0.6526822558459422
8,18,30,3,3.1234705228031148,0.9604700854700856,1.0,1.0,False,1.0,False,1.0,False,0.002139776275947752,0.9618294360385146
8,18,31,3,3.1234705228031148,0.9604700854700856,1.0,1.0,False,1.0,False,1.0,False,0.002139776275947752,0.9618294360385146
8,19,20,0,3.1234705228031148,0.0,0.08379148704798318,1.0,False,1.0,False,0.9857592345811885,False,7.650254829988387e-05,0.0343878954607978
8,19,21,4,3.1234705228031148,1.2806267806267806,0.5615634740660312,1.0,False,1.0,False,0.9957506177226078,False,0.0028275341851637078,1.2709766162310867
8,19,22,6,3.1234705228031148,1.9209401709401712,0.14049792107858372,1.0,False,1.0,False,0.9857592345811885,False,0.00420305000359562,1.8892709766162312
8,19,23,5,3.1234705228031148,1.6007834757834758,0.24957369947482808,1.0,False,1.0,False,0.9857592345811885,False,0.003515292094379664,1.580123796423659
8,19,24,8,3.1234705228031148,2.561253561253561,0.01468912435960452,1.0,False,1.0,False,0.956921941977135,False,0.005578565822027533,2.5075653370013757
8,19,25,4,3.1234705228031148,1.2806267806267806,0.5615634740660312,1.0,False,1.0,False,0.9957506177226078,False,0.0028275341851637078,1.2709766162310867
8,19,26,3,3.1234705228031148,0.9604700854700856,1.0,1.0,False,1.0,False,1.0,False,0.002139776275947752,0.9618294360385146
8,19,27,5,3.1234705228031148,1.6007834757834758,0.24957369947482808,1.0,False,1.0,False,0.9857592345811885,False,0.003515292094379664,1.580123796423659
8,19,28,3,3.1234705228031148,0.9604700854700856,1.0,1.0,False,1.0,False,1.0,False,0.002139776275947752,0.9618294360385146
8,19,29,2,3.1234705228031148,0.6403133903133903,0.7762736999601787,1.0,False,1.0,False,1.0,False,0.0014520183667317958,0.6526822558459422
8,19,30,4,3.1234705228031148,1.2806267806267806,0.5615634740660312,1.0,False,1.0,False,0.9957506177226078,False,0.0028275341851637078,1.2709766162310867
8,19,31,4,3.1234705228031148,1.2806267806267806,0.5615634740660312,1.0,False,1.0,False,0.9957506177226078,False,0.0028275341851637078,1.2709766162310867
8,20,21,5,3.1234705228031148,1.6007834757834758,0.24957369947482808,1.0,False,1.0,False,0.9857592345811885,False,0.003515292094379664,1.580123796423659
8,20,22,5,3.1234705228031148,1.6007834757834758,0.24957369947482808,1.0,False,1.0,False,0.9857592345811885,False,0.003515292094379664,1.580123796423659
8,20,23,2,3.1234705228031148,0.6403133903133903,0.7762736999601787,1.0,False,1.0,False,1.0,False,0.0014520183667317958,0.6526822558459422
8,20,24,1,3.1234705228031148,0.32015669515669515,0.38684745045633295,1.0,False,1.0,False,0.9857592345811885,False,0.0007642604575158399,0.34353507565337005
8,20,25,4,3.1234705228031148,1.2806267806267806,0.5615634740660312,1.0,False,1.0,False,0.9957506177226078,False,0.0028275341851637078,1.2709766162310867
8,20,26,4,3.1234705228031148,1.2806267806267806,0.5615634740660312,1.0,False,1.0,False,0.9957506177226078,False,0.0028275341851637078,1.2709766162310867
8,20,27,3,3.1234705228031148,0.9604700854700856,1.0,1.0,False,1.0,False,1.0,False,0.002139776275947752,0.9618294360385146
8,20,28,4,3.1234705228031148,1.2806267806267806,0.5615634740660312,1.0,False,1.0,False,0.9957506177226078,False,0.0028275341851637078,1.2709766162310867
8,20,29,2,3.1234705228031148,0.6403133903133903,0.7762736999601787,1.0,False,1.0,False,1.0,False,0.0014520183667317958,0.6526822558459422
8,20,30,1,3.1234705228031148,0.32015669515669515,0.38684745045633295,1.0,False,1.0,False,0.9857592345811885,False,0.0007642604575158399,0.34353507565337005
8,20,31,4,3.1234705228031148,1.2806267806267806,0.5615634740660312,1.0,False,1.0,False,0.9957506177226078,False,0.0028275341851637078,1.2709766162310867
8,21,22,5,3.1234705228031148,1.6007834757834758,0.24957369947482808,1.0,False,1.0,False,0.9857592345811885,False,0.003515292094379664,1.580123796423659
8,21,23,7,3.1234705228031148,2.241096866096866,0.03994014992889243,1.0,False,1.0,False,0.9857592345811885,False,0.004890807912811576,2.1984181568088035
8,21,24,3,3.1234705228031148,0.9604700854700856,1.0,1.0,False,1.0,False,1.0,False,0.002139776275947752,0.9618294360385146
8,21,25,3,3.1234705228031148,0.9604700854700856,1.0,1.0,False,1.0,False,1.0,False,0.002139776275947752,0.9618294360385146
8,21,26,4,3.1234705228031148,1.2806267806267806,0.5615634740660312,1.0,False,1.0,False,0.9957506177226078,False,0.0028275341851637078,1.2709766162310867
8,21,27,4,3.1234705228031148,1.2806267806267806,0.5615634740660312,1.0,False,1.0,False,0.9957506177226078,False,0.0028275341851637078,1.2709766162310867
8,21,28,3,3.1234705228031148,0.9604700854700856,1.0,1.0,False,1.0,False,1.0,False,0.002139776275947752,0.9618294360385146
8,21,29,5,3.1234705228031148,1.6007834757834758,0.24957369947482808,1.0,False,1.0,False,0.9857592345811885,False,0.003515292094379664,1.580123796423659
8,21,30,5,3.1234705228031148,1.6007834757834758,0.24957369947482808,1.0,False,1.0,False,0.9857592345811885,False,0.003515292094379664,1.580123796423659
8,21,31,4,3.1234705228031148,1.2806267806267806,0.5615634740660312,1.0,False,1.0,False,0.9957506177226078,False,0.0028275341851637078,1.2709766162310867
8,22,23,2,3.1234705228031148,0.6403133903133903,0.7762736999601787,1.0,False,1.0,False,1.0,False,0.0014520183667317958,0.6526822558459422
8,22,24,5,3.1234705228031148,1.6007834757834758,0.24957369947482808,1.0,False,1.0,False,0.9857592345811885,False,0.003515292094379664,1.580123796423659
8,22,25,1,3.1234705228031148,0.32015669515669515,0.38684745045633295,1.0,False,1.0,False,0.9857592345811885,False,0.0007642604575158399,0.34353507565337005
8,22,26,2,3.1234705228031148,0.6403133903133903,0.7762736999601787,1.0,False,1.0,False,1.0,False,0.0014520183667317958,0.6526822558459422
8,22,27,6,3.1234705228031148,1.9209401709401712,0.14049792107858372,1.0,False,1.0,False,0.9857592345811885,False,0.00420305000359562,1.8892709766162312
8,22,28,6,3.1234705228031148,1.9209401709401712,0.14049792107858372,1.0,False,1.0,False,0.9857592345811885,False,0.00420305000359562,1.8892709766162312
8,22,29,2,3.1234705228031148,0.6403133903133903,0.7762736999601787,1.0,False,1.0,False,1.0,False,0.0014520183667317958,0.6526822558459422
8,22,30,0,3.1234705228031148,0.0,0.08379148704798318,1.0,False,1.0,False,0.9857592345811885,False,7.650254829988387e-05,0.0343878954607978
8,22,31,2,3.1234705228031148,0.6403133903133903,0.7762736999601787,1.0,False,1.0,False,1.0,False,0.0014520183667317958,0.6526822558459422
8,23,24,2,3.1234705228031148,0.6403133903133903,0.7762736999601787,1.0,False,1.0,False,1.0,False,0.0014520183667317958,0.6526822558459422
8,23,25,0,3.1234705228031148,0.0,0.08379148704798318,1.0,False,1.0,False,0.9857592345811885,False,7.650254829988387e-05,0.0343878954607978
8,23,26,1,3.1234705228031148,0.32015669515669515,0.38684745045633295,1.0,False,1.0,False,0.9857592345811885,False,0.0007642604575158399,0.34353507565337005
8,23,27,5,3.1234705228031148,1.6007834757834758,0.24957369947482808,1.0,False,1.0,False,0.9857592345811885,False,0.003515292094379664,1.580123796423659
8,23,28,3,3.1234705228031148,0.9604700854700856,1.0,1.0,False,1.0,False,1.0,False,0.002139776275947752,0.9618294360385146
8,23,29,3,3.1234705228031148,0.9604700854700856,1.0,1.0,False,1.0,False,1.0,False,0.002139776275947752,0.9618294360385146
8,23,30,4,3.1234705228031148,1.2806267806267806,0.5615634740660312,1.0,False,1.0,False,0.9957506177226078,False,0.0028275341851637078,1.2709766162310867
8,23,31,1,3.1234705228031148,0.32015669515669515,0.38684745045633295,1.0,False,1.0,False,0.9857592345811885,False,0.0007642604575158399,0.34353507565337005
8,24,25,0,3.1234705228031148,0.0,0.08379148704798318,1.0,False,1.0,False,0.9857592345811885,False,7.650254829988387e-05,0.0343878954607978
8,24,26,1,3.1234705228031148,0.32015669515669515,0.38684745045633295,1.0,False,1.0,False,0.9857592345811885,False,0.0007642604575158399,0.34353507565337005
8,24,27,5,3.1234705228031148,1.6007834757834758,0.24957369947482808,1.0,False,1.0,False,0.9857592345811885,False,0.003515292094379664,1.580123796423659
8,24,28,4,3.1234705228031148,1.2806267806267806,0.5615634740660312,1.0,False,1.0,False,0.9957506177226078,False,0.0028275341851637078,1.2709766162310867
8,24,29,3,3.1234705228031148,0.9604700854700856,1.0,1.0,False,1.0,False,1.0,False,0.002139776275947752,0.9618294360385146
8,24,30,6,3.1234705228031148,1.9209401709401712,0.14049792107858372,1.0,False,1.0,False,0.9857592345811885,False,0.00420305000359562,1.8892709766162312
8,24,31,4,3.1234705228031148,1.2806267806267806,0.5615634740660312,1.0,False,1.0,False,0.9957506177226078,False,0.0028275341851637078,1.2709766162310867
8,25,26,4,3.1234705228031148,1.2806267806267806,0.5615634740660312,1.0,False,1.0,False,0.9957506177226078,False,0.0028275341851637078,1.2709766162310867
8,25,27,2,3.1234705228031148,0.6403133903133903,0.7762736999601787,1.0,False,1.0,False,1.0,False,0.0014520183667317958,0.6526822558459422
8,25,28,4,3.1234705228031148,1.2806267806267806,0.5615634740660312,1.0,False,1.0,False,0.9957506177226078,False,0.0028275341851637078,1.2709766162310867
8,25,29,1,3.1234705228031148,0.32015669515669515,0.38684745045633295,1.0,False,1.0,False,0.9857592345811885,False,0.0007642604575158399,0.34353507565337005
8,25,30,1,3.1234705228031148,0.32015669515669515,0.38684745045633295,1.0,False,1.0,False,0.9857592345811885,False,0.0007642604575158399,0.34353507565337005
8,25,31,5,3.1234705228031148,1.6007834757834758,0.24957369947482808,1.0,False,1.0,False,0.9857592345811885,False,0.003515292094379664,1.580123796423659
8,26,27,2,3.1234705228031148,0.6403133903133903,0.7762736999601787,1.0,False,1.0,False,1.0,False,0.0014520183667317958,0.6526822558459422
8,26,28,2,3.1234705228031148,0.6403133903133903,0.7762736999601787,1.0,False,1.0,False,1.0,False,0.0014520183667317958,0.6526822558459422
8,26,29,1,3.1234705228031148,0.32015669515669515,0.38684745045633295,1.0,False,1.0,False,0.9857592345811885,False,0.0007642604575158399,0.34353507565337005
8,26,30,3,3.1234705228031148,0.9604700854700856,1.0,1.0,False,1.0,False,1.0,False,0.002139776275947752,0.9618294360385146
8,26,31,1,3.1234705228031148,0.32015669515669515,0.38684745045633295,1.0,False,1.0,False,0.9857592345811885,False,0.0007642604575158399,0.34353507565337005
8,27,28,2,3.1234705228031148,0.6403133903133903,0.7762736999601787,1.0,False,1.0,False,1.0,False,0.0014520183667317958,0.6526822558459422
8,27,29,5,3.1234705228031148,1.6007834757834758,0.24957369947482808,1.0,False,1.0,False,0.9857592345811885,False,0.003515292094379664,1.580123796423659
8,27,30,4,3.1234705228031148,1.2806267806267806,0.5615634740660312,1.0,False,1.0,False,0.9957506177226078,False,0.0028275341851637078,1.2709766162310867
8,27,31,5,3.1234705228031148,1.6007834757834758,0.24957369947482808,1.0,False,1.0,False,0.9857592345811885,False,0.003515292094379664,1.580123796423659
8,28,29,4,3.1234705228031148,1.2806267806267806,0.5615634740660312,1.0,False,1.0,False,0.9957506177226078,False,0.0028275341851637078,1.2709766162310867
8,28,30,3,3.1234705228031148,0.9604700854700856,1.0,1.0,False,1.0,False,1.0,False,0.002139776275947752,0.9618294360385146
8,28,31,4,3.1234705228031148,1.2806267806267806,0.5615634740660312,1.0,False,1.0,False,0.9957506177226078,False,0.0028275341851637078,1.2709766162310867
8,29,30,2,3.1234705228031148,0.6403133903133903,0.7762736999601787,1.0,False,1.0,False,1.0,False,0.0014520183667317958,0.6526822558459422
8,29,31,2,3.1234705228031148,0.6403133903133903,0.7762736999601787,1.0,False,1.0,False,1.0,False,0.0014520183667317958,0.6526822558459422
8,30,31,4,3.1234705228031148,1.2806267806267806,0.5615634740660312,1.0,False,1.0,False,0.9957506177226078,False,0.0028275341851637078,1.2709766162310867
9,10,11,2,3.1234705228031148,0.6403133903133903,0.7762736999601787,1.0,False,1.0,False,1.0,False,0.0014520183667317958,0.6526822558459422
9,10,12,3,3.1234705228031148,0.9604700854700856,1.0,1.0,False,1.0,False,1.0,False,0.002139776275947752,0.9618294360385146
9,10,13,5,3.1234705228031148,1.6007834757834758,0.24957369947482808,1.0,False,1.0,False,0.9857592345811885,False,0.003515292094379664,1.580123796423659
9,10,14,2,3.1234705228031148,0.6403133903133903,0.7762736999601787,1.0,False,1.0,False,1.0,False,0.0014520183667317958,0.6526822558459422
9,10,15,1,3.1234705228031148,0.32015669515669515,0.38684745045633295,1.0,False,1.0,False,0.9857592345811885,False,0.0007642604575158399,0.34353507565337005
9,10,16,3,3.1234705228031148,0.9604700854700856,1.0,1.0,False,1.0,False,1.0,False,0.002139776275947752,0.9618294360385146
9,10,17,3,3.1234705228031148,0.9604700854700856,1.0,1.0,False,1.0,False,1.0,False,0.002139776275947752,0.9618294360385146
9,10,18,3,3.1234705228031148,0.9604700854700856,1.0,1.0,False,1.0,False,1.0,False,0.002139776275947752,0.9618294360385146
9,10,19,5,3.1234705228031148,1.6007834757834758,0.24957369947482808,1.0,False,1.0,False,0.9857592345811885,False,0.003515292094379664,1.580123796423659
9,10,20,1,3.1234705228031148,0.32015669515669515,0.38684745045633295,1.0,False,1.0,False,0.9857592345811885,False,0.0007642604575158399,0.34353507565337005
9,10,21,6,3.1234705228031148,1.9209401709401712,0.14049792107858372,1.0,False,1.0,False,0.9857592345811885,False,0.00420305000359562,1.8892709766162312
9,10,22,2,3.1234705228031148,0.6403133903133903,0.7762736999601787,1.0,False,1.0,False,1.0,False,0.0014520183667317958,0.6526822558459422
9,10,23,3,3.1234705228031148,0.9604700854700856,1.0,1.0,False,1.0,False,1.0,False,0.002139776275947752,0.9618294360385146
9,10,24,2,3.1234705228031148,0.6403133903133903,0.7762736999601787,1.0,False,1.0,False,1.0,False,0.0014520183667317958,0.6526822558459422
9,10,25,2,3.1234705228031148,0.6403133903133903,0.7762736999601787,1.0,False,1.0,False,1.0,False,0.0014520183667317958,0.6526822558459422
9,10,26,1,3.1234705228031148,0.32015669515669515,0.38684745045633295,1.0,False,1.0,False,0.9857592345811885,False,0.0007642604575158399,0.34353507565337005
9,10,27,4,3.1234705228031148,1.2806267806267806,0.5615634740660312,1.0,False,1.0,False,0.9957506177226078,False,0.0028275341851637078,1.2709766162310867
9,10,28,1,3.1234705228031148,0.32015669515669515,0.38684745045633295,1.0,False,1.0,False,0.9857592345811885,False,0.0007642604575158399,0.34353507565337005
9,10,29,5,3.1234705228031148,1.6007834757834758,0.24957369947482808,1.0,False,1.0,False,0.9857592345811885,False,0.003515292094379664,1.580123796423659
9,10,30,2,3.1234705228031148,0.6403133903133903,0.7762736999601787,1.0,False,1.0,False,1.0,False,0.0014520183667317958,0.6526822558459422
9,10,31,3,3.1234705228031148,0.9604700854700856,1.0,1.0,False,1.0,False,1.0,False,0.002139776275947752,0.9618294360385146
9,11,12,2,3.1234705228031148,0.6403133903133903,0.7762736999601787,1.0,False,1.0,False,1.0,False,0.0014520183667317958,0.6526822558459422
9,11,13,3,3.1234705228031148,0.9604700854700856,1.0,1.0,False,1.0,False,1.0,False,0.002139776275947752,0.9618294360385146
9,11,14,9,3.1234705228031148,2.8814102564102564,0.004857551695085205,1.0,False,1.0,False,0.956921941977135,False,0.006266323731243488,2.816712517193948
9,11,15,2,3.1234705228031148,0.6403133903133903,0.7762736999601787,1.0,False,1.0,False,1.0,False,0.0014520183667317958,0.6526822558459422
9,11,16,1,3.1234705228031148,0.32015669515669515,0.38684745045633295,1.0,False,1.0,False,0.9857592345811885,False,0.0007642604575158399,0.34353507565337005
9,11,17,2,3.1234705228031148,0.6403133903133903,0.7762736999601787,1.0,False,1.0,False,1.0,False,0.0014520183667317958,0.6526822558459422
9,11,18,5,3.1234705228031148,1.6007834757834758,0.24957369947482808,1.0,False,1.0,False,0.9857592345811885,False,0.003515292094379664,1.580123796423659
9,11,19,4,3.1234705228031148,1.2806267806267806,0.5615634740660312,1.0,False,1.0,False,0.9957506177226078,False,0.0028275341851637078,1.2709766162310867
9,11,20,7,3.1234705228031148,2.241096866096866,0.03994014992889243,1.0,False,1.0,False,0.9857592345811885,False,0.004890807912811576,2.1984181568088035
9,11,21,3,3.1234705228031148,0.9604700854700856,1.0,1.0,False,1.0,False,1.0,False,0.002139776275947752,0.9618294360385146
9,11,22,5,3.1234705228031148,1.6007834757834758,0.24957369947482808,1.0,False,1.0,False,0.9857592345811885,False,0.003515292094379664,1.580123796423659
9,11,23,4,3.1234705228031148,1.2806267806267806,0.5615634740660312,1.0,False,1.0,False,0.9957506177226078,False,0.0028275341851637078,1.2709766162310867
9,11,24,0,3.1234705228031148,0.0,0.08379148704798318,1.0,False,1.0,False,0.9857592345811885,False,7.650254829988387e-05,0.0343878954607978
9,11,25,0,3.1234705228031148,0.0,0.08379148704798318,1.0,False,1.0,False,0.9857592345811885,False,7.650254829988387e-05,0.0343878954607978
9,11,26,0,3.1234705228031148,0.0,0.08379148704798318,1.0,False,1.0,False,0.9857592345811885,False,7.650254829988387e-05,0.0343878954607978
9,11,27,4,3.1234705228031148,1.2806267806267806,0.5615634740660312,1.0,False,1.0,False,0.9957506177226078,False,0.0028275341851637078,1.2709766162310867
9,11,28,3,3.1234705228031148,0.9604700854700856,1.0,1.0,False,1.0,False,1.0,False,0.002139776275947752,0.9618294360385146
9,11,29,8,3.1234705228031148,2.561253561253561,0.01468912435960452,1.0,False,1.0,False,0.956921941977135,False,0.005578565822027533,2.5075653370013757
9,11,30,2,3.1234705228031148,0.6403133903133903,0.7762736999601787,1.0,False,1.0,False,1.0,False,0.0014520183667317958,0.6526822558459422
9,11,31,3,3.1234705228031148,0.9604700854700856,1.0,1.0,False,1.0,False,1.0,False,0.002139776275947752,0.9618294360385146
9,12,13,1,3.1234705228031148,0.32015669515669515,0.38684745045633295,1.0,False,1.0,False,0.9857592345811885,False,0.0007642604575158399,0.34353507565337005
9,12,14,3,3.1234705228031148,0.9604700854700856,1.0,1.0,False,1.0,False,1.0,False,0.002139776275947752,0.9618294360385146
9,12,15,0,3.1234705228031148,0.0,0.08379148704798318,1.0,False,1.0,False,0.9857592345811885,False,7.650254829988387e-05,0.0343878954607978
9,12,16,1,3.1234705228031148,0.32015669515669515,0.38684745045633295,1.0,False,1.0,False,0.9857592345811885,False,0.0007642604575158399,0.34353507565337005
9,12,17,4,3.1234705228031148,1.2806267806267806,0.5615634740660312,1.0,False,1.0,False,0.9957506177226078,False,0.0028275341851637078,1.2709766162310867
9,12,18,6,3.1234705228031148,1.9209401709401712,0.14049792107858372,1.0,False,1.0,False,0.9857592345811885,False,0.00420305000359562,1.8892709766162312
9,12,19,2,3.1234705228031148,0.6403133903133903,0.7762736999601787,1.0,False,1.0,False,1.0,False,0.0014520183667317958,0.6526822558459422
9,12,20,2,3.1234705228031148,0.6403133903133903,0.7762736999601787,1.0,False,1.0,False,1.0,False,0.0014520183667317958,0.6526822558459422
9,12,21,4,3.1234705228031148,1.2806267806267806,0.5615634740660312,1.0,False,1.0,False,0.9957506177226078,False,0.0028275341851637078,1.2709766162310867
9,12,22,1,3.1234705228031148,0.32015669515669515,0.38684745045633295,1.0,False,1.0,False,0.9857592345811885,False,0.0007642604575158399,0.34353507565337005
9,12,23,1,3.1234705228031148,0.32015669515669515,0.38684745045633295,1.0,False,1.0,False,0.9857592345811885,False,0.0007642604575158399,0.34353507565337005
9,12,24,3,3.1234705228031148,0.9604700854700856,1.0,1.0,False,1.0,False,1.0,False,0.002139776275947752,0.9618294360385146
9,12,25,0,3.1234705228031148,0.0,0.08379148704798318,1.0,False,1.0,False,0.9857592345811885,False,7.650254829988387e-05,0.0343878954607978
9,12,26,2,3.1234705228031148,0.6403133903133903,0.7762736999601787,1.0,False,1.0,False,1.0,False,0.0014520183667317958,0.6526822558459422
9,12,27,2,3.1234705228031148,0.6403133903133903,0.7762736999601787,1.0,False,1.0,False,1.0,False,0.0014520183667317958,0.6526822558459422
9,12,28,0,3.1234705228031148,0.0,0.08379148704798318,1.0,False,1.0,False,0.9857592345811885,False,7.650254829988387e-05,0.0343878954607978
9,12,29,1,3.1234705228031148,0.32015669515669515,0.38684745045633295,1.0,False,1.0,False,0.9857592345811885,False,0.0007642604575158399,0.34353507565337005
9,12,30,3,3.1234705228031148,0.9604700854700856,1.0,1.0,False,1.0,False,1.0,False,0.002139776275947752,0.9618294360385146
9,12,31,3,3.1234705228031148,0.9604700854700856,1.0,1.0,False,1.0,False,1.0,False,0.002139776275947752,0.9618294360385146
9,13,14,2,3.1234705228031148,0.6403133903133903,0.7762736999601787,1.0,False,1.0,False,1.0,False,0.0014520183667317958,0.6526822558459422
9,13,15,3,3.1234705228031148,0.9604700854700856,1.0,1.0,False,1.0,False,1.0,False,0.002139776275947752,0.9618294360385146
9,13,16,4,3.1234705228031148,1.2806267806267806,0.5615634740660312,1.0,False,1.0,False,0.9957506177226078,False,0.0028275341851637078,1.2709766162310867
9,13,17,1,3.1234705228031148,0.32015669515669515,0.38684745045633295,1.0,False,1.0,False,0.9857592345811885,False,0.0007642604575158399,0.34353507565337005
9,13,18,2,3.1234705228031148,0.6403133903133903,0.7762736999601787,1.0,False,1.0,False,1.0,False,0.0014520183667317958,0.6526822558459422
9,13,19,8,3.1234705228031148,2.561253561253561,0.01468912435960452,1.0,False,1.0,False,0.956921941977135,False,0.005578565822027533,2.5075653370013757
9,13,20,1,3.1234705228031148,0.32015669515669515,0.38684745045633295,1.0,False,1.0,False,0.9857592345811885,False,0.0007642604575158399,0.34353507565337005
9,13,21,6,3.1234705228031148,1.9209401709401712,0.14049792107858372,1.0,False,1.0,False,0.9857592345811885,False,0.00420305000359562,1.8892709766162312
9,13,22,4,3.1234705228031148,1.2806267806267806,0.5615634740660312,1.0,False,1.0,False,0.9957506177226078,False,0.0028275341851637078,1.2709766162310867
9,13,23,6,3.1234705228031148,1.9209401709401712,0.14049792107858372,1.0,False,1.0,False,0.9857592345811885,False,0.00420305000359562,1.8892709766162312
9,13,24,3,3.1234705228031148,0.9604700854700856,1.0,1.0,False,1.0,False,1.0,False,0.002139776275947752,0.9618294360385146
9,13,25,1,3.1234705228031148,0.32015669515669515,0.38684745045633295,1.0,False,1.0,False,0.9857592345811885,False,0.0007642604575158399,0.34353507565337005
9,13,26,2,3.1234705228031148,0.6403133903133903,0.7762736999601787,1.0,False,1.0,False,1.0,False,0.0014520183667317958,0.6526822558459422
9,13,27,2,3.1234705228031148,0.6403133903133903,0.7762736999601787,1.0,False,1.0,False,1.0,False,0.0014520183667317958,0.6526822558459422
9,13,28,4,3.1234705228031148,1.2806267806267806,0.5615634740660312,1.0,False,1.0,False,0.9957506177226078,False,0.0028275341851637078,1.2709766162310867
9,13,29,1,3.1234705228031148,0.32015669515669515,0.38684745045633295,1.0,False,1.0,False,0.9857592345811885,False,0.0007642604575158399,0.34353507565337005
9,13,30,1,3.1234705228031148,0.32015669515669515,0.38684745045633295,1.0,False,1.0,False,0.9857592345811885,False,0.0007642604575158399,0.34353507565337005
9,13,31,5,3.1234705228031148,1.6007834757834758,0.24957369947482808,1.0,False,1.0,False,0.9857592345811885,False,0.003515292094379664,1.580123796423659
9,14,15,6,3.1234705228031148,1.9209401709401712,0.14049792107858372,1.0,False,1.0,False,0.9857592345811885,False,0.00420305000359562,1.8892709766162312
9,14,16,1,3.1234705228031148,0.32015669515669515,0.38684745045633295,1.0,False,1.0,False,0.9857592345811885,False,0.0007642604575158399,0.34353507565337005
9,14,17,1,3.1234705228031148,0.32015669515669515,0.38684745045633295,1.0,False,1.0,False,0.9857592345811885,False,0.0007642604575158399,0.34353507565337005
9,14,18,3,3.1234705228031148,0.9604700854700856,1.0,1.0,False,1.0,False,1.0,False,0.002139776275947752,0.9618294360385146
9,14,19,5,3.1234705228031148,1.6007834757834758,0.24957369947482808,1.0,False,1.0,False,0.9857592345811885,False,0.003515292094379664,1.580123796423659
9,14,20,4,3.1234705228031148,1.2806267806267806,0.5615634740660312,1.0,False,1.0,False,0.9957506177226078,False,0.0028275341851637078,1.2709766162310867
9,14,21,4,3.1234705228031148,1.2806267806267806,0.5615634740660312,1.0,False,1.0,False,0.9957506177226078,False,0.0028275341851637078,1.2709766162310867
9,14,22,4,3.1234705228031148,1.2806267806267806,0.5615634740660312,1.0,False,1.0,False,0.9957506177226078,False,0.0028275341851637078,1.2709766162310867
9,14,23,3,3.1234705228031148,0.9604700854700856,1.0,1.0,False,1.0,False,1.0,False,0.002139776275947752,0.9618294360385146
9,14,24,3,3.1234705228031148,0.9604700854700856,1.0,1.0,False,1.0,False,1.0,False,0.002139776275947752,0.9618294360385146
9,14,25,7,3.1234705228031148,2.241096866096866,0.03994014992889243,1.0,False,1.0,False,0.9857592345811885,False,0.004890807912811576,2.1984181568088035
9,14,26,5,3.1234705228031148,1.6007834757834758,0.24957369947482808,1.0,False,1.0,False,0.9857592345811885,False,0.003515292094379664,1.580123796423659
9,14,27,4,3.1234705228031148,1.2806267806267806,0.5615634740660312,1.0,False,1.0,False,0.9957506177226078,False,0.0028275341851637078,1.2709766162310867
9,14,28,2,3.1234705228031148,0.6403133903133903,0.7762736999601787,1.0,False,1.0,False,1.0,False,0.0014520183667317958,0.6526822558459422
9,14,29,2,3.1234705228031148,0.6403133903133903,0.7762736999601787,1.0,False,1.0,False,1.0,False,0.0014520183667317958,0.6526822558459422
9,14,30,4,3.1234705228031148,1.2806267806267806,0.5615634740660312,1.0,False,1.0,False,0.9957506177226078,False,0.0028275341851637078,1.2709766162310867
9,14,31,1,3.1234705228031148,0.32015669515669515,0.38684745045633295,1.0,False,1.0,False,0.9857592345811885,False,0.0007642604575158399,0.34353507565337005
9,15,16,1,3.1234705228031148,0.32015669515669515,0.38684745045633295,1.0,False,1.0,False,0.9857592345811885,False,0.0007642604575158399,0.34353507565337005
9,15,17,0,3.1234705228031148,0.0,0.08379148704798318,1.0,False,1.0,False,0.9857592345811885,False,7.650254829988387e-05,0.0343878954607978
9,15,18,2,3.1234705228031148,0.6403133903133903,0.7762736999601787,1.0,False,1.0,False,1.0,False,0.0014520183667317958,0.6526822558459422
9,15,19,4,3.1234705228031148,1.2806267806267806,0.5615634740660312,1.0,False,1.0,False,0.9957506177226078,False,0.0028275341851637078,1.2709766162310867
9,15,20,1,3.1234705228031148,0.32015669515669515,0.38684745045633295,1.0,False,1.0,False,0.9857592345811885,False,0.0007642604575158399,0.34353507565337005
9,15,21,2,3.1234705228031148,0.6403133903133903,0.7762736999601787,1.0,False,1.0,False,1.0,False,0.0014520183667317958,0.6526822558459422
9,15,22,4,3.1234705228031148,1.2806267806267806,0.5615634740660312,1.0,False,1.0,False,0.9957506177226078,False,0.0028275341851637078,1.2709766162310867
9,15,23,3,3.1234705228031148,0.9604700854700856,1.0,1.0,False,1.0,False,1.0,False,0.002139776275947752,0.9618294360385146
9,15,24,3,3.1234705228031148,0.9604700854700856,1.0,1.0,False,1.0,False,1.0,False,0.002139776275947752,0.9618294360385146
9,15,25,2,3.1234705228031148,0.6403133903133903,0.7762736999601787,1.0,False,1.0,False,1.0,False,0.0014520183667317958,0.6526822558459422
9,15,26,6,3.1234705228031148,1.9209401709401712,0.14049792107858372,1.0,False,1.0,False,0.9857592345811885,False,0.00420305000359562,1.8892709766162312
9,15,27,2,3.1234705228031148,0.6403133903133903,0.7762736999601787,1.0,False,1.0,False,1.0,False,0.0014520183667317958,0.6526822558459422
9,15,28,4,3.1234705228031148,1.2806267806267806,0.5615634740660312,1.0,False,1.0,False,0.9957506177226078,False,0.0028275341851637078,1.2709766162310867
9,15,29,2,3.1234705228031148,0.6403133903133903,0.7762736999601787,1.0,False,1.0,False,1.0,False,0.0014520183667317958,0.6526822558459422
9,15,30,4,3.1234705228031148,1.2806267806267806,0.5615634740660312,1.0,False,1.0,False,0.9957506177226078,False,0.0028275341851637078,1.2709766162310867
9,15,31,5,3.1234705228031148,1.6007834757834758,0.24957369947482808,1.0,False,1.0,False,0.9857592345811885,False,0.003515292094379664,1.580123796423659
9,16,17,1,3.1234705228031148,0.32015669515669515,0.38684745045633295,1.0,False,1.0,False,0.9857592345811885,False,0.0007642604575158399,0.34353507565337005
9,16,18,1,3.1234705228031148,0.32015669515669515,0.38684745045633295,1.0,False,1.0,False,0.9857592345811885,False,0.0007642604575158399,0.34353507565337005
9,16,19,4,3.1234705228031148,1.2806267806267806,0.5615634740660312,1.0,False,1.0,False,0.9957506177226078,False,0.0028275341851637078,1.2709766162310867
9,16,20,0,3.1234705228031148,0.0,0.08379148704798318,1.0,False,1.0,False,0.9857592345811885,False,7.650254829988387e-05,0.0343878954607978
9,16,21,4,3.1234705228031148,1.2806267806267806,0.5615634740660312,1.0,False,1.0,False,0.9957506177226078,False,0.0028275341851637078,1.2709766162310867
9,16,22,3,3.1234705228031148,0.9604700854700856,1.0,1.0,False,1.0,False,1.0,False,0.002139776275947752,0.9618294360385146
9,16,23,3,3.1234705228031148,0.9604700854700856,1.0,1.0,False,1.0,False,1.0,False,0.002139776275947752,0.9618294360385146
9,16,24,3,3.1234705228031148,0.9604700854700856,1.0,1.0,False,1.0,False,1.0,False,0.002139776275947752,0.9618294360385146
9,16,25,4,3.1234705228031148,1.2806267806267806,0.5615634740660312,1.0,False,1.0,False,0.9957506177226078,False,0.0028275341851637078,1.2709766162310867
9,16,26,3,3.1234705228031148,0.9604700854700856,1.0,1.0,False,1.0,False,1.0,False,0.002139776275947752,0.9618294360385146
9,16,27,2,3.1234705228031148,0.6403133903133903,0.7762736999601787,1.0,False,1.0,False,1.0,False,0.0014520183667317958,0.6526822558459422
9,16,28,2,3.1234705228031148,0.6403133903133903,0.7762736999601787,1.0,False,1.0,False,1.0,False,0.0014520183667317958,0.6526822558459422
9,16,29,4,3.1234705228031148,1.2806267806267806,0.5615634740660312,1.0,False,1.0,False,0.9957506177226078,False,0.0028275341851637078,1.2709766162310867
9,16,30,4,3.1234705228031148,1.2806267806267806,0.5615634740660312,1.0,False,1.0,False,0.9957506177226078,False,0.0028275341851637078,1.2709766162310867
9,16,31,2,3.1234705228031148,0.6403133903133903,0.7762736999601787,1.0,False,1.0,False,1.0,False,0.0014520183667317958,0.6526822558459422
9,17,18,2,3.1234705228031148,0.6403133903133903,0.7762736999601787,1.0,False,1.0,False,1.0,False,0.0014520183667317958,0.6526822558459422
9,17,19,3,3.1234705228031148,0.9604700854700856,1.0,1.0,False,1.0,False,1.0,False,0.002139776275947752,0.9618294360385146
9,17,20,2,3.1234705228031148,0.6403133903133903,0.7762736999601787,1.0,False,1.0,False,1.0,False,0.0014520183667317958,0.6526822558459422
9,17,21,5,3.1234705228031148,1.6007834757834758,0.24957369947482808,1.0,False,1.0,False,0.9857592345811885,False,0.003515292094379664,1.580123796423659
9,17,22,3,3.1234705228031148,0.9604700854700856,1.0,1.0,False,1.0,False,1.0,False,0.002139776275947752,0.9618294360385146
9,17,23,4,3.1234705228031148,1.2806267806267806,0.5615634740660312,1.0,False,1.0,False,0.9957506177226078,False,0.0028275341851637078,1.2709766162310867
9,17,24,3,3.1234705228031148,0.9604700854700856,1.0,1.0,False,1.0,False,1.0,False,0.002139776275947752,0.9618294360385146
9,17,25,1,3.1234705228031148,0.32015669515669515,0.38684745045633295,1.0,False,1.0,False,0.9857592345811885,False,0.0007642604575158399,0.34353507565337005
9,17,26,2,3.1234705228031148,0.6403133903133903,0.7762736999601787,1.0,False,1.0,False,1.0,False,0.0014520183667317958,0.6526822558459422
9,17,27,4,3.1234705228031148,1.2806267806267806,0.5615634740660312,1.0,False,1.0,False,0.9957506177226078,False,0.0028275341851637078,1.2709766162310867
9,17,28,2,3.1234705228031148,0.6403133903133903,0.7762736999601787,1.0,False,1.0,False,1.0,False,0.0014520183667317958,0.6526822558459422
9,17,29,4,3.1234705228031148,1.2806267806267806,0.5615634740660312,1.0,False,1.0,False,0.9957506177226078,False,0.0028275341851637078,1.2709766162310867
9,17,30,2,3.1234705228031148,0.6403133903133903,0.7762736999601787,1.0,False,1.0,False,1.0,False,0.0014520183667317958,0.6526822558459422
9,17,31,2,3.1234705228031148,0.6403133903133903,0.7762736999601787,1.0,False,1.0,False,1.0,False,0.0014520183667317958,0.6526822558459422
9,18,19,4,3.1234705228031148,1.2806267806267806,0.5615634740660312,1.0,False,1.0,False,0.9957506177226078,False,0.0028275341851637078,1.2709766162310867
9,18,20,3,3.1234705228031148,0.9604700854700856,1.0,1.0,False,1.0,False,1.0,False,0.002139776275947752,0.9618294360385146
9,18,21,2,3.1234705228031148,0.6403133903133903,0.7762736999601787,1.0,False,1.0,False,1.0,False,0.0014520183667317958,0.6526822558459422
9,18,22,4,3.1234705228031148,1.2806267806267806,0.5615634740660312,1.0,False,1.0,False,0.9957506177226078,False,0.0028275341851637078,1.2709766162310867
9,18,23,2,3.1234705228031148,0.6403133903133903,0.7762736999601787,1.0,False,1.0,False,1.0,False,0.0014520183667317958,0.6526822558459422
9,18,24,2,3.1234705228031148,0.6403133903133903,0.7762736999601787,1.0,False,1.0,False,1.0,False,0.0014520183667317958,0.6526822558459422
9,18,25,3,3.1234705228031148,0.9604700854700856,1.0,1.0,False,1.0,False,1.0,False,0.002139776275947752,0.9618294360385146
9,18,26,1,3.1234705228031148,0.32015669515669515,0.38684745045633295,1.0,False,1.0,False,0.9857592345811885,False,0.0007642604575158399,0.34353507565337005
9,18,27,3,3.1234705228031148,0.9604700854700856,1.0,1.0,False,1.0,False,1.0,False,0.002139776275947752,0.9618294360385146
9,18,28,2,3.1234705228031148,0.6403133903133903,0.7762736999601787,1.0,False,1.0,False,1.0,False,0.0014520183667317958,0.6526822558459422
9,18,29,7,3.1234705228031148,2.241096866096866,0.03994014992889243,1.0,False,1.0,False,0.9857592345811885,False,0.004890807912811576,2.1984181568088035
9,18,30,6,3.1234705228031148,1.9209401709401712,0.14049792107858372,1.0,False,1.0,False,0.9857592345811885,False,0.00420305000359562,1.8892709766162312
9,18,31,3,3.1234705228031148,0.9604700854700856,1.0,1.0,False,1.0,False,1.0,False,0.002139776275947752,0.9618294360385146
9,19,20,3,3.1234705228031148,0.9604700854700856,1.0,1.0,False,1.0,False,1.0,False,0.002139776275947752,0.9618294360385146
9,19,21,3,3.1234705228031148,0.9604700854700856,1.0,1.0,False,1.0,False,1.0,False,0.002139776275947752,0.9618294360385146
9,19,22,7,3.1234705228031148,2.241096866096866,0.03994014992889243,1.0,False,1.0,False,0.9857592345811885,False,0.004890807912811576,2.1984181568088035
9,19,23,3,3.1234705228031148,0.9604700854700856,1.0,1.0,False,1.0,False,1.0,False,0.002139776275947752,0.9618294360385146
9,19,24,0,3.1234705228031148,0.0,0.08379148704798318,1.0,False,1.0,False,0.9857592345811885,False,7.650254829988387e-05,0.0343878954607978
9,19,25,0,3.1234705228031148,0.0,0.08379148704798318,1.0,False,1.0,False,0.9857592345811885,False,7.650254829988387e-05,0.0343878954607978
9,19,26,6,3.1234705228031148,1.9209401709401712,0.14049792107858372,1.0,False,1.0,False,0.9857592345811885,False,0.00420305000359562,1.8892709766162312
9,19,27,1,3.1234705228031148,0.32015669515669515,0.38684745045633295,1.0,False,1.0,False,0.9857592345811885,False,0.0007642604575158399,0.34353507565337005
9,19,28,1,3.1234705228031148,0.32015669515669515,0.38684745045633295,1.0,False,1.0,False,0.9857592345811885,False,0.0007642604575158399,0.34353507565337005
9,19,29,4,3.1234705228031148,1.2806267806267806,0.5615634740660312,1.0,False,1.0,False,0.9957506177226078,False,0.0028275341851637078,1.2709766162310867
9,19,30,3,3.1234705228031148,0.9604700854700856,1.0,1.0,False,1.0,False,1.0,False,0.002139776275947752,0.9618294360385146
9,19,31,5,3.1234705228031148,1.6007834757834758,0.24957369947482808,1.0,False,1.0,False,0.9857592345811885,False,0.003515292094379664,1.580123796423659
9,20,21,1,3.1234705228031148,0.32015669515669515,0.38684745045633295,1.0,False,1.0,False,0.9857592345811885,False,0.0007642604575158399,0.34353507565337005
9,20,22,2,3.1234705228031148,0.6403133903133903,0.7762736999601787,1.0,False,1.0,False,1.0,False,0.0014520183667317958,0.6526822558459422
9,20,23,2,3.1234705228031148,0.6403133903133903,0.7762736999601787,1.0,False,1.0,False,1.0,False,0.0014520183667317958,0.6526822558459422
9,20,24,2,3.1234705228031148,0.6403133903133903,0.7762736999601787,1.0,False,1.0,False,1.0,False,0.0014520183667317958,0.6526822558459422
9,20,25,2,3.1234705228031148,0.6403133903133903,0.7762736999601787,1.0,False,1.0,False,1.0,False,0.0014520183667317958,0.6526822558459422
9,20,26,2,3.1234705228031148,0.6403133903133903,0.7762736999601787,1.0,False,1.0,False,1.0,False,0.0014520183667317958,0.6526822558459422
9,20,27,2,3.1234705228031148,0.6403133903133903,0.7762736999601787,1.0,False,1.0,False,1.0,False,0.0014520183667317958,0.6526822558459422
9,20,28,0,3.1234705228031148,0.0,0.08379148704798318,1.0,False,1.0,False,0.9857592345811885,False,7.650254829988387e-05,0.0343878954607978
9,20,29,2,3.1234705228031148,0.6403133903133903,0.7762736999601787,1.0,False,1.0,False,1.0,False,0.0014520183667317958,0.6526822558459422
9,20,30,2,3.1234705228031148,0.6403133903133903,0.7762736999601787,1.0,False,1.0,False,1.0,False,0.0014520183667317958,0.6526822558459422
9,20,31,2,3.1234705228031148,0.6403133903133903,0.7762736999601787,1.0,False,1.0,False,1.0,False,0.0014520183667317958,0.6526822558459422
9,21,22,4,3.1234705228031148,1.2806267806267806,0.5615634740660312,1.0,False,1.0,False,0.9957506177226078,False,0.0028275341851637078,1.2709766162310867
9,21,23,6,3.1234705228031148,1.9209401709401712,0.14049792107858372,1.0,False,1.0,False,0.9857592345811885,False,0.00420305000359562,1.8892709766162312
9,21,24,4,3.1234705228031148,1.2806267806267806,0.5615634740660312,1.0,False,1.0,False,0.9957506177226078,False,0.0028275341851637078,1.2709766162310867
9,21,25,2,3.1234705228031148,0.6403133903133903,0.7762736999601787,1.0,False,1.0,False,1.0,False,0.0014520183667317958,0.6526822558459422
9,21,26,4,3.1234705228031148,1.2806267806267806,0.5615634740660312,1.0,False,1.0,False,0.9957506177226078,False,0.0028275341851637078,1.2709766162310867
9,21,27,2,3.1234705228031148,0.6403133903133903,0.7762736999601787,1.0,False,1.0,False,1.0,False,0.0014520183667317958,0.6526822558459422
9,21,28,1,3.1234705228031148,0.32015669515669515,0.38684745045633295,1.0,False,1.0,False,0.9857592345811885,False,0.0007642604575158399,0.34353507565337005
9,21,29,4,3.1234705228031148,1.2806267806267806,0.5615634740660312,1.0,False,1.0,False,0.9957506177226078,False,0.0028275341851637078,1.2709766162310867
9,21,30,3,3.1234705228031148,0.9604700854700856,1.0,1.0,False,1.0,False,1.0,False,0.002139776275947752,0.9618294360385146
9,21,31,4,3.1234705228031148,1.2806267806267806,0.5615634740660312,1.0,False,1.0,False,0.9957506177226078,False,0.0028275341851637078,1.2709766162310867
9,22,23,2,3.1234705228031148,0.6403133903133903,0.7762736999601787,1.0,False,1.0,False,1.0,False,0.0014520183667317958,0.6526822558459422
9,22,24,1,3.1234705228031148,0.32015669515669515,0.38684745045633295,1.0,False,1.0,False,0.9857592345811885,False,0.0007642604575158399,0.34353507565337005
9,22,25,2,3.1234705228031148,0.6403133903133903,0.7762736999601787,1.0,False,1.0,False,1.0,False,0.0014520183667317958,0.6526822558459422
9,22,26,3,3.1234705228031148,0.9604700854700856,1.0,1.0,False,1.0,False,1.0,False,0.002139776275947752,0.9618294360385146
9,22,27,4,3.1234705228031148,1.2806267806267806,0.5615634740660312,1.0,False,1.0,False,0.9957506177226078,False,0.0028275341851637078,1.2709766162310867
9,22,28,2,3.1234705228031148,0.6403133903133903,0.7762736999601787,1.0,False,1.0,False,1.0,False,0.0014520183667317958,0.6526822558459422
9,22,29,7,3.1234705228031148,2.241096866096866,0.03994014992889243,1.0,False,1.0,False,0.9857592345811885,False,0.004890807912811576,2.1984181568088035
9,22,30,1,3.1234705228031148,0.32015669515669515,0.38684745045633295,1.0,False,1.0,False,0.9857592345811885,False,0.0007642604575158399,0.34353507565337005
9,22,31,4,3.1234705228031148,1.2806267806267806,0.5615634740660312,1.0,False,1.0,False,0.9957506177226078,False,0.0028275341851637078,1.2709766162310867
9,23,24,4,3.1234705228031148,1.2806267806267806,0.5615634740660312,1.0,False,1.0,False,0.9957506177226078,False,0.0028275341851637078,1.2709766162310867
9,23,25,2,3.1234705228031148,0.6403133903133903,0.7762736999601787,1.0,False,1.0,False,1.0,False,0.0014520183667317958,0.6526822558459422
9,23,26,3,3.1234705228031148,0.9604700854700856,1.0,1.0,False,1.0,False,1.0,False,0.002139776275947752,0.9618294360385146
9,23,27,0,3.1234705228031148,0.0,0.08379148704798318,1.0,False,1.0,False,0.9857592345811885,False,7.650254829988387e-05,0.0343878954607978
9,23,28,0,3.1234705228031148,0.0,0.08379148704798318,1.0,False,1.0,False,0.9857592345811885,False,7.650254829988387e-05,0.0343878954607978
9,23,29,3,3.1234705228031148,0.9604700854700856,1.0,1.0,False,1.0,False,1.0,False,0.002139776275947752,0.9618294360385146
9,23,30,5,3.1234705228031148,1.6007834757834758,0.24957369947482808,1.0,False,1.0,False,0.9857592345811885,False,0.003515292094379664,1.580123796423659
9,23,31,2,3.1234705228031148,0.6403133903133903,0.7762736999601787,1.0,False,1.0,False,1.0,False,0.0014520183667317958,0.6526822558459422
9,24,25,7,3.1234705228031148,2.241096866096866,0.03994014992889243,1.0,False,1.0,False,0.9857592345811885,False,0.004890807912811576,2.1984181568088035
9,24,26,1,3.1234705228031148,0.32015669515669515,0.38684745045633295,1.0,False,1.0,False,0.9857592345811885,False,0.0007642604575158399,0.34353507565337005
9,24,27,4,3.1234705228031148,1.2806267806267806,0.5615634740660312,1.0,False,1.0,False,0.9957506177226078,False,0.0028275341851637078,1.2709766162310867
9,24,28,4,3.1234705228031148,1.2806267806267806,0.5615634740660312,1.0,False,1.0,False,0.9957506177226078,False,0.0028275341851637078,1.2709766162310867
9,24,29,5,3.1234705228031148,1.6007834757834758,0.24957369947482808,1.0,False,1.0,False,0.9857592345811885,False,0.003515292094379664,1.580123796423659
9,24,30,1,3.1234705228031148,0.32015669515669515,0.38684745045633295,1.0,False,1.0,False,0.9857592345811885,False,0.0007642604575158399,0.34353507565337005
9,24,31,0,3.1234705228031148,0.0,0.08379148704798318,1.0,False,1.0,False,0.9857592345811885,False,7.650254829988387e-05,0.0343878954607978
9,25,26,4,3.1234705228031148,1.2806267806267806,0.5615634740660312,1.0,False,1.0,False,0.9957506177226078,False,0.0028275341851637078,1.2709766162310867
9,25,27,2,3.1234705228031148,0.6403133903133903,0.7762736999601787,1.0,False,1.0,False,1.0,False,0.0014520183667317958,0.6526822558459422
9,25,28,3,3.1234705228031148,0.9604700854700856,1.0,1.0,False,1.0,False,1.0,False,0.002139776275947752,0.9618294360385146
9,25,29,3,3.1234705228031148,0.9604700854700856,1.0,1.0,False,1.0,False,1.0,False,0.002139776275947752,0.9618294360385146
9,25,30,2,3.1234705228031148,0.6403133903133903,0.7762736999601787,1.0,False,1.0,False,1.0,False,0.0014520183667317958,0.6526822558459422
9,25,31,3,3.1234705228031148,0.9604700854700856,1.0,1.0,False,1.0,False,1.0,False,0.002139776275947752,0.9618294360385146
9,26,27,5,3.1234705228031148,1.6007834757834758,0.24957369947482808,1.0,False,1.0,False,0.9857592345811885,False,0.003515292094379664,1.580123796423659
9,26,28,0,3.1234705228031148,0.0,0.08379148704798318,1.0,False,1.0,False,0.9857592345811885,False,7.650254829988387e-05,0.0343878954607978
9,26,29,3,3.1234705228031148,0.9604700854700856,1.0,1.0,False,1.0,False,1.0,False,0.002139776275947752,0.9618294360385146
9,26,30,4,3.1234705228031148,1.2806267806267806,0.5615634740660312,1.0,False,1.0,False,0.9957506177226078,False,0.0028275341851637078,1.2709766162310867
9,26,31,5,3.1234705228031148,1.6007834757834758,0.24957369947482808,1.0,False,1.0,False,0.9857592345811885,False,0.003515292094379664,1.580123796423659
9,27,28,4,3.1234705228031148,1.2806267806267806,0.5615634740660312,1.0,False,1.0,False,0.9957506177226078,False,0.0028275341851637078,1.2709766162310867
9,27,29,7,3.1234705228031148,2.241096866096866,0.03994014992889243,1.0,False,1.0,False,0.9857592345811885,False,0.004890807912811576,2.1984181568088035
9,27,30,4,3.1234705228031148,1.2806267806267806,0.5615634740660312,1.0,False,1.0,False,0.9957506177226078,False,0.0028275341851637078,1.2709766162310867
9,27,31,3,3.1234705228031148,0.9604700854700856,1.0,1.0,False,1.0,False,1.0,False,0.002139776275947752,0.9618294360385146
9,28,29,4,3.1234705228031148,1.2806267806267806,0.5615634740660312,1.0,False,1.0,False,0.9957506177226078,False,0.0028275341851637078,1.2709766162310867
9,28,30,1,3.1234705228031148,0.32015669515669515,0.38684745045633295,1.0,False,1.0,False,0.9857592345811885,False,0.0007642604575158399,0.34353507565337005
9,28,31,2,3.1234705228031148,0.6403133903133903,0.7762736999601787,1.0,False,1.0,False,1.0,False,0.0014520183667317958,0.6526822558459422
9,29,30,5,3.1234705228031148,1.6007834757834758,0.24957369947482808,1.0,False,1.0,False,0.9857592345811885,False,0.003515292094379664,1.580123796423659
9,29,31,5,3.1234705228031148,1.6007834757834758,0.24957369947482808,1.0,False,1.0,False,0.9857592345811885,False,0.003515292094379664,1.580123796423659
9,30,31,6,3.1234705228031148,1.9209401709401712,0.14049792107858372,1.0,False,1.0,False,0.9857592345811885,False,0.00420305000359562,1.8892709766162312
10,11,12,1,3.1234705228031148,0.32015669515669515,0.38684745045633295,1.0,False,1.0,False,0.9857592345811885,False,0.0007642604575158399,0.34353507565337005
10,11,13,3,3.1234705228031148,0.9604700854700856,1.0,1.0,False,1.0,False,1.0,False,0.002139776275947752,0.9618294360385146
10,11,14,3,3.1234705228031148,0.9604700854700856,1.0,1.0,False,1.0,False,1.0,False,0.002139776275947752,0.9618294360385146
10,11,15,1,3.1234705228031148,0.32015669515669515,0.38684745045633295,1.0,False,1.0,False,0.9857592345811885,False,0.0007642604575158399,0.34353507565337005
10,11,16,4,3.1234705228031148,1.2806267806267806,0.5615634740660312,1.0,False,1.0,False,0.9957506177226078,False,0.0028275341851637078,1.2709766162310867
10,11,17,7,3.1234705228031148,2.241096866096866,0.03994014992889243,1.0,False,1.0,False,0.9857592345811885,False,0.004890807912811576,2.1984181568088035
10,11,18,3,3.1234705228031148,0.9604700854700856,1.0,1.0,False,1.0,False,1.0,False,0.002139776275947752,0.9618294360385146
10,11,19,2,3.1234705228031148,0.6403133903133903,0.7762736999601787,1.0,False,1.0,False,1.0,False,0.0014520183667317958,0.6526822558459422
10,11,20,4,3.1234705228031148,1.2806267806267806,0.5615634740660312,1.0,False,1.0,False,0.9957506177226078,False,0.0028275341851637078,1.2709766162310867
10,11,21,1,3.1234705228031148,0.32015669515669515,0.38684745045633295,1.0,False,1.0,False,0.9857592345811885,False,0.0007642604575158399,0.34353507565337005
10,11,22,4,3.1234705228031148,1.2806267806267806,0.5615634740660312,1.0,False,1.0,False,0.9957506177226078,False,0.0028275341851637078,1.2709766162310867
10,11,23,3,3.1234705228031148,0.9604700854700856,1.0,1.0,False,1.0,False,1.0,False,0.002139776275947752,0.9618294360385146
10,11,24,5,3.1234705228031148,1.6007834757834758,0.24957369947482808,1.0,False,1.0,False,0.9857592345811885,False,0.003515292094379664,1.580123796423659
10,11,25,4,3.1234705228031148,1.2806267806267806,0.5615634740660312,1.0,False,1.0,False,0.9957506177226078,False,0.0028275341851637078,1.2709766162310867
10,11,26,2,3.1234705228031148,0.6403133903133903,0.7762736999601787,1.0,False,1.0,False,1.0,False,0.0014520183667317958,0.6526822558459422
10,11,27,2,3.1234705228031148,0.6403133903133903,0.7762736999601787,1.0,False,1.0,False,1.0,False,0.0014520183667317958,0.6526822558459422
10,11,28,3,3.1234705228031148,0.9604700854700856,1.0,1.0,False,1.0,False,1.0,False,0.002139776275947752,0.9618294360385146
10,11,29,7,3.1234705228031148,2.241096866096866,0.03994014992889243,1.0,False,1.0,False,0.9857592345811885,False,0.004890807912811576,2.1984181568088035
10,11,30,7,3.1234705228031148,2.241096866096866,0.03994014992889243,1.0,False,1.0,False,0.9857592345811885,False,0.004890807912811576,2.1984181568088035
10,11,31,6,3.1234705228031148,1.9209401709401712,0.14049792107858372,1.0,False,1.0,False,0.9857592345811885,False,0.00420305000359562,1.8892709766162312
10,12,13,6,3.1234705228031148,1.9209401709401712,0.14049792107858372,1.0,False,1.0,False,0.9857592345811885,False,0.00420305000359562,1.8892709766162312
10,12,14,1,3.1234705228031148,0.32015669515669515,0.38684745045633295,1.0,False,1.0,False,0.9857592345811885,False,0.0007642604575158399,0.34353507565337005
10,12,15,3,3.1234705228031148,0.9604700854700856,1.0,1.0,False,1.0,False,1.0,False,0.002139776275947752,0.9618294360385146
10,12,16,1,3.1234705228031148,0.32015669515669515,0.38684745045633295,1.0,False,1.0,False,0.9857592345811885,False,0.0007642604575158399,0.34353507565337005
10,12,17,2,3.1234705228031148,0.6403133903133903,0.7762736999601787,1.0,False,1.0,False,1.0,False,0.0014520183667317958,0.6526822558459422
10,12,18,3,3.1234705228031148,0.9604700854700856,1.0,1.0,False,1.0,False,1.0,False,0.002139776275947752,0.9618294360385146
10,12,19,4,3.1234705228031148,1.2806267806267806,0.5615634740660312,1.0,False,1.0,False,0.9957506177226078,False,0.0028275341851637078,1.2709766162310867
10,12,20,5,3.1234705228031148,1.6007834757834758,0.24957369947482808,1.0,False,1.0,False,0.9857592345811885,False,0.003515292094379664,1.580123796423659
10,12,21,4,3.1234705228031148,1.2806267806267806,0.5615634740660312,1.0,False,1.0,False,0.9957506177226078,False,0.0028275341851637078,1.2709766162310867
10,12,22,3,3.1234705228031148,0.9604700854700856,1.0,1.0,False,1.0,False,1.0,False,0.002139776275947752,0.9618294360385146
10,12,23,5,3.1234705228031148,1.6007834757834758,0.24957369947482808,1.0,False,1.0,False,0.9857592345811885,False,0.003515292094379664,1.580123796423659
10,12,24,4,3.1234705228031148,1.2806267806267806,0.5615634740660312,1.0,False,1.0,False,0.9957506177226078,False,0.0028275341851637078,1.2709766162310867
10,12,25,4,3.1234705228031148,1.2806267806267806,0.5615634740660312,1.0,False,1.0,False,0.9957506177226078,False,0.0028275341851637078,1.2709766162310867
10,12,26,3,3.1234705228031148,0.9604700854700856,1.0,1.0,False,1.0,False,1.0,False,0.002139776275947752,0.9618294360385146
10,12,27,1,3.1234705228031148,0.32015669515669515,0.38684745045633295,1.0,False,1.0,False,0.9857592345811885,False,0.0007642604575158399,0.34353507565337005
10,12,28,2,3.1234705228031148,0.6403133903133903,0.7762736999601787,1.0,False,1.0,False,1.0,False,0.0014520183667317958,0.6526822558459422
10,12,29,2,3.1234705228031148,0.6403133903133903,0.7762736999601787,1.0,False,1.0,False,1.0,False,0.0014520183667317958,0.6526822558459422
10,12,30,3,3.1234705228031148,0.9604700854700856,1.0,1.0,False,1.0,False,1.0,False,0.002139776275947752,0.9618294360385146
10,12,31,5,3.1234705228031148,1.6007834757834758,0.24957369947482808,1.0,False,1.0,False,0.9857592345811885,False,0.003515292094379664,1.580123796423659
10,13,14,5,3.1234705228031148,1.6007834757834758,0.24957369947482808,1.0,False,1.0,False,0.9857592345811885,False,0.003515292094379664,1.580123796423659
10,13,15,2,3.1234705228031148,0.6403133903133903,0.7762736999601787,1.0,False,1.0,False,1.0,False,0.0014520183667317958,0.6526822558459422
10,13,16,3,3.1234705228031148,0.9604700854700856,1.0,1.0,False,1.0,False,1.0,False,0.002139776275947752,0.9618294360385146
10,13,17,2,3.1234705228031148,0.6403133903133903,0.7762736999601787,1.0,False,1.0,False,1.0,False,0.0014520183667317958,0.6526822558459422
10,13,18,2,3.1234705228031148,0.6403133903133903,0.7762736999601787,1.0,False,1.0,False,1.0,False,0.0014520183667317958,0.6526822558459422
10,13,19,3,3.1234705228031148,0.9604700854700856,1.0,1.0,False,1.0,False,1.0,False,0.002139776275947752,0.9618294360385146
10,13,20,2,3.1234705228031148,0.6403133903133903,0.7762736999601787,1.0,False,1.0,False,1.0,False,0.0014520183667317958,0.6526822558459422
10,13,21,6,3.1234705228031148,1.9209401709401712,0.14049792107858372,1.0,False,1.0,False,0.9857592345811885,False,0.00420305000359562,1.8892709766162312
10,13,22,5,3.1234705228031148,1.6007834757834758,0.24957369947482808,1.0,False,1.0,False,0.9857592345811885,False,0.003515292094379664,1.580123796423659
10,13,23,4,3.1234705228031148,1.2806267806267806,0.5615634740660312,1.0,False,1.0,False,0.9957506177226078,False,0.0028275341851637078,1.2709766162310867
10,13,24,2,3.1234705228031148,0.6403133903133903,0.7762736999601787,1.0,False,1.0,False,1.0,False,0.0014520183667317958,0.6526822558459422
10,13,25,3,3.1234705228031148,0.9604700854700856,1.0,1.0,False,1.0,False,1.0,False,0.002139776275947752,0.9618294360385146
10,13,26,3,3.1234705228031148,0.9604700854700856,1.0,1.0,False,1.0,False,1.0,False,0.002139776275947752,0.9618294360385146
10,13,27,3,3.1234705228031148,0.9604700854700856,1.0,1.0,False,1.0,False,1.0,False,0.002139776275947752,0.9618294360385146
10,13,28,2,3.1234705228031148,0.6403133903133903,0.7762736999601787,1.0,False,1.0,False,1.0,False,0.0014520183667317958,0.6526822558459422
10,13,29,3,3.1234705228031148,0.9604700854700856,1.0,1.0,False,1.0,False,1.0,False,0.002139776275947752,0.9618294360385146
10,13,30,3,3.1234705228031148,0.9604700854700856,1.0,1.0,False,1.0,False,1.0,False,0.002139776275947752,0.9618294360385146
10,13,31,1,3.1234705228031148,0.32015669515669515,0.38684745045633295,1.0,False,1.0,False,0.9857592345811885,False,0.0007642604575158399,0.34353507565337005
10,14,15,2,3.1234705228031148,0.6403133903133903,0.7762736999601787,1.0,False,1.0,False,1.0,False,0.0014520183667317958,0.6526822558459422
10,14,16,1,3.1234705228031148,0.32015669515669515,0.38684745045633295,1.0,False,1.0,False,0.9857592345811885,False,0.0007642604575158399,0.34353507565337005
10,14,17,1,3.1234705228031148,0.32015669515669515,0.38684745045633295,1.0,False,1.0,False,0.9857592345811885,False,0.0007642604575158399,0.34353507565337005
10,14,18,2,3.1234705228031148,0.6403133903133903,0.7762736999601787,1.0,False,1.0,False,1.0,False,0.0014520183667317958,0.6526822558459422
10,14,19,3,3.1234705228031148,0.9604700854700856,1.0,1.0,False,1.0,False,1.0,False,0.002139776275947752,0.9618294360385146
10,14,20,5,3.1234705228031148,1.6007834757834758,0.24957369947482808,1.0,False,1.0,False,0.9857592345811885,False,0.003515292094379664,1.580123796423659
10,14,21,2,3.1234705228031148,0.6403133903133903,0.7762736999601787,1.0,False,1.0,False,1.0,False,0.0014520183667317958,0.6526822558459422
10,14,22,2,3.1234705228031148,0.6403133903133903,0.7762736999601787,1.0,False,1.0,False,1.0,False,0.0014520183667317958,0.6526822558459422
10,14,23,4,3.1234705228031148,1.2806267806267806,0.5615634740660312,1.0,False,1.0,False,0.9957506177226078,False,0.0028275341851637078,1.2709766162310867
10,14,24,2,3.1234705228031148,0.6403133903133903,0.7762736999601787,1.0,False,1.0,False,1.0,False,0.0014520183667317958,0.6526822558459422
10,14,25,3,3.1234705228031148,0.9604700854700856,1.0,1.0,False,1.0,False,1.0,False,0.002139776275947752,0.9618294360385146
10,14,26,3,3.1234705228031148,0.9604700854700856,1.0,1.0,False,1.0,False,1.0,False,0.002139776275947752,0.9618294360385146
10,14,27,2,3.1234705228031148,0.6403133903133903,0.7762736999601787,1.0,False,1.0,False,1.0,False,0.0014520183667317958,0.6526822558459422
10,14,28,3,3.1234705228031148,0.9604700854700856,1.0,1.0,False,1.0,False,1.0,False,0.002139776275947752,0.9618294360385146
10,14,29,0,3.1234705228031148,0.0,0.08379148704798318,1.0,False,1.0,False,0.9857592345811885,False,7.650254829988387e-05,0.0343878954607978
10,14,30,4,3.1234705228031148,1.2806267806267806,0.5615634740660312,1.0,False,1.0,False,0.9957506177226078,False,0.0028275341851637078,1.2709766162310867
10,14,31,1,3.1234705228031148,0.32015669515669515,0.38684745045633295,1.0,False,1.0,False,0.9857592345811885,False,0.0007642604575158399,0.34353507565337005
10,15,16,4,3.1234705228031148,1.2806267806267806,0.5615634740660312,1.0,False,1.0,False,0.9957506177226078,False,0.0028275341851637078,1.2709766162310867
10,15,17,4,3.1234705228031148,1.2806267806267806,0.5615634740660312,1.0,False,1.0,False,0.9957506177226078,False,0.0028275341851637078,1.2709766162310867
10,15,18,5,3.1234705228031148,1.6007834757834758,0.24957369947482808,1.0,False,1.0,False,0.9857592345811885,False,0.003515292094379664,1.580123796423659
10,15,19,3,3.1234705228031148,0.9604700854700856,1.0,1.0,False,1.0,False,1.0,False,0.002139776275947752,0.9618294360385146
10,15,20,3,3.1234705228031148,0.9604700854700856,1.0,1.0,False,1.0,False,1.0,False,0.002139776275947752,0.9618294360385146
10,15,21,3,3.1234705228031148,0.9604700854700856,1.0,1.0,False,1.0,False,1.0,False,0.002139776275947752,0.9618294360385146
10,15,22,3,3.1234705228031148,0.9604700854700856,1.0,1.0,False,1.0,False,1.0,False,0.002139776275947752,0.9618294360385146
10,15,23,5,3.1234705228031148,1.6007834757834758,0.24957369947482808,1.0,False,1.0,False,0.9857592345811885,False,0.003515292094379664,1.580123796423659
10,15,24,3,3.1234705228031148,0.9604700854700856,1.0,1.0,False,1.0,False,1.0,False,0.002139776275947752,0.9618294360385146
10,15,25,2,3.1234705228031148,0.6403133903133903,0.7762736999601787,1.0,False,1.0,False,1.0,False,0.0014520183667317958,0.6526822558459422
10,15,26,1,3.1234705228031148,0.32015669515669515,0.38684745045633295,1.0,False,1.0,False,0.9857592345811885,False,0.0007642604575158399,0.34353507565337005
10,15,27,3,3.1234705228031148,0.9604700854700856,1.0,1.0,False,1.0,False,1.0,False,0.002139776275947752,0.9618294360385146
10,15,28,2,3.1234705228031148,0.6403133903133903,0.7762736999601787,1.0,False,1.0,False,1.0,False,0.0014520183667317958,0.6526822558459422
10,15,29,3,3.1234705228031148,0.9604700854700856,1.0,1.0,False,1.0,False,1.0,False,0.002139776275947752,0.9618294360385146
10,15,30,4,3.1234705228031148,1.2806267806267806,0.5615634740660312,1.0,False,1.0,False,0.9957506177226078,False,0.0028275341851637078,1.2709766162310867
10,15,31,4,3.1234705228031148,1.2806267806267806,0.5615634740660312,1.0,False,1.0,False,0.9957506177226078,False,0.0028275341851637078,1.2709766162310867
10,16,17,4,3.1234705228031148,1.2806267806267806,0.5615634740660312,1.0,False,1.0,False,0.9957506177226078,False,0.0028275341851637078,1.2709766162310867
10,16,18,2,3.1234705228031148,0.6403133903133903,0.7762736999601787,1.0,False,1.0,False,1.0,False,0.0014520183667317958,0.6526822558459422
10,16,19,3,3.1234705228031148,0.9604700854700856,1.0,1.0,False,1.0,False,1.0,False,0.002139776275947752,0.9618294360385146
10,16,20,5,3.1234705228031148,1.6007834757834758,0.24957369947482808,1.0,False,1.0,False,0.9857592345811885,False,0.003515292094379664,1.580123796423659
10,16,21,7,3.1234705228031148,2.241096866096866,0.03994014992889243,1.0,False,1.0,False,0.9857592345811885,False,0.004890807912811576,2.1984181568088035
10,16,22,5,3.1234705228031148,1.6007834757834758,0.24957369947482808,1.0,False,1.0,False,0.9857592345811885,False,0.003515292094379664,1.580123796423659
10,16,23,4,3.1234705228031148,1.2806267806267806,0.5615634740660312,1.0,False,1.0,False,0.9957506177226078,False,0.0028275341851637078,1.2709766162310867
10,16,24,5,3.1234705228031148,1.6007834757834758,0.24957369947482808,1.0,False,1.0,False,0.9857592345811885,False,0.003515292094379664,1.580123796423659
10,16,25,3,3.1234705228031148,0.9604700854700856,1.0,1.0,False,1.0,False,1.0,False,0.002139776275947752,0.9618294360385146
10,16,26,3,3.1234705228031148,0.9604700854700856,1.0,1.0,False,1.0,False,1.0,False,0.002139776275947752,0.9618294360385146
10,16,27,2,3.1234705228031148,0.6403133903133903,0.7762736999601787,1.0,False,1.0,False,1.0,False,0.0014520183667317958,0.6526822558459422
10,16,28,4,3.1234705228031148,1.2806267806267806,0.5615634740660312,1.0,False,1.0,False,0.9957506177226078,False,0.0028275341851637078,1.2709766162310867
10,16,29,3,3.1234705228031148,0.9604700854700856,1.0,1.0,False,1.0,False,1.0,False,0.002139776275947752,0.9618294360385146
10,16,30,6,3.1234705228031148,1.9209401709401712,0.14049792107858372,1.0,False,1.0,False,0.9857592345811885,False,0.00420305000359562,1.8892709766162312
10,16,31,3,3.1234705228031148,0.9604700854700856,1.0,1.0,False,1.0,False,1.0,False,0.002139776275947752,0.9618294360385146
10,17,18,2,3.1234705228031148,0.6403133903133903,0.7762736999601787,1.0,False,1.0,False,1.0,False,0.0014520183667317958,0.6526822558459422
10,17,19,3,3.1234705228031148,0.9604700854700856,1.0,1.0,False,1.0,False,1.0,False,0.002139776275947752,0.9618294360385146
10,17,20,3,3.1234705228031148,0.9604700854700856,1.0,1.0,False,1.0,False,1.0,False,0.002139776275947752,0.9618294360385146
10,17,21,3,3.1234705228031148,0.9604700854700856,1.0,1.0,False,1.0,False,1.0,False,0.002139776275947752,0.9618294360385146
10,17,22,2,3.1234705228031148,0.6403133903133903,0.7762736999601787,1.0,False,1.0,False,1.0,False,0.0014520183667317958,0.6526822558459422
10,17,23,4,3.1234705228031148,1.2806267806267806,0.5615634740660312,1.0,False,1.0,False,0.9957506177226078,False,0.0028275341851637078,1.2709766162310867
10,17,24,3,3.1234705228031148,0.9604700854700856,1.0,1.0,False,1.0,False,1.0,False,0.002139776275947752,0.9618294360385146
10,17,25,3,3.1234705228031148,0.9604700854700856,1.0,1.0,False,1.0,False,1.0,False,0.002139776275947752,0.9618294360385146
10,17,26,1,3.1234705228031148,0.32015669515669515,0.38684745045633295,1.0,False,1.0,False,0.9857592345811885,False,0.0007642604575158399,0.34353507565337005
10,17,27,2,3.1234705228031148,0.6403133903133903,0.7762736999601787,1.0,False,1.0,False,1.0,False,0.0014520183667317958,0.6526822558459422
10,17,28,3,3.1234705228031148,0.9604700854700856,1.0,1.0,False,1.0,False,1.0,False,0.002139776275947752,0.9618294360385146
10,17,29,5,3.1234705228031148,1.6007834757834758,0.24957369947482808,1.0,False,1.0,False,0.9857592345811885,False,0.003515292094379664,1.580123796423659
10,17,30,5,3.1234705228031148,1.6007834757834758,0.24957369947482808,1.0,False,1.0,False,0.9857592345811885,False,0.003515292094379664,1.580123796423659
10,17,31,5,3.1234705228031148,1.6007834757834758,0.24957369947482808,1.0,False,1.0,False,0.9857592345811885,False,0.003515292094379664,1.580123796423659
10,18,19,2,3.1234705228031148,0.6403133903133903,0.7762736999601787,1.0,False,1.0,False,1.0,False,0.0014520183667317958,0.6526822558459422
10,18,20,5,3.1234705228031148,1.6007834757834758,0.24957369947482808,1.0,False,1.0,False,0.9857592345811885,False,0.003515292094379664,1.580123796423659
10,18,21,2,3.1234705228031148,0.6403133903133903,0.7762736999601787,1.0,False,1.0,False,1.0,False,0.0014520183667317958,0.6526822558459422
10,18,22,3,3.1234705228031148,0.9604700854700856,1.0,1.0,False,1.0,False,1.0,False,0.002139776275947752,0.9618294360385146
10,18,23,2,3.1234705228031148,0.6403133903133903,0.7762736999601787,1.0,False,1.0,False,1.0,False,0.0014520183667317958,0.6526822558459422
10,18,24,3,3.1234705228031148,0.9604700854700856,1.0,1.0,False,1.0,False,1.0,False,0.002139776275947752,0.9618294360385146
10,18,25,5,3.1234705228031148,1.6007834757834758,0.24957369947482808,1.0,False,1.0,False,0.9857592345811885,False,0.003515292094379664,1.580123796423659
10,18,26,3,3.1234705228031148,0.9604700854700856,1.0,1.0,False,1.0,False,1.0,False,0.002139776275947752,0.9618294360385146
10,18,27,4,3.1234705228031148,1.2806267806267806,0.5615634740660312,1.0,False,1.0,False,0.9957506177226078,False,0.0028275341851637078,1.2709766162310867
10,18,28,4,3.1234705228031148,1.2806267806267806,0.5615634740660312,1.0,False,1.0,False,0.9957506177226078,False,0.0028275341851637078,1.2709766162310867
10,18,29,3,3.1234705228031148,0.9604700854700856,1.0,1.0,False,1.0,False,1.0,False,0.002139776275947752,0.9618294360385146
10,18,30,1,3.1234705228031148,0.32015669515669515,0.38684745045633295,1.0,False,1.0,False,0.9857592345811885,False,0.0007642604575158399,0.34353507565337005
10,18,31,3,3.1234705228031148,0.9604700854700856,1.0,1.0,False,1.0,False,1.0,False,0.002139776275947752,0.9618294360385146
10,19,20,2,3.1234705228031148,0.6403133903133903,0.7762736999601787,1.0,False,1.0,False,1.0,False,0.0014520183667317958,0.6526822558459422
10,19,21,5,3.1234705228031148,1.6007834757834758,0.24957369947482808,1.0,False,1.0,False,0.9857592345811885,False,0.003515292094379664,1.580123796423659
10,19,22,3,3.1234705228031148,0.9604700854700856,1.0,1.0,False,1.0,False,1.0,False,0.002139776275947752,0.9618294360385146
10,19,23,4,3.1234705228031148,1.2806267806267806,0.5615634740660312,1.0,False,1.0,False,0.9957506177226078,False,0.0028275341851637078,1.2709766162310867
10,19,24,3,3.1234705228031148,0.9604700854700856,1.0,1.0,False,1.0,False,1.0,False,0.002139776275947752,0.9618294360385146
10,19,25,2,3.1234705228031148,0.6403133903133903,0.7762736999601787,1.0,False,1.0,False,1.0,False,0.0014520183667317958,0.6526822558459422
10,19,26,4,3.1234705228031148,1.2806267806267806,0.5615634740660312,1.0,False,1.0,False,0.9957506177226078,False,0.0028275341851637078,1.2709766162310867
10,19,27,2,3.1234705228031148,0.6403133903133903,0.7762736999601787,1.0,False,1.0,False,1.0,False,0.0014520183667317958,0.6526822558459422
10,19,28,4,3.1234705228031148,1.2806267806267806,0.5615634740660312,1.0,False,1.0,False,0.9957506177226078,False,0.0028275341851637078,1.2709766162310867
10,19,29,3,3.1234705228031148,0.9604700854700856,1.0,1.0,False,1.0,False,1.0,False,0.002139776275947752,0.9618294360385146
10,19,30,3,3.1234705228031148,0.9604700854700856,1.0,1.0,False,1.0,False,1.0,False,0.002139776275947752,0.9618294360385146
10,19,31,6,3.1234705228031148,1.9209401709401712,0.14049792107858372,1.0,False,1.0,False,0.9857592345811885,False,0.00420305000359562,1.8892709766162312
10,20,21,5,3.1234705228031148,1.6007834757834758,0.24957369947482808,1.0,False,1.0,False,0.9857592345811885,False,0.003515292094379664,1.580123796423659
10,20,22,4,3.1234705228031148,1.2806267806267806,0.5615634740660312,1.0,False,1.0,False,0.9957506177226078,False,0.0028275341851637078,1.2709766162310867
10,20,23,5,3.1234705228031148,1.6007834757834758,0.24957369947482808,1.0,False,1.0,False,0.9857592345811885,False,0.003515292094379664,1.580123796423659
10,20,24,8,3.1234705228031148,2.561253561253561,0.01468912435960452,1.0,False,1.0,False,0.956921941977135,False,0.005578565822027533,2.5075653370013757
10,20,25,6,3.1234705228031148,1.9209401709401712,0.14049792107858372,1.0,False,1.0,False,0.9857592345811885,False,0.00420305000359562,1.8892709766162312
10,20,26,2,3.1234705228031148,0.6403133903133903,0.7762736999601787,1.0,False,1.0,False,1.0,False,0.0014520183667317958,0.6526822558459422
10,20,27,9,3.1234705228031148,2.8814102564102564,0.004857551695085205,1.0,False,1.0,False,0.956921941977135,False,0.006266323731243488,2.816712517193948
10,20,28,5,3.1234705228031148,1.6007834757834758,0.24957369947482808,1.0,False,1.0,False,0.9857592345811885,False,0.003515292094379664,1.580123796423659
10,20,29,2,3.1234705228031148,0.6403133903133903,0.7762736999601787,1.0,False,1.0,False,1.0,False,0.0014520183667317958,0.6526822558459422
10,20,30,2,3.1234705228031148,0.6403133903133903,0.7762736999601787,1.0,False,1.0,False,1.0,False,0.0014520183667317958,0.6526822558459422
10,20,31,7,3.1234705228031148,2.241096866096866,0.03994014992889243,1.0,False,1.0,False,0.9857592345811885,False,0.004890807912811576,2.1984181568088035
10,21,22,0,3.1234705228031148,0.0,0.08379148704798318,1.0,False,1.0,False,0.9857592345811885,False,7.650254829988387e-05,0.0343878954607978
10,21,23,3,3.1234705228031148,0.9604700854700856,1.0,1.0,False,1.0,False,1.0,False,0.002139776275947752,0.9618294360385146
10,21,24,6,3.1234705228031148,1.9209401709401712,0.14049792107858372,1.0,False,1.0,False,0.9857592345811885,False,0.00420305000359562,1.8892709766162312
10,21,25,2,3.1234705228031148,0.6403133903133903,0.7762736999601787,1.0,False,1.0,False,1.0,False,0.0014520183667317958,0.6526822558459422
10,21,26,1,3.1234705228031148,0.32015669515669515,0.38684745045633295,1.0,False,1.0,False,0.9857592345811885,False,0.0007642604575158399,0.34353507565337005
10,21,27,6,3.1234705228031148,1.9209401709401712,0.14049792107858372,1.0,False,1.0,False,0.9857592345811885,False,0.00420305000359562,1.8892709766162312
10,21,28,6,3.1234705228031148,1.9209401709401712,0.14049792107858372,1.0,False,1.0,False,0.9857592345811885,False,0.00420305000359562,1.8892709766162312
10,21,29,3,3.1234705228031148,0.9604700854700856,1.0,1.0,False,1.0,False,1.0,False,0.002139776275947752,0.9618294360385146
10,21,30,5,3.1234705228031148,1.6007834757834758,0.24957369947482808,1.0,False,1.0,False,0.9857592345811885,False,0.003515292094379664,1.580123796423659
10,21,31,5,3.1234705228031148,1.6007834757834758,0.24957369947482808,1.0,False,1.0,False,0.9857592345811885,False,0.003515292094379664,1.580123796423659
10,22,23,4,3.1234705228031148,1.2806267806267806,0.5615634740660312,1.0,False,1.0,False,0.9957506177226078,False,0.0028275341851637078,1.2709766162310867
10,22,24,4,3.1234705228031148,1.2806267806267806,0.5615634740660312,1.0,False,1.0,False,0.9957506177226078,False,0.0028275341851637078,1.2709766162310867
10,22,25,2,3.1234705228031148,0.6403133903133903,0.7762736999601787,1.0,False,1.0,False,1.0,False,0.0014520183667317958,0.6526822558459422
10,22,26,5,3.1234705228031148,1.6007834757834758,0.24957369947482808,1.0,False,1.0,False,0.9857592345811885,False,0.003515292094379664,1.580123796423659
10,22,27,5,3.1234705228031148,1.6007834757834758,0.24957369947482808,1.0,False,1.0,False,0.9857592345811885,False,0.003515292094379664,1.580123796423659
10,22,28,2,3.1234705228031148,0.6403133903133903,0.7762736999601787,1.0,False,1.0,False,1.0,False,0.0014520183667317958,0.6526822558459422
10,22,29,1,3.1234705228031148,0.32015669515669515,0.38684745045633295,1.0,False,1.0,False,0.9857592345811885,False,0.0007642604575158399,0.34353507565337005
10,22,30,4,3.1234705228031148,1.2806267806267806,0.5615634740660312,1.0,False,1.0,False,0.9957506177226078,False,0.0028275341851637078,1.2709766162310867
10,22,31,6,3.1234705228031148,1.9209401709401712,0.14049792107858372,1.0,False,1.0,False,0.9857592345811885,False,0.00420305000359562,1.8892709766162312
10,23,24,5,3.1234705228031148,1.6007834757834758,0.24957369947482808,1.0,False,1.0,False,0.9857592345811885,False,0.003515292094379664,1.580123796423659
10,23,25,4,3.1234705228031148,1.2806267806267806,0.5615634740660312,1.0,False,1.0,False,0.9957506177226078,False,0.0028275341851637078,1.2709766162310867
10,23,26,4,3.1234705228031148,1.2806267806267806,0.5615634740660312,1.0,False,1.0,False,0.9957506177226078,False,0.0028275341851637078,1.2709766162310867
10,23,27,5,3.1234705228031148,1.6007834757834758,0.24957369947482808,1.0,False,1.0,False,0.9857592345811885,False,0.003515292094379664,1.580123796423659
10,23,28,3,3.1234705228031148,0.9604700854700856,1.0,1.0,False,1.0,False,1.0,False,0.002139776275947752,0.9618294360385146
10,23,29,4,3.1234705228031148,1.2806267806267806,0.5615634740660312,1.0,False,1.0,False,0.9957506177226078,False,0.0028275341851637078,1.2709766162310867
10,23,30,4,3.1234705228031148,1.2806267806267806,0.5615634740660312,1.0,False,1.0,False,0.9957506177226078,False,0.0028275341851637078,1.2709766162310867
10,23,31,2,3.1234705228031148,0.6403133903133903,0.7762736999601787,1.0,False,1.0,False,1.0,False,0.0014520183667317958,0.6526822558459422
10,24,25,4,3.1234705228031148,1.2806267806267806,0.5615634740660312,1.0,False,1.0,False,0.9957506177226078,False,0.0028275341851637078,1.2709766162310867
10,24,26,2,3.1234705228031148,0.6403133903133903,0.7762736999601787,1.0,False,1.0,False,1.0,False,0.0014520183667317958,0.6526822558459422
10,24,27,5,3.1234705228031148,1.6007834757834758,0.24957369947482808,1.0,False,1.0,False,0.9857592345811885,False,0.003515292094379664,1.580123796423659
10,24,28,2,3.1234705228031148,0.6403133903133903,0.7762736999601787,1.0,False,1.0,False,1.0,False,0.0014520183667317958,0.6526822558459422
10,24,29,2,3.1234705228031148,0.6403133903133903,0.7762736999601787,1.0,False,1.0,False,1.0,False,0.0014520183667317958,0.6526822558459422
10,24,30,5,3.1234705228031148,1.6007834757834758,0.24957369947482808,1.0,False,1.0,False,0.9857592345811885,False,0.003515292094379664,1.580123796423659
10,24,31,4,3.1234705228031148,1.2806267806267806,0.5615634740660312,1.0,False,1.0,False,0.9957506177226078,False,0.0028275341851637078,1.2709766162310867
10,25,26,0,3.1234705228031148,0.0,0.08379148704798318,1.0,False,1.0,False,0.9857592345811885,False,7.650254829988387e-05,0.0343878954607978
10,25,27,5,3.1234705228031148,1.6007834757834758,0.24957369947482808,1.0,False,1.0,False,0.9857592345811885,False,0.003515292094379664,1.580123796423659
10,25,28,4,3.1234705228031148,1.2806267806267806,0.5615634740660312,1.0,False,1.0,False,0.9957506177226078,False,0.0028275341851637078,1.2709766162310867
10,25,29,0,3.1234705228031148,0.0,0.08379148704798318,1.0,False,1.0,False,0.9857592345811885,False,7.650254829988387e-05,0.0343878954607978
10,25,30,2,3.1234705228031148,0.6403133903133903,0.7762736999601787,1.0,False,1.0,False,1.0,False,0.0014520183667317958,0.6526822558459422
10,25,31,4,3.1234705228031148,1.2806267806267806,0.5615634740660312,1.0,False,1.0,False,0.9957506177226078,False,0.0028275341851637078,1.2709766162310867
10,26,27,3,3.1234705228031148,0.9604700854700856,1.0,1.0,False,1.0,False,1.0,False,0.002139776275947752,0.9618294360385146
10,26,28,5,3.1234705228031148,1.6007834757834758,0.24957369947482808,1.0,False,1.0,False,0.9857592345811885,False,0.003515292094379664,1.580123796423659
10,26,29,0,3.1234705228031148,0.0,0.08379148704798318,1.0,False,1.0,False,0.9857592345811885,False,7.650254829988387e-05,0.0343878954607978
10,26,30,3,3.1234705228031148,0.9604700854700856,1.0,1.0,False,1.0,False,1.0,False,0.002139776275947752,0.9618294360385146
10,26,31,1,3.1234705228031148,0.32015669515669515,0.38684745045633295,1.0,False,1.0,False,0.9857592345811885,False,0.0007642604575158399,0.34353507565337005
10,27,28,5,3.1234705228031148,1.6007834757834758,0.24957369947482808,1.0,False,1.0,False,0.9857592345811885,False,0.003515292094379664,1.580123796423659
10,27,29,4,3.1234705228031148,1.2806267806267806,0.5615634740660312,1.0,False,1.0,False,0.9957506177226078,False,0.0028275341851637078,1.2709766162310867
10,27,30,3,3.1234705228031148,0.9604700854700856,1.0,1.0,False,1.0,False,1.0,False,0.002139776275947752,0.9618294360385146
10,27,31,4,3.1234705228031148,1.2806267806267806,0.5615634740660312,1.0,False,1.0,False,0.9957506177226078,False,0.0028275341851637078,1.2709766162310867
10,28,29,2,3.1234705228031148,0.6403133903133903,0.7762736999601787,1.0,False,1.0,False,1.0,False,0.0014520183667317958,0.6526822558459422
10,28,30,2,3.1234705228031148,0.6403133903133903,0.7762736999601787,1.0,False,1.0,False,1.0,False,0.0014520183667317958,0.6526822558459422
10,28,31,4,3.1234705228031148,1.2806267806267806,0.5615634740660312,1.0,False,1.0,False,0.9957506177226078,False,0.0028275341851637078,1.2709766162310867
10,29,30,8,3.1234705228031148,2.561253561253561,0.01468912435960452,1.0,False,1.0,False,0.956921941977135,False,0.005578565822027533,2.5075653370013757
10,29,31,2,3.1234705228031148,0.6403133903133903,0.7762736999601787,1.0,False,1.0,False,1.0,False,0.0014520183667317958,0.6526822558459422
10,30,31,5,3.1234705228031148,1.6007834757834758,0.24957369947482808,1.0,False,1.0,False,0.9857592345811885,False,0.003515292094379664,1.580123796423659
11,12,13,3,3.1234705228031148,0.9604700854700856,1.0,1.0,False,1.0,False,1.0,False,0.002139776275947752,0.9618294360385146
11,12,14,4,3.1234705228031148,1.2806267806267806,0.5615634740660312,1.0,False,1.0,False,0.9957506177226078,False,0.0028275341851637078,1.2709766162310867
11,12,15,3,3.1234705228031148,0.9604700854700856,1.0,1.0,False,1.0,False,1.0,False,0.002139776275947752,0.9618294360385146
11,12,16,1,3.1234705228031148,0.32015669515669515,0.38684745045633295,1.0,False,1.0,False,0.9857592345811885,False,0.0007642604575158399,0.34353507565337005
11,12,17,4,3.1234705228031148,1.2806267806267806,0.5615634740660312,1.0,False,1.0,False,0.9957506177226078,False,0.0028275341851637078,1.2709766162310867
11,12,18,6,3.1234705228031148,1.9209401709401712,0.14049792107858372,1.0,False,1.0,False,0.9857592345811885,False,0.00420305000359562,1.8892709766162312
11,12,19,2,3.1234705228031148,0.6403133903133903,0.7762736999601787,1.0,False,1.0,False,1.0,False,0.0014520183667317958,0.6526822558459422
11,12,20,3,3.1234705228031148,0.9604700854700856,1.0,1.0,False,1.0,False,1.0,False,0.002139776275947752,0.9618294360385146
11,12,21,4,3.1234705228031148,1.2806267806267806,0.5615634740660312,1.0,False,1.0,False,0.9957506177226078,False,0.0028275341851637078,1.2709766162310867
11,12,22,1,3.1234705228031148,0.32015669515669515,0.38684745045633295,1.0,False,1.0,False,0.9857592345811885,False,0.0007642604575158399,0.34353507565337005
11,12,23,5,3.1234705228031148,1.6007834757834758,0.24957369947482808,1.0,False,1.0,False,0.9857592345811885,False,0.003515292094379664,1.580123796423659
11,12,24,5,3.1234705228031148,1.6007834757834758,0.24957369947482808,1.0,False,1.0,False,0.9857592345811885,False,0.003515292094379664,1.580123796423659
11,12,25,2,3.1234705228031148,0.6403133903133903,0.7762736999601787,1.0,False,1.0,False,1.0,False,0.0014520183667317958,0.6526822558459422
11,12,26,2,3.1234705228031148,0.6403133903133903,0.7762736999601787,1.0,False,1.0,False,1.0,False,0.0014520183667317958,0.6526822558459422
11,12,27,1,3.1234705228031148,0.32015669515669515,0.38684745045633295,1.0,False,1.0,False,0.9857592345811885,False,0.0007642604575158399,0.34353507565337005
11,12,28,5,3.1234705228031148,1.6007834757834758,0.24957369947482808,1.0,False,1.0,False,0.9857592345811885,False,0.003515292094379664,1.580123796423659
11,12,29,1,3.1234705228031148,0.32015669515669515,0.38684745045633295,1.0,False,1.0,False,0.9857592345811885,False,0.0007642604575158399,0.34353507565337005
11,12,30,3,3.1234705228031148,0.9604700854700856,1.0,1.0,False,1.0,False,1.0,False,0.002139776275947752,0.9618294360385146
11,12,31,5,3.1234705228031148,1.6007834757834758,0.24957369947482808,1.0,False,1.0,False,0.9857592345811885,False,0.003515292094379664,1.580123796423659
11,13,14,3,3.1234705228031148,0.9604700854700856,1.0,1.0,False,1.0,False,1.0,False,0.002139776275947752,0.9618294360385146
11,13,15,4,3.1234705228031148,1.2806267806267806,0.5615634740660312,1.0,False,1.0,False,0.9957506177226078,False,0.0028275341851637078,1.2709766162310867
11,13,16,9,3.1234705228031148,2.8814102564102564,0.004857551695085205,1.0,False,1.0,False,0.956921941977135,False,0.006266323731243488,2.816712517193948
11,13,17,3,3.1234705228031148,0.9604700854700856,1.0,1.0,False,1.0,False,1.0,False,0.002139776275947752,0.9618294360385146
11,13,18,4,3.1234705228031148,1.2806267806267806,0.5615634740660312,1.0,False,1.0,False,0.9957506177226078,False,0.0028275341851637078,1.2709766162310867
11,13,19,1,3.1234705228031148,0.32015669515669515,0.38684745045633295,1.0,False,1.0,False,0.9857592345811885,False,0.0007642604575158399,0.34353507565337005
11,13,20,2,3.1234705228031148,0.6403133903133903,0.7762736999601787,1.0,False,1.0,False,1.0,False,0.0014520183667317958,0.6526822558459422
11,13,21,3,3.1234705228031148,0.9604700854700856,1.0,1.0,False,1.0,False,1.0,False,0.002139776275947752,0.9618294360385146
11,13,22,1,3.1234705228031148,0.32015669515669515,0.38684745045633295,1.0,False,1.0,False,0.9857592345811885,False,0.0007642604575158399,0.34353507565337005
11,13,23,2,3.1234705228031148,0.6403133903133903,0.7762736999601787,1.0,False,1.0,False,1.0,False,0.0014520183667317958,0.6526822558459422
11,13,24,2,3.1234705228031148,0.6403133903133903,0.7762736999601787,1.0,False,1.0,False,1.0,False,0.0014520183667317958,0.6526822558459422
11,13,25,3,3.1234705228031148,0.9604700854700856,1.0,1.0,False,1.0,False,1.0,False,0.002139776275947752,0.9618294360385146
11,13,26,5,3.1234705228031148,1.6007834757834758,0.24957369947482808,1.0,False,1.0,False,0.9857592345811885,False,0.003515292094379664,1.580123796423659
11,13,27,3,3.1234705228031148,0.9604700854700856,1.0,1.0,False,1.0,False,1.0,False,0.002139776275947752,0.9618294360385146
11,13,28,4,3.1234705228031148,1.2806267806267806,0.5615634740660312,1.0,False,1.0,False,0.9957506177226078,False,0.0028275341851637078,1.2709766162310867
11,13,29,1,3.1234705228031148,0.32015669515669515,0.38684745045633295,1.0,False,1.0,False,0.9857592345811885,False,0.0007642604575158399,0.34353507565337005
11,13,30,3,3.1234705228031148,0.9604700854700856,1.0,1.0,False,1.0,False,1.0,False,0.002139776275947752,0.9618294360385146
11,13,31,3,3.1234705228031148,0.9604700854700856,1.0,1.0,False,1.0,False,1.0,False,0.002139776275947752,0.9618294360385146
11,14,15,3,3.1234705228031148,0.9604700854700856,1.0,1.0,False,1.0,False,1.0,False,0.002139776275947752,0.9618294360385146
11,14,16,2,3.1234705228031148,0.6403133903133903,0.7762736999601787,1.0,False,1.0,False,1.0,False,0.0014520183667317958,0.6526822558459422
11,14,17,5,3.1234705228031148,1.6007834757834758,0.24957369947482808,1.0,False,1.0,False,0.9857592345811885,False,0.003515292094379664,1.580123796423659
11,14,18,4,3.1234705228031148,1.2806267806267806,0.5615634740660312,1.0,False,1.0,False,0.9957506177226078,False,0.0028275341851637078,1.2709766162310867
11,14,19,3,3.1234705228031148,0.9604700854700856,1.0,1.0,False,1.0,False,1.0,False,0.002139776275947752,0.9618294360385146
11,14,20,5,3.1234705228031148,1.6007834757834758,0.24957369947482808,1.0,False,1.0,False,0.9857592345811885,False,0.003515292094379664,1.580123796423659
11,14,21,6,3.1234705228031148,1.9209401709401712,0.14049792107858372,1.0,False,1.0,False,0.9857592345811885,False,0.00420305000359562,1.8892709766162312
11,14,22,7,3.1234705228031148,2.241096866096866,0.03994014992889243,1.0,False,1.0,False,0.9857592345811885,False,0.004890807912811576,2.1984181568088035
11,14,23,3,3.1234705228031148,0.9604700854700856,1.0,1.0,False,1.0,False,1.0,False,0.002139776275947752,0.9618294360385146
11,14,24,1,3.1234705228031148,0.32015669515669515,0.38684745045633295,1.0,False,1.0,False,0.9857592345811885,False,0.0007642604575158399,0.34353507565337005
11,14,25,2,3.1234705228031148,0.6403133903133903,0.7762736999601787,1.0,False,1.0,False,1.0,False,0.0014520183667317958,0.6526822558459422
11,14,26,2,3.1234705228031148,0.6403133903133903,0.7762736999601787,1.0,False,1.0,False,1.0,False,0.0014520183667317958,0.6526822558459422
11,14,27,2,3.1234705228031148,0.6403133903133903,0.7762736999601787,1.0,False,1.0,False,1.0,False,0.0014520183667317958,0.6526822558459422
11,14,28,6,3.1234705228031148,1.9209401709401712,0.14049792107858372,1.0,False,1.0,False,0.9857592345811885,False,0.00420305000359562,1.8892709766162312
11,14,29,7,3.1234705228031148,2.241096866096866,0.03994014992889243,1.0,False,1.0,False,0.9857592345811885,False,0.004890807912811576,2.1984181568088035
11,14,30,6,3.1234705228031148,1.9209401709401712,0.14049792107858372,1.0,False,1.0,False,0.9857592345811885,False,0.00420305000359562,1.8892709766162312
11,14,31,6,3.1234705228031148,1.9209401709401712,0.14049792107858372,1.0,False,1.0,False,0.9857592345811885,False,0.00420305000359562,1.8892709766162312
11,15,16,2,3.1234705228031148,0.6403133903133903,0.7762736999601787,1.0,False,1.0,False,1.0,False,0.0014520183667317958,0.6526822558459422
11,15,17,1,3.1234705228031148,0.32015669515669515,0.38684745045633295,1.0,False,1.0,False,0.9857592345811885,False,0.0007642604575158399,0.34353507565337005
11,15,18,1,3.1234705228031148,0.32015669515669515,0.38684745045633295,1.0,False,1.0,False,0.9857592345811885,False,0.0007642604575158399,0.34353507565337005
11,15,19,3,3.1234705228031148,0.9604700854700856,1.0,1.0,False,1.0,False,1.0,False,0.002139776275947752,0.9618294360385146
11,15,20,4,3.1234705228031148,1.2806267806267806,0.5615634740660312,1.0,False,1.0,False,0.9957506177226078,False,0.0028275341851637078,1.2709766162310867
11,15,21,3,3.1234705228031148,0.9604700854700856,1.0,1.0,False,1.0,False,1.0,False,0.002139776275947752,0.9618294360385146
11,15,22,6,3.1234705228031148,1.9209401709401712,0.14049792107858372,1.0,False,1.0,False,0.9857592345811885,False,0.00420305000359562,1.8892709766162312
11,15,23,4,3.1234705228031148,1.2806267806267806,0.5615634740660312,1.0,False,1.0,False,0.9957506177226078,False,0.0028275341851637078,1.2709766162310867
11,15,24,2,3.1234705228031148,0.6403133903133903,0.7762736999601787,1.0,False,1.0,False,1.0,False,0.0014520183667317958,0.6526822558459422
11,15,25,2,3.1234705228031148,0.6403133903133903,0.7762736999601787,1.0,False,1.0,False,1.0,False,0.0014520183667317958,0.6526822558459422
11,15,26,5,3.1234705228031148,1.6007834757834758,0.24957369947482808,1.0,False,1.0,False,0.9857592345811885,False,0.003515292094379664,1.580123796423659
11,15,27,3,3.1234705228031148,0.9604700854700856,1.0,1.0,False,1.0,False,1.0,False,0.002139776275947752,0.9618294360385146
11,15,28,4,3.1234705228031148,1.2806267806267806,0.5615634740660312,1.0,False,1.0,False,0.9957506177226078,False,0.0028275341851637078,1.2709766162310867
11,15,29,2,3.1234705228031148,0.6403133903133903,0.7762736999601787,1.0,False,1.0,False,1.0,False,0.0014520183667317958,0.6526822558459422
11,15,30,1,3.1234705228031148,0.32015669515669515,0.38684745045633295,1.0,False,1.0,False,0.9857592345811885,False,0.0007642604575158399,0.34353507565337005
11,15,31,6,3.1234705228031148,1.9209401709401712,0.14049792107858372,1.0,False,1.0,False,0.9857592345811885,False,0.00420305000359562,1.8892709766162312
11,16,17,5,3.1234705228031148,1.6007834757834758,0.24957369947482808,1.0,False,1.0,False,0.9857592345811885,False,0.003515292094379664,1.580123796423659
11,16,18,4,3.1234705228031148,1.2806267806267806,0.5615634740660312,1.0,False,1.0,False,0.9957506177226078,False,0.0028275341851637078,1.2709766162310867
11,16,19,4,3.1234705228031148,1.2806267806267806,0.5615634740660312,1.0,False,1.0,False,0.9957506177226078,False,0.0028275341851637078,1.2709766162310867
11,16,20,5,3.1234705228031148,1.6007834757834758,0.24957369947482808,1.0,False,1.0,False,0.9857592345811885,False,0.003515292094379664,1.580123796423659
11,16,21,4,3.1234705228031148,1.2806267806267806,0.5615634740660312,1.0,False,1.0,False,0.9957506177226078,False,0.0028275341851637078,1.2709766162310867
11,16,22,3,3.1234705228031148,0.9604700854700856,1.0,1.0,False,1.0,False,1.0,False,0.002139776275947752,0.9618294360385146
11,16,23,5,3.1234705228031148,1.6007834757834758,0.24957369947482808,1.0,False,1.0,False,0.9857592345811885,False,0.003515292094379664,1.580123796423659
11,16,24,8,3.1234705228031148,2.561253561253561,0.01468912435960452,1.0,False,1.0,False,0.956921941977135,False,0.005578565822027533,2.5075653370013757
11,16,25,3,3.1234705228031148,0.9604700854700856,1.0,1.0,False,1.0,False,1.0,False,0.002139776275947752,0.9618294360385146
11,16,26,7,3.1234705228031148,2.241096866096866,0.03994014992889243,1.0,False,1.0,False,0.9857592345811885,False,0.004890807912811576,2.1984181568088035
11,16,27,2,3.1234705228031148,0.6403133903133903,0.7762736999601787,1.0,False,1.0,False,1.0,False,0.0014520183667317958,0.6526822558459422
11,16,28,2,3.1234705228031148,0.6403133903133903,0.7762736999601787,1.0,False,1.0,False,1.0,False,0.0014520183667317958,0.6526822558459422
11,16,29,4,3.1234705228031148,1.2806267806267806,0.5615634740660312,1.0,False,1.0,False,0.9957506177226078,False,0.0028275341851637078,1.2709766162310867
11,16,30,8,3.1234705228031148,2.561253561253561,0.01468912435960452,1.0,False,1.0,False,0.956921941977135,False,0.005578565822027533,2.5075653370013757
11,16,31,6,3.1234705228031148,1.9209401709401712,0.14049792107858372,1.0,False,1.0,False,0.9857592345811885,False,0.00420305000359562,1.8892709766162312
11,17,18,2,3.1234705228031148,0.6403133903133903,0.7762736999601787,1.0,False,1.0,False,1.0,False,0.0014520183667317958,0.6526822558459422
11,17,19,9,3.1234705228031148,2.8814102564102564,0.004857551695085205,1.0,False,1.0,False,0.956921941977135,False,0.006266323731243488,2.816712517193948
11,17,20,3,3.1234705228031148,0.9604700854700856,1.0,1.0,False,1.0,False,1.0,False,0.002139776275947752,0.9618294360385146
11,17,21,1,3.1234705228031148,0.32015669515669515,0.38684745045633295,1.0,False,1.0,False,0.9857592345811885,False,0.0007642604575158399,0.34353507565337005
11,17,22,6,3.1234705228031148,1.9209401709401712,0.14049792107858372,1.0,False,1.0,False,0.9857592345811885,False,0.00420305000359562,1.8892709766162312
11,17,23,1,3.1234705228031148,0.32015669515669515,0.38684745045633295,1.0,False,1.0,False,0.9857592345811885,False,0.0007642604575158399,0.34353507565337005
11,17,24,2,3.1234705228031148,0.6403133903133903,0.7762736999601787,1.0,False,1.0,False,1.0,False,0.0014520183667317958,0.6526822558459422
11,17,25,2,3.1234705228031148,0.6403133903133903,0.7762736999601787,1.0,False,1.0,False,1.0,False,0.0014520183667317958,0.6526822558459422
11,17,26,4,3.1234705228031148,1.2806267806267806,0.5615634740660312,1.0,False,1.0,False,0.9957506177226078,False,0.0028275341851637078,1.2709766162310867
11,17,27,0,3.1234705228031148,0.0,0.08379148704798318,1.0,False,1.0,False,0.9857592345811885,False,7.650254829988387e-05,0.0343878954607978
11,17,28,2,3.1234705228031148,0.6403133903133903,0.7762736999601787,1.0,False,1.0,False,1.0,False,0.0014520183667317958,0.6526822558459422
11,17,29,5,3.1234705228031148,1.6007834757834758,0.24957369947482808,1.0,False,1.0,False,0.9857592345811885,False,0.003515292094379664,1.580123796423659
11,17,30,8,3.1234705228031148,2.561253561253561,0.01468912435960452,1.0,False,1.0,False,0.956921941977135,False,0.005578565822027533,2.5075653370013757
11,17,31,5,3.1234705228031148,1.6007834757834758,0.24957369947482808,1.0,False,1.0,False,0.9857592345811885,False,0.003515292094379664,1.580123796423659
11,18,19,4,3.1234705228031148,1.2806267806267806,0.5615634740660312,1.0,False,1.0,False,0.9957506177226078,False,0.0028275341851637078,1.2709766162310867
11,18,20,6,3.1234705228031148,1.9209401709401712,0.14049792107858372,1.0,False,1.0,False,0.9857592345811885,False,0.00420305000359562,1.8892709766162312
11,18,21,3,3.1234705228031148,0.9604700854700856,1.0,1.0,False,1.0,False,1.0,False,0.002139776275947752,0.9618294360385146
11,18,22,3,3.1234705228031148,0.9604700854700856,1.0,1.0,False,1.0,False,1.0,False,0.002139776275947752,0.9618294360385146
11,18,23,1,3.1234705228031148,0.32015669515669515,0.38684745045633295,1.0,False,1.0,False,0.9857592345811885,False,0.0007642604575158399,0.34353507565337005
11,18,24,3,3.1234705228031148,0.9604700854700856,1.0,1.0,False,1.0,False,1.0,False,0.002139776275947752,0.9618294360385146
11,18,25,3,3.1234705228031148,0.9604700854700856,1.0,1.0,False,1.0,False,1.0,False,0.002139776275947752,0.9618294360385146
11,18,26,6,3.1234705228031148,1.9209401709401712,0.14049792107858372,1.0,False,1.0,False,0.9857592345811885,False,0.00420305000359562,1.8892709766162312
11,18,27,4,3.1234705228031148,1.2806267806267806,0.5615634740660312,1.0,False,1.0,False,0.9957506177226078,False,0.0028275341851637078,1.2709766162310867
11,18,28,3,3.1234705228031148,0.9604700854700856,1.0,1.0,False,1.0,False,1.0,False,0.002139776275947752,0.9618294360385146
11,18,29,3,3.1234705228031148,0.9604700854700856,1.0,1.0,False,1.0,False,1.0,False,0.002139776275947752,0.9618294360385146
11,18,30,7,3.1234705228031148,2.241096866096866,0.03994014992889243,1.0,False,1.0,False,0.9857592345811885,False,0.004890807912811576,2.1984181568088035
11,18,31,5,3.1234705228031148,1.6007834757834758,0.24957369947482808,1.0,False,1.0,False,0.9857592345811885,False,0.003515292094379664,1.580123796423659
11,19,20,5,3.1234705228031148,1.6007834757834758,0.24957369947482808,1.0,False,1.0,False,0.9857592345811885,False,0.003515292094379664,1.580123796423659
11,19,21,3,3.1234705228031148,0.9604700854700856,1.0,1.0,False,1.0,False,1.0,False,0.002139776275947752,0.9618294360385146
11,19,22,3,3.1234705228031148,0.9604700854700856,1.0,1.0,False,1.0,False,1.0,False,0.002139776275947752,0.9618294360385146
11,19,23,3,3.1234705228031148,0.9604700854700856,1.0,1.0,False,1.0,False,1.0,False,0.002139776275947752,0.9618294360385146
11,19,24,1,3.1234705228031148,0.32015669515669515,0.38684745045633295,1.0,False,1.0,False,0.9857592345811885,False,0.0007642604575158399,0.34353507565337005
11,19,25,3,3.1234705228031148,0.9604700854700856,1.0,1.0,False,1.0,False,1.0,False,0.002139776275947752,0.9618294360385146
11,19,26,1,3.1234705228031148,0.32015669515669515,0.38684745045633295,1.0,False,1.0,False,0.9857592345811885,False,0.0007642604575158399,0.34353507565337005
11,19,27,2,3.1234705228031148,0.6403133903133903,0.7762736999601787,1.0,False,1.0,False,1.0,False,0.0014520183667317958,0.6526822558459422
11,19,28,6,3.1234705228031148,1.9209401709401712,0.14049792107858372,1.0,False,1.0,False,0.9857592345811885,False,0.00420305000359562,1.8892709766162312
11,19,29,4,3.1234705228031148,1.2806267806267806,0.5615634740660312,1.0,False,1.0,False,0.9957506177226078,False,0.0028275341851637078,1.2709766162310867
11,19,30,5,3.1234705228031148,1.6007834757834758,0.24957369947482808,1.0,False,1.0,False,0.9857592345811885,False,0.003515292094379664,1.580123796423659
11,19,31,4,3.1234705228031148,1.2806267806267806,0.5615634740660312,1.0,False,1.0,False,0.9957506177226078,False,0.0028275341851637078,1.2709766162310867
11,20,21,0,3.1234705228031148,0.0,0.08379148704798318,1.0,False,1.0,False,0.9857592345811885,False,7.650254829988387e-05,0.0343878954607978
11,20,22,6,3.1234705228031148,1.9209401709401712,0.14049792107858372,1.0,False,1.0,False,0.9857592345811885,False,0.00420305000359562,1.8892709766162312
11,20,23,5,3.1234705228031148,1.6007834757834758,0.24957369947482808,1.0,False,1.0,False,0.9857592345811885,False,0.003515292094379664,1.580123796423659
11,20,24,1,3.1234705228031148,0.32015669515669515,0.38684745045633295,1.0,False,1.0,False,0.9857592345811885,False,0.0007642604575158399,0.34353507565337005
11,20,25,3,3.1234705228031148,0.9604700854700856,1.0,1.0,False,1.0,False,1.0,False,0.002139776275947752,0.9618294360385146
11,20,26,3,3.1234705228031148,0.9604700854700856,1.0,1.0,False,1.0,False,1.0,False,0.002139776275947752,0.9618294360385146
11,20,27,6,3.1234705228031148,1.9209401709401712,0.14049792107858372,1.0,False,1.0,False,0.9857592345811885,False,0.00420305000359562,1.8892709766162312
11,20,28,3,3.1234705228031148,0.9604700854700856,1.0,1.0,False,1.0,False,1.0,False,0.002139776275947752,0.9618294360385146
11,20,29,8,3.1234705228031148,2.561253561253561,0.01468912435960452,1.0,False,1.0,False,0.956921941977135,False,0.005578565822027533,2.5075653370013757
11,20,30,1,3.1234705228031148,0.32015669515669515,0.38684745045633295,1.0,False,1.0,False,0.9857592345811885,False,0.0007642604575158399,0.34353507565337005
11,20,31,5,3.1234705228031148,1.6007834757834758,0.24957369947482808,1.0,False,1.0,False,0.9857592345811885,False,0.003515292094379664,1.580123796423659
11,21,22,3,3.1234705228031148,0.9604700854700856,1.0,1.0,False,1.0,False,1.0,False,0.002139776275947752,0.9618294360385146
11,21,23,5,3.1234705228031148,1.6007834757834758,0.24957369947482808,1.0,False,1.0,False,0.9857592345811885,False,0.003515292094379664,1.580123796423659
11,21,24,1,3.1234705228031148,0.32015669515669515,0.38684745045633295,1.0,False,1.0,False,0.9857592345811885,False,0.0007642604575158399,0.34353507565337005
11,21,25,4,3.1234705228031148,1.2806267806267806,0.5615634740660312,1.0,False,1.0,False,0.9957506177226078,False,0.0028275341851637078,1.2709766162310867
11,21,26,4,3.1234705228031148,1.2806267806267806,0.5615634740660312,1.0,False,1.0,False,0.9957506177226078,False,0.0028275341851637078,1.2709766162310867
11,21,27,4,3.1234705228031148,1.2806267806267806,0.5615634740660312,1.0,False,1.0,False,0.9957506177226078,False,0.0028275341851637078,1.2709766162310867
11,21,28,1,3.1234705228031148,0.32015669515669515,0.38684745045633295,1.0,False,1.0,False,0.9857592345811885,False,0.0007642604575158399,0.34353507565337005
11,21,29,1,3.1234705228031148,0.32015669515669515,0.38684745045633295,1.0,False,1.0,False,0.9857592345811885,False,0.0007642604575158399,0.34353507565337005
11,21,30,4,3.1234705228031148,1.2806267806267806,0.5615634740660312,1.0,False,1.0,False,0.9957506177226078,False,0.0028275341851637078,1.2709766162310867
11,21,31,1,3.1234705228031148,0.32015669515669515,0.38684745045633295,1.0,False,1.0,False,0.9857592345811885,False,0.0007642604575158399,0.34353507565337005
11,22,23,3,3.1234705228031148,0.9604700854700856,1.0,1.0,False,1.0,False,1.0,False,0.002139776275947752,0.9618294360385146
11,22,24,1,3.1234705228031148,0.32015669515669515,0.38684745045633295,1.0,False,1.0,False,0.9857592345811885,False,0.0007642604575158399,0.34353507565337005
11,22,25,5,3.1234705228031148,1.6007834757834758,0.24957369947482808,1.0,False,1.0,False,0.9857592345811885,False,0.003515292094379664,1.580123796423659
11,22,26,6,3.1234705228031148,1.9209401709401712,0.14049792107858372,1.0,False,1.0,False,0.9857592345811885,False,0.00420305000359562,1.8892709766162312
11,22,27,2,3.1234705228031148,0.6403133903133903,0.7762736999601787,1.0,False,1.0,False,1.0,False,0.0014520183667317958,0.6526822558459422
11,22,28,2,3.1234705228031148,0.6403133903133903,0.7762736999601787,1.0,False,1.0,False,1.0,False,0.0014520183667317958,0.6526822558459422
11,22,29,6,3.1234705228031148,1.9209401709401712,0.14049792107858372,1.0,False,1.0,False,0.9857592345811885,False,0.00420305000359562,1.8892709766162312
11,22,30,8,3.1234705228031148,2.561253561253561,0.01468912435960452,1.0,False,1.0,False,0.956921941977135,False,0.005578565822027533,2.5075653370013757
11,22,31,3,3.1234705228031148,0.9604700854700856,1.0,1.0,False,1.0,False,1.0,False,0.002139776275947752,0.9618294360385146
11,23,24,2,3.1234705228031148,0.6403133903133903,0.7762736999601787,1.0,False,1.0,False,1.0,False,0.0014520183667317958,0.6526822558459422
11,23,25,5,3.1234705228031148,1.6007834757834758,0.24957369947482808,1.0,False,1.0,False,0.9857592345811885,False,0.003515292094379664,1.580123796423659
11,23,26,2,3.1234705228031148,0.6403133903133903,0.7762736999601787,1.0,False,1.0,False,1.0,False,0.0014520183667317958,0.6526822558459422
11,23,27,4,3.1234705228031148,1.2806267806267806,0.5615634740660312,1.0,False,1.0,False,0.9957506177226078,False,0.0028275341851637078,1.2709766162310867
11,23,28,4,3.1234705228031148,1.2806267806267806,0.5615634740660312,1.0,False,1.0,False,0.9957506177226078,False,0.0028275341851637078,1.2709766162310867
11,23,29,8,3.1234705228031148,2.561253561253561,0.01468912435960452,1.0,False,1.0,False,0.956921941977135,False,0.005578565822027533,2.5075653370013757
11,23,30,4,3.1234705228031148,1.2806267806267806,0.5615634740660312,1.0,False,1.0,False,0.9957506177226078,False,0.0028275341851637078,1.2709766162310867
11,23,31,3,3.1234705228031148,0.9604700854700856,1.0,1.0,False,1.0,False,1.0,False,0.002139776275947752,0.9618294360385146
11,24,25,3,3.1234705228031148,0.9604700854700856,1.0,1.0,False,1.0,False,1.0,False,0.002139776275947752,0.9618294360385146
11,24,26,4,3.1234705228031148,1.2806267806267806,0.5615634740660312,1.0,False,1.0,False,0.9957506177226078,False,0.0028275341851637078,1.2709766162310867
11,24,27,2,3.1234705228031148,0.6403133903133903,0.7762736999601787,1.0,False,1.0,False,1.0,False,0.0014520183667317958,0.6526822558459422
11,24,28,5,3.1234705228031148,1.6007834757834758,0.24957369947482808,1.0,False,1.0,False,0.9857592345811885,False,0.003515292094379664,1.580123796423659
11,24,29,6,3.1234705228031148,1.9209401709401712,0.14049792107858372,1.0,False,1.0,False,0.9857592345811885,False,0.00420305000359562,1.8892709766162312
11,24,30,4,3.1234705228031148,1.2806267806267806,0.5615634740660312,1.0,False,1.0,False,0.9957506177226078,False,0.0028275341851637078,1.2709766162310867
11,24,31,0,3.1234705228031148,0.0,0.08379148704798318,1.0,False,1.0,False,0.9857592345811885,False,7.650254829988387e-05,0.0343878954607978
11,25,26,4,3.1234705228031148,1.2806267806267806,0.5615634740660312,1.0,False,1.0,False,0.9957506177226078,False,0.0028275341851637078,1.2709766162310867
11,25,27,3,3.1234705228031148,0.9604700854700856,1.0,1.0,False,1.0,False,1.0,False,0.002139776275947752,0.9618294360385146
11,25,28,2,3.1234705228031148,0.6403133903133903,0.7762736999601787,1.0,False,1.0,False,1.0,False,0.0014520183667317958,0.6526822558459422
11,25,29,2,3.1234705228031148,0.6403133903133903,0.7762736999601787,1.0,False,1.0,False,1.0,False,0.0014520183667317958,0.6526822558459422
11,25,30,5,3.1234705228031148,1.6007834757834758,0.24957369947482808,1.0,False,1.0,False,0.9857592345811885,False,0.003515292094379664,1.580123796423659
11,25,31,2,3.1234705228031148,0.6403133903133903,0.7762736999601787,1.0,False,1.0,False,1.0,False,0.0014520183667317958,0.6526822558459422
11,26,27,3,3.1234705228031148,0.9604700854700856,1.0,1.0,False,1.0,False,1.0,False,0.002139776275947752,0.9618294360385146
11,26,28,3,3.1234705228031148,0.9604700854700856,1.0,1.0,False,1.0,False,1.0,False,0.002139776275947752,0.9618294360385146
11,26,29,1,3.1234705228031148,0.32015669515669515,0.38684745045633295,1.0,False,1.0,False,0.9857592345811885,False,0.0007642604575158399,0.34353507565337005
11,26,30,4,3.1234705228031148,1.2806267806267806,0.5615634740660312,1.0,False,1.0,False,0.9957506177226078,False,0.0028275341851637078,1.2709766162310867
11,26,31,5,3.1234705228031148,1.6007834757834758,0.24957369947482808,1.0,False,1.0,False,0.9857592345811885,False,0.003515292094379664,1.580123796423659
11,27,28,6,3.1234705228031148,1.9209401709401712,0.14049792107858372,1.0,False,1.0,False,0.9857592345811885,False,0.00420305000359562,1.8892709766162312
11,27,29,2,3.1234705228031148,0.6403133903133903,0.7762736999601787,1.0,False,1.0,False,1.0,False,0.0014520183667317958,0.6526822558459422
11,27,30,4,3.1234705228031148,1.2806267806267806,0.5615634740660312,1.0,False,1.0,False,0.9957506177226078,False,0.0028275341851637078,1.2709766162310867
11,27,31,4,3.1234705228031148,1.2806267806267806,0.5615634740660312,1.0,False,1.0,False,0.9957506177226078,False,0.0028275341851637078,1.2709766162310867
11,28,29,5,3.1234705228031148,1.6007834757834758,0.24957369947482808,1.0,False,1.0,False,0.9857592345811885,False,0.003515292094379664,1.580123796423659
11,28,30,4,3.1234705228031148,1.2806267806267806,0.5615634740660312,1.0,False,1.0,False,0.9957506177226078,False,0.0028275341851637078,1.2709766162310867
11,28,31,5,3.1234705228031148,1.6007834757834758,0.24957369947482808,1.0,False,1.0,False,0.9857592345811885,False,0.003515292094379664,1.580123796423659
11,29,30,7,3.1234705228031148,2.241096866096866,0.03994014992889243,1.0,False,1.0,False,0.9857592345811885,False,0.004890807912811576,2.1984181568088035
11,29,31,3,3.1234705228031148,0.9604700854700856,1.0,1.0,False,1.0,False,1.0,False,0.002139776275947752,0.9618294360385146
11,30,31,4,3.1234705228031148,1.2806267806267806,0.5615634740660312,1.0,False,1.0,False,0.9957506177226078,False,0.0028275341851637078,1.2709766162310867
12,13,14,2,3.1234705228031148,0.6403133903133903,0.7762736999601787,1.0,False,1.0,False,1.0,False,0.0014520183667317958,0.6526822558459422
12,13,15,2,3.1234705228031148,0.6403133903133903,0.7762736999601787,1.0,False,1.0,False,1.0,False,0.0014520183667317958,0.6526822558459422
12,13,16,4,3.1234705228031148,1.2806267806267806,0.5615634740660312,1.0,False,1.0,False,0.9957506177226078,False,0.0028275341851637078,1.2709766162310867
12,13,17,5,3.1234705228031148,1.6007834757834758,0.24957369947482808,1.0,False,1.0,False,0.9857592345811885,False,0.003515292094379664,1.580123796423659
12,13,18,2,3.1234705228031148,0.6403133903133903,0.7762736999601787,1.0,False,1.0,False,1.0,False,0.0014520183667317958,0.6526822558459422
12,13,19,4,3.1234705228031148,1.2806267806267806,0.5615634740660312,1.0,False,1.0,False,0.9957506177226078,False,0.0028275341851637078,1.2709766162310867
12,13,20,3,3.1234705228031148,0.9604700854700856,1.0,1.0,False,1.0,False,1.0,False,0.002139776275947752,0.9618294360385146
12,13,21,4,3.1234705228031148,1.2806267806267806,0.5615634740660312,1.0,False,1.0,False,0.9957506177226078,False,0.0028275341851637078,1.2709766162310867
12,13,22,2,3.1234705228031148,0.6403133903133903,0.7762736999601787,1.0,False,1.0,False,1.0,False,0.0014520183667317958,0.6526822558459422
12,13,23,4,3.1234705228031148,1.2806267806267806,0.5615634740660312,1.0,False,1.0,False,0.9957506177226078,False,0.0028275341851637078,1.2709766162310867
12,13,24,2,3.1234705228031148,0.6403133903133903,0.7762736999601787,1.0,False,1.0,False,1.0,False,0.0014520183667317958,0.6526822558459422
12,13,25,2,3.1234705228031148,0.6403133903133903,0.7762736999601787,1.0,False,1.0,False,1.0,False,0.0014520183667317958,0.6526822558459422
12,13,26,2,3.1234705228031148,0.6403133903133903,0.7762736999601787,1.0,False,1.0,False,1.0,False,0.0014520183667317958,0.6526822558459422
12,13,27,1,3.1234705228031148,0.32015669515669515,0.38684745045633295,1.0,False,1.0,False,0.9857592345811885,False,0.0007642604575158399,0.34353507565337005
12,13,28,2,3.1234705228031148,0.6403133903133903,0.7762736999601787,1.0,False,1.0,False,1.0,False,0.0014520183667317958,0.6526822558459422
12,13,29,3,3.1234705228031148,0.9604700854700856,1.0,1.0,False,1.0,False,1.0,False,0.002139776275947752,0.9618294360385146
12,13,30,2,3.1234705228031148,0.6403133903133903,0.7762736999601787,1.0,False,1.0,False,1.0,False,0.0014520183667317958,0.6526822558459422
12,13,31,2,3.1234705228031148,0.6403133903133903,0.7762736999601787,1.0,False,1.0,False,1.0,False,0.0014520183667317958,0.6526822558459422
12,14,15,2,3.1234705228031148,0.6403133903133903,0.7762736999601787,1.0,False,1.0,False,1.0,False,0.0014520183667317958,0.6526822558459422
12,14,16,2,3.1234705228031148,0.6403133903133903,0.7762736999601787,1.0,False,1.0,False,1.0,False,0.0014520183667317958,0.6526822558459422
12,14,17,2,3.1234705228031148,0.6403133903133903,0.7762736999601787,1.0,False,1.0,False,1.0,False,0.0014520183667317958,0.6526822558459422
12,14,18,5,3.1234705228031148,1.6007834757834758,0.24957369947482808,1.0,False,1.0,False,0.9857592345811885,False,0.003515292094379664,1.580123796423659
12,14,19,1,3.1234705228031148,0.32015669515669515,0.38684745045633295,1.0,False,1.0,False,0.9857592345811885,False,0.0007642604575158399,0.34353507565337005
12,14,20,3,3.1234705228031148,0.9604700854700856,1.0,1.0,False,1.0,False,1.0,False,0.002139776275947752,0.9618294360385146
12,14,21,2,3.1234705228031148,0.6403133903133903,0.7762736999601787,1.0,False,1.0,False,1.0,False,0.0014520183667317958,0.6526822558459422
12,14,22,2,3.1234705228031148,0.6403133903133903,0.7762736999601787,1.0,False,1.0,False,1.0,False,0.0014520183667317958,0.6526822558459422
12,14,23,2,3.1234705228031148,0.6403133903133903,0.7762736999601787,1.0,False,1.0,False,1.0,False,0.0014520183667317958,0.6526822558459422
12,14,24,5,3.1234705228031148,1.6007834757834758,0.24957369947482808,1.0,False,1.0,False,0.9857592345811885,False,0.003515292094379664,1.580123796423659
12,14,25,3,3.1234705228031148,0.9604700854700856,1.0,1.0,False,1.0,False,1.0,False,0.002139776275947752,0.9618294360385146
12,14,26,5,3.1234705228031148,1.6007834757834758,0.24957369947482808,1.0,False,1.0,False,0.9857592345811885,False,0.003515292094379664,1.580123796423659
12,14,27,5,3.1234705228031148,1.6007834757834758,0.24957369947482808,1.0,False,1.0,False,0.9857592345811885,False,0.003515292094379664,1.580123796423659
12,14,28,3,3.1234705228031148,0.9604700854700856,1.0,1.0,False,1.0,False,1.0,False,0.002139776275947752,0.9618294360385146
12,14,29,2,3.1234705228031148,0.6403133903133903,0.7762736999601787,1.0,False,1.0,False,1.0,False,0.0014520183667317958,0.6526822558459422
12,14,30,6,3.1234705228031148,1.9209401709401712,0.14049792107858372,1.0,False,1.0,False,0.9857592345811885,False,0.00420305000359562,1.8892709766162312
12,14,31,4,3.1234705228031148,1.2806267806267806,0.5615634740660312,1.0,False,1.0,False,0.9957506177226078,False,0.0028275341851637078,1.2709766162310867
12,15,16,2,3.1234705228031148,0.6403133903133903,0.7762736999601787,1.0,False,1.0,False,1.0,False,0.0014520183667317958,0.6526822558459422
12,15,17,1,3.1234705228031148,0.32015669515669515,0.38684745045633295,1.0,False,1.0,False,0.9857592345811885,False,0.0007642604575158399,0.34353507565337005
12,15,18,2,3.1234705228031148,0.6403133903133903,0.7762736999601787,1.0,False,1.0,False,1.0,False,0.0014520183667317958,0.6526822558459422
12,15,19,1,3.1234705228031148,0.32015669515669515,0.38684745045633295,1.0,False,1.0,False,0.9857592345811885,False,0.0007642604575158399,0.34353507565337005
12,15,20,3,3.1234705228031148,0.9604700854700856,1.0,1.0,False,1.0,False,1.0,False,0.002139776275947752,0.9618294360385146
12,15,21,2,3.1234705228031148,0.6403133903133903,0.7762736999601787,1.0,False,1.0,False,1.0,False,0.0014520183667317958,0.6526822558459422
12,15,22,5,3.1234705228031148,1.6007834757834758,0.24957369947482808,1.0,False,1.0,False,0.9857592345811885,False,0.003515292094379664,1.580123796423659
12,15,23,2,3.1234705228031148,0.6403133903133903,0.7762736999601787,1.0,False,1.0,False,1.0,False,0.0014520183667317958,0.6526822558459422
12,15,24,1,3.1234705228031148,0.32015669515669515,0.38684745045633295,1.0,False,1.0,False,0.9857592345811885,False,0.0007642604575158399,0.34353507565337005
12,15,25,4,3.1234705228031148,1.2806267806267806,0.5615634740660312,1.0,False,1.0,False,0.9957506177226078,False,0.0028275341851637078,1.2709766162310867
12,15,26,1,3.1234705228031148,0.32015669515669515,0.38684745045633295,1.0,False,1.0,False,0.9857592345811885,False,0.0007642604575158399,0.34353507565337005
12,15,27,3,3.1234705228031148,0.9604700854700856,1.0,1.0,False,1.0,False,1.0,False,0.002139776275947752,0.9618294360385146
12,15,28,2,3.1234705228031148,0.6403133903133903,0.7762736999601787,1.0,False,1.0,False,1.0,False,0.0014520183667317958,0.6526822558459422
12,15,29,0,3.1234705228031148,0.0,0.08379148704798318,1.0,False,1.0,False,0.9857592345811885,False,7.650254829988387e-05,0.0343878954607978
12,15,30,1,3.1234705228031148,0.32015669515669515,0.38684745045633295,1.0,False,1.0,False,0.9857592345811885,False,0.0007642604575158399,0.34353507565337005
12,15,31,3,3.1234705228031148,0.9604700854700856,1.0,1.0,False,1.0,False,1.0,False,0.002139776275947752,0.9618294360385146
12,16,17,3,3.1234705228031148,0.9604700854700856,1.0,1.0,False,1.0,False,1.0,False,0.002139776275947752,0.9618294360385146
12,16,18,1,3.1234705228031148,0.32015669515669515,0.38684745045633295,1.0,False,1.0,False,0.9857592345811885,False,0.0007642604575158399,0.34353507565337005
12,16,19,3,3.1234705228031148,0.9604700854700856,1.0,1.0,False,1.0,False,1.0,False,0.002139776275947752,0.9618294360385146
12,16,20,4,3.1234705228031148,1.2806267806267806,0.5615634740660312,1.0,False,1.0,False,0.9957506177226078,False,0.0028275341851637078,1.2709766162310867
12,16,21,2,3.1234705228031148,0.6403133903133903,0.7762736999601787,1.0,False,1.0,False,1.0,False,0.0014520183667317958,0.6526822558459422
12,16,22,5,3.1234705228031148,1.6007834757834758,0.24957369947482808,1.0,False,1.0,False,0.9857592345811885,False,0.003515292094379664,1.580123796423659
12,16,23,3,3.1234705228031148,0.9604700854700856,1.0,1.0,False,1.0,False,1.0,False,0.002139776275947752,0.9618294360385146
12,16,24,4,3.1234705228031148,1.2806267806267806,0.5615634740660312,1.0,False,1.0,False,0.9957506177226078,False,0.0028275341851637078,1.2709766162310867
12,16,25,1,3.1234705228031148,0.32015669515669515,0.38684745045633295,1.0,False,1.0,False,0.9857592345811885,False,0.0007642604575158399,0.34353507565337005
12,16,26,1,3.1234705228031148,0.32015669515669515,0.38684745045633295,1.0,False,1.0,False,0.9857592345811885,False,0.0007642604575158399,0.34353507565337005
12,16,27,2,3.1234705228031148,0.6403133903133903,0.7762736999601787,1.0,False,1.0,False,1.0,False,0.0014520183667317958,0.6526822558459422
12,16,28,6,3.1234705228031148,1.9209401709401712,0.14049792107858372,1.0,False,1.0,False,0.9857592345811885,False,0.00420305000359562,1.8892709766162312
12,16,29,1,3.1234705228031148,0.32015669515669515,0.38684745045633295,1.0,False,1.0,False,0.9857592345811885,False,0.0007642604575158399,0.34353507565337005
12,16,30,3,3.1234705228031148,0.9604700854700856,1.0,1.0,False,1.0,False,1.0,False,0.002139776275947752,0.9618294360385146
12,16,31,4,3.1234705228031148,1.2806267806267806,0.5615634740660312,1.0,False,1.0,False,0.9957506177226078,False,0.0028275341851637078,1.2709766162310867
12,17,18,5,3.1234705228031148,1.6007834757834758,0.24957369947482808,1.0,False,1.0,False,0.9857592345811885,False,0.003515292094379664,1.580123796423659
12,17,19,2,3.1234705228031148,0.6403133903133903,0.7762736999601787,1.0,False,1.0,False,1.0,False,0.0014520183667317958,0.6526822558459422
12,17,20,6,3.1234705228031148,1.9209401709401712,0.14049792107858372,1.0,False,1.0,False,0.9857592345811885,False,0.00420305000359562,1.8892709766162312
12,17,21,4,3.1234705228031148,1.2806267806267806,0.5615634740660312,1.0,False,1.0,False,0.9957506177226078,False,0.0028275341851637078,1.2709766162310867
12,17,22,4,3.1234705228031148,1.2806267806267806,0.5615634740660312,1.0,False,1.0,False,0.9957506177226078,False,0.0028275341851637078,1.2709766162310867
12,17,23,1,3.1234705228031148,0.32015669515669515,0.38684745045633295,1.0,False,1.0,False,0.9857592345811885,False,0.0007642604575158399,0.34353507565337005
12,17,24,4,3.1234705228031148,1.2806267806267806,0.5615634740660312,1.0,False,1.0,False,0.9957506177226078,False,0.0028275341851637078,1.2709766162310867
12,17,25,1,3.1234705228031148,0.32015669515669515,0.38684745045633295,1.0,False,1.0,False,0.9857592345811885,False,0.0007642604575158399,0.34353507565337005
12,17,26,4,3.1234705228031148,1.2806267806267806,0.5615634740660312,1.0,False,1.0,False,0.9957506177226078,False,0.0028275341851637078,1.2709766162310867
12,17,27,6,3.1234705228031148,1.9209401709401712,0.14049792107858372,1.0,False,1.0,False,0.9857592345811885,False,0.00420305000359562,1.8892709766162312
12,17,28,5,3.1234705228031148,1.6007834757834758,0.24957369947482808,1.0,False,1.0,False,0.9857592345811885,False,0.003515292094379664,1.580123796423659
12,17,29,2,3.1234705228031148,0.6403133903133903,0.7762736999601787,1.0,False,1.0,False,1.0,False,0.0014520183667317958,0.6526822558459422
12,17,30,4,3.1234705228031148,1.2806267806267806,0.5615634740660312,1.0,False,1.0,False,0.9957506177226078,False,0.0028275341851637078,1.2709766162310867
12,17,31,4,3.1234705228031148,1.2806267806267806,0.5615634740660312,1.0,False,1.0,False,0.9957506177226078,False,0.0028275341851637078,1.2709766162310867
12,18,19,3,3.1234705228031148,0.9604700854700856,1.0,1.0,False,1.0,False,1.0,False,0.002139776275947752,0.9618294360385146
12,18,20,2,3.1234705228031148,0.6403133903133903,0.7762736999601787,1.0,False,1.0,False,1.0,False,0.0014520183667317958,0.6526822558459422
12,18,21,3,3.1234705228031148,0.9604700854700856,1.0,1.0,False,1.0,False,1.0,False,0.002139776275947752,0.9618294360385146
12,18,22,3,3.1234705228031148,0.9604700854700856,1.0,1.0,False,1.0,False,1.0,False,0.002139776275947752,0.9618294360385146
12,18,23,2,3.1234705228031148,0.6403133903133903,0.7762736999601787,1.0,False,1.0,False,1.0,False,0.0014520183667317958,0.6526822558459422
12,18,24,3,3.1234705228031148,0.9604700854700856,1.0,1.0,False,1.0,False,1.0,False,0.002139776275947752,0.9618294360385146
12,18,25,3,3.1234705228031148,0.9604700854700856,1.0,1.0,False,1.0,False,1.0,False,0.002139776275947752,0.9618294360385146
12,18,26,0,3.1234705228031148,0.0,0.08379148704798318,1.0,False,1.0,False,0.9857592345811885,False,7.650254829988387e-05,0.0343878954607978
12,18,27,3,3.1234705228031148,0.9604700854700856,1.0,1.0,False,1.0,False,1.0,False,0.002139776275947752,0.9618294360385146
12,18,28,2,3.1234705228031148,0.6403133903133903,0.7762736999601787,1.0,False,1.0,False,1.0,False,0.0014520183667317958,0.6526822558459422
12,18,29,0,3.1234705228031148,0.0,0.08379148704798318,1.0,False,1.0,False,0.9857592345811885,False,7.650254829988387e-05,0.0343878954607978
12,18,30,5,3.1234705228031148,1.6007834757834758,0.24957369947482808,1.0,False,1.0,False,0.9857592345811885,False,0.003515292094379664,1.580123796423659
12,18,31,3,3.1234705228031148,0.9604700854700856,1.0,1.0,False,1.0,False,1.0,False,0.002139776275947752,0.9618294360385146
12,19,20,5,3.1234705228031148,1.6007834757834758,0.24957369947482808,1.0,False,1.0,False,0.9857592345811885,False,0.003515292094379664,1.580123796423659
12,19,21,3,3.1234705228031148,0.9604700854700856,1.0,1.0,False,1.0,False,1.0,False,0.002139776275947752,0.9618294360385146
12,19,22,4,3.1234705228031148,1.2806267806267806,0.5615634740660312,1.0,False,1.0,False,0.9957506177226078,False,0.0028275341851637078,1.2709766162310867
12,19,23,8,3.1234705228031148,2.561253561253561,0.01468912435960452,1.0,False,1.0,False,0.956921941977135,False,0.005578565822027533,2.5075653370013757
12,19,24,4,3.1234705228031148,1.2806267806267806,0.5615634740660312,1.0,False,1.0,False,0.9957506177226078,False,0.0028275341851637078,1.2709766162310867
12,19,25,4,3.1234705228031148,1.2806267806267806,0.5615634740660312,1.0,False,1.0,False,0.9957506177226078,False,0.0028275341851637078,1.2709766162310867
12,19,26,2,3.1234705228031148,0.6403133903133903,0.7762736999601787,1.0,False,1.0,False,1.0,False,0.0014520183667317958,0.6526822558459422
12,19,27,3,3.1234705228031148,0.9604700854700856,1.0,1.0,False,1.0,False,1.0,False,0.002139776275947752,0.9618294360385146
12,19,28,3,3.1234705228031148,0.9604700854700856,1.0,1.0,False,1.0,False,1.0,False,0.002139776275947752,0.9618294360385146
12,19,29,0,3.1234705228031148,0.0,0.08379148704798318,1.0,False,1.0,False,0.9857592345811885,False,7.650254829988387e-05,0.0343878954607978
12,19,30,6,3.1234705228031148,1.9209401709401712,0.14049792107858372,1.0,False,1.0,False,0.9857592345811885,False,0.00420305000359562,1.8892709766162312
12,19,31,4,3.1234705228031148,1.2806267806267806,0.5615634740660312,1.0,False,1.0,False,0.9957506177226078,False,0.0028275341851637078,1.2709766162310867
12,20,21,3,3.1234705228031148,0.9604700854700856,1.0,1.0,False,1.0,False,1.0,False,0.002139776275947752,0.9618294360385146
12,20,22,2,3.1234705228031148,0.6403133903133903,0.7762736999601787,1.0,False,1.0,False,1.0,False,0.0014520183667317958,0.6526822558459422
12,20,23,5,3.1234705228031148,1.6007834757834758,0.24957369947482808,1.0,False,1.0,False,0.9857592345811885,False,0.003515292094379664,1.580123796423659
12,20,24,5,3.1234705228031148,1.6007834757834758,0.24957369947482808,1.0,False,1.0,False,0.9857592345811885,False,0.003515292094379664,1.580123796423659
12,20,25,4,3.1234705228031148,1.2806267806267806,0.5615634740660312,1.0,False,1.0,False,0.9957506177226078,False,0.0028275341851637078,1.2709766162310867
12,20,26,2,3.1234705228031148,0.6403133903133903,0.7762736999601787,1.0,False,1.0,False,1.0,False,0.0014520183667317958,0.6526822558459422
12,20,27,5,3.1234705228031148,1.6007834757834758,0.24957369947482808,1.0,False,1.0,False,0.9857592345811885,False,0.003515292094379664,1.580123796423659
12,20,28,2,3.1234705228031148,0.6403133903133903,0.7762736999601787,1.0,False,1.0,False,1.0,False,0.0014520183667317958,0.6526822558459422
12,20,29,3,3.1234705228031148,0.9604700854700856,1.0,1.0,False,1.0,False,1.0,False,0.002139776275947752,0.9618294360385146
12,20,30,3,3.1234705228031148,0.9604700854700856,1.0,1.0,False,1.0,False,1.0,False,0.002139776275947752,0.9618294360385146
12,20,31,6,3.1234705228031148,1.9209401709401712,0.14049792107858372,1.0,False,1.0,False,0.9857592345811885,False,0.00420305000359562,1.8892709766162312
12,21,22,2,3.1234705228031148,0.6403133903133903,0.7762736999601787,1.0,False,1.0,False,1.0,False,0.0014520183667317958,0.6526822558459422
12,21,23,1,3.1234705228031148,0.32015669515669515,0.38684745045633295,1.0,False,1.0,False,0.9857592345811885,False,0.0007642604575158399,0.34353507565337005
12,21,24,3,3.1234705228031148,0.9604700854700856,1.0,1.0,False,1.0,False,1.0,False,0.002139776275947752,0.9618294360385146
12,21,25,6,3.1234705228031148,1.9209401709401712,0.14049792107858372,1.0,False,1.0,False,0.9857592345811885,False,0.00420305000359562,1.8892709766162312
12,21,26,2,3.1234705228031148,0.6403133903133903,0.7762736999601787,1.0,False,1.0,False,1.0,False,0.0014520183667317958,0.6526822558459422
12,21,27,4,3.1234705228031148,1.2806267806267806,0.5615634740660312,1.0,False,1.0,False,0.9957506177226078,False,0.0028275341851637078,1.2709766162310867
12,21,28,2,3.1234705228031148,0.6403133903133903,0.7762736999601787,1.0,False,1.0,False,1.0,False,0.0014520183667317958,0.6526822558459422
12,21,29,0,3.1234705228031148,0.0,0.08379148704798318,1.0,False,1.0,False,0.9857592345811885,False,7.650254829988387e-05,0.0343878954607978
12,21,30,5,3.1234705228031148,1.6007834757834758,0.24957369947482808,1.0,False,1.0,False,0.9857592345811885,False,0.003515292094379664,1.580123796423659
12,21,31,3,3.1234705228031148,0.9604700854700856,1.0,1.0,False,1.0,False,1.0,False,0.002139776275947752,0.9618294360385146
12,22,23,4,3.1234705228031148,1.2806267806267806,0.5615634740660312,1.0,False,1.0,False,0.9957506177226078,False,0.0028275341851637078,1.2709766162310867
12,22,24,1,3.1234705228031148,0.32015669515669515,0.38684745045633295,1.0,False,1.0,False,0.9857592345811885,False,0.0007642604575158399,0.34353507565337005
12,22,25,3,3.1234705228031148,0.9604700854700856,1.0,1.0,False,1.0,False,1.0,False,0.002139776275947752,0.9618294360385146
12,22,26,2,3.1234705228031148,0.6403133903133903,0.7762736999601787,1.0,False,1.0,False,1.0,False,0.0014520183667317958,0.6526822558459422
12,22,27,2,3.1234705228031148,0.6403133903133903,0.7762736999601787,1.0,False,1.0,False,1.0,False,0.0014520183667317958,0.6526822558459422
12,22,28,3,3.1234705228031148,0.9604700854700856,1.0,1.0,False,1.0,False,1.0,False,0.002139776275947752,0.9618294360385146
12,22,29,1,3.1234705228031148,0.32015669515669515,0.38684745045633295,1.0,False,1.0,False,0.9857592345811885,False,0.0007642604575158399,0.34353507565337005
12,22,30,2,3.1234705228031148,0.6403133903133903,0.7762736999601787,1.0,False,1.0,False,1.0,False,0.0014520183667317958,0.6526822558459422
12,22,31,3,3.1234705228031148,0.9604700854700856,1.0,1.0,False,1.0,False,1.0,False,0.002139776275947752,0.9618294360385146
12,23,24,3,3.1234705228031148,0.9604700854700856,1.0,1.0,False,1.0,False,1.0,False,0.002139776275947752,0.9618294360385146
12,23,25,2,3.1234705228031148,0.6403133903133903,0.7762736999601787,1.0,False,1.0,False,1.0,False,0.0014520183667317958,0.6526822558459422
12,23,26,2,3.1234705228031148,0.6403133903133903,0.7762736999601787,1.0,False,1.0,False,1.0,False,0.0014520183667317958,0.6526822558459422
12,23,27,3,3.1234705228031148,0.9604700854700856,1.0,1.0,False,1.0,False,1.0,False,0.002139776275947752,0.9618294360385146
12,23,28,3,3.1234705228031148,0.9604700854700856,1.0,1.0,False,1.0,False,1.0,False,0.002139776275947752,0.9618294360385146
12,23,29,1,3.1234705228031148,0.32015669515669515,0.38684745045633295,1.0,False,1.0,False,0.9857592345811885,False,0.0007642604575158399,0.34353507565337005
12,23,30,4,3.1234705228031148,1.2806267806267806,0.5615634740660312,1.0,False,1.0,False,0.9957506177226078,False,0.0028275341851637078,1.2709766162310867
12,23,31,4,3.1234705228031148,1.2806267806267806,0.5615634740660312,1.0,False,1.0,False,0.9957506177226078,False,0.0028275341851637078,1.2709766162310867
12,24,25,6,3.1234705228031148,1.9209401709401712,0.14049792107858372,1.0,False,1.0,False,0.9857592345811885,False,0.00420305000359562,1.8892709766162312
12,24,26,2,3.1234705228031148,0.6403133903133903,0.7762736999601787,1.0,False,1.0,False,1.0,False,0.0014520183667317958,0.6526822558459422
12,24,27,1,3.1234705228031148,0.32015669515669515,0.38684745045633295,1.0,False,1.0,False,0.9857592345811885,False,0.0007642604575158399,0.34353507565337005
12,24,28,3,3.1234705228031148,0.9604700854700856,1.0,1.0,False,1.0,False,1.0,False,0.002139776275947752,0.9618294360385146
12,24,29,0,3.1234705228031148,0.0,0.08379148704798318,1.0,False,1.0,False,0.9857592345811885,False,7.650254829988387e-05,0.0343878954607978
12,24,30,7,3.1234705228031148,2.241096866096866,0.03994014992889243,1.0,False,1.0,False,0.9857592345811885,False,0.004890807912811576,2.1984181568088035
12,24,31,6,3.1234705228031148,1.9209401709401712,0.14049792107858372,1.0,False,1.0,False,0.9857592345811885,False,0.00420305000359562,1.8892709766162312
12,25,26,1,3.1234705228031148,0.32015669515669515,0.38684745045633295,1.0,False,1.0,False,0.9857592345811885,False,0.0007642604575158399,0.34353507565337005
12,25,27,3,3.1234705228031148,0.9604700854700856,1.0,1.0,False,1.0,False,1.0,False,0.002139776275947752,0.9618294360385146
12,25,28,2,3.1234705228031148,0.6403133903133903,0.7762736999601787,1.0,False,1.0,False,1.0,False,0.0014520183667317958,0.6526822558459422
12,25,29,2,3.1234705228031148,0.6403133903133903,0.7762736999601787,1.0,False,1.0,False,1.0,False,0.0014520183667317958,0.6526822558459422
12,25,30,3,3.1234705228031148,0.9604700854700856,1.0,1.0,False,1.0,False,1.0,False,0.002139776275947752,0.9618294360385146
12,25,31,2,3.1234705228031148,0.6403133903133903,0.7762736999601787,1.0,False,1.0,False,1.0,False,0.0014520183667317958,0.6526822558459422
12,26,27,3,3.1234705228031148,0.9604700854700856,1.0,1.0,False,1.0,False,1.0,False,0.002139776275947752,0.9618294360385146
12,26,28,3,3.1234705228031148,0.9604700854700856,1.0,1.0,False,1.0,False,1.0,False,0.002139776275947752,0.9618294360385146
12,26,29,2,3.1234705228031148,0.6403133903133903,0.7762736999601787,1.0,False,1.0,False,1.0,False,0.0014520183667317958,0.6526822558459422
12,26,30,5,3.1234705228031148,1.6007834757834758,0.24957369947482808,1.0,False,1.0,False,0.9857592345811885,False,0.003515292094379664,1.580123796423659
12,26,31,2,3.1234705228031148,0.6403133903133903,0.7762736999601787,1.0,False,1.0,False,1.0,False,0.0014520183667317958,0.6526822558459422
12,27,28,3,3.1234705228031148,0.9604700854700856,1.0,1.0,False,1.0,False,1.0,False,0.002139776275947752,0.9618294360385146
12,27,29,5,3.1234705228031148,1.6007834757834758,0.24957369947482808,1.0,False,1.0,False,0.9857592345811885,False,0.003515292094379664,1.580123796423659
12,27,30,2,3.1234705228031148,0.6403133903133903,0.7762736999601787,1.0,False,1.0,False,1.0,False,0.0014520183667317958,0.6526822558459422
12,27,31,6,3.1234705228031148,1.9209401709401712,0.14049792107858372,1.0,False,1.0,False,0.9857592345811885,False,0.00420305000359562,1.8892709766162312
12,28,29,2,3.1234705228031148,0.6403133903133903,0.7762736999601787,1.0,False,1.0,False,1.0,False,0.0014520183667317958,0.6526822558459422
12,28,30,2,3.1234705228031148,0.6403133903133903,0.7762736999601787,1.0,False,1.0,False,1.0,False,0.0014520183667317958,0.6526822558459422
12,28,31,0,3.1234705228031148,0.0,0.08379148704798318,1.0,False,1.0,False,0.9857592345811885,False,7.650254829988387e-05,0.0343878954607978
12,29,30,5,3.1234705228031148,1.6007834757834758,0.24957369947482808,1.0,False,1.0,False,0.9857592345811885,False,0.003515292094379664,1.580123796423659
12,29,31,0,3.1234705228031148,0.0,0.08379148704798318,1.0,False,1.0,False,0.9857592345811885,False,7.650254829988387e-05,0.0343878954607978
12,30,31,3,3.1234705228031148,0.9604700854700856,1.0,1.0,False,1.0,False,1.0,False,0.002139776275947752,0.9618294360385146
13,14,15,1,3.1234705228031148,0.32015669515669515,0.38684745045633295,1.0,False,1.0,False,0.9857592345811885,False,0.0007642604575158399,0.34353507565337005
13,14,16,1,3.1234705228031148,0.32015669515669515,0.38684745045633295,1.0,False,1.0,False,0.9857592345811885,False,0.0007642604575158399,0.34353507565337005
13,14,17,2,3.1234705228031148,0.6403133903133903,0.7762736999601787,1.0,False,1.0,False,1.0,False,0.0014520183667317958,0.6526822558459422
13,14,18,2,3.1234705228031148,0.6403133903133903,0.7762736999601787,1.0,False,1.0,False,1.0,False,0.0014520183667317958,0.6526822558459422
13,14,19,6,3.1234705228031148,1.9209401709401712,0.14049792107858372,1.0,False,1.0,False,0.9857592345811885,False,0.00420305000359562,1.8892709766162312
13,14,20,1,3.1234705228031148,0.32015669515669515,0.38684745045633295,1.0,False,1.0,False,0.9857592345811885,False,0.0007642604575158399,0.34353507565337005
13,14,21,1,3.1234705228031148,0.32015669515669515,0.38684745045633295,1.0,False,1.0,False,0.9857592345811885,False,0.0007642604575158399,0.34353507565337005
13,14,22,3,3.1234705228031148,0.9604700854700856,1.0,1.0,False,1.0,False,1.0,False,0.002139776275947752,0.9618294360385146
13,14,23,3,3.1234705228031148,0.9604700854700856,1.0,1.0,False,1.0,False,1.0,False,0.002139776275947752,0.9618294360385146
13,14,24,5,3.1234705228031148,1.6007834757834758,0.24957369947482808,1.0,False,1.0,False,0.9857592345811885,False,0.003515292094379664,1.580123796423659
13,14,25,4,3.1234705228031148,1.2806267806267806,0.5615634740660312,1.0,False,1.0,False,0.9957506177226078,False,0.0028275341851637078,1.2709766162310867
13,14,26,2,3.1234705228031148,0.6403133903133903,0.7762736999601787,1.0,False,1.0,False,1.0,False,0.0014520183667317958,0.6526822558459422
13,14,27,1,3.1234705228031148,0.32015669515669515,0.38684745045633295,1.0,False,1.0,False,0.9857592345811885,False,0.0007642604575158399,0.34353507565337005
13,14,28,3,3.1234705228031148,0.9604700854700856,1.0,1.0,False,1.0,False,1.0,False,0.002139776275947752,0.9618294360385146
13,14,29,0,3.1234705228031148,0.0,0.08379148704798318,1.0,False,1.0,False,0.9857592345811885,False,7.650254829988387e-05,0.0343878954607978
13,14,30,1,3.1234705228031148,0.32015669515669515,0.38684745045633295,1.0,False,1.0,False,0.9857592345811885,False,0.0007642604575158399,0.34353507565337005
13,14,31,2,3.1234705228031148,0.6403133903133903,0.7762736999601787,1.0,False,1.0,False,1.0,False,0.0014520183667317958,0.6526822558459422
13,15,16,3,3.1234705228031148,0.9604700854700856,1.0,1.0,False,1.0,False,1.0,False,0.002139776275947752,0.9618294360385146
13,15,17,3,3.1234705228031148,0.9604700854700856,1.0,1.0,False,1.0,False,1.0,False,0.002139776275947752,0.9618294360385146
13,15,18,4,3.1234705228031148,1.2806267806267806,0.5615634740660312,1.0,False,1.0,False,0.9957506177226078,False,0.0028275341851637078,1.2709766162310867
13,15,19,4,3.1234705228031148,1.2806267806267806,0.5615634740660312,1.0,False,1.0,False,0.9957506177226078,False,0.0028275341851637078,1.2709766162310867
13,15,20,5,3.1234705228031148,1.6007834757834758,0.24957369947482808,1.0,False,1.0,False,0.9857592345811885,False,0.003515292094379664,1.580123796423659
13,15,21,2,3.1234705228031148,0.6403133903133903,0.7762736999601787,1.0,False,1.0,False,1.0,False,0.0014520183667317958,0.6526822558459422
13,15,22,3,3.1234705228031148,0.9604700854700856,1.0,1.0,False,1.0,False,1.0,False,0.002139776275947752,0.9618294360385146
13,15,23,2,3.1234705228031148,0.6403133903133903,0.7762736999601787,1.0,False,1.0,False,1.0,False,0.0014520183667317958,0.6526822558459422
13,15,24,4,3.1234705228031148,1.2806267806267806,0.5615634740660312,1.0,False,1.0,False,0.9957506177226078,False,0.0028275341851637078,1.2709766162310867
13,15,25,4,3.1234705228031148,1.2806267806267806,0.5615634740660312,1.0,False,1.0,False,0.9957506177226078,False,0.0028275341851637078,1.2709766162310867
13,15,26,4,3.1234705228031148,1.2806267806267806,0.5615634740660312,1.0,False,1.0,False,0.9957506177226078,False,0.0028275341851637078,1.2709766162310867
13,15,27,3,3.1234705228031148,0.9604700854700856,1.0,1.0,False,1.0,False,1.0,False,0.002139776275947752,0.9618294360385146
13,15,28,5,3.1234705228031148,1.6007834757834758,0.24957369947482808,1.0,False,1.0,False,0.9857592345811885,False,0.003515292094379664,1.580123796423659
13,15,29,2,3.1234705228031148,0.6403133903133903,0.7762736999601787,1.0,False,1.0,False,1.0,False,0.0014520183667317958,0.6526822558459422
13,15,30,2,3.1234705228031148,0.6403133903133903,0.7762736999601787,1.0,False,1.0,False,1.0,False,0.0014520183667317958,0.6526822558459422
13,15,31,2,3.1234705228031148,0.6403133903133903,0.7762736999601787,1.0,False,1.0,False,1.0,False,0.0014520183667317958,0.6526822558459422
13,16,17,6,3.1234705228031148,1.9209401709401712,0.14049792107858372,1.0,False,1.0,False,0.9857592345811885,False,0.00420305000359562,1.8892709766162312
13,16,18,4,3.1234705228031148,1.2806267806267806,0.5615634740660312,1.0,False,1.0,False,0.9957506177226078,False,0.0028275341851637078,1.2709766162310867
13,16,19,5,3.1234705228031148,1.6007834757834758,0.24957369947482808,1.0,False,1.0,False,0.9857592345811885,False,0.003515292094379664,1.580123796423659
13,16,20,4,3.1234705228031148,1.2806267806267806,0.5615634740660312,1.0,False,1.0,False,0.9957506177226078,False,0.0028275341851637078,1.2709766162310867
13,16,21,3,3.1234705228031148,0.9604700854700856,1.0,1.0,False,1.0,False,1.0,False,0.002139776275947752,0.9618294360385146
13,16,22,3,3.1234705228031148,0.9604700854700856,1.0,1.0,False,1.0,False,1.0,False,0.002139776275947752,0.9618294360385146
13,16,23,4,3.1234705228031148,1.2806267806267806,0.5615634740660312,1.0,False,1.0,False,0.9957506177226078,False,0.0028275341851637078,1.2709766162310867
13,16,24,3,3.1234705228031148,0.9604700854700856,1.0,1.0,False,1.0,False,1.0,False,0.002139776275947752,0.9618294360385146
13,16,25,3,3.1234705228031148,0.9604700854700856,1.0,1.0,False,1.0,False,1.0,False,0.002139776275947752,0.9618294360385146
13,16,26,5,3.1234705228031148,1.6007834757834758,0.24957369947482808,1.0,False,1.0,False,0.9857592345811885,False,0.003515292094379664,1.580123796423659
13,16,27,6,3.1234705228031148,1.9209401709401712,0.14049792107858372,1.0,False,1.0,False,0.9857592345811885,False,0.00420305000359562,1.8892709766162312
13,16,28,3,3.1234705228031148,0.9604700854700856,1.0,1.0,False,1.0,False,1.0,False,0.002139776275947752,0.9618294360385146
13,16,29,6,3.1234705228031148,1.9209401709401712,0.14049792107858372,1.0,False,1.0,False,0.9857592345811885,False,0.00420305000359562,1.8892709766162312
13,16,30,2,3.1234705228031148,0.6403133903133903,0.7762736999601787,1.0,False,1.0,False,1.0,False,0.0014520183667317958,0.6526822558459422
13,16,31,4,3.1234705228031148,1.2806267806267806,0.5615634740660312,1.0,False,1.0,False,0.9957506177226078,False,0.0028275341851637078,1.2709766162310867
13,17,18,1,3.1234705228031148,0.32015669515669515,0.38684745045633295,1.0,False,1.0,False,0.9857592345811885,False,0.0007642604575158399,0.34353507565337005
13,17,19,4,3.1234705228031148,1.2806267806267806,0.5615634740660312,1.0,False,1.0,False,0.9957506177226078,False,0.0028275341851637078,1.2709766162310867
13,17,20,2,3.1234705228031148,0.6403133903133903,0.7762736999601787,1.0,False,1.0,False,1.0,False,0.0014520183667317958,0.6526822558459422
13,17,21,3,3.1234705228031148,0.9604700854700856,1.0,1.0,False,1.0,False,1.0,False,0.002139776275947752,0.9618294360385146
13,17,22,3,3.1234705228031148,0.9604700854700856,1.0,1.0,False,1.0,False,1.0,False,0.002139776275947752,0.9618294360385146
13,17,23,1,3.1234705228031148,0.32015669515669515,0.38684745045633295,1.0,False,1.0,False,0.9857592345811885,False,0.0007642604575158399,0.34353507565337005
13,17,24,2,3.1234705228031148,0.6403133903133903,0.7762736999601787,1.0,False,1.0,False,1.0,False,0.0014520183667317958,0.6526822558459422
13,17,25,2,3.1234705228031148,0.6403133903133903,0.7762736999601787,1.0,False,1.0,False,1.0,False,0.0014520183667317958,0.6526822558459422
13,17,26,2,3.1234705228031148,0.6403133903133903,0.7762736999601787,1.0,False,1.0,False,1.0,False,0.0014520183667317958,0.6526822558459422
13,17,27,1,3.1234705228031148,0.32015669515669515,0.38684745045633295,1.0,False,1.0,False,0.9857592345811885,False,0.0007642604575158399,0.34353507565337005
13,17,28,2,3.1234705228031148,0.6403133903133903,0.7762736999601787,1.0,False,1.0,False,1.0,False,0.0014520183667317958,0.6526822558459422
13,17,29,4,3.1234705228031148,1.2806267806267806,0.5615634740660312,1.0,False,1.0,False,0.9957506177226078,False,0.0028275341851637078,1.2709766162310867
13,17,30,3,3.1234705228031148,0.9604700854700856,1.0,1.0,False,1.0,False,1.0,False,0.002139776275947752,0.9618294360385146
13,17,31,2,3.1234705228031148,0.6403133903133903,0.7762736999601787,1.0,False,1.0,False,1.0,False,0.0014520183667317958,0.6526822558459422
13,18,19,6,3.1234705228031148,1.9209401709401712,0.14049792107858372,1.0,False,1.0,False,0.9857592345811885,False,0.00420305000359562,1.8892709766162312
13,18,20,4,3.1234705228031148,1.2806267806267806,0.5615634740660312,1.0,False,1.0,False,0.9957506177226078,False,0.0028275341851637078,1.2709766162310867
13,18,21,5,3.1234705228031148,1.6007834757834758,0.24957369947482808,1.0,False,1.0,False,0.9857592345811885,False,0.003515292094379664,1.580123796423659
13,18,22,7,3.1234705228031148,2.241096866096866,0.03994014992889243,1.0,False,1.0,False,0.9857592345811885,False,0.004890807912811576,2.1984181568088035
13,18,23,1,3.1234705228031148,0.32015669515669515,0.38684745045633295,1.0,False,1.0,False,0.9857592345811885,False,0.0007642604575158399,0.34353507565337005
13,18,24,3,3.1234705228031148,0.9604700854700856,1.0,1.0,False,1.0,False,1.0,False,0.002139776275947752,0.9618294360385146
13,18,25,2,3.1234705228031148,0.6403133903133903,0.7762736999601787,1.0,False,1.0,False,1.0,False,0.0014520183667317958,0.6526822558459422
13,18,26,5,3.1234705228031148,1.6007834757834758,0.24957369947482808,1.0,False,1.0,False,0.9857592345811885,False,0.003515292094379664,1.580123796423659
13,18,27,2,3.1234705228031148,0.6403133903133903,0.7762736999601787,1.0,False,1.0,False,1.0,False,0.0014520183667317958,0.6526822558459422
13,18,28,3,3.1234705228031148,0.9604700854700856,1.0,1.0,False,1.0,False,1.0,False,0.002139776275947752,0.9618294360385146
13,18,29,2,3.1234705228031148,0.6403133903133903,0.7762736999601787,1.0,False,1.0,False,1.0,False,0.0014520183667317958,0.6526822558459422
13,18,30,1,3.1234705228031148,0.32015669515669515,0.38684745045633295,1.0,False,1.0,False,0.9857592345811885,False,0.0007642604575158399,0.34353507565337005
13,18,31,3,3.1234705228031148,0.9604700854700856,1.0,1.0,False,1.0,False,1.0,False,0.002139776275947752,0.9618294360385146
13,19,20,2,3.1234705228031148,0.6403133903133903,0.7762736999601787,1.0,False,1.0,False,1.0,False,0.0014520183667317958,0.6526822558459422
13,19,21,9,3.1234705228031148,2.8814102564102564,0.004857551695085205,1.0,False,1.0,False,0.956921941977135,False,0.006266323731243488,2.816712517193948
13,19,22,4,3.1234705228031148,1.2806267806267806,0.5615634740660312,1.0,False,1.0,False,0.9957506177226078,False,0.0028275341851637078,1.2709766162310867
13,19,23,7,3.1234705228031148,2.241096866096866,0.03994014992889243,1.0,False,1.0,False,0.9857592345811885,False,0.004890807912811576,2.1984181568088035
13,19,24,9,3.1234705228031148,2.8814102564102564,0.004857551695085205,1.0,False,1.0,False,0.956921941977135,False,0.006266323731243488,2.816712517193948
13,19,25,8,3.1234705228031148,2.561253561253561,0.01468912435960452,1.0,False,1.0,False,0.956921941977135,False,0.005578565822027533,2.5075653370013757
13,19,26,1,3.1234705228031148,0.32015669515669515,0.38684745045633295,1.0,False,1.0,False,0.9857592345811885,False,0.0007642604575158399,0.34353507565337005
13,19,27,2,3.1234705228031148,0.6403133903133903,0.7762736999601787,1.0,False,1.0,False,1.0,False,0.0014520183667317958,0.6526822558459422
13,19,28,8,3.1234705228031148,2.561253561253561,0.01468912435960452,1.0,False,1.0,False,0.956921941977135,False,0.005578565822027533,2.5075653370013757
13,19,29,4,3.1234705228031148,1.2806267806267806,0.5615634740660312,1.0,False,1.0,False,0.9957506177226078,False,0.0028275341851637078,1.2709766162310867
13,19,30,1,3.1234705228031148,0.32015669515669515,0.38684745045633295,1.0,False,1.0,False,0.9857592345811885,False,0.0007642604575158399,0.34353507565337005
13,19,31,4,3.1234705228031148,1.2806267806267806,0.5615634740660312,1.0,False,1.0,False,0.9957506177226078,False,0.0028275341851637078,1.2709766162310867
13,20,21,2,3.1234705228031148,0.6403133903133903,0.7762736999601787,1.0,False,1.0,False,1.0,False,0.0014520183667317958,0.6526822558459422
13,20,22,0,3.1234705228031148,0.0,0.08379148704798318,1.0,False,1.0,False,0.9857592345811885,False,7.650254829988387e-05,0.0343878954607978
13,20,23,4,3.1234705228031148,1.2806267806267806,0.5615634740660312,1.0,False,1.0,False,0.9957506177226078,False,0.0028275341851637078,1.2709766162310867
13,20,24,3,3.1234705228031148,0.9604700854700856,1.0,1.0,False,1.0,False,1.0,False,0.002139776275947752,0.9618294360385146
13,20,25,3,3.1234705228031148,0.9604700854700856,1.0,1.0,False,1.0,False,1.0,False,0.002139776275947752,0.9618294360385146
13,20,26,1,3.1234705228031148,0.32015669515669515,0.38684745045633295,1.0,False,1.0,False,0.9857592345811885,False,0.0007642604575158399,0.34353507565337005
13,20,27,3,3.1234705228031148,0.9604700854700856,1.0,1.0,False,1.0,False,1.0,False,0.002139776275947752,0.9618294360385146
13,20,28,3,3.1234705228031148,0.9604700854700856,1.0,1.0,False,1.0,False,1.0,False,0.002139776275947752,0.9618294360385146
13,20,29,4,3.1234705228031148,1.2806267806267806,0.5615634740660312,1.0,False,1.0,False,0.9957506177226078,False,0.0028275341851637078,1.2709766162310867
13,20,30,3,3.1234705228031148,0.9604700854700856,1.0,1.0,False,1.0,False,1.0,False,0.002139776275947752,0.9618294360385146
13,20,31,1,3.1234705228031148,0.32015669515669515,0.38684745045633295,1.0,False,1.0,False,0.9857592345811885,False,0.0007642604575158399,0.34353507565337005
13,21,22,3,3.1234705228031148,0.9604700854700856,1.0,1.0,False,1.0,False,1.0,False,0.002139776275947752,0.9618294360385146
13,21,23,3,3.1234705228031148,0.9604700854700856,1.0,1.0,False,1.0,False,1.0,False,0.002139776275947752,0.9618294360385146
13,21,24,4,3.1234705228031148,1.2806267806267806,0.5615634740660312,1.0,False,1.0,False,0.9957506177226078,False,0.0028275341851637078,1.2709766162310867
13,21,25,7,3.1234705228031148,2.241096866096866,0.03994014992889243,1.0,False,1.0,False,0.9857592345811885,False,0.004890807912811576,2.1984181568088035
13,21,26,5,3.1234705228031148,1.6007834757834758,0.24957369947482808,1.0,False,1.0,False,0.9857592345811885,False,0.003515292094379664,1.580123796423659
13,21,27,2,3.1234705228031148,0.6403133903133903,0.7762736999601787,1.0,False,1.0,False,1.0,False,0.0014520183667317958,0.6526822558459422
13,21,28,5,3.1234705228031148,1.6007834757834758,0.24957369947482808,1.0,False,1.0,False,0.9857592345811885,False,0.003515292094379664,1.580123796423659
13,21,29,2,3.1234705228031148,0.6403133903133903,0.7762736999601787,1.0,False,1.0,False,1.0,False,0.0014520183667317958,0.6526822558459422
13,21,30,5,3.1234705228031148,1.6007834757834758,0.24957369947482808,1.0,False,1.0,False,0.9857592345811885,False,0.003515292094379664,1.580123796423659
13,21,31,2,3.1234705228031148,0.6403133903133903,0.7762736999601787,1.0,False,1.0,False,1.0,False,0.0014520183667317958,0.6526822558459422
13,22,23,0,3.1234705228031148,0.0,0.08379148704798318,1.0,False,1.0,False,0.9857592345811885,False,7.650254829988387e-05,0.0343878954607978
13,22,24,1,3.1234705228031148,0.32015669515669515,0.38684745045633295,1.0,False,1.0,False,0.9857592345811885,False,0.0007642604575158399,0.34353507565337005
13,22,25,2,3.1234705228031148,0.6403133903133903,0.7762736999601787,1.0,False,1.0,False,1.0,False,0.0014520183667317958,0.6526822558459422
13,22,26,3,3.1234705228031148,0.9604700854700856,1.0,1.0,False,1.0,False,1.0,False,0.002139776275947752,0.9618294360385146
13,22,27,6,3.1234705228031148,1.9209401709401712,0.14049792107858372,1.0,False,1.0,False,0.9857592345811885,False,0.00420305000359562,1.8892709766162312
13,22,28,3,3.1234705228031148,0.9604700854700856,1.0,1.0,False,1.0,False,1.0,False,0.002139776275947752,0.9618294360385146
13,22,29,2,3.1234705228031148,0.6403133903133903,0.7762736999601787,1.0,False,1.0,False,1.0,False,0.0014520183667317958,0.6526822558459422
13,22,30,4,3.1234705228031148,1.2806267806267806,0.5615634740660312,1.0,False,1.0,False,0.9957506177226078,False,0.0028275341851637078,1.2709766162310867
13,22,31,1,3.1234705228031148,0.32015669515669515,0.38684745045633295,1.0,False,1.0,False,0.9857592345811885,False,0.0007642604575158399,0.34353507565337005
13,23,24,3,3.1234705228031148,0.9604700854700856,1.0,1.0,False,1.0,False,1.0,False,0.002139776275947752,0.9618294360385146
13,23,25,4,3.1234705228031148,1.2806267806267806,0.5615634740660312,1.0,False,1.0,False,0.9957506177226078,False,0.0028275341851637078,1.2709766162310867
13,23,26,1,3.1234705228031148,0.32015669515669515,0.38684745045633295,1.0,False,1.0,False,0.9857592345811885,False,0.0007642604575158399,0.34353507565337005
13,23,27,3,3.1234705228031148,0.9604700854700856,1.0,1.0,False,1.0,False,1.0,False,0.002139776275947752,0.9618294360385146
13,23,28,3,3.1234705228031148,0.9604700854700856,1.0,1.0,False,1.0,False,1.0,False,0.002139776275947752,0.9618294360385146
13,23,29,2,3.1234705228031148,0.6403133903133903,0.7762736999601787,1.0,False,1.0,False,1.0,False,0.0014520183667317958,0.6526822558459422
13,23,30,3,3.1234705228031148,0.9604700854700856,1.0,1.0,False,1.0,False,1.0,False,0.002139776275947752,0.9618294360385146
13,23,31,3,3.1234705228031148,0.9604700854700856,1.0,1.0,False,1.0,False,1.0,False,0.002139776275947752,0.9618294360385146
13,24,25,2,3.1234705228031148,0.6403133903133903,0.7762736999601787,1.0,False,1.0,False,1.0,False,0.0014520183667317958,0.6526822558459422
13,24,26,2,3.1234705228031148,0.6403133903133903,0.7762736999601787,1.0,False,1.0,False,1.0,False,0.0014520183667317958,0.6526822558459422
13,24,27,3,3.1234705228031148,0.9604700854700856,1.0,1.0,False,1.0,False,1.0,False,0.002139776275947752,0.9618294360385146
13,24,28,5,3.1234705228031148,1.6007834757834758,0.24957369947482808,1.0,False,1.0,False,0.9857592345811885,False,0.003515292094379664,1.580123796423659
13,24,29,2,3.1234705228031148,0.6403133903133903,0.7762736999601787,1.0,False,1.0,False,1.0,False,0.0014520183667317958,0.6526822558459422
13,24,30,4,3.1234705228031148,1.2806267806267806,0.5615634740660312,1.0,False,1.0,False,0.9957506177226078,False,0.0028275341851637078,1.2709766162310867
13,24,31,4,3.1234705228031148,1.2806267806267806,0.5615634740660312,1.0,False,1.0,False,0.9957506177226078,False,0.0028275341851637078,1.2709766162310867
13,25,26,3,3.1234705228031148,0.9604700854700856,1.0,1.0,False,1.0,False,1.0,False,0.002139776275947752,0.9618294360385146
13,25,27,4,3.1234705228031148,1.2806267806267806,0.5615634740660312,1.0,False,1.0,False,0.9957506177226078,False,0.0028275341851637078,1.2709766162310867
13,25,28,3,3.1234705228031148,0.9604700854700856,1.0,1.0,False,1.0,False,1.0,False,0.002139776275947752,0.9618294360385146
13,25,29,2,3.1234705228031148,0.6403133903133903,0.7762736999601787,1.0,False,1.0,False,1.0,False,0.0014520183667317958,0.6526822558459422
13,25,30,2,3.1234705228031148,0.6403133903133903,0.7762736999601787,1.0,False,1.0,False,1.0,False,0.0014520183667317958,0.6526822558459422
13,25,31,2,3.1234705228031148,0.6403133903133903,0.7762736999601787,1.0,False,1.0,False,1.0,False,0.0014520183667317958,0.6526822558459422
13,26,27,3,3.1234705228031148,0.9604700854700856,1.0,1.0,False,1.0,False,1.0,False,0.002139776275947752,0.9618294360385146
13,26,28,1,3.1234705228031148,0.32015669515669515,0.38684745045633295,1.0,False,1.0,False,0.9857592345811885,False,0.0007642604575158399,0.34353507565337005
13,26,29,4,3.1234705228031148,1.2806267806267806,0.5615634740660312,1.0,False,1.0,False,0.9957506177226078,False,0.0028275341851637078,1.2709766162310867
13,26,30,4,3.1234705228031148,1.2806267806267806,0.5615634740660312,1.0,False,1.0,False,0.9957506177226078,False,0.0028275341851637078,1.2709766162310867
13,26,31,2,3.1234705228031148,0.6403133903133903,0.7762736999601787,1.0,False,1.0,False,1.0,False,0.0014520183667317958,0.6526822558459422
13,27,28,1,3.1234705228031148,0.32015669515669515,0.38684745045633295,1.0,False,1.0,False,0.9857592345811885,False,0.0007642604575158399,0.34353507565337005
13,27,29,5,3.1234705228031148,1.6007834757834758,0.24957369947482808,1.0,False,1.0,False,0.9857592345811885,False,0.003515292094379664,1.580123796423659
13,27,30,4,3.1234705228031148,1.2806267806267806,0.5615634740660312,1.0,False,1.0,False,0.9957506177226078,False,0.0028275341851637078,1.2709766162310867
13,27,31,5,3.1234705228031148,1.6007834757834758,0.24957369947482808,1.0,False,1.0,False,0.9857592345811885,False,0.003515292094379664,1.580123796423659
13,28,29,1,3.1234705228031148,0.32015669515669515,0.38684745045633295,1.0,False,1.0,False,0.9857592345811885,False,0.0007642604575158399,0.34353507565337005
13,28,30,2,3.1234705228031148,0.6403133903133903,0.7762736999601787,1.0,False,1.0,False,1.0,False,0.0014520183667317958,0.6526822558459422
13,28,31,6,3.1234705228031148,1.9209401709401712,0.14049792107858372,1.0,False,1.0,False,0.9857592345811885,False,0.00420305000359562,1.8892709766162312
13,29,30,4,3.1234705228031148,1.2806267806267806,0.5615634740660312,1.0,False,1.0,False,0.9957506177226078,False,0.0028275341851637078,1.2709766162310867
13,29,31,1,3.1234705228031148,0.32015669515669515,0.38684745045633295,1.0,False,1.0,False,0.9857592345811885,False,0.0007642604575158399,0.34353507565337005
13,30,31,0,3.1234705228031148,0.0,0.08379148704798318,1.0,False,1.0,False,0.9857592345811885,False,7.650254829988387e-05,0.0343878954607978
14,15,16,2,3.1234705228031148,0.6403133903133903,0.7762736999601787,1.0,False,1.0,False,1.0,False,0.0014520183667317958,0.6526822558459422
14,15,17,3,3.1234705228031148,0.9604700854700856,1.0,1.0,False,1.0,False,1.0,False,0.002139776275947752,0.9618294360385146
14,15,18,2,3.1234705228031148,0.6403133903133903,0.7762736999601787,1.0,False,1.0,False,1.0,False,0.0014520183667317958,0.6526822558459422
14,15,19,1,3.1234705228031148,0.32015669515669515,0.38684745045633295,1.0,False,1.0,False,0.9857592345811885,False,0.0007642604575158399,0.34353507565337005
14,15,20,3,3.1234705228031148,0.9604700854700856,1.0,1.0,False,1.0,False,1.0,False,0.002139776275947752,0.9618294360385146
14,15,21,2,3.1234705228031148,0.6403133903133903,0.7762736999601787,1.0,False,1.0,False,1.0,False,0.0014520183667317958,0.6526822558459422
14,15,22,3,3.1234705228031148,0.9604700854700856,1.0,1.0,False,1.0,False,1.0,False,0.002139776275947752,0.9618294360385146
14,15,23,1,3.1234705228031148,0.32015669515669515,0.38684745045633295,1.0,False,1.0,False,0.9857592345811885,False,0.0007642604575158399,0.34353507565337005
14,15,24,4,3.1234705228031148,1.2806267806267806,0.5615634740660312,1.0,False,1.0,False,0.9957506177226078,False,0.0028275341851637078,1.2709766162310867
14,15,25,4,3.1234705228031148,1.2806267806267806,0.5615634740660312,1.0,False,1.0,False,0.9957506177226078,False,0.0028275341851637078,1.2709766162310867
14,15,26,7,3.1234705228031148,2.241096866096866,0.03994014992889243,1.0,False,1.0,False,0.9857592345811885,False,0.004890807912811576,2.1984181568088035
14,15,27,3,3.1234705228031148,0.9604700854700856,1.0,1.0,False,1.0,False,1.0,False,0.002139776275947752,0.9618294360385146
14,15,28,1,3.1234705228031148,0.32015669515669515,0.38684745045633295,1.0,False,1.0,False,0.9857592345811885,False,0.0007642604575158399,0.34353507565337005
14,15,29,3,3.1234705228031148,0.9604700854700856,1.0,1.0,False,1.0,False,1.0,False,0.002139776275947752,0.9618294360385146
14,15,30,1,3.1234705228031148,0.32015669515669515,0.38684745045633295,1.0,False,1.0,False,0.9857592345811885,False,0.0007642604575158399,0.34353507565337005
14,15,31,1,3.1234705228031148,0.32015669515669515,0.38684745045633295,1.0,False,1.0,False,0.9857592345811885,False,0.0007642604575158399,0.34353507565337005
14,16,17,4,3.1234705228031148,1.2806267806267806,0.5615634740660312,1.0,False,1.0,False,0.9957506177226078,False,0.0028275341851637078,1.2709766162310867
14,16,18,1,3.1234705228031148,0.32015669515669515,0.38684745045633295,1.0,False,1.0,False,0.9857592345811885,False,0.0007642604575158399,0.34353507565337005
14,16,19,3,3.1234705228031148,0.9604700854700856,1.0,1.0,False,1.0,False,1.0,False,0.002139776275947752,0.9618294360385146
14,16,20,2,3.1234705228031148,0.6403133903133903,0.7762736999601787,1.0,False,1.0,False,1.0,False,0.0014520183667317958,0.6526822558459422
14,16,21,1,3.1234705228031148,0.32015669515669515,0.38684745045633295,1.0,False,1.0,False,0.9857592345811885,False,0.0007642604575158399,0.34353507565337005
14,16,22,3,3.1234705228031148,0.9604700854700856,1.0,1.0,False,1.0,False,1.0,False,0.002139776275947752,0.9618294360385146
14,16,23,4,3.1234705228031148,1.2806267806267806,0.5615634740660312,1.0,False,1.0,False,0.9957506177226078,False,0.0028275341851637078,1.2709766162310867
14,16,24,4,3.1234705228031148,1.2806267806267806,0.5615634740660312,1.0,False,1.0,False,0.9957506177226078,False,0.0028275341851637078,1.2709766162310867
14,16,25,4,3.1234705228031148,1.2806267806267806,0.5615634740660312,1.0,False,1.0,False,0.9957506177226078,False,0.0028275341851637078,1.2709766162310867
14,16,26,3,3.1234705228031148,0.9604700854700856,1.0,1.0,False,1.0,False,1.0,False,0.002139776275947752,0.9618294360385146
14,16,27,0,3.1234705228031148,0.0,0.08379148704798318,1.0,False,1.0,False,0.9857592345811885,False,7.650254829988387e-05,0.0343878954607978
14,16,28,1,3.1234705228031148,0.32015669515669515,0.38684745045633295,1.0,False,1.0,False,0.9857592345811885,False,0.0007642604575158399,0.34353507565337005
14,16,29,2,3.1234705228031148,0.6403133903133903,0.7762736999601787,1.0,False,1.0,False,1.0,False,0.0014520183667317958,0.6526822558459422
14,16,30,3,3.1234705228031148,0.9604700854700856,1.0,1.0,False,1.0,False,1.0,False,0.002139776275947752,0.9618294360385146
14,16,31,5,3.1234705228031148,1.6007834757834758,0.24957369947482808,1.0,False,1.0,False,0.9857592345811885,False,0.003515292094379664,1.580123796423659
14,17,18,0,3.1234705228031148,0.0,0.08379148704798318,1.0,False,1.0,False,0.9857592345811885,False,7.650254829988387e-05,0.0343878954607978
14,17,19,4,3.1234705228031148,1.2806267806267806,0.5615634740660312,1.0,False,1.0,False,0.9957506177226078,False,0.0028275341851637078,1.2709766162310867
14,17,20,6,3.1234705228031148,1.9209401709401712,0.14049792107858372,1.0,False,1.0,False,0.9857592345811885,False,0.00420305000359562,1.8892709766162312
14,17,21,1,3.1234705228031148,0.32015669515669515,0.38684745045633295,1.0,False,1.0,False,0.9857592345811885,False,0.0007642604575158399,0.34353507565337005
14,17,22,4,3.1234705228031148,1.2806267806267806,0.5615634740660312,1.0,False,1.0,False,0.9957506177226078,False,0.0028275341851637078,1.2709766162310867
14,17,23,4,3.1234705228031148,1.2806267806267806,0.5615634740660312,1.0,False,1.0,False,0.9957506177226078,False,0.0028275341851637078,1.2709766162310867
14,17,24,3,3.1234705228031148,0.9604700854700856,1.0,1.0,False,1.0,False,1.0,False,0.002139776275947752,0.9618294360385146
14,17,25,6,3.1234705228031148,1.9209401709401712,0.14049792107858372,1.0,False,1.0,False,0.9857592345811885,False,0.00420305000359562,1.8892709766162312
14,17,26,5,3.1234705228031148,1.6007834757834758,0.24957369947482808,1.0,False,1.0,False,0.9857592345811885,False,0.003515292094379664,1.580123796423659
14,17,27,2,3.1234705228031148,0.6403133903133903,0.7762736999601787,1.0,False,1.0,False,1.0,False,0.0014520183667317958,0.6526822558459422
14,17,28,4,3.1234705228031148,1.2806267806267806,0.5615634740660312,1.0,False,1.0,False,0.9957506177226078,False,0.0028275341851637078,1.2709766162310867
14,17,29,6,3.1234705228031148,1.9209401709401712,0.14049792107858372,1.0,False,1.0,False,0.9857592345811885,False,0.00420305000359562,1.8892709766162312
14,17,30,4,3.1234705228031148,1.2806267806267806,0.5615634740660312,1.0,False,1.0,False,0.9957506177226078,False,0.0028275341851637078,1.2709766162310867
14,17,31,4,3.1234705228031148,1.2806267806267806,0.5615634740660312,1.0,False,1.0,False,0.9957506177226078,False,0.0028275341851637078,1.2709766162310867
14,18,19,0,3.1234705228031148,0.0,0.08379148704798318,1.0,False,1.0,False,0.9857592345811885,False,7.650254829988387e-05,0.0343878954607978
14,18,20,2,3.1234705228031148,0.6403133903133903,0.7762736999601787,1.0,False,1.0,False,1.0,False,0.0014520183667317958,0.6526822558459422
14,18,21,1,3.1234705228031148,0.32015669515669515,0.38684745045633295,1.0,False,1.0,False,0.9857592345811885,False,0.0007642604575158399,0.34353507565337005
14,18,22,3,3.1234705228031148,0.9604700854700856,1.0,1.0,False,1.0,False,1.0,False,0.002139776275947752,0.9618294360385146
14,18,23,5,3.1234705228031148,1.6007834757834758,0.24957369947482808,1.0,False,1.0,False,0.9857592345811885,False,0.003515292094379664,1.580123796423659
14,18,24,3,3.1234705228031148,0.9604700854700856,1.0,1.0,False,1.0,False,1.0,False,0.002139776275947752,0.9618294360385146
14,18,25,2,3.1234705228031148,0.6403133903133903,0.7762736999601787,1.0,False,1.0,False,1.0,False,0.0014520183667317958,0.6526822558459422
14,18,26,4,3.1234705228031148,1.2806267806267806,0.5615634740660312,1.0,False,1.0,False,0.9957506177226078,False,0.0028275341851637078,1.2709766162310867
14,18,27,1,3.1234705228031148,0.32015669515669515,0.38684745045633295,1.0,False,1.0,False,0.9857592345811885,False,0.0007642604575158399,0.34353507565337005
14,18,28,3,3.1234705228031148,0.9604700854700856,1.0,1.0,False,1.0,False,1.0,False,0.002139776275947752,0.9618294360385146
14,18,29,2,3.1234705228031148,0.6403133903133903,0.7762736999601787,1.0,False,1.0,False,1.0,False,0.0014520183667317958,0.6526822558459422
14,18,30,3,3.1234705228031148,0.9604700854700856,1.0,1.0,False,1.0,False,1.0,False,0.002139776275947752,0.9618294360385146
14,18,31,5,3.1234705228031148,1.6007834757834758,0.24957369947482808,1.0,False,1.0,False,0.9857592345811885,False,0.003515292094379664,1.580123796423659
14,19,20,2,3.1234705228031148,0.6403133903133903,0.7762736999601787,1.0,False,1.0,False,1.0,False,0.0014520183667317958,0.6526822558459422
14,19,21,4,3.1234705228031148,1.2806267806267806,0.5615634740660312,1.0,False,1.0,False,0.9957506177226078,False,0.0028275341851637078,1.2709766162310867
14,19,22,4,3.1234705228031148,1.2806267806267806,0.5615634740660312,1.0,False,1.0,False,0.9957506177226078,False,0.0028275341851637078,1.2709766162310867
14,19,23,2,3.1234705228031148,0.6403133903133903,0.7762736999601787,1.0,False,1.0,False,1.0,False,0.0014520183667317958,0.6526822558459422
14,19,24,4,3.1234705228031148,1.2806267806267806,0.5615634740660312,1.0,False,1.0,False,0.9957506177226078,False,0.0028275341851637078,1.2709766162310867
14,19,25,4,3.1234705228031148,1.2806267806267806,0.5615634740660312,1.0,False,1.0,False,0.9957506177226078,False,0.0028275341851637078,1.2709766162310867
14,19,26,2,3.1234705228031148,0.6403133903133903,0.7762736999601787,1.0,False,1.0,False,1.0,False,0.0014520183667317958,0.6526822558459422
14,19,27,2,3.1234705228031148,0.6403133903133903,0.7762736999601787,1.0,False,1.0,False,1.0,False,0.0014520183667317958,0.6526822558459422
14,19,28,5,3.1234705228031148,1.6007834757834758,0.24957369947482808,1.0,False,1.0,False,0.9857592345811885,False,0.003515292094379664,1.580123796423659
14,19,29,3,3.1234705228031148,0.9604700854700856,1.0,1.0,False,1.0,False,1.0,False,0.002139776275947752,0.9618294360385146
14,19,30,4,3.1234705228031148,1.2806267806267806,0.5615634740660312,1.0,False,1.0,False,0.9957506177226078,False,0.0028275341851637078,1.2709766162310867
14,19,31,3,3.1234705228031148,0.9604700854700856,1.0,1.0,False,1.0,False,1.0,False,0.002139776275947752,0.9618294360385146
14,20,21,2,3.1234705228031148,0.6403133903133903,0.7762736999601787,1.0,False,1.0,False,1.0,False,0.0014520183667317958,0.6526822558459422
14,20,22,6,3.1234705228031148,1.9209401709401712,0.14049792107858372,1.0,False,1.0,False,0.9857592345811885,False,0.00420305000359562,1.8892709766162312
14,20,23,2,3.1234705228031148,0.6403133903133903,0.7762736999601787,1.0,False,1.0,False,1.0,False,0.0014520183667317958,0.6526822558459422
14,20,24,3,3.1234705228031148,0.9604700854700856,1.0,1.0,False,1.0,False,1.0,False,0.002139776275947752,0.9618294360385146
14,20,25,5,3.1234705228031148,1.6007834757834758,0.24957369947482808,1.0,False,1.0,False,0.9857592345811885,False,0.003515292094379664,1.580123796423659
14,20,26,4,3.1234705228031148,1.2806267806267806,0.5615634740660312,1.0,False,1.0,False,0.9957506177226078,False,0.0028275341851637078,1.2709766162310867
14,20,27,6,3.1234705228031148,1.9209401709401712,0.14049792107858372,1.0,False,1.0,False,0.9857592345811885,False,0.00420305000359562,1.8892709766162312
14,20,28,5,3.1234705228031148,1.6007834757834758,0.24957369947482808,1.0,False,1.0,False,0.9857592345811885,False,0.003515292094379664,1.580123796423659
14,20,29,3,3.1234705228031148,0.9604700854700856,1.0,1.0,False,1.0,False,1.0,False,0.002139776275947752,0.9618294360385146
14,20,30,4,3.1234705228031148,1.2806267806267806,0.5615634740660312,1.0,False,1.0,False,0.9957506177226078,False,0.0028275341851637078,1.2709766162310867
14,20,31,7,3.1234705228031148,2.241096866096866,0.03994014992889243,1.0,False,1.0,False,0.9857592345811885,False,0.004890807912811576,2.1984181568088035
14,21,22,2,3.1234705228031148,0.6403133903133903,0.7762736999601787,1.0,False,1.0,False,1.0,False,0.0014520183667317958,0.6526822558459422
14,21,23,2,3.1234705228031148,0.6403133903133903,0.7762736999601787,1.0,False,1.0,False,1.0,False,0.0014520183667317958,0.6526822558459422
14,21,24,2,3.1234705228031148,0.6403133903133903,0.7762736999601787,1.0,False,1.0,False,1.0,False,0.0014520183667317958,0.6526822558459422
14,21,25,5,3.1234705228031148,1.6007834757834758,0.24957369947482808,1.0,False,1.0,False,0.9857592345811885,False,0.003515292094379664,1.580123796423659
14,21,26,2,3.1234705228031148,0.6403133903133903,0.7762736999601787,1.0,False,1.0,False,1.0,False,0.0014520183667317958,0.6526822558459422
14,21,27,5,3.1234705228031148,1.6007834757834758,0.24957369947482808,1.0,False,1.0,False,0.9857592345811885,False,0.003515292094379664,1.580123796423659
14,21,28,3,3.1234705228031148,0.9604700854700856,1.0,1.0,False,1.0,False,1.0,False,0.002139776275947752,0.9618294360385146
14,21,29,4,3.1234705228031148,1.2806267806267806,0.5615634740660312,1.0,False,1.0,False,0.9957506177226078,False,0.0028275341851637078,1.2709766162310867
14,21,30,6,3.1234705228031148,1.9209401709401712,0.14049792107858372,1.0,False,1.0,False,0.9857592345811885,False,0.00420305000359562,1.8892709766162312
14,21,31,7,3.1234705228031148,2.241096866096866,0.03994014992889243,1.0,False,1.0,False,0.9857592345811885,False,0.004890807912811576,2.1984181568088035
14,22,23,2,3.1234705228031148,0.6403133903133903,0.7762736999601787,1.0,False,1.0,False,1.0,False,0.0014520183667317958,0.6526822558459422
14,22,24,4,3.1234705228031148,1.2806267806267806,0.5615634740660312,1.0,False,1.0,False,0.9957506177226078,False,0.0028275341851637078,1.2709766162310867
14,22,25,4,3.1234705228031148,1.2806267806267806,0.5615634740660312,1.0,False,1.0,False,0.9957506177226078,False,0.0028275341851637078,1.2709766162310867
14,22,26,5,3.1234705228031148,1.6007834757834758,0.24957369947482808,1.0,False,1.0,False,0.9857592345811885,False,0.003515292094379664,1.580123796423659
14,22,27,3,3.1234705228031148,0.9604700854700856,1.0,1.0,False,1.0,False,1.0,False,0.002139776275947752,0.9618294360385146
14,22,28,2,3.1234705228031148,0.6403133903133903,0.7762736999601787,1.0,False,1.0,False,1.0,False,0.0014520183667317958,0.6526822558459422
14,22,29,5,3.1234705228031148,1.6007834757834758,0.24957369947482808,1.0,False,1.0,False,0.9857592345811885,False,0.003515292094379664,1.580123796423659
14,22,30,3,3.1234705228031148,0.9604700854700856,1.0,1.0,False,1.0,False,1.0,False,0.002139776275947752,0.9618294360385146
14,22,31,1,3.1234705228031148,0.32015669515669515,0.38684745045633295,1.0,False,1.0,False,0.9857592345811885,False,0.0007642604575158399,0.34353507565337005
14,23,24,4,3.1234705228031148,1.2806267806267806,0.5615634740660312,1.0,False,1.0,False,0.9957506177226078,False,0.0028275341851637078,1.2709766162310867
14,23,25,5,3.1234705228031148,1.6007834757834758,0.24957369947482808,1.0,False,1.0,False,0.9857592345811885,False,0.003515292094379664,1.580123796423659
14,23,26,3,3.1234705228031148,0.9604700854700856,1.0,1.0,False,1.0,False,1.0,False,0.002139776275947752,0.9618294360385146
14,23,27,1,3.1234705228031148,0.32015669515669515,0.38684745045633295,1.0,False,1.0,False,0.9857592345811885,False,0.0007642604575158399,0.34353507565337005
14,23,28,4,3.1234705228031148,1.2806267806267806,0.5615634740660312,1.0,False,1.0,False,0.9957506177226078,False,0.0028275341851637078,1.2709766162310867
14,23,29,7,3.1234705228031148,2.241096866096866,0.03994014992889243,1.0,False,1.0,False,0.9857592345811885,False,0.004890807912811576,2.1984181568088035
14,23,30,6,3.1234705228031148,1.9209401709401712,0.14049792107858372,1.0,False,1.0,False,0.9857592345811885,False,0.00420305000359562,1.8892709766162312
14,23,31,8,3.1234705228031148,2.561253561253561,0.01468912435960452,1.0,False,1.0,False,0.956921941977135,False,0.005578565822027533,2.5075653370013757
14,24,25,5,3.1234705228031148,1.6007834757834758,0.24957369947482808,1.0,False,1.0,False,0.9857592345811885,False,0.003515292094379664,1.580123796423659
14,24,26,3,3.1234705228031148,0.9604700854700856,1.0,1.0,False,1.0,False,1.0,False,0.002139776275947752,0.9618294360385146
14,24,27,4,3.1234705228031148,1.2806267806267806,0.5615634740660312,1.0,False,1.0,False,0.9957506177226078,False,0.0028275341851637078,1.2709766162310867
14,24,28,5,3.1234705228031148,1.6007834757834758,0.24957369947482808,1.0,False,1.0,False,0.9857592345811885,False,0.003515292094379664,1.580123796423659
14,24,29,4,3.1234705228031148,1.2806267806267806,0.5615634740660312,1.0,False,1.0,False,0.9957506177226078,False,0.0028275341851637078,1.2709766162310867
14,24,30,2,3.1234705228031148,0.6403133903133903,0.7762736999601787,1.0,False,1.0,False,1.0,False,0.0014520183667317958,0.6526822558459422
14,24,31,7,3.1234705228031148,2.241096866096866,0.03994014992889243,1.0,False,1.0,False,0.9857592345811885,False,0.004890807912811576,2.1984181568088035
14,25,26,5,3.1234705228031148,1.6007834757834758,0.24957369947482808,1.0,False,1.0,False,0.9857592345811885,False,0.003515292094379664,1.580123796423659
14,25,27,3,3.1234705228031148,0.9604700854700856,1.0,1.0,False,1.0,False,1.0,False,0.002139776275947752,0.9618294360385146
14,25,28,3,3.1234705228031148,0.9604700854700856,1.0,1.0,False,1.0,False,1.0,False,0.002139776275947752,0.9618294360385146
14,25,29,4,3.1234705228031148,1.2806267806267806,0.5615634740660312,1.0,False,1.0,False,0.9957506177226078,False,0.0028275341851637078,1.2709766162310867
14,25,30,5,3.1234705228031148,1.6007834757834758,0.24957369947482808,1.0,False,1.0,False,0.9857592345811885,False,0.003515292094379664,1.580123796423659
14,25,31,4,3.1234705228031148,1.2806267806267806,0.5615634740660312,1.0,False,1.0,False,0.9957506177226078,False,0.0028275341851637078,1.2709766162310867
14,26,27,3,3.1234705228031148,0.9604700854700856,1.0,1.0,False,1.0,False,1.0,False,0.002139776275947752,0.9618294360385146
14,26,28,4,3.1234705228031148,1.2806267806267806,0.5615634740660312,1.0,False,1.0,False,0.9957506177226078,False,0.0028275341851637078,1.2709766162310867
14,26,29,2,3.1234705228031148,0.6403133903133903,0.7762736999601787,1.0,False,1.0,False,1.0,False,0.0014520183667317958,0.6526822558459422
14,26,30,7,3.1234705228031148,2.241096866096866,0.03994014992889243,1.0,False,1.0,False,0.9857592345811885,False,0.004890807912811576,2.1984181568088035
14,26,31,3,3.1234705228031148,0.9604700854700856,1.0,1.0,False,1.0,False,1.0,False,0.002139776275947752,0.9618294360385146
14,27,28,3,3.1234705228031148,0.9604700854700856,1.0,1.0,False,1.0,False,1.0,False,0.002139776275947752,0.9618294360385146
14,27,29,1,3.1234705228031148,0.32015669515669515,0.38684745045633295,1.0,False,1.0,False,0.9857592345811885,False,0.0007642604575158399,0.34353507565337005
14,27,30,5,3.1234705228031148,1.6007834757834758,0.24957369947482808,1.0,False,1.0,False,0.9857592345811885,False,0.003515292094379664,1.580123796423659
14,27,31,2,3.1234705228031148,0.6403133903133903,0.7762736999601787,1.0,False,1.0,False,1.0,False,0.0014520183667317958,0.6526822558459422
14,28,29,5,3.1234705228031148,1.6007834757834758,0.24957369947482808,1.0,False,1.0,False,0.9857592345811885,False,0.003515292094379664,1.580123796423659
14,28,30,3,3.1234705228031148,0.9604700854700856,1.0,1.0,False,1.0,False,1.0,False,0.002139776275947752,0.9618294360385146
14,28,31,1,3.1234705228031148,0.32015669515669515,0.38684745045633295,1.0,False,1.0,False,0.9857592345811885,False,0.0007642604575158399,0.34353507565337005
14,29,30,4,3.1234705228031148,1.2806267806267806,0.5615634740660312,1.0,False,1.0,False,0.9957506177226078,False,0.0028275341851637078,1.2709766162310867
14,29,31,4,3.1234705228031148,1.2806267806267806,0.5615634740660312,1.0,False,1.0,False,0.9957506177226078,False,0.0028275341851637078,1.2709766162310867
14,30,31,5,3.1234705228031148,1.6007834757834758,0.24957369947482808,1.0,False,1.0,False,0.9857592345811885,False,0.003515292094379664,1.580123796423659
15,16,17,1,3.1234705228031148,0.32015669515669515,0.38684745045633295,1.0,False,1.0,False,0.9857592345811885,False,0.0007642604575158399,0.34353507565337005
15,16,18,2,3.1234705228031148,0.6403133903133903,0.7762736999601787,1.0,False,1.0,False,1.0,False,0.0014520183667317958,0.6526822558459422
15,16,19,2,3.1234705228031148,0.6403133903133903,0.7762736999601787,1.0,False,1.0,False,1.0,False,0.0014520183667317958,0.6526822558459422
15,16,20,4,3.1234705228031148,1.2806267806267806,0.5615634740660312,1.0,False,1.0,False,0.9957506177226078,False,0.0028275341851637078,1.2709766162310867
15,16,21,2,3.1234705228031148,0.6403133903133903,0.7762736999601787,1.0,False,1.0,False,1.0,False,0.0014520183667317958,0.6526822558459422
15,16,22,0,3.1234705228031148,0.0,0.08379148704798318,1.0,False,1.0,False,0.9857592345811885,False,7.650254829988387e-05,0.0343878954607978
15,16,23,0,3.1234705228031148,0.0,0.08379148704798318,1.0,False,1.0,False,0.9857592345811885,False,7.650254829988387e-05,0.0343878954607978
15,16,24,3,3.1234705228031148,0.9604700854700856,1.0,1.0,False,1.0,False,1.0,False,0.002139776275947752,0.9618294360385146
15,16,25,2,3.1234705228031148,0.6403133903133903,0.7762736999601787,1.0,False,1.0,False,1.0,False,0.0014520183667317958,0.6526822558459422
15,16,26,3,3.1234705228031148,0.9604700854700856,1.0,1.0,False,1.0,False,1.0,False,0.002139776275947752,0.9618294360385146
15,16,27,3,3.1234705228031148,0.9604700854700856,1.0,1.0,False,1.0,False,1.0,False,0.002139776275947752,0.9618294360385146
15,16,28,1,3.1234705228031148,0.32015669515669515,0.38684745045633295,1.0,False,1.0,False,0.9857592345811885,False,0.0007642604575158399,0.34353507565337005
15,16,29,4,3.1234705228031148,1.2806267806267806,0.5615634740660312,1.0,False,1.0,False,0.9957506177226078,False,0.0028275341851637078,1.2709766162310867
15,16,30,2,3.1234705228031148,0.6403133903133903,0.7762736999601787,1.0,False,1.0,False,1.0,False,0.0014520183667317958,0.6526822558459422
15,16,31,3,3.1234705228031148,0.9604700854700856,1.0,1.0,False,1.0,False,1.0,False,0.002139776275947752,0.9618294360385146
15,17,18,2,3.1234705228031148,0.6403133903133903,0.7762736999601787,1.0,False,1.0,False,1.0,False,0.0014520183667317958,0.6526822558459422
15,17,19,1,3.1234705228031148,0.32015669515669515,0.38684745045633295,1.0,False,1.0,False,0.9857592345811885,False,0.0007642604575158399,0.34353507565337005
15,17,20,3,3.1234705228031148,0.9604700854700856,1.0,1.0,False,1.0,False,1.0,False,0.002139776275947752,0.9618294360385146
15,17,21,5,3.1234705228031148,1.6007834757834758,0.24957369947482808,1.0,False,1.0,False,0.9857592345811885,False,0.003515292094379664,1.580123796423659
15,17,22,4,3.1234705228031148,1.2806267806267806,0.5615634740660312,1.0,False,1.0,False,0.9957506177226078,False,0.0028275341851637078,1.2709766162310867
15,17,23,5,3.1234705228031148,1.6007834757834758,0.24957369947482808,1.0,False,1.0,False,0.9857592345811885,False,0.003515292094379664,1.580123796423659
15,17,24,1,3.1234705228031148,0.32015669515669515,0.38684745045633295,1.0,False,1.0,False,0.9857592345811885,False,0.0007642604575158399,0.34353507565337005
15,17,25,2,3.1234705228031148,0.6403133903133903,0.7762736999601787,1.0,False,1.0,False,1.0,False,0.0014520183667317958,0.6526822558459422
15,17,26,3,3.1234705228031148,0.9604700854700856,1.0,1.0,False,1.0,False,1.0,False,0.002139776275947752,0.9618294360385146
15,17,27,1,3.1234705228031148,0.32015669515669515,0.38684745045633295,1.0,False,1.0,False,0.9857592345811885,False,0.0007642604575158399,0.34353507565337005
15,17,28,1,3.1234705228031148,0.32015669515669515,0.38684745045633295,1.0,False,1.0,False,0.9857592345811885,False,0.0007642604575158399,0.34353507565337005
15,17,29,4,3.1234705228031148,1.2806267806267806,0.5615634740660312,1.0,False,1.0,False,0.9957506177226078,False,0.0028275341851637078,1.2709766162310867
15,17,30,2,3.1234705228031148,0.6403133903133903,0.7762736999601787,1.0,False,1.0,False,1.0,False,0.0014520183667317958,0.6526822558459422
15,17,31,1,3.1234705228031148,0.32015669515669515,0.38684745045633295,1.0,False,1.0,False,0.9857592345811885,False,0.0007642604575158399,0.34353507565337005
15,18,19,2,3.1234705228031148,0.6403133903133903,0.7762736999601787,1.0,False,1.0,False,1.0,False,0.0014520183667317958,0.6526822558459422
15,18,20,6,3.1234705228031148,1.9209401709401712,0.14049792107858372,1.0,False,1.0,False,0.9857592345811885,False,0.00420305000359562,1.8892709766162312
15,18,21,1,3.1234705228031148,0.32015669515669515,0.38684745045633295,1.0,False,1.0,False,0.9857592345811885,False,0.0007642604575158399,0.34353507565337005
15,18,22,7,3.1234705228031148,2.241096866096866,0.03994014992889243,1.0,False,1.0,False,0.9857592345811885,False,0.004890807912811576,2.1984181568088035
15,18,23,0,3.1234705228031148,0.0,0.08379148704798318,1.0,False,1.0,False,0.9857592345811885,False,7.650254829988387e-05,0.0343878954607978
15,18,24,2,3.1234705228031148,0.6403133903133903,0.7762736999601787,1.0,False,1.0,False,1.0,False,0.0014520183667317958,0.6526822558459422
15,18,25,6,3.1234705228031148,1.9209401709401712,0.14049792107858372,1.0,False,1.0,False,0.9857592345811885,False,0.00420305000359562,1.8892709766162312
15,18,26,1,3.1234705228031148,0.32015669515669515,0.38684745045633295,1.0,False,1.0,False,0.9857592345811885,False,0.0007642604575158399,0.34353507565337005
15,18,27,1,3.1234705228031148,0.32015669515669515,0.38684745045633295,1.0,False,1.0,False,0.9857592345811885,False,0.0007642604575158399,0.34353507565337005
15,18,28,2,3.1234705228031148,0.6403133903133903,0.7762736999601787,1.0,False,1.0,False,1.0,False,0.0014520183667317958,0.6526822558459422
15,18,29,3,3.1234705228031148,0.9604700854700856,1.0,1.0,False,1.0,False,1.0,False,0.002139776275947752,0.9618294360385146
15,18,30,5,3.1234705228031148,1.6007834757834758,0.24957369947482808,1.0,False,1.0,False,0.9857592345811885,False,0.003515292094379664,1.580123796423659
15,18,31,4,3.1234705228031148,1.2806267806267806,0.5615634740660312,1.0,False,1.0,False,0.9957506177226078,False,0.0028275341851637078,1.2709766162310867
15,19,20,2,3.1234705228031148,0.6403133903133903,0.7762736999601787,1.0,False,1.0,False,1.0,False,0.0014520183667317958,0.6526822558459422
15,19,21,1,3.1234705228031148,0.32015669515669515,0.38684745045633295,1.0,False,1.0,False,0.9857592345811885,False,0.0007642604575158399,0.34353507565337005
15,19,22,3,3.1234705228031148,0.9604700854700856,1.0,1.0,False,1.0,False,1.0,False,0.002139776275947752,0.9618294360385146
15,19,23,2,3.1234705228031148,0.6403133903133903,0.7762736999601787,1.0,False,1.0,False,1.0,False,0.0014520183667317958,0.6526822558459422
15,19,24,2,3.1234705228031148,0.6403133903133903,0.7762736999601787,1.0,False,1.0,False,1.0,False,0.0014520183667317958,0.6526822558459422
15,19,25,1,3.1234705228031148,0.32015669515669515,0.38684745045633295,1.0,False,1.0,False,0.9857592345811885,False,0.0007642604575158399,0.34353507565337005
15,19,26,2,3.1234705228031148,0.6403133903133903,0.7762736999601787,1.0,False,1.0,False,1.0,False,0.0014520183667317958,0.6526822558459422
15,19,27,1,3.1234705228031148,0.32015669515669515,0.38684745045633295,1.0,False,1.0,False,0.9857592345811885,False,0.0007642604575158399,0.34353507565337005
15,19,28,3,3.1234705228031148,0.9604700854700856,1.0,1.0,False,1.0,False,1.0,False,0.002139776275947752,0.9618294360385146
15,19,29,2,3.1234705228031148,0.6403133903133903,0.7762736999601787,1.0,False,1.0,False,1.0,False,0.0014520183667317958,0.6526822558459422
15,19,30,2,3.1234705228031148,0.6403133903133903,0.7762736999601787,1.0,False,1.0,False,1.0,False,0.0014520183667317958,0.6526822558459422
15,19,31,1,3.1234705228031148,0.32015669515669515,0.38684745045633295,1.0,False,1.0,False,0.9857592345811885,False,0.0007642604575158399,0.34353507565337005
15,20,21,3,3.1234705228031148,0.9604700854700856,1.0,1.0,False,1.0,False,1.0,False,0.002139776275947752,0.9618294360385146
15,20,22,6,3.1234705228031148,1.9209401709401712,0.14049792107858372,1.0,False,1.0,False,0.9857592345811885,False,0.00420305000359562,1.8892709766162312
15,20,23,5,3.1234705228031148,1.6007834757834758,0.24957369947482808,1.0,False,1.0,False,0.9857592345811885,False,0.003515292094379664,1.580123796423659
15,20,24,0,3.1234705228031148,0.0,0.08379148704798318,1.0,False,1.0,False,0.9857592345811885,False,7.650254829988387e-05,0.0343878954607978
15,20,25,2,3.1234705228031148,0.6403133903133903,0.7762736999601787,1.0,False,1.0,False,1.0,False,0.0014520183667317958,0.6526822558459422
15,20,26,0,3.1234705228031148,0.0,0.08379148704798318,1.0,False,1.0,False,0.9857592345811885,False,7.650254829988387e-05,0.0343878954607978
15,20,27,3,3.1234705228031148,0.9604700854700856,1.0,1.0,False,1.0,False,1.0,False,0.002139776275947752,0.9618294360385146
15,20,28,3,3.1234705228031148,0.9604700854700856,1.0,1.0,False,1.0,False,1.0,False,0.002139776275947752,0.9618294360385146
15,20,29,5,3.1234705228031148,1.6007834757834758,0.24957369947482808,1.0,False,1.0,False,0.9857592345811885,False,0.003515292094379664,1.580123796423659
15,20,30,4,3.1234705228031148,1.2806267806267806,0.5615634740660312,1.0,False,1.0,False,0.9957506177226078,False,0.0028275341851637078,1.2709766162310867
15,20,31,1,3.1234705228031148,0.32015669515669515,0.38684745045633295,1.0,False,1.0,False,0.9857592345811885,False,0.0007642604575158399,0.34353507565337005
15,21,22,3,3.1234705228031148,0.9604700854700856,1.0,1.0,False,1.0,False,1.0,False,0.002139776275947752,0.9618294360385146
15,21,23,1,3.1234705228031148,0.32015669515669515,0.38684745045633295,1.0,False,1.0,False,0.9857592345811885,False,0.0007642604575158399,0.34353507565337005
15,21,24,2,3.1234705228031148,0.6403133903133903,0.7762736999601787,1.0,False,1.0,False,1.0,False,0.0014520183667317958,0.6526822558459422
15,21,25,4,3.1234705228031148,1.2806267806267806,0.5615634740660312,1.0,False,1.0,False,0.9957506177226078,False,0.0028275341851637078,1.2709766162310867
15,21,26,2,3.1234705228031148,0.6403133903133903,0.7762736999601787,1.0,False,1.0,False,1.0,False,0.0014520183667317958,0.6526822558459422
15,21,27,3,3.1234705228031148,0.9604700854700856,1.0,1.0,False,1.0,False,1.0,False,0.002139776275947752,0.9618294360385146
15,21,28,3,3.1234705228031148,0.9604700854700856,1.0,1.0,False,1.0,False,1.0,False,0.002139776275947752,0.9618294360385146
15,21,29,1,3.1234705228031148,0.32015669515669515,0.38684745045633295,1.0,False,1.0,False,0.9857592345811885,False,0.0007642604575158399,0.34353507565337005
15,21,30,2,3.1234705228031148,0.6403133903133903,0.7762736999601787,1.0,False,1.0,False,1.0,False,0.0014520183667317958,0.6526822558459422
15,21,31,1,3.1234705228031148,0.32015669515669515,0.38684745045633295,1.0,False,1.0,False,0.9857592345811885,False,0.0007642604575158399,0.34353507565337005
15,22,23,5,3.1234705228031148,1.6007834757834758,0.24957369947482808,1.0,False,1.0,False,0.9857592345811885,False,0.003515292094379664,1.580123796423659
15,22,24,2,3.1234705228031148,0.6403133903133903,0.7762736999601787,1.0,False,1.0,False,1.0,False,0.0014520183667317958,0.6526822558459422
15,22,25,6,3.1234705228031148,1.9209401709401712,0.14049792107858372,1.0,False,1.0,False,0.9857592345811885,False,0.00420305000359562,1.8892709766162312
15,22,26,3,3.1234705228031148,0.9604700854700856,1.0,1.0,False,1.0,False,1.0,False,0.002139776275947752,0.9618294360385146
15,22,27,3,3.1234705228031148,0.9604700854700856,1.0,1.0,False,1.0,False,1.0,False,0.002139776275947752,0.9618294360385146
15,22,28,0,3.1234705228031148,0.0,0.08379148704798318,1.0,False,1.0,False,0.9857592345811885,False,7.650254829988387e-05,0.0343878954607978
15,22,29,6,3.1234705228031148,1.9209401709401712,0.14049792107858372,1.0,False,1.0,False,0.9857592345811885,False,0.00420305000359562,1.8892709766162312
15,22,30,4,3.1234705228031148,1.2806267806267806,0.5615634740660312,1.0,False,1.0,False,0.9957506177226078,False,0.0028275341851637078,1.2709766162310867
15,22,31,4,3.1234705228031148,1.2806267806267806,0.5615634740660312,1.0,False,1.0,False,0.9957506177226078,False,0.0028275341851637078,1.2709766162310867
15,23,24,1,3.1234705228031148,0.32015669515669515,0.38684745045633295,1.0,False,1.0,False,0.9857592345811885,False,0.0007642604575158399,0.34353507565337005
15,23,25,2,3.1234705228031148,0.6403133903133903,0.7762736999601787,1.0,False,1.0,False,1.0,False,0.0014520183667317958,0.6526822558459422
15,23,26,4,3.1234705228031148,1.2806267806267806,0.5615634740660312,1.0,False,1.0,False,0.9957506177226078,False,0.0028275341851637078,1.2709766162310867
15,23,27,0,3.1234705228031148,0.0,0.08379148704798318,1.0,False,1.0,False,0.9857592345811885,False,7.650254829988387e-05,0.0343878954607978
15,23,28,2,3.1234705228031148,0.6403133903133903,0.7762736999601787,1.0,False,1.0,False,1.0,False,0.0014520183667317958,0.6526822558459422
15,23,29,3,3.1234705228031148,0.9604700854700856,1.0,1.0,False,1.0,False,1.0,False,0.002139776275947752,0.9618294360385146
15,23,30,2,3.1234705228031148,0.6403133903133903,0.7762736999601787,1.0,False,1.0,False,1.0,False,0.0014520183667317958,0.6526822558459422
15,23,31,1,3.1234705228031148,0.32015669515669515,0.38684745045633295,1.0,False,1.0,False,0.9857592345811885,False,0.0007642604575158399,0.34353507565337005
15,24,25,4,3.1234705228031148,1.2806267806267806,0.5615634740660312,1.0,False,1.0,False,0.9957506177226078,False,0.0028275341851637078,1.2709766162310867
15,24,26,1,3.1234705228031148,0.32015669515669515,0.38684745045633295,1.0,False,1.0,False,0.9857592345811885,False,0.0007642604575158399,0.34353507565337005
15,24,27,1,3.1234705228031148,0.32015669515669515,0.38684745045633295,1.0,False,1.0,False,0.9857592345811885,False,0.0007642604575158399,0.34353507565337005
15,24,28,4,3.1234705228031148,1.2806267806267806,0.5615634740660312,1.0,False,1.0,False,0.9957506177226078,False,0.0028275341851637078,1.2709766162310867
15,24,29,4,3.1234705228031148,1.2806267806267806,0.5615634740660312,1.0,False,1.0,False,0.9957506177226078,False,0.0028275341851637078,1.2709766162310867
15,24,30,1,3.1234705228031148,0.32015669515669515,0.38684745045633295,1.0,False,1.0,False,0.9857592345811885,False,0.0007642604575158399,0.34353507565337005
15,24,31,2,3.1234705228031148,0.6403133903133903,0.7762736999601787,1.0,False,1.0,False,1.0,False,0.0014520183667317958,0.6526822558459422
15,25,26,4,3.1234705228031148,1.2806267806267806,0.5615634740660312,1.0,False,1.0,False,0.9957506177226078,False,0.0028275341851637078,1.2709766162310867
15,25,27,3,3.1234705228031148,0.9604700854700856,1.0,1.0,False,1.0,False,1.0,False,0.002139776275947752,0.9618294360385146
15,25,28,4,3.1234705228031148,1.2806267806267806,0.5615634740660312,1.0,False,1.0,False,0.9957506177226078,False,0.0028275341851637078,1.2709766162310867
15,25,29,1,3.1234705228031148,0.32015669515669515,0.38684745045633295,1.0,False,1.0,False,0.9857592345811885,False,0.0007642604575158399,0.34353507565337005
15,25,30,3,3.1234705228031148,0.9604700854700856,1.0,1.0,False,1.0,False,1.0,False,0.002139776275947752,0.9618294360385146
15,25,31,3,3.1234705228031148,0.9604700854700856,1.0,1.0,False,1.0,False,1.0,False,0.002139776275947752,0.9618294360385146
15,26,27,5,3.1234705228031148,1.6007834757834758,0.24957369947482808,1.0,False,1.0,False,0.9857592345811885,False,0.003515292094379664,1.580123796423659
15,26,28,1,3.1234705228031148,0.32015669515669515,0.38684745045633295,1.0,False,1.0,False,0.9857592345811885,False,0.0007642604575158399,0.34353507565337005
15,26,29,3,3.1234705228031148,0.9604700854700856,1.0,1.0,False,1.0,False,1.0,False,0.002139776275947752,0.9618294360385146
15,26,30,3,3.1234705228031148,0.9604700854700856,1.0,1.0,False,1.0,False,1.0,False,0.002139776275947752,0.9618294360385146
15,26,31,5,3.1234705228031148,1.6007834757834758,0.24957369947482808,1.0,False,1.0,False,0.9857592345811885,False,0.003515292094379664,1.580123796423659
15,27,28,2,3.1234705228031148,0.6403133903133903,0.7762736999601787,1.0,False,1.0,False,1.0,False,0.0014520183667317958,0.6526822558459422
15,27,29,0,3.1234705228031148,0.0,0.08379148704798318,1.0,False,1.0,False,0.9857592345811885,False,7.650254829988387e-05,0.0343878954607978
15,27,30,3,3.1234705228031148,0.9604700854700856,1.0,1.0,False,1.0,False,1.0,False,0.002139776275947752,0.9618294360385146
15,27,31,2,3.1234705228031148,0.6403133903133903,0.7762736999601787,1.0,False,1.0,False,1.0,False,0.0014520183667317958,0.6526822558459422
15,28,29,4,3.1234705228031148,1.2806267806267806,0.5615634740660312,1.0,False,1.0,False,0.9957506177226078,False,0.0028275341851637078,1.2709766162310867
15,28,30,2,3.1234705228031148,0.6403133903133903,0.7762736999601787,1.0,False,1.0,False,1.0,False,0.0014520183667317958,0.6526822558459422
15,28,31,5,3.1234705228031148,1.6007834757834758,0.24957369947482808,1.0,False,1.0,False,0.9857592345811885,False,0.003515292094379664,1.580123796423659
15,29,30,3,3.1234705228031148,0.9604700854700856,1.0,1.0,False,1.0,False,1.0,False,0.002139776275947752,0.9618294360385146
15,29,31,4,3.1234705228031148,1.2806267806267806,0.5615634740660312,1.0,False,1.0,False,0.9957506177226078,False,0.0028275341851637078,1.2709766162310867
15,30,31,7,3.1234705228031148,2.241096866096866,0.03994014992889243,1.0,False,1.0,False,0.9857592345811885,False,0.004890807912811576,2.1984181568088035
16,17,18,2,3.1234705228031148,0.6403133903133903,0.7762736999601787,1.0,False,1.0,False,1.0,False,0.0014520183667317958,0.6526822558459422
16,17,19,3,3.1234705228031148,0.9604700854700856,1.0,1.0,False,1.0,False,1.0,False,0.002139776275947752,0.9618294360385146
16,17,20,4,3.1234705228031148,1.2806267806267806,0.5615634740660312,1.0,False,1.0,False,0.9957506177226078,False,0.0028275341851637078,1.2709766162310867
16,17,21,3,3.1234705228031148,0.9604700854700856,1.0,1.0,False,1.0,False,1.0,False,0.002139776275947752,0.9618294360385146
16,17,22,7,3.1234705228031148,2.241096866096866,0.03994014992889243,1.0,False,1.0,False,0.9857592345811885,False,0.004890807912811576,2.1984181568088035
16,17,23,3,3.1234705228031148,0.9604700854700856,1.0,1.0,False,1.0,False,1.0,False,0.002139776275947752,0.9618294360385146
16,17,24,2,3.1234705228031148,0.6403133903133903,0.7762736999601787,1.0,False,1.0,False,1.0,False,0.0014520183667317958,0.6526822558459422
16,17,25,4,3.1234705228031148,1.2806267806267806,0.5615634740660312,1.0,False,1.0,False,0.9957506177226078,False,0.0028275341851637078,1.2709766162310867
16,17,26,5,3.1234705228031148,1.6007834757834758,0.24957369947482808,1.0,False,1.0,False,0.9857592345811885,False,0.003515292094379664,1.580123796423659
16,17,27,0,3.1234705228031148,0.0,0.08379148704798318,1.0,False,1.0,False,0.9857592345811885,False,7.650254829988387e-05,0.0343878954607978
16,17,28,4,3.1234705228031148,1.2806267806267806,0.5615634740660312,1.0,False,1.0,False,0.9957506177226078,False,0.0028275341851637078,1.2709766162310867
16,17,29,3,3.1234705228031148,0.9604700854700856,1.0,1.0,False,1.0,False,1.0,False,0.002139776275947752,0.9618294360385146
16,17,30,0,3.1234705228031148,0.0,0.08379148704798318,1.0,False,1.0,False,0.9857592345811885,False,7.650254829988387e-05,0.0343878954607978
16,17,31,5,3.1234705228031148,1.6007834757834758,0.24957369947482808,1.0,False,1.0,False,0.9857592345811885,False,0.003515292094379664,1.580123796423659
16,18,19,1,3.1234705228031148,0.32015669515669515,0.38684745045633295,1.0,False,1.0,False,0.9857592345811885,False,0.0007642604575158399,0.34353507565337005
16,18,20,5,3.1234705228031148,1.6007834757834758,0.24957369947482808,1.0,False,1.0,False,0.9857592345811885,False,0.003515292094379664,1.580123796423659
16,18,21,3,3.1234705228031148,0.9604700854700856,1.0,1.0,False,1.0,False,1.0,False,0.002139776275947752,0.9618294360385146
16,18,22,5,3.1234705228031148,1.6007834757834758,0.24957369947482808,1.0,False,1.0,False,0.9857592345811885,False,0.003515292094379664,1.580123796423659
16,18,23,3,3.1234705228031148,0.9604700854700856,1.0,1.0,False,1.0,False,1.0,False,0.002139776275947752,0.9618294360385146
16,18,24,1,3.1234705228031148,0.32015669515669515,0.38684745045633295,1.0,False,1.0,False,0.9857592345811885,False,0.0007642604575158399,0.34353507565337005
16,18,25,2,3.1234705228031148,0.6403133903133903,0.7762736999601787,1.0,False,1.0,False,1.0,False,0.0014520183667317958,0.6526822558459422
16,18,26,3,3.1234705228031148,0.9604700854700856,1.0,1.0,False,1.0,False,1.0,False,0.002139776275947752,0.9618294360385146
16,18,27,4,3.1234705228031148,1.2806267806267806,0.5615634740660312,1.0,False,1.0,False,0.9957506177226078,False,0.0028275341851637078,1.2709766162310867
16,18,28,4,3.1234705228031148,1.2806267806267806,0.5615634740660312,1.0,False,1.0,False,0.9957506177226078,False,0.0028275341851637078,1.2709766162310867
16,18,29,2,3.1234705228031148,0.6403133903133903,0.7762736999601787,1.0,False,1.0,False,1.0,False,0.0014520183667317958,0.6526822558459422
16,18,30,3,3.1234705228031148,0.9604700854700856,1.0,1.0,False,1.0,False,1.0,False,0.002139776275947752,0.9618294360385146
16,18,31,4,3.1234705228031148,1.2806267806267806,0.5615634740660312,1.0,False,1.0,False,0.9957506177226078,False,0.0028275341851637078,1.2709766162310867
16,19,20,5,3.1234705228031148,1.6007834757834758,0.24957369947482808,1.0,False,1.0,False,0.9857592345811885,False,0.003515292094379664,1.580123796423659
16,19,21,1,3.1234705228031148,0.32015669515669515,0.38684745045633295,1.0,False,1.0,False,0.9857592345811885,False,0.0007642604575158399,0.34353507565337005
16,19,22,7,3.1234705228031148,2.241096866096866,0.03994014992889243,1.0,False,1.0,False,0.9857592345811885,False,0.004890807912811576,2.1984181568088035
16,19,23,2,3.1234705228031148,0.6403133903133903,0.7762736999601787,1.0,False,1.0,False,1.0,False,0.0014520183667317958,0.6526822558459422
16,19,24,2,3.1234705228031148,0.6403133903133903,0.7762736999601787,1.0,False,1.0,False,1.0,False,0.0014520183667317958,0.6526822558459422
16,19,25,2,3.1234705228031148,0.6403133903133903,0.7762736999601787,1.0,False,1.0,False,1.0,False,0.0014520183667317958,0.6526822558459422
16,19,26,3,3.1234705228031148,0.9604700854700856,1.0,1.0,False,1.0,False,1.0,False,0.002139776275947752,0.9618294360385146
16,19,27,3,3.1234705228031148,0.9604700854700856,1.0,1.0,False,1.0,False,1.0,False,0.002139776275947752,0.9618294360385146
16,19,28,2,3.1234705228031148,0.6403133903133903,0.7762736999601787,1.0,False,1.0,False,1.0,False,0.0014520183667317958,0.6526822558459422
16,19,29,3,3.1234705228031148,0.9604700854700856,1.0,1.0,False,1.0,False,1.0,False,0.002139776275947752,0.9618294360385146
16,19,30,3,3.1234705228031148,0.9604700854700856,1.0,1.0,False,1.0,False,1.0,False,0.002139776275947752,0.9618294360385146
16,19,31,4,3.1234705228031148,1.2806267806267806,0.5615634740660312,1.0,False,1.0,False,0.9957506177226078,False,0.0028275341851637078,1.2709766162310867
16,20,21,4,3.1234705228031148,1.2806267806267806,0.5615634740660312,1.0,False,1.0,False,0.9957506177226078,False,0.0028275341851637078,1.2709766162310867
16,20,22,4,3.1234705228031148,1.2806267806267806,0.5615634740660312,1.0,False,1.0,False,0.9957506177226078,False,0.0028275341851637078,1.2709766162310867
16,20,23,4,3.1234705228031148,1.2806267806267806,0.5615634740660312,1.0,False,1.0,False,0.9957506177226078,False,0.0028275341851637078,1.2709766162310867
16,20,24,1,3.1234705228031148,0.32015669515669515,0.38684745045633295,1.0,False,1.0,False,0.9857592345811885,False,0.0007642604575158399,0.34353507565337005
16,20,25,2,3.1234705228031148,0.6403133903133903,0.7762736999601787,1.0,False,1.0,False,1.0,False,0.0014520183667317958,0.6526822558459422
16,20,26,3,3.1234705228031148,0.9604700854700856,1.0,1.0,False,1.0,False,1.0,False,0.002139776275947752,0.9618294360385146
16,20,27,3,3.1234705228031148,0.9604700854700856,1.0,1.0,False,1.0,False,1.0,False,0.002139776275947752,0.9618294360385146
16,20,28,5,3.1234705228031148,1.6007834757834758,0.24957369947482808,1.0,False,1.0,False,0.9857592345811885,False,0.003515292094379664,1.580123796423659
16,20,29,6,3.1234705228031148,1.9209401709401712,0.14049792107858372,1.0,False,1.0,False,0.9857592345811885,False,0.00420305000359562,1.8892709766162312
16,20,30,2,3.1234705228031148,0.6403133903133903,0.7762736999601787,1.0,False,1.0,False,1.0,False,0.0014520183667317958,0.6526822558459422
16,20,31,3,3.1234705228031148,0.9604700854700856,1.0,1.0,False,1.0,False,1.0,False,0.002139776275947752,0.9618294360385146
16,21,22,3,3.1234705228031148,0.9604700854700856,1.0,1.0,False,1.0,False,1.0,False,0.002139776275947752,0.9618294360385146
16,21,23,6,3.1234705228031148,1.9209401709401712,0.14049792107858372,1.0,False,1.0,False,0.9857592345811885,False,0.00420305000359562,1.8892709766162312
16,21,24,2,3.1234705228031148,0.6403133903133903,0.7762736999601787,1.0,False,1.0,False,1.0,False,0.0014520183667317958,0.6526822558459422
16,21,25,3,3.1234705228031148,0.9604700854700856,1.0,1.0,False,1.0,False,1.0,False,0.002139776275947752,0.9618294360385146
16,21,26,2,3.1234705228031148,0.6403133903133903,0.7762736999601787,1.0,False,1.0,False,1.0,False,0.0014520183667317958,0.6526822558459422
16,21,27,2,3.1234705228031148,0.6403133903133903,0.7762736999601787,1.0,False,1.0,False,1.0,False,0.0014520183667317958,0.6526822558459422
16,21,28,2,3.1234705228031148,0.6403133903133903,0.7762736999601787,1.0,False,1.0,False,1.0,False,0.0014520183667317958,0.6526822558459422
16,21,29,3,3.1234705228031148,0.9604700854700856,1.0,1.0,False,1.0,False,1.0,False,0.002139776275947752,0.9618294360385146
16,21,30,5,3.1234705228031148,1.6007834757834758,0.24957369947482808,1.0,False,1.0,False,0.9857592345811885,False,0.003515292094379664,1.580123796423659
16,21,31,6,3.1234705228031148,1.9209401709401712,0.14049792107858372,1.0,False,1.0,False,0.9857592345811885,False,0.00420305000359562,1.8892709766162312
16,22,23,7,3.1234705228031148,2.241096866096866,0.03994014992889243,1.0,False,1.0,False,0.9857592345811885,False,0.004890807912811576,2.1984181568088035
16,22,24,1,3.1234705228031148,0.32015669515669515,0.38684745045633295,1.0,False,1.0,False,0.9857592345811885,False,0.0007642604575158399,0.34353507565337005
16,22,25,4,3.1234705228031148,1.2806267806267806,0.5615634740660312,1.0,False,1.0,False,0.9957506177226078,False,0.0028275341851637078,1.2709766162310867
16,22,26,4,3.1234705228031148,1.2806267806267806,0.5615634740660312,1.0,False,1.0,False,0.9957506177226078,False,0.0028275341851637078,1.2709766162310867
16,22,27,3,3.1234705228031148,0.9604700854700856,1.0,1.0,False,1.0,False,1.0,False,0.002139776275947752,0.9618294360385146
16,22,28,8,3.1234705228031148,2.561253561253561,0.01468912435960452,1.0,False,1.0,False,0.956921941977135,False,0.005578565822027533,2.5075653370013757
16,22,29,2,3.1234705228031148,0.6403133903133903,0.7762736999601787,1.0,False,1.0,False,1.0,False,0.0014520183667317958,0.6526822558459422
16,22,30,3,3.1234705228031148,0.9604700854700856,1.0,1.0,False,1.0,False,1.0,False,0.002139776275947752,0.9618294360385146
16,22,31,4,3.1234705228031148,1.2806267806267806,0.5615634740660312,1.0,False,1.0,False,0.9957506177226078,False,0.0028275341851637078,1.2709766162310867
16,23,24,5,3.1234705228031148,1.6007834757834758,0.24957369947482808,1.0,False,1.0,False,0.9857592345811885,False,0.003515292094379664,1.580123796423659
16,23,25,5,3.1234705228031148,1.6007834757834758,0.24957369947482808,1.0,False,1.0,False,0.9857592345811885,False,0.003515292094379664,1.580123796423659
16,23,26,2,3.1234705228031148,0.6403133903133903,0.7762736999601787,1.0,False,1.0,False,1.0,False,0.0014520183667317958,0.6526822558459422
16,23,27,2,3.1234705228031148,0.6403133903133903,0.7762736999601787,1.0,False,1.0,False,1.0,False,0.0014520183667317958,0.6526822558459422
16,23,28,3,3.1234705228031148,0.9604700854700856,1.0,1.0,False,1.0,False,1.0,False,0.002139776275947752,0.9618294360385146
16,23,29,3,3.1234705228031148,0.9604700854700856,1.0,1.0,False,1.0,False,1.0,False,0.002139776275947752,0.9618294360385146
16,23,30,6,3.1234705228031148,1.9209401709401712,0.14049792107858372,1.0,False,1.0,False,0.9857592345811885,False,0.00420305000359562,1.8892709766162312
16,23,31,4,3.1234705228031148,1.2806267806267806,0.5615634740660312,1.0,False,1.0,False,0.9957506177226078,False,0.0028275341851637078,1.2709766162310867
16,24,25,5,3.1234705228031148,1.6007834757834758,0.24957369947482808,1.0,False,1.0,False,0.9857592345811885,False,0.003515292094379664,1.580123796423659
16,24,26,3,3.1234705228031148,0.9604700854700856,1.0,1.0,False,1.0,False,1.0,False,0.002139776275947752,0.9618294360385146
16,24,27,2,3.1234705228031148,0.6403133903133903,0.7762736999601787,1.0,False,1.0,False,1.0,False,0.0014520183667317958,0.6526822558459422
16,24,28,6,3.1234705228031148,1.9209401709401712,0.14049792107858372,1.0,False,1.0,False,0.9857592345811885,False,0.00420305000359562,1.8892709766162312
16,24,29,5,3.1234705228031148,1.6007834757834758,0.24957369947482808,1.0,False,1.0,False,0.9857592345811885,False,0.003515292094379664,1.580123796423659
16,24,30,4,3.1234705228031148,1.2806267806267806,0.5615634740660312,1.0,False,1.0,False,0.9957506177226078,False,0.0028275341851637078,1.2709766162310867
16,24,31,2,3.1234705228031148,0.6403133903133903,0.7762736999601787,1.0,False,1.0,False,1.0,False,0.0014520183667317958,0.6526822558459422
16,25,26,5,3.1234705228031148,1.6007834757834758,0.24957369947482808,1.0,False,1.0,False,0.9857592345811885,False,0.003515292094379664,1.580123796423659
16,25,27,1,3.1234705228031148,0.32015669515669515,0.38684745045633295,1.0,False,1.0,False,0.9857592345811885,False,0.0007642604575158399,0.34353507565337005
16,25,28,1,3.1234705228031148,0.32015669515669515,0.38684745045633295,1.0,False,1.0,False,0.9857592345811885,False,0.0007642604575158399,0.34353507565337005
16,25,29,1,3.1234705228031148,0.32015669515669515,0.38684745045633295,1.0,False,1.0,False,0.9857592345811885,False,0.0007642604575158399,0.34353507565337005
16,25,30,2,3.1234705228031148,0.6403133903133903,0.7762736999601787,1.0,False,1.0,False,1.0,False,0.0014520183667317958,0.6526822558459422
16,25,31,1,3.1234705228031148,0.32015669515669515,0.38684745045633295,1.0,False,1.0,False,0.9857592345811885,False,0.0007642604575158399,0.34353507565337005
16,26,27,1,3.1234705228031148,0.32015669515669515,0.38684745045633295,1.0,False,1.0,False,0.9857592345811885,False,0.0007642604575158399,0.34353507565337005
16,26,28,5,3.1234705228031148,1.6007834757834758,0.24957369947482808,1.0,False,1.0,False,0.9857592345811885,False,0.003515292094379664,1.580123796423659
16,26,29,5,3.1234705228031148,1.6007834757834758,0.24957369947482808,1.0,False,1.0,False,0.9857592345811885,False,0.003515292094379664,1.580123796423659
16,26,30,3,3.1234705228031148,0.9604700854700856,1.0,1.0,False,1.0,False,1.0,False,0.002139776275947752,0.9618294360385146
16,26,31,6,3.1234705228031148,1.9209401709401712,0.14049792107858372,1.0,False,1.0,False,0.9857592345811885,False,0.00420305000359562,1.8892709766162312
16,27,28,1,3.1234705228031148,0.32015669515669515,0.38684745045633295,1.0,False,1.0,False,0.9857592345811885,False,0.0007642604575158399,0.34353507565337005
16,27,29,4,3.1234705228031148,1.2806267806267806,0.5615634740660312,1.0,False,1.0,False,0.9957506177226078,False,0.0028275341851637078,1.2709766162310867
16,27,30,4,3.1234705228031148,1.2806267806267806,0.5615634740660312,1.0,False,1.0,False,0.9957506177226078,False,0.0028275341851637078,1.2709766162310867
16,27,31,5,3.1234705228031148,1.6007834757834758,0.24957369947482808,1.0,False,1.0,False,0.9857592345811885,False,0.003515292094379664,1.580123796423659
16,28,29,4,3.1234705228031148,1.2806267806267806,0.5615634740660312,1.0,False,1.0,False,0.9957506177226078,False,0.0028275341851637078,1.2709766162310867
16,28,30,4,3.1234705228031148,1.2806267806267806,0.5615634740660312,1.0,False,1.0,False,0.9957506177226078,False,0.0028275341851637078,1.2709766162310867
16,28,31,3,3.1234705228031148,0.9604700854700856,1.0,1.0,False,1.0,False,1.0,False,0.002139776275947752,0.9618294360385146
16,29,30,4,3.1234705228031148,1.2806267806267806,0.5615634740660312,1.0,False,1.0,False,0.9957506177226078,False,0.0028275341851637078,1.2709766162310867
16,29,31,2,3.1234705228031148,0.6403133903133903,0.7762736999601787,1.0,False,1.0,False,1.0,False,0.0014520183667317958,0.6526822558459422
16,30,31,5,3.1234705228031148,1.6007834757834758,0.24957369947482808,1.0,False,1.0,False,0.9857592345811885,False,0.003515292094379664,1.580123796423659
17,18,19,3,3.1234705228031148,0.9604700854700856,1.0,1.0,False,1.0,False,1.0,False,0.002139776275947752,0.9618294360385146
17,18,20,5,3.1234705228031148,1.6007834757834758,0.24957369947482808,1.0,False,1.0,False,0.9857592345811885,False,0.003515292094379664,1.580123796423659
17,18,21,4,3.1234705228031148,1.2806267806267806,0.5615634740660312,1.0,False,1.0,False,0.9957506177226078,False,0.0028275341851637078,1.2709766162310867
17,18,22,6,3.1234705228031148,1.9209401709401712,0.14049792107858372,1.0,False,1.0,False,0.9857592345811885,False,0.00420305000359562,1.8892709766162312
17,18,23,3,3.1234705228031148,0.9604700854700856,1.0,1.0,False,1.0,False,1.0,False,0.002139776275947752,0.9618294360385146
17,18,24,3,3.1234705228031148,0.9604700854700856,1.0,1.0,False,1.0,False,1.0,False,0.002139776275947752,0.9618294360385146
17,18,25,2,3.1234705228031148,0.6403133903133903,0.7762736999601787,1.0,False,1.0,False,1.0,False,0.0014520183667317958,0.6526822558459422
17,18,26,2,3.1234705228031148,0.6403133903133903,0.7762736999601787,1.0,False,1.0,False,1.0,False,0.0014520183667317958,0.6526822558459422
17,18,27,4,3.1234705228031148,1.2806267806267806,0.5615634740660312,1.0,False,1.0,False,0.9957506177226078,False,0.0028275341851637078,1.2709766162310867
17,18,28,3,3.1234705228031148,0.9604700854700856,1.0,1.0,False,1.0,False,1.0,False,0.002139776275947752,0.9618294360385146
17,18,29,1,3.1234705228031148,0.32015669515669515,0.38684745045633295,1.0,False,1.0,False,0.9857592345811885,False,0.0007642604575158399,0.34353507565337005
17,18,30,8,3.1234705228031148,2.561253561253561,0.01468912435960452,1.0,False,1.0,False,0.956921941977135,False,0.005578565822027533,2.5075653370013757
17,18,31,3,3.1234705228031148,0.9604700854700856,1.0,1.0,False,1.0,False,1.0,False,0.002139776275947752,0.9618294360385146
17,19,20,5,3.1234705228031148,1.6007834757834758,0.24957369947482808,1.0,False,1.0,False,0.9857592345811885,False,0.003515292094379664,1.580123796423659
17,19,21,3,3.1234705228031148,0.9604700854700856,1.0,1.0,False,1.0,False,1.0,False,0.002139776275947752,0.9618294360385146
17,19,22,4,3.1234705228031148,1.2806267806267806,0.5615634740660312,1.0,False,1.0,False,0.9957506177226078,False,0.0028275341851637078,1.2709766162310867
17,19,23,6,3.1234705228031148,1.9209401709401712,0.14049792107858372,1.0,False,1.0,False,0.9857592345811885,False,0.00420305000359562,1.8892709766162312
17,19,24,4,3.1234705228031148,1.2806267806267806,0.5615634740660312,1.0,False,1.0,False,0.9957506177226078,False,0.0028275341851637078,1.2709766162310867
17,19,25,3,3.1234705228031148,0.9604700854700856,1.0,1.0,False,1.0,False,1.0,False,0.002139776275947752,0.9618294360385146
17,19,26,2,3.1234705228031148,0.6403133903133903,0.7762736999601787,1.0,False,1.0,False,1.0,False,0.0014520183667317958,0.6526822558459422
17,19,27,1,3.1234705228031148,0.32015669515669515,0.38684745045633295,1.0,False,1.0,False,0.9857592345811885,False,0.0007642604575158399,0.34353507565337005
17,19,28,4,3.1234705228031148,1.2806267806267806,0.5615634740660312,1.0,False,1.0,False,0.9957506177226078,False,0.0028275341851637078,1.2709766162310867
17,19,29,3,3.1234705228031148,0.9604700854700856,1.0,1.0,False,1.0,False,1.0,False,0.002139776275947752,0.9618294360385146
17,19,30,4,3.1234705228031148,1.2806267806267806,0.5615634740660312,1.0,False,1.0,False,0.9957506177226078,False,0.0028275341851637078,1.2709766162310867
17,19,31,4,3.1234705228031148,1.2806267806267806,0.5615634740660312,1.0,False,1.0,False,0.9957506177226078,False,0.0028275341851637078,1.2709766162310867
17,20,21,3,3.1234705228031148,0.9604700854700856,1.0,1.0,False,1.0,False,1.0,False,0.002139776275947752,0.9618294360385146
17,20,22,3,3.1234705228031148,0.9604700854700856,1.0,1.0,False,1.0,False,1.0,False,0.002139776275947752,0.9618294360385146
17,20,23,5,3.1234705228031148,1.6007834757834758,0.24957369947482808,1.0,False,1.0,False,0.9857592345811885,False,0.003515292094379664,1.580123796423659
17,20,24,2,3.1234705228031148,0.6403133903133903,0.7762736999601787,1.0,False,1.0,False,1.0,False,0.0014520183667317958,0.6526822558459422
17,20,25,4,3.1234705228031148,1.2806267806267806,0.5615634740660312,1.0,False,1.0,False,0.9957506177226078,False,0.0028275341851637078,1.2709766162310867
17,20,26,4,3.1234705228031148,1.2806267806267806,0.5615634740660312,1.0,False,1.0,False,0.9957506177226078,False,0.0028275341851637078,1.2709766162310867
17,20,27,4,3.1234705228031148,1.2806267806267806,0.5615634740660312,1.0,False,1.0,False,0.9957506177226078,False,0.0028275341851637078,1.2709766162310867
17,20,28,4,3.1234705228031148,1.2806267806267806,0.5615634740660312,1.0,False,1.0,False,0.9957506177226078,False,0.0028275341851637078,1.2709766162310867
17,20,29,6,3.1234705228031148,1.9209401709401712,0.14049792107858372,1.0,False,1.0,False,0.9857592345811885,False,0.00420305000359562,1.8892709766162312
17,20,30,3,3.1234705228031148,0.9604700854700856,1.0,1.0,False,1.0,False,1.0,False,0.002139776275947752,0.9618294360385146
17,20,31,5,3.1234705228031148,1.6007834757834758,0.24957369947482808,1.0,False,1.0,False,0.9857592345811885,False,0.003515292094379664,1.580123796423659
17,21,22,2,3.1234705228031148,0.6403133903133903,0.7762736999601787,1.0,False,1.0,False,1.0,False,0.0014520183667317958,0.6526822558459422
17,21,23,5,3.1234705228031148,1.6007834757834758,0.24957369947482808,1.0,False,1.0,False,0.9857592345811885,False,0.003515292094379664,1.580123796423659
17,21,24,4,3.1234705228031148,1.2806267806267806,0.5615634740660312,1.0,False,1.0,False,0.9957506177226078,False,0.0028275341851637078,1.2709766162310867
17,21,25,5,3.1234705228031148,1.6007834757834758,0.24957369947482808,1.0,False,1.0,False,0.9857592345811885,False,0.003515292094379664,1.580123796423659
17,21,26,2,3.1234705228031148,0.6403133903133903,0.7762736999601787,1.0,False,1.0,False,1.0,False,0.0014520183667317958,0.6526822558459422
17,21,27,5,3.1234705228031148,1.6007834757834758,0.24957369947482808,1.0,False,1.0,False,0.9857592345811885,False,0.003515292094379664,1.580123796423659
17,21,28,6,3.1234705228031148,1.9209401709401712,0.14049792107858372,1.0,False,1.0,False,0.9857592345811885,False,0.00420305000359562,1.8892709766162312
17,21,29,1,3.1234705228031148,0.32015669515669515,0.38684745045633295,1.0,False,1.0,False,0.9857592345811885,False,0.0007642604575158399,0.34353507565337005
17,21,30,5,3.1234705228031148,1.6007834757834758,0.24957369947482808,1.0,False,1.0,False,0.9857592345811885,False,0.003515292094379664,1.580123796423659
17,21,31,1,3.1234705228031148,0.32015669515669515,0.38684745045633295,1.0,False,1.0,False,0.9857592345811885,False,0.0007642604575158399,0.34353507565337005
17,22,23,6,3.1234705228031148,1.9209401709401712,0.14049792107858372,1.0,False,1.0,False,0.9857592345811885,False,0.00420305000359562,1.8892709766162312
17,22,24,2,3.1234705228031148,0.6403133903133903,0.7762736999601787,1.0,False,1.0,False,1.0,False,0.0014520183667317958,0.6526822558459422
17,22,25,4,3.1234705228031148,1.2806267806267806,0.5615634740660312,1.0,False,1.0,False,0.9957506177226078,False,0.0028275341851637078,1.2709766162310867
17,22,26,1,3.1234705228031148,0.32015669515669515,0.38684745045633295,1.0,False,1.0,False,0.9857592345811885,False,0.0007642604575158399,0.34353507565337005
17,22,27,2,3.1234705228031148,0.6403133903133903,0.7762736999601787,1.0,False,1.0,False,1.0,False,0.0014520183667317958,0.6526822558459422
17,22,28,2,3.1234705228031148,0.6403133903133903,0.7762736999601787,1.0,False,1.0,False,1.0,False,0.0014520183667317958,0.6526822558459422
17,22,29,3,3.1234705228031148,0.9604700854700856,1.0,1.0,False,1.0,False,1.0,False,0.002139776275947752,0.9618294360385146
17,22,30,3,3.1234705228031148,0.9604700854700856,1.0,1.0,False,1.0,False,1.0,False,0.002139776275947752,0.9618294360385146
17,22,31,1,3.1234705228031148,0.32015669515669515,0.38684745045633295,1.0,False,1.0,False,0.9857592345811885,False,0.0007642604575158399,0.34353507565337005
17,23,24,3,3.1234705228031148,0.9604700854700856,1.0,1.0,False,1.0,False,1.0,False,0.002139776275947752,0.9618294360385146
17,23,25,2,3.1234705228031148,0.6403133903133903,0.7762736999601787,1.0,False,1.0,False,1.0,False,0.0014520183667317958,0.6526822558459422
17,23,26,5,3.1234705228031148,1.6007834757834758,0.24957369947482808,1.0,False,1.0,False,0.9857592345811885,False,0.003515292094379664,1.580123796423659
17,23,27,2,3.1234705228031148,0.6403133903133903,0.7762736999601787,1.0,False,1.0,False,1.0,False,0.0014520183667317958,0.6526822558459422
17,23,28,3,3.1234705228031148,0.9604700854700856,1.0,1.0,False,1.0,False,1.0,False,0.002139776275947752,0.9618294360385146
17,23,29,4,3.1234705228031148,1.2806267806267806,0.5615634740660312,1.0,False,1.0,False,0.9957506177226078,False,0.0028275341851637078,1.2709766162310867
17,23,30,5,3.1234705228031148,1.6007834757834758,0.24957369947482808,1.0,False,1.0,False,0.9857592345811885,False,0.003515292094379664,1.580123796423659
17,23,31,4,3.1234705228031148,1.2806267806267806,0.5615634740660312,1.0,False,1.0,False,0.9957506177226078,False,0.0028275341851637078,1.2709766162310867
17,24,25,5,3.1234705228031148,1.6007834757834758,0.24957369947482808,1.0,False,1.0,False,0.9857592345811885,False,0.003515292094379664,1.580123796423659
17,24,26,1,3.1234705228031148,0.32015669515669515,0.38684745045633295,1.0,False,1.0,False,0.9857592345811885,False,0.0007642604575158399,0.34353507565337005
17,24,27,3,3.1234705228031148,0.9604700854700856,1.0,1.0,False,1.0,False,1.0,False,0.002139776275947752,0.9618294360385146
17,24,28,1,3.1234705228031148,0.32015669515669515,0.38684745045633295,1.0,False,1.0,False,0.9857592345811885,False,0.0007642604575158399,0.34353507565337005
17,24,29,5,3.1234705228031148,1.6007834757834758,0.24957369947482808,1.0,False,1.0,False,0.9857592345811885,False,0.003515292094379664,1.580123796423659
17,24,30,2,3.1234705228031148,0.6403133903133903,0.7762736999601787,1.0,False,1.0,False,1.0,False,0.0014520183667317958,0.6526822558459422
17,24,31,4,3.1234705228031148,1.2806267806267806,0.5615634740660312,1.0,False,1.0,False,0.9957506177226078,False,0.0028275341851637078,1.2709766162310867
17,25,26,3,3.1234705228031148,0.9604700854700856,1.0,1.0,False,1.0,False,1.0,False,0.002139776275947752,0.9618294360385146
17,25,27,3,3.1234705228031148,0.9604700854700856,1.0,1.0,False,1.0,False,1.0,False,0.002139776275947752,0.9618294360385146
17,25,28,0,3.1234705228031148,0.0,0.08379148704798318,1.0,False,1.0,False,0.9857592345811885,False,7.650254829988387e-05,0.0343878954607978
17,25,29,1,3.1234705228031148,0.32015669515669515,0.38684745045633295,1.0,False,1.0,False,0.9857592345811885,False,0.0007642604575158399,0.34353507565337005
17,25,30,1,3.1234705228031148,0.32015669515669515,0.38684745045633295,1.0,False,1.0,False,0.9857592345811885,False,0.0007642604575158399,0.34353507565337005
17,25,31,3,3.1234705228031148,0.9604700854700856,1.0,1.0,False,1.0,False,1.0,False,0.002139776275947752,0.9618294360385146
17,26,27,2,3.1234705228031148,0.6403133903133903,0.7762736999601787,1.0,False,1.0,False,1.0,False,0.0014520183667317958,0.6526822558459422
17,26,28,3,3.1234705228031148,0.9604700854700856,1.0,1.0,False,1.0,False,1.0,False,0.002139776275947752,0.9618294360385146
17,26,29,1,3.1234705228031148,0.32015669515669515,0.38684745045633295,1.0,False,1.0,False,0.9857592345811885,False,0.0007642604575158399,0.34353507565337005
17,26,30,0,3.1234705228031148,0.0,0.08379148704798318,1.0,False,1.0,False,0.9857592345811885,False,7.650254829988387e-05,0.0343878954607978
17,26,31,2,3.1234705228031148,0.6403133903133903,0.7762736999601787,1.0,False,1.0,False,1.0,False,0.0014520183667317958,0.6526822558459422
17,27,28,4,3.1234705228031148,1.2806267806267806,0.5615634740660312,1.0,False,1.0,False,0.9957506177226078,False,0.0028275341851637078,1.2709766162310867
17,27,29,6,3.1234705228031148,1.9209401709401712,0.14049792107858372,1.0,False,1.0,False,0.9857592345811885,False,0.00420305000359562,1.8892709766162312
17,27,30,3,3.1234705228031148,0.9604700854700856,1.0,1.0,False,1.0,False,1.0,False,0.002139776275947752,0.9618294360385146
17,27,31,4,3.1234705228031148,1.2806267806267806,0.5615634740660312,1.0,False,1.0,False,0.9957506177226078,False,0.0028275341851637078,1.2709766162310867
17,28,29,6,3.1234705228031148,1.9209401709401712,0.14049792107858372,1.0,False,1.0,False,0.9857592345811885,False,0.00420305000359562,1.8892709766162312
17,28,30,2,3.1234705228031148,0.6403133903133903,0.7762736999601787,1.0,False,1.0,False,1.0,False,0.0014520183667317958,0.6526822558459422
17,28,31,2,3.1234705228031148,0.6403133903133903,0.7762736999601787,1.0,False,1.0,False,1.0,False,0.0014520183667317958,0.6526822558459422
17,29,30,5,3.1234705228031148,1.6007834757834758,0.24957369947482808,1.0,False,1.0,False,0.9857592345811885,False,0.003515292094379664,1.580123796423659
17,29,31,2,3.1234705228031148,0.6403133903133903,0.7762736999601787,1.0,False,1.0,False,1.0,False,0.0014520183667317958,0.6526822558459422
17,30,31,5,3.1234705228031148,1.6007834757834758,0.24957369947482808,1.0,False,1.0,False,0.9857592345811885,False,0.003515292094379664,1.580123796423659
18,19,20,5,3.1234705228031148,1.6007834757834758,0.24957369947482808,1.0,False,1.0,False,0.9857592345811885,False,0.003515292094379664,1.580123796423659
18,19,21,9,3.1234705228031148,2.8814102564102564,0.004857551695085205,1.0,False,1.0,False,0.956921941977135,False,0.006266323731243488,2.816712517193948
18,19,22,2,3.1234705228031148,0.6403133903133903,0.7762736999601787,1.0,False,1.0,False,1.0,False,0.0014520183667317958,0.6526822558459422
18,19,23,3,3.1234705228031148,0.9604700854700856,1.0,1.0,False,1.0,False,1.0,False,0.002139776275947752,0.9618294360385146
18,19,24,4,3.1234705228031148,1.2806267806267806,0.5615634740660312,1.0,False,1.0,False,0.9957506177226078,False,0.0028275341851637078,1.2709766162310867
18,19,25,3,3.1234705228031148,0.9604700854700856,1.0,1.0,False,1.0,False,1.0,False,0.002139776275947752,0.9618294360385146
18,19,26,1,3.1234705228031148,0.32015669515669515,0.38684745045633295,1.0,False,1.0,False,0.9857592345811885,False,0.0007642604575158399,0.34353507565337005
18,19,27,4,3.1234705228031148,1.2806267806267806,0.5615634740660312,1.0,False,1.0,False,0.9957506177226078,False,0.0028275341851637078,1.2709766162310867
18,19,28,4,3.1234705228031148,1.2806267806267806,0.5615634740660312,1.0,False,1.0,False,0.9957506177226078,False,0.0028275341851637078,1.2709766162310867
18,19,29,5,3.1234705228031148,1.6007834757834758,0.24957369947482808,1.0,False,1.0,False,0.9857592345811885,False,0.003515292094379664,1.580123796423659
18,19,30,9,3.1234705228031148,2.8814102564102564,0.004857551695085205,1.0,False,1.0,False,0.956921941977135,False,0.006266323731243488,2.816712517193948
18,19,31,5,3.1234705228031148,1.6007834757834758,0.24957369947482808,1.0,False,1.0,False,0.9857592345811885,False,0.003515292094379664,1.580123796423659
18,20,21,3,3.1234705228031148,0.9604700854700856,1.0,1.0,False,1.0,False,1.0,False,0.002139776275947752,0.9618294360385146
18,20,22,5,3.1234705228031148,1.6007834757834758,0.24957369947482808,1.0,False,1.0,False,0.9857592345811885,False,0.003515292094379664,1.580123796423659
18,20,23,4,3.1234705228031148,1.2806267806267806,0.5615634740660312,1.0,False,1.0,False,0.9957506177226078,False,0.0028275341851637078,1.2709766162310867
18,20,24,6,3.1234705228031148,1.9209401709401712,0.14049792107858372,1.0,False,1.0,False,0.9857592345811885,False,0.00420305000359562,1.8892709766162312
18,20,25,5,3.1234705228031148,1.6007834757834758,0.24957369947482808,1.0,False,1.0,False,0.9857592345811885,False,0.003515292094379664,1.580123796423659
18,20,26,3,3.1234705228031148,0.9604700854700856,1.0,1.0,False,1.0,False,1.0,False,0.002139776275947752,0.9618294360385146
18,20,27,7,3.1234705228031148,2.241096866096866,0.03994014992889243,1.0,False,1.0,False,0.9857592345811885,False,0.004890807912811576,2.1984181568088035
18,20,28,2,3.1234705228031148,0.6403133903133903,0.7762736999601787,1.0,False,1.0,False,1.0,False,0.0014520183667317958,0.6526822558459422
18,20,29,6,3.1234705228031148,1.9209401709401712,0.14049792107858372,1.0,False,1.0,False,0.9857592345811885,False,0.00420305000359562,1.8892709766162312
18,20,30,4,3.1234705228031148,1.2806267806267806,0.5615634740660312,1.0,False,1.0,False,0.9957506177226078,False,0.0028275341851637078,1.2709766162310867
18,20,31,4,3.1234705228031148,1.2806267806267806,0.5615634740660312,1.0,False,1.0,False,0.9957506177226078,False,0.0028275341851637078,1.2709766162310867
18,21,22,3,3.1234705228031148,0.9604700854700856,1.0,1.0,False,1.0,False,1.0,False,0.002139776275947752,0.9618294360385146
18,21,23,7,3.1234705228031148,2.241096866096866,0.03994014992889243,1.0,False,1.0,False,0.9857592345811885,False,0.004890807912811576,2.1984181568088035
18,21,24,2,3.1234705228031148,0.6403133903133903,0.7762736999601787,1.0,False,1.0,False,1.0,False,0.0014520183667317958,0.6526822558459422
18,21,25,5,3.1234705228031148,1.6007834757834758,0.24957369947482808,1.0,False,1.0,False,0.9857592345811885,False,0.003515292094379664,1.580123796423659
18,21,26,2,3.1234705228031148,0.6403133903133903,0.7762736999601787,1.0,False,1.0,False,1.0,False,0.0014520183667317958,0.6526822558459422
18,21,27,7,3.1234705228031148,2.241096866096866,0.03994014992889243,1.0,False,1.0,False,0.9857592345811885,False,0.004890807912811576,2.1984181568088035
18,21,28,6,3.1234705228031148,1.9209401709401712,0.14049792107858372,1.0,False,1.0,False,0.9857592345811885,False,0.00420305000359562,1.8892709766162312
18,21,29,0,3.1234705228031148,0.0,0.08379148704798318,1.0,False,1.0,False,0.9857592345811885,False,7.650254829988387e-05,0.0343878954607978
18,21,30,6,3.1234705228031148,1.9209401709401712,0.14049792107858372,1.0,False,1.0,False,0.9857592345811885,False,0.00420305000359562,1.8892709766162312
18,21,31,5,3.1234705228031148,1.6007834757834758,0.24957369947482808,1.0,False,1.0,False,0.9857592345811885,False,0.003515292094379664,1.580123796423659
18,22,23,3,3.1234705228031148,0.9604700854700856,1.0,1.0,False,1.0,False,1.0,False,0.002139776275947752,0.9618294360385146
18,22,24,3,3.1234705228031148,0.9604700854700856,1.0,1.0,False,1.0,False,1.0,False,0.002139776275947752,0.9618294360385146
18,22,25,5,3.1234705228031148,1.6007834757834758,0.24957369947482808,1.0,False,1.0,False,0.9857592345811885,False,0.003515292094379664,1.580123796423659
18,22,26,3,3.1234705228031148,0.9604700854700856,1.0,1.0,False,1.0,False,1.0,False,0.002139776275947752,0.9618294360385146
18,22,27,4,3.1234705228031148,1.2806267806267806,0.5615634740660312,1.0,False,1.0,False,0.9957506177226078,False,0.0028275341851637078,1.2709766162310867
18,22,28,5,3.1234705228031148,1.6007834757834758,0.24957369947482808,1.0,False,1.0,False,0.9857592345811885,False,0.003515292094379664,1.580123796423659
18,22,29,3,3.1234705228031148,0.9604700854700856,1.0,1.0,False,1.0,False,1.0,False,0.002139776275947752,0.9618294360385146
18,22,30,5,3.1234705228031148,1.6007834757834758,0.24957369947482808,1.0,False,1.0,False,0.9857592345811885,False,0.003515292094379664,1.580123796423659
18,22,31,1,3.1234705228031148,0.32015669515669515,0.38684745045633295,1.0,False,1.0,False,0.9857592345811885,False,0.0007642604575158399,0.34353507565337005
18,23,24,2,3.1234705228031148,0.6403133903133903,0.7762736999601787,1.0,False,1.0,False,1.0,False,0.0014520183667317958,0.6526822558459422
18,23,25,2,3.1234705228031148,0.6403133903133903,0.7762736999601787,1.0,False,1.0,False,1.0,False,0.0014520183667317958,0.6526822558459422
18,23,26,4,3.1234705228031148,1.2806267806267806,0.5615634740660312,1.0,False,1.0,False,0.9957506177226078,False,0.0028275341851637078,1.2709766162310867
18,23,27,2,3.1234705228031148,0.6403133903133903,0.7762736999601787,1.0,False,1.0,False,1.0,False,0.0014520183667317958,0.6526822558459422
18,23,28,2,3.1234705228031148,0.6403133903133903,0.7762736999601787,1.0,False,1.0,False,1.0,False,0.0014520183667317958,0.6526822558459422
18,23,29,3,3.1234705228031148,0.9604700854700856,1.0,1.0,False,1.0,False,1.0,False,0.002139776275947752,0.9618294360385146
18,23,30,5,3.1234705228031148,1.6007834757834758,0.24957369947482808,1.0,False,1.0,False,0.9857592345811885,False,0.003515292094379664,1.580123796423659
18,23,31,4,3.1234705228031148,1.2806267806267806,0.5615634740660312,1.0,False,1.0,False,0.9957506177226078,False,0.0028275341851637078,1.2709766162310867
18,24,25,3,3.1234705228031148,0.9604700854700856,1.0,1.0,False,1.0,False,1.0,False,0.002139776275947752,0.9618294360385146
18,24,26,3,3.1234705228031148,0.9604700854700856,1.0,1.0,False,1.0,False,1.0,False,0.002139776275947752,0.9618294360385146
18,24,27,4,3.1234705228031148,1.2806267806267806,0.5615634740660312,1.0,False,1.0,False,0.9957506177226078,False,0.0028275341851637078,1.2709766162310867
18,24,28,0,3.1234705228031148,0.0,0.08379148704798318,1.0,False,1.0,False,0.9857592345811885,False,7.650254829988387e-05,0.0343878954607978
18,24,29,4,3.1234705228031148,1.2806267806267806,0.5615634740660312,1.0,False,1.0,False,0.9957506177226078,False,0.0028275341851637078,1.2709766162310867
18,24,30,4,3.1234705228031148,1.2806267806267806,0.5615634740660312,1.0,False,1.0,False,0.9957506177226078,False,0.0028275341851637078,1.2709766162310867
18,24,31,2,3.1234705228031148,0.6403133903133903,0.7762736999601787,1.0,False,1.0,False,1.0,False,0.0014520183667317958,0.6526822558459422
18,25,26,3,3.1234705228031148,0.9604700854700856,1.0,1.0,False,1.0,False,1.0,False,0.002139776275947752,0.9618294360385146
18,25,27,3,3.1234705228031148,0.9604700854700856,1.0,1.0,False,1.0,False,1.0,False,0.002139776275947752,0.9618294360385146
18,25,28,4,3.1234705228031148,1.2806267806267806,0.5615634740660312,1.0,False,1.0,False,0.9957506177226078,False,0.0028275341851637078,1.2709766162310867
18,25,29,0,3.1234705228031148,0.0,0.08379148704798318,1.0,False,1.0,False,0.9857592345811885,False,7.650254829988387e-05,0.0343878954607978
18,25,30,4,3.1234705228031148,1.2806267806267806,0.5615634740660312,1.0,False,1.0,False,0.9957506177226078,False,0.0028275341851637078,1.2709766162310867
18,25,31,2,3.1234705228031148,0.6403133903133903,0.7762736999601787,1.0,False,1.0,False,1.0,False,0.0014520183667317958,0.6526822558459422
18,26,27,1,3.1234705228031148,0.32015669515669515,0.38684745045633295,1.0,False,1.0,False,0.9857592345811885,False,0.0007642604575158399,0.34353507565337005
18,26,28,4,3.1234705228031148,1.2806267806267806,0.5615634740660312,1.0,False,1.0,False,0.9957506177226078,False,0.0028275341851637078,1.2709766162310867
18,26,29,2,3.1234705228031148,0.6403133903133903,0.7762736999601787,1.0,False,1.0,False,1.0,False,0.0014520183667317958,0.6526822558459422
18,26,30,3,3.1234705228031148,0.9604700854700856,1.0,1.0,False,1.0,False,1.0,False,0.002139776275947752,0.9618294360385146
18,26,31,4,3.1234705228031148,1.2806267806267806,0.5615634740660312,1.0,False,1.0,False,0.9957506177226078,False,0.0028275341851637078,1.2709766162310867
18,27,28,2,3.1234705228031148,0.6403133903133903,0.7762736999601787,1.0,False,1.0,False,1.0,False,0.0014520183667317958,0.6526822558459422
18,27,29,2,3.1234705228031148,0.6403133903133903,0.7762736999601787,1.0,False,1.0,False,1.0,False,0.0014520183667317958,0.6526822558459422
18,27,30,4,3.1234705228031148,1.2806267806267806,0.5615634740660312,1.0,False,1.0,False,0.9957506177226078,False,0.0028275341851637078,1.2709766162310867
18,27,31,5,3.1234705228031148,1.6007834757834758,0.24957369947482808,1.0,False,1.0,False,0.9857592345811885,False,0.003515292094379664,1.580123796423659
18,28,29,3,3.1234705228031148,0.9604700854700856,1.0,1.0,False,1.0,False,1.0,False,0.002139776275947752,0.9618294360385146
18,28,30,5,3.1234705228031148,1.6007834757834758,0.24957369947482808,1.0,False,1.0,False,0.9857592345811885,False,0.003515292094379664,1.580123796423659
18,28,31,2,3.1234705228031148,0.6403133903133903,0.7762736999601787,1.0,False,1.0,False,1.0,False,0.0014520183667317958,0.6526822558459422
18,29,30,1,3.1234705228031148,0.32015669515669515,0.38684745045633295,1.0,False,1.0,False,0.9857592345811885,False,0.0007642604575158399,0.34353507565337005
18,29,31,3,3.1234705228031148,0.9604700854700856,1.0,1.0,False,1.0,False,1.0,False,0.002139776275947752,0.9618294360385146
18,30,31,5,3.1234705228031148,1.6007834757834758,0.24957369947482808,1.0,False,1.0,False,0.9857592345811885,False,0.003515292094379664,1.580123796423659
19,20,21,3,3.1234705228031148,0.9604700854700856,1.0,1.0,False,1.0,False,1.0,False,0.002139776275947752,0.9618294360385146
19,20,22,5,3.1234705228031148,1.6007834757834758,0.24957369947482808,1.0,False,1.0,False,0.9857592345811885,False,0.003515292094379664,1.580123796423659
19,20,23,4,3.1234705228031148,1.2806267806267806,0.5615634740660312,1.0,False,1.0,False,0.9957506177226078,False,0.0028275341851637078,1.2709766162310867
19,20,24,2,3.1234705228031148,0.6403133903133903,0.7762736999601787,1.0,False,1.0,False,1.0,False,0.0014520183667317958,0.6526822558459422
19,20,25,7,3.1234705228031148,2.241096866096866,0.03994014992889243,1.0,False,1.0,False,0.9857592345811885,False,0.004890807912811576,2.1984181568088035
19,20,26,6,3.1234705228031148,1.9209401709401712,0.14049792107858372,1.0,False,1.0,False,0.9857592345811885,False,0.00420305000359562,1.8892709766162312
19,20,27,4,3.1234705228031148,1.2806267806267806,0.5615634740660312,1.0,False,1.0,False,0.9957506177226078,False,0.0028275341851637078,1.2709766162310867
19,20,28,5,3.1234705228031148,1.6007834757834758,0.24957369947482808,1.0,False,1.0,False,0.9857592345811885,False,0.003515292094379664,1.580123796423659
19,20,29,4,3.1234705228031148,1.2806267806267806,0.5615634740660312,1.0,False,1.0,False,0.9957506177226078,False,0.0028275341851637078,1.2709766162310867
19,20,30,3,3.1234705228031148,0.9604700854700856,1.0,1.0,False,1.0,False,1.0,False,0.002139776275947752,0.9618294360385146
19,20,31,7,3.1234705228031148,2.241096866096866,0.03994014992889243,1.0,False,1.0,False,0.9857592345811885,False,0.004890807912811576,2.1984181568088035
19,21,22,3,3.1234705228031148,0.9604700854700856,1.0,1.0,False,1.0,False,1.0,False,0.002139776275947752,0.9618294360385146
19,21,23,5,3.1234705228031148,1.6007834757834758,0.24957369947482808,1.0,False,1.0,False,0.9857592345811885,False,0.003515292094379664,1.580123796423659
19,21,24,1,3.1234705228031148,0.32015669515669515,0.38684745045633295,1.0,False,1.0,False,0.9857592345811885,False,0.0007642604575158399,0.34353507565337005
19,21,25,5,3.1234705228031148,1.6007834757834758,0.24957369947482808,1.0,False,1.0,False,0.9857592345811885,False,0.003515292094379664,1.580123796423659
19,21,26,2,3.1234705228031148,0.6403133903133903,0.7762736999601787,1.0,False,1.0,False,1.0,False,0.0014520183667317958,0.6526822558459422
19,21,27,4,3.1234705228031148,1.2806267806267806,0.5615634740660312,1.0,False,1.0,False,0.9957506177226078,False,0.0028275341851637078,1.2709766162310867
19,21,28,4,3.1234705228031148,1.2806267806267806,0.5615634740660312,1.0,False,1.0,False,0.9957506177226078,False,0.0028275341851637078,1.2709766162310867
19,21,29,5,3.1234705228031148,1.6007834757834758,0.24957369947482808,1.0,False,1.0,False,0.9857592345811885,False,0.003515292094379664,1.580123796423659
19,21,30,6,3.1234705228031148,1.9209401709401712,0.14049792107858372,1.0,False,1.0,False,0.9857592345811885,False,0.00420305000359562,1.8892709766162312
19,21,31,4,3.1234705228031148,1.2806267806267806,0.5615634740660312,1.0,False,1.0,False,0.9957506177226078,False,0.0028275341851637078,1.2709766162310867
19,22,23,3,3.1234705228031148,0.9604700854700856,1.0,1.0,False,1.0,False,1.0,False,0.002139776275947752,0.9618294360385146
19,22,24,5,3.1234705228031148,1.6007834757834758,0.24957369947482808,1.0,False,1.0,False,0.9857592345811885,False,0.003515292094379664,1.580123796423659
19,22,25,3,3.1234705228031148,0.9604700854700856,1.0,1.0,False,1.0,False,1.0,False,0.002139776275947752,0.9618294360385146
19,22,26,3,3.1234705228031148,0.9604700854700856,1.0,1.0,False,1.0,False,1.0,False,0.002139776275947752,0.9618294360385146
19,22,27,7,3.1234705228031148,2.241096866096866,0.03994014992889243,1.0,False,1.0,False,0.9857592345811885,False,0.004890807912811576,2.1984181568088035
19,22,28,1,3.1234705228031148,0.32015669515669515,0.38684745045633295,1.0,False,1.0,False,0.9857592345811885,False,0.0007642604575158399,0.34353507565337005
19,22,29,4,3.1234705228031148,1.2806267806267806,0.5615634740660312,1.0,False,1.0,False,0.9957506177226078,False,0.0028275341851637078,1.2709766162310867
19,22,30,2,3.1234705228031148,0.6403133903133903,0.7762736999601787,1.0,False,1.0,False,1.0,False,0.0014520183667317958,0.6526822558459422
19,22,31,2,3.1234705228031148,0.6403133903133903,0.7762736999601787,1.0,False,1.0,False,1.0,False,0.0014520183667317958,0.6526822558459422
19,23,24,4,3.1234705228031148,1.2806267806267806,0.5615634740660312,1.0,False,1.0,False,0.9957506177226078,False,0.0028275341851637078,1.2709766162310867
19,23,25,4,3.1234705228031148,1.2806267806267806,0.5615634740660312,1.0,False,1.0,False,0.9957506177226078,False,0.0028275341851637078,1.2709766162310867
19,23,26,2,3.1234705228031148,0.6403133903133903,0.7762736999601787,1.0,False,1.0,False,1.0,False,0.0014520183667317958,0.6526822558459422
19,23,27,3,3.1234705228031148,0.9604700854700856,1.0,1.0,False,1.0,False,1.0,False,0.002139776275947752,0.9618294360385146
19,23,28,9,3.1234705228031148,2.8814102564102564,0.004857551695085205,1.0,False,1.0,False,0.956921941977135,False,0.006266323731243488,2.816712517193948
19,23,29,1,3.1234705228031148,0.32015669515669515,0.38684745045633295,1.0,False,1.0,False,0.9857592345811885,False,0.0007642604575158399,0.34353507565337005
19,23,30,4,3.1234705228031148,1.2806267806267806,0.5615634740660312,1.0,False,1.0,False,0.9957506177226078,False,0.0028275341851637078,1.2709766162310867
19,23,31,8,3.1234705228031148,2.561253561253561,0.01468912435960452,1.0,False,1.0,False,0.956921941977135,False,0.005578565822027533,2.5075653370013757
19,24,25,2,3.1234705228031148,0.6403133903133903,0.7762736999601787,1.0,False,1.0,False,1.0,False,0.0014520183667317958,0.6526822558459422
19,24,26,2,3.1234705228031148,0.6403133903133903,0.7762736999601787,1.0,False,1.0,False,1.0,False,0.0014520183667317958,0.6526822558459422
19,24,27,5,3.1234705228031148,1.6007834757834758,0.24957369947482808,1.0,False,1.0,False,0.9857592345811885,False,0.003515292094379664,1.580123796423659
19,24,28,3,3.1234705228031148,0.9604700854700856,1.0,1.0,False,1.0,False,1.0,False,0.002139776275947752,0.9618294360385146
19,24,29,0,3.1234705228031148,0.0,0.08379148704798318,1.0,False,1.0,False,0.9857592345811885,False,7.650254829988387e-05,0.0343878954607978
19,24,30,3,3.1234705228031148,0.9604700854700856,1.0,1.0,False,1.0,False,1.0,False,0.002139776275947752,0.9618294360385146
19,24,31,7,3.1234705228031148,2.241096866096866,0.03994014992889243,1.0,False,1.0,False,0.9857592345811885,False,0.004890807912811576,2.1984181568088035
19,25,26,3,3.1234705228031148,0.9604700854700856,1.0,1.0,False,1.0,False,1.0,False,0.002139776275947752,0.9618294360385146
19,25,27,2,3.1234705228031148,0.6403133903133903,0.7762736999601787,1.0,False,1.0,False,1.0,False,0.0014520183667317958,0.6526822558459422
19,25,28,4,3.1234705228031148,1.2806267806267806,0.5615634740660312,1.0,False,1.0,False,0.9957506177226078,False,0.0028275341851637078,1.2709766162310867
19,25,29,5,3.1234705228031148,1.6007834757834758,0.24957369947482808,1.0,False,1.0,False,0.9857592345811885,False,0.003515292094379664,1.580123796423659
19,25,30,1,3.1234705228031148,0.32015669515669515,0.38684745045633295,1.0,False,1.0,False,0.9857592345811885,False,0.0007642604575158399,0.34353507565337005
19,25,31,3,3.1234705228031148,0.9604700854700856,1.0,1.0,False,1.0,False,1.0,False,0.002139776275947752,0.9618294360385146
19,26,27,3,3.1234705228031148,0.9604700854700856,1.0,1.0,False,1.0,False,1.0,False,0.002139776275947752,0.9618294360385146
19,26,28,3,3.1234705228031148,0.9604700854700856,1.0,1.0,False,1.0,False,1.0,False,0.002139776275947752,0.9618294360385146
19,26,29,2,3.1234705228031148,0.6403133903133903,0.7762736999601787,1.0,False,1.0,False,1.0,False,0.0014520183667317958,0.6526822558459422
19,26,30,1,3.1234705228031148,0.32015669515669515,0.38684745045633295,1.0,False,1.0,False,0.9857592345811885,False,0.0007642604575158399,0.34353507565337005
19,26,31,5,3.1234705228031148,1.6007834757834758,0.24957369947482808,1.0,False,1.0,False,0.9857592345811885,False,0.003515292094379664,1.580123796423659
19,27,28,7,3.1234705228031148,2.241096866096866,0.03994014992889243,1.0,False,1.0,False,0.9857592345811885,False,0.004890807912811576,2.1984181568088035
19,27,29,1,3.1234705228031148,0.32015669515669515,0.38684745045633295,1.0,False,1.0,False,0.9857592345811885,False,0.0007642604575158399,0.34353507565337005
19,27,30,4,3.1234705228031148,1.2806267806267806,0.5615634740660312,1.0,False,1.0,False,0.9957506177226078,False,0.0028275341851637078,1.2709766162310867
19,27,31,4,3.1234705228031148,1.2806267806267806,0.5615634740660312,1.0,False,1.0,False,0.9957506177226078,False,0.0028275341851637078,1.2709766162310867
19,28,29,7,3.1234705228031148,2.241096866096866,0.03994014992889243,1.0,False,1.0,False,0.9857592345811885,False,0.004890807912811576,2.1984181568088035
19,28,30,5,3.1234705228031148,1.6007834757834758,0.24957369947482808,1.0,False,1.0,False,0.9857592345811885,False,0.003515292094379664,1.580123796423659
19,28,31,3,3.1234705228031148,0.9604700854700856,1.0,1.0,False,1.0,False,1.0,False,0.002139776275947752,0.9618294360385146
19,29,30,2,3.1234705228031148,0.6403133903133903,0.7762736999601787,1.0,False,1.0,False,1.0,False,0.0014520183667317958,0.6526822558459422
19,29,31,4,3.1234705228031148,1.2806267806267806,0.5615634740660312,1.0,False,1.0,False,0.9957506177226078,False,0.0028275341851637078,1.2709766162310867
19,30,31,3,3.1234705228031148,0.9604700854700856,1.0,1.0,False,1.0,False,1.0,False,0.002139776275947752,0.9618294360385146
20,21,22,4,3.1234705228031148,1.2806267806267806,0.5615634740660312,1.0,False,1.0,False,0.9957506177226078,False,0.0028275341851637078,1.2709766162310867
20,21,23,1,3.1234705228031148,0.32015669515669515,0.38684745045633295,1.0,False,1.0,False,0.9857592345811885,False,0.0007642604575158399,0.34353507565337005
20,21,24,2,3.1234705228031148,0.6403133903133903,0.7762736999601787,1.0,False,1.0,False,1.0,False,0.0014520183667317958,0.6526822558459422
20,21,25,4,3.1234705228031148,1.2806267806267806,0.5615634740660312,1.0,False,1.0,False,0.9957506177226078,False,0.0028275341851637078,1.2709766162310867
20,21,26,2,3.1234705228031148,0.6403133903133903,0.7762736999601787,1.0,False,1.0,False,1.0,False,0.0014520183667317958,0.6526822558459422
20,21,27,7,3.1234705228031148,2.241096866096866,0.03994014992889243,1.0,False,1.0,False,0.9857592345811885,False,0.004890807912811576,2.1984181568088035
20,21,28,6,3.1234705228031148,1.9209401709401712,0.14049792107858372,1.0,False,1.0,False,0.9857592345811885,False,0.00420305000359562,1.8892709766162312
20,21,29,0,3.1234705228031148,0.0,0.08379148704798318,1.0,False,1.0,False,0.9857592345811885,False,7.650254829988387e-05,0.0343878954607978
20,21,30,3,3.1234705228031148,0.9604700854700856,1.0,1.0,False,1.0,False,1.0,False,0.002139776275947752,0.9618294360385146
20,21,31,4,3.1234705228031148,1.2806267806267806,0.5615634740660312,1.0,False,1.0,False,0.9957506177226078,False,0.0028275341851637078,1.2709766162310867
20,22,23,4,3.1234705228031148,1.2806267806267806,0.5615634740660312,1.0,False,1.0,False,0.9957506177226078,False,0.0028275341851637078,1.2709766162310867
20,22,24,5,3.1234705228031148,1.6007834757834758,0.24957369947482808,1.0,False,1.0,False,0.9857592345811885,False,0.003515292094379664,1.580123796423659
20,22,25,6,3.1234705228031148,1.9209401709401712,0.14049792107858372,1.0,False,1.0,False,0.9857592345811885,False,0.00420305000359562,1.8892709766162312
20,22,26,2,3.1234705228031148,0.6403133903133903,0.7762736999601787,1.0,False,1.0,False,1.0,False,0.0014520183667317958,0.6526822558459422
20,22,27,7,3.1234705228031148,2.241096866096866,0.03994014992889243,1.0,False,1.0,False,0.9857592345811885,False,0.004890807912811576,2.1984181568088035
20,22,28,2,3.1234705228031148,0.6403133903133903,0.7762736999601787,1.0,False,1.0,False,1.0,False,0.0014520183667317958,0.6526822558459422
20,22,29,3,3.1234705228031148,0.9604700854700856,1.0,1.0,False,1.0,False,1.0,False,0.002139776275947752,0.9618294360385146
20,22,30,3,3.1234705228031148,0.9604700854700856,1.0,1.0,False,1.0,False,1.0,False,0.002139776275947752,0.9618294360385146
20,22,31,2,3.1234705228031148,0.6403133903133903,0.7762736999601787,1.0,False,1.0,False,1.0,False,0.0014520183667317958,0.6526822558459422
20,23,24,5,3.1234705228031148,1.6007834757834758,0.24957369947482808,1.0,False,1.0,False,0.9857592345811885,False,0.003515292094379664,1.580123796423659
20,23,25,1,3.1234705228031148,0.32015669515669515,0.38684745045633295,1.0,False,1.0,False,0.9857592345811885,False,0.0007642604575158399,0.34353507565337005
20,23,26,2,3.1234705228031148,0.6403133903133903,0.7762736999601787,1.0,False,1.0,False,1.0,False,0.0014520183667317958,0.6526822558459422
20,23,27,2,3.1234705228031148,0.6403133903133903,0.7762736999601787,1.0,False,1.0,False,1.0,False,0.0014520183667317958,0.6526822558459422
20,23,28,6,3.1234705228031148,1.9209401709401712,0.14049792107858372,1.0,False,1.0,False,0.9857592345811885,False,0.00420305000359562,1.8892709766162312
20,23,29,6,3.1234705228031148,1.9209401709401712,0.14049792107858372,1.0,False,1.0,False,0.9857592345811885,False,0.00420305000359562,1.8892709766162312
20,23,30,5,3.1234705228031148,1.6007834757834758,0.24957369947482808,1.0,False,1.0,False,0.9857592345811885,False,0.003515292094379664,1.580123796423659
20,23,31,4,3.1234705228031148,1.2806267806267806,0.5615634740660312,1.0,False,1.0,False,0.9957506177226078,False,0.0028275341851637078,1.2709766162310867
20,24,25,5,3.1234705228031148,1.6007834757834758,0.24957369947482808,1.0,False,1.0,False,0.9857592345811885,False,0.003515292094379664,1.580123796423659
20,24,26,2,3.1234705228031148,0.6403133903133903,0.7762736999601787,1.0,False,1.0,False,1.0,False,0.0014520183667317958,0.6526822558459422
20,24,27,4,3.1234705228031148,1.2806267806267806,0.5615634740660312,1.0,False,1.0,False,0.9957506177226078,False,0.0028275341851637078,1.2709766162310867
20,24,28,2,3.1234705228031148,0.6403133903133903,0.7762736999601787,1.0,False,1.0,False,1.0,False,0.0014520183667317958,0.6526822558459422
20,24,29,3,3.1234705228031148,0.9604700854700856,1.0,1.0,False,1.0,False,1.0,False,0.002139776275947752,0.9618294360385146
20,24,30,1,3.1234705228031148,0.32015669515669515,0.38684745045633295,1.0,False,1.0,False,0.9857592345811885,False,0.0007642604575158399,0.34353507565337005
20,24,31,5,3.1234705228031148,1.6007834757834758,0.24957369947482808,1.0,False,1.0,False,0.9857592345811885,False,0.003515292094379664,1.580123796423659
20,25,26,6,3.1234705228031148,1.9209401709401712,0.14049792107858372,1.0,False,1.0,False,0.9857592345811885,False,0.00420305000359562,1.8892709766162312
20,25,27,8,3.1234705228031148,2.561253561253561,0.01468912435960452,1.0,False,1.0,False,0.956921941977135,False,0.005578565822027533,2.5075653370013757
20,25,28,5,3.1234705228031148,1.6007834757834758,0.24957369947482808,1.0,False,1.0,False,0.9857592345811885,False,0.003515292094379664,1.580123796423659
20,25,29,1,3.1234705228031148,0.32015669515669515,0.38684745045633295,1.0,False,1.0,False,0.9857592345811885,False,0.0007642604575158399,0.34353507565337005
20,25,30,4,3.1234705228031148,1.2806267806267806,0.5615634740660312,1.0,False,1.0,False,0.9957506177226078,False,0.0028275341851637078,1.2709766162310867
20,25,31,1,3.1234705228031148,0.32015669515669515,0.38684745045633295,1.0,False,1.0,False,0.9857592345811885,False,0.0007642604575158399,0.34353507565337005
20,26,27,6,3.1234705228031148,1.9209401709401712,0.14049792107858372,1.0,False,1.0,False,0.9857592345811885,False,0.00420305000359562,1.8892709766162312
20,26,28,4,3.1234705228031148,1.2806267806267806,0.5615634740660312,1.0,False,1.0,False,0.9957506177226078,False,0.0028275341851637078,1.2709766162310867
20,26,29,2,3.1234705228031148,0.6403133903133903,0.7762736999601787,1.0,False,1.0,False,1.0,False,0.0014520183667317958,0.6526822558459422
20,26,30,2,3.1234705228031148,0.6403133903133903,0.7762736999601787,1.0,False,1.0,False,1.0,False,0.0014520183667317958,0.6526822558459422
20,26,31,2,3.1234705228031148,0.6403133903133903,0.7762736999601787,1.0,False,1.0,False,1.0,False,0.0014520183667317958,0.6526822558459422
20,27,28,4,3.1234705228031148,1.2806267806267806,0.5615634740660312,1.0,False,1.0,False,0.9957506177226078,False,0.0028275341851637078,1.2709766162310867
20,27,29,6,3.1234705228031148,1.9209401709401712,0.14049792107858372,1.0,False,1.0,False,0.9857592345811885,False,0.00420305000359562,1.8892709766162312
20,27,30,2,3.1234705228031148,0.6403133903133903,0.7762736999601787,1.0,False,1.0,False,1.0,False,0.0014520183667317958,0.6526822558459422
20,27,31,2,3.1234705228031148,0.6403133903133903,0.7762736999601787,1.0,False,1.0,False,1.0,False,0.0014520183667317958,0.6526822558459422
20,28,29,4,3.1234705228031148,1.2806267806267806,0.5615634740660312,1.0,False,1.0,False,0.9957506177226078,False,0.0028275341851637078,1.2709766162310867
20,28,30,0,3.1234705228031148,0.0,0.08379148704798318,1.0,False,1.0,False,0.9857592345811885,False,7.650254829988387e-05,0.0343878954607978
20,28,31,1,3.1234705228031148,0.32015669515669515,0.38684745045633295,1.0,False,1.0,False,0.9857592345811885,False,0.0007642604575158399,0.34353507565337005
20,29,30,0,3.1234705228031148,0.0,0.08379148704798318,1.0,False,1.0,False,0.9857592345811885,False,7.650254829988387e-05,0.0343878954607978
20,29,31,1,3.1234705228031148,0.32015669515669515,0.38684745045633295,1.0,False,1.0,False,0.9857592345811885,False,0.0007642604575158399,0.34353507565337005
20,30,31,3,3.1234705228031148,0.9604700854700856,1.0,1.0,False,1.0,False,1.0,False,0.002139776275947752,0.9618294360385146
21,22,23,5,3.1234705228031148,1.6007834757834758,0.24957369947482808,1.0,False,1.0,False,0.9857592345811885,False,0.003515292094379664,1.580123796423659
21,22,24,1,3.1234705228031148,0.32015669515669515,0.38684745045633295,1.0,False,1.0,False,0.9857592345811885,False,0.0007642604575158399,0.34353507565337005
21,22,25,3,3.1234705228031148,0.9604700854700856,1.0,1.0,False,1.0,False,1.0,False,0.002139776275947752,0.9618294360385146
21,22,26,3,3.1234705228031148,0.9604700854700856,1.0,1.0,False,1.0,False,1.0,False,0.002139776275947752,0.9618294360385146
21,22,27,8,3.1234705228031148,2.561253561253561,0.01468912435960452,1.0,False,1.0,False,0.956921941977135,False,0.005578565822027533,2.5075653370013757
21,22,28,3,3.1234705228031148,0.9604700854700856,1.0,1.0,False,1.0,False,1.0,False,0.002139776275947752,0.9618294360385146
21,22,29,3,3.1234705228031148,0.9604700854700856,1.0,1.0,False,1.0,False,1.0,False,0.002139776275947752,0.9618294360385146
21,22,30,0,3.1234705228031148,0.0,0.08379148704798318,1.0,False,1.0,False,0.9857592345811885,False,7.650254829988387e-05,0.0343878954607978
21,22,31,2,3.1234705228031148,0.6403133903133903,0.7762736999601787,1.0,False,1.0,False,1.0,False,0.0014520183667317958,0.6526822558459422
21,23,24,2,3.1234705228031148,0.6403133903133903,0.7762736999601787,1.0,False,1.0,False,1.0,False,0.0014520183667317958,0.6526822558459422
21,23,25,5,3.1234705228031148,1.6007834757834758,0.24957369947482808,1.0,False,1.0,False,0.9857592345811885,False,0.003515292094379664,1.580123796423659
21,23,26,3,3.1234705228031148,0.9604700854700856,1.0,1.0,False,1.0,False,1.0,False,0.002139776275947752,0.9618294360385146
21,23,27,6,3.1234705228031148,1.9209401709401712,0.14049792107858372,1.0,False,1.0,False,0.9857592345811885,False,0.00420305000359562,1.8892709766162312
21,23,28,3,3.1234705228031148,0.9604700854700856,1.0,1.0,False,1.0,False,1.0,False,0.002139776275947752,0.9618294360385146
21,23,29,4,3.1234705228031148,1.2806267806267806,0.5615634740660312,1.0,False,1.0,False,0.9957506177226078,False,0.0028275341851637078,1.2709766162310867
21,23,30,5,3.1234705228031148,1.6007834757834758,0.24957369947482808,1.0,False,1.0,False,0.9857592345811885,False,0.003515292094379664,1.580123796423659
21,23,31,4,3.1234705228031148,1.2806267806267806,0.5615634740660312,1.0,False,1.0,False,0.9957506177226078,False,0.0028275341851637078,1.2709766162310867
21,24,25,8,3.1234705228031148,2.561253561253561,0.01468912435960452,1.0,False,1.0,False,0.956921941977135,False,0.005578565822027533,2.5075653370013757
21,24,26,3,3.1234705228031148,0.9604700854700856,1.0,1.0,False,1.0,False,1.0,False,0.002139776275947752,0.9618294360385146
21,24,27,4,3.1234705228031148,1.2806267806267806,0.5615634740660312,1.0,False,1.0,False,0.9957506177226078,False,0.0028275341851637078,1.2709766162310867
21,24,28,6,3.1234705228031148,1.9209401709401712,0.14049792107858372,1.0,False,1.0,False,0.9857592345811885,False,0.00420305000359562,1.8892709766162312
21,24,29,3,3.1234705228031148,0.9604700854700856,1.0,1.0,False,1.0,False,1.0,False,0.002139776275947752,0.9618294360385146
21,24,30,1,3.1234705228031148,0.32015669515669515,0.38684745045633295,1.0,False,1.0,False,0.9857592345811885,False,0.0007642604575158399,0.34353507565337005
21,24,31,1,3.1234705228031148,0.32015669515669515,0.38684745045633295,1.0,False,1.0,False,0.9857592345811885,False,0.0007642604575158399,0.34353507565337005
21,25,26,4,3.1234705228031148,1.2806267806267806,0.5615634740660312,1.0,False,1.0,False,0.9957506177226078,False,0.0028275341851637078,1.2709766162310867
21,25,27,6,3.1234705228031148,1.9209401709401712,0.14049792107858372,1.0,False,1.0,False,0.9857592345811885,False,0.00420305000359562,1.8892709766162312
21,25,28,5,3.1234705228031148,1.6007834757834758,0.24957369947482808,1.0,False,1.0,False,0.9857592345811885,False,0.003515292094379664,1.580123796423659
21,25,29,3,3.1234705228031148,0.9604700854700856,1.0,1.0,False,1.0,False,1.0,False,0.002139776275947752,0.9618294360385146
21,25,30,3,3.1234705228031148,0.9604700854700856,1.0,1.0,False,1.0,False,1.0,False,0.002139776275947752,0.9618294360385146
21,25,31,6,3.1234705228031148,1.9209401709401712,0.14049792107858372,1.0,False,1.0,False,0.9857592345811885,False,0.00420305000359562,1.8892709766162312
21,26,27,5,3.1234705228031148,1.6007834757834758,0.24957369947482808,1.0,False,1.0,False,0.9857592345811885,False,0.003515292094379664,1.580123796423659
21,26,28,5,3.1234705228031148,1.6007834757834758,0.24957369947482808,1.0,False,1.0,False,0.9857592345811885,False,0.003515292094379664,1.580123796423659
21,26,29,3,3.1234705228031148,0.9604700854700856,1.0,1.0,False,1.0,False,1.0,False,0.002139776275947752,0.9618294360385146
21,26,30,3,3.1234705228031148,0.9604700854700856,1.0,1.0,False,1.0,False,1.0,False,0.002139776275947752,0.9618294360385146
21,26,31,3,3.1234705228031148,0.9604700854700856,1.0,1.0,False,1.0,False,1.0,False,0.002139776275947752,0.9618294360385146
21,27,28,8,3.1234705228031148,2.561253561253561,0.01468912435960452,1.0,False,1.0,False,0.956921941977135,False,0.005578565822027533,2.5075653370013757
21,27,29,7,3.1234705228031148,2.241096866096866,0.03994014992889243,1.0,False,1.0,False,0.9857592345811885,False,0.004890807912811576,2.1984181568088035
21,27,30,2,3.1234705228031148,0.6403133903133903,0.7762736999601787,1.0,False,1.0,False,1.0,False,0.0014520183667317958,0.6526822558459422
21,27,31,4,3.1234705228031148,1.2806267806267806,0.5615634740660312,1.0,False,1.0,False,0.9957506177226078,False,0.0028275341851637078,1.2709766162310867
21,28,29,5,3.1234705228031148,1.6007834757834758,0.24957369947482808,1.0,False,1.0,False,0.9857592345811885,False,0.003515292094379664,1.580123796423659
21,28,30,1,3.1234705228031148,0.32015669515669515,0.38684745045633295,1.0,False,1.0,False,0.9857592345811885,False,0.0007642604575158399,0.34353507565337005
21,28,31,3,3.1234705228031148,0.9604700854700856,1.0,1.0,False,1.0,False,1.0,False,0.002139776275947752,0.9618294360385146
21,29,30,4,3.1234705228031148,1.2806267806267806,0.5615634740660312,1.0,False,1.0,False,0.9957506177226078,False,0.0028275341851637078,1.2709766162310867
21,29,31,4,3.1234705228031148,1.2806267806267806,0.5615634740660312,1.0,False,1.0,False,0.9957506177226078,False,0.0028275341851637078,1.2709766162310867
21,30,31,4,3.1234705228031148,1.2806267806267806,0.5615634740660312,1.0,False,1.0,False,0.9957506177226078,False,0.0028275341851637078,1.2709766162310867
22,23,24,0,3.1234705228031148,0.0,0.08379148704798318,1.0,False,1.0,False,0.9857592345811885,False,7.650254829988387e-05,0.0343878954607978
22,23,25,3,3.1234705228031148,0.9604700854700856,1.0,1.0,False,1.0,False,1.0,False,0.002139776275947752,0.9618294360385146
22,23,26,4,3.1234705228031148,1.2806267806267806,0.5615634740660312,1.0,False,1.0,False,0.9957506177226078,False,0.0028275341851637078,1.2709766162310867
22,23,27,1,3.1234705228031148,0.32015669515669515,0.38684745045633295,1.0,False,1.0,False,0.9857592345811885,False,0.0007642604575158399,0.34353507565337005
22,23,28,0,3.1234705228031148,0.0,0.08379148704798318,1.0,False,1.0,False,0.9857592345811885,False,7.650254829988387e-05,0.0343878954607978
22,23,29,1,3.1234705228031148,0.32015669515669515,0.38684745045633295,1.0,False,1.0,False,0.9857592345811885,False,0.0007642604575158399,0.34353507565337005
22,23,30,2,3.1234705228031148,0.6403133903133903,0.7762736999601787,1.0,False,1.0,False,1.0,False,0.0014520183667317958,0.6526822558459422
22,23,31,5,3.1234705228031148,1.6007834757834758,0.24957369947482808,1.0,False,1.0,False,0.9857592345811885,False,0.003515292094379664,1.580123796423659
22,24,25,3,3.1234705228031148,0.9604700854700856,1.0,1.0,False,1.0,False,1.0,False,0.002139776275947752,0.9618294360385146
22,24,26,1,3.1234705228031148,0.32015669515669515,0.38684745045633295,1.0,False,1.0,False,0.9857592345811885,False,0.0007642604575158399,0.34353507565337005
22,24,27,5,3.1234705228031148,1.6007834757834758,0.24957369947482808,1.0,False,1.0,False,0.9857592345811885,False,0.003515292094379664,1.580123796423659
22,24,28,3,3.1234705228031148,0.9604700854700856,1.0,1.0,False,1.0,False,1.0,False,0.002139776275947752,0.9618294360385146
22,24,29,1,3.1234705228031148,0.32015669515669515,0.38684745045633295,1.0,False,1.0,False,0.9857592345811885,False,0.0007642604575158399,0.34353507565337005
22,24,30,4,3.1234705228031148,1.2806267806267806,0.5615634740660312,1.0,False,1.0,False,0.9957506177226078,False,0.0028275341851637078,1.2709766162310867
22,24,31,1,3.1234705228031148,0.32015669515669515,0.38684745045633295,1.0,False,1.0,False,0.9857592345811885,False,0.0007642604575158399,0.34353507565337005
22,25,26,2,3.1234705228031148,0.6403133903133903,0.7762736999601787,1.0,False,1.0,False,1.0,False,0.0014520183667317958,0.6526822558459422
22,25,27,4,3.1234705228031148,1.2806267806267806,0.5615634740660312,1.0,False,1.0,False,0.9957506177226078,False,0.0028275341851637078,1.2709766162310867
22,25,28,1,3.1234705228031148,0.32015669515669515,0.38684745045633295,1.0,False,1.0,False,0.9857592345811885,False,0.0007642604575158399,0.34353507565337005
22,25,29,2,3.1234705228031148,0.6403133903133903,0.7762736999601787,1.0,False,1.0,False,1.0,False,0.0014520183667317958,0.6526822558459422
22,25,30,4,3.1234705228031148,1.2806267806267806,0.5615634740660312,1.0,False,1.0,False,0.9957506177226078,False,0.0028275341851637078,1.2709766162310867
22,25,31,1,3.1234705228031148,0.32015669515669515,0.38684745045633295,1.0,False,1.0,False,0.9857592345811885,False,0.0007642604575158399,0.34353507565337005
22,26,27,7,3.1234705228031148,2.241096866096866,0.03994014992889243,1.0,False,1.0,False,0.9857592345811885,False,0.004890807912811576,2.1984181568088035
22,26,28,2,3.1234705228031148,0.6403133903133903,0.7762736999601787,1.0,False,1.0,False,1.0,False,0.0014520183667317958,0.6526822558459422
22,26,29,3,3.1234705228031148,0.9604700854700856,1.0,1.0,False,1.0,False,1.0,False,0.002139776275947752,0.9618294360385146
22,26,30,6,3.1234705228031148,1.9209401709401712,0.14049792107858372,1.0,False,1.0,False,0.9857592345811885,False,0.00420305000359562,1.8892709766162312
22,26,31,3,3.1234705228031148,0.9604700854700856,1.0,1.0,False,1.0,False,1.0,False,0.002139776275947752,0.9618294360385146
22,27,28,3,3.1234705228031148,0.9604700854700856,1.0,1.0,False,1.0,False,1.0,False,0.002139776275947752,0.9618294360385146
22,27,29,8,3.1234705228031148,2.561253561253561,0.01468912435960452,1.0,False,1.0,False,0.956921941977135,False,0.005578565822027533,2.5075653370013757
22,27,30,3,3.1234705228031148,0.9604700854700856,1.0,1.0,False,1.0,False,1.0,False,0.002139776275947752,0.9618294360385146
22,27,31,2,3.1234705228031148,0.6403133903133903,0.7762736999601787,1.0,False,1.0,False,1.0,False,0.0014520183667317958,0.6526822558459422
22,28,29,4,3.1234705228031148,1.2806267806267806,0.5615634740660312,1.0,False,1.0,False,0.9957506177226078,False,0.0028275341851637078,1.2709766162310867
22,28,30,1,3.1234705228031148,0.32015669515669515,0.38684745045633295,1.0,False,1.0,False,0.9857592345811885,False,0.0007642604575158399,0.34353507565337005
22,28,31,2,3.1234705228031148,0.6403133903133903,0.7762736999601787,1.0,False,1.0,False,1.0,False,0.0014520183667317958,0.6526822558459422
22,29,30,4,3.1234705228031148,1.2806267806267806,0.5615634740660312,1.0,False,1.0,False,0.9957506177226078,False,0.0028275341851637078,1.2709766162310867
22,29,31,1,3.1234705228031148,0.32015669515669515,0.38684745045633295,1.0,False,1.0,False,0.9857592345811885,False,0.0007642604575158399,0.34353507565337005
22,30,31,4,3.1234705228031148,1.2806267806267806,0.5615634740660312,1.0,False,1.0,False,0.9957506177226078,False,0.0028275341851637078,1.2709766162310867
23,24,25,1,3.1234705228031148,0.32015669515669515,0.38684745045633295,1.0,False,1.0,False,0.9857592345811885,False,0.0007642604575158399,0.34353507565337005
23,24,26,0,3.1234705228031148,0.0,0.08379148704798318,1.0,False,1.0,False,0.9857592345811885,False,7.650254829988387e-05,0.0343878954607978
23,24,27,2,3.1234705228031148,0.6403133903133903,0.7762736999601787,1.0,False,1.0,False,1.0,False,0.0014520183667317958,0.6526822558459422
23,24,28,5,3.1234705228031148,1.6007834757834758,0.24957369947482808,1.0,False,1.0,False,0.9857592345811885,False,0.003515292094379664,1.580123796423659
23,24,29,4,3.1234705228031148,1.2806267806267806,0.5615634740660312,1.0,False,1.0,False,0.9957506177226078,False,0.0028275341851637078,1.2709766162310867
23,24,30,7,3.1234705228031148,2.241096866096866,0.03994014992889243,1.0,False,1.0,False,0.9857592345811885,False,0.004890807912811576,2.1984181568088035
23,24,31,5,3.1234705228031148,1.6007834757834758,0.24957369947482808,1.0,False,1.0,False,0.9857592345811885,False,0.003515292094379664,1.580123796423659
23,25,26,4,3.1234705228031148,1.2806267806267806,0.5615634740660312,1.0,False,1.0,False,0.9957506177226078,False,0.0028275341851637078,1.2709766162310867
23,25,27,2,3.1234705228031148,0.6403133903133903,0.7762736999601787,1.0,False,1.0,False,1.0,False,0.0014520183667317958,0.6526822558459422
23,25,28,2,3.1234705228031148,0.6403133903133903,0.7762736999601787,1.0,False,1.0,False,1.0,False,0.0014520183667317958,0.6526822558459422
23,25,29,3,3.1234705228031148,0.9604700854700856,1.0,1.0,False,1.0,False,1.0,False,0.002139776275947752,0.9618294360385146
23,25,30,2,3.1234705228031148,0.6403133903133903,0.7762736999601787,1.0,False,1.0,False,1.0,False,0.0014520183667317958,0.6526822558459422
23,25,31,3,3.1234705228031148,0.9604700854700856,1.0,1.0,False,1.0,False,1.0,False,0.002139776275947752,0.9618294360385146
23,26,27,1,3.1234705228031148,0.32015669515669515,0.38684745045633295,1.0,False,1.0,False,0.9857592345811885,False,0.0007642604575158399,0.34353507565337005
23,26,28,2,3.1234705228031148,0.6403133903133903,0.7762736999601787,1.0,False,1.0,False,1.0,False,0.0014520183667317958,0.6526822558459422
23,26,29,2,3.1234705228031148,0.6403133903133903,0.7762736999601787,1.0,False,1.0,False,1.0,False,0.0014520183667317958,0.6526822558459422
23,26,30,2,3.1234705228031148,0.6403133903133903,0.7762736999601787,1.0,False,1.0,False,1.0,False,0.0014520183667317958,0.6526822558459422
23,26,31,4,3.1234705228031148,1.2806267806267806,0.5615634740660312,1.0,False,1.0,False,0.9957506177226078,False,0.0028275341851637078,1.2709766162310867
23,27,28,3,3.1234705228031148,0.9604700854700856,1.0,1.0,False,1.0,False,1.0,False,0.002139776275947752,0.9618294360385146
23,27,29,7,3.1234705228031148,2.241096866096866,0.03994014992889243,1.0,False,1.0,False,0.9857592345811885,False,0.004890807912811576,2.1984181568088035
23,27,30,0,3.1234705228031148,0.0,0.08379148704798318,1.0,False,1.0,False,0.9857592345811885,False,7.650254829988387e-05,0.0343878954607978
23,27,31,3,3.1234705228031148,0.9604700854700856,1.0,1.0,False,1.0,False,1.0,False,0.002139776275947752,0.9618294360385146
23,28,29,3,3.1234705228031148,0.9604700854700856,1.0,1.0,False,1.0,False,1.0,False,0.002139776275947752,0.9618294360385146
23,28,30,5,3.1234705228031148,1.6007834757834758,0.24957369947482808,1.0,False,1.0,False,0.9857592345811885,False,0.003515292094379664,1.580123796423659
23,28,31,2,3.1234705228031148,0.6403133903133903,0.7762736999601787,1.0,False,1.0,False,1.0,False,0.0014520183667317958,0.6526822558459422
23,29,30,5,3.1234705228031148,1.6007834757834758,0.24957369947482808,1.0,False,1.0,False,0.9857592345811885,False,0.003515292094379664,1.580123796423659
23,29,31,4,3.1234705228031148,1.2806267806267806,0.5615634740660312,1.0,False,1.0,False,0.9957506177226078,False,0.0028275341851637078,1.2709766162310867
23,30,31,5,3.1234705228031148,1.6007834757834758,0.24957369947482808,1.0,False,1.0,False,0.9857592345811885,False,0.003515292094379664,1.580123796423659
24,25,26,3,3.1234705228031148,0.9604700854700856,1.0,1.0,False,1.0,False,1.0,False,0.002139776275947752,0.9618294360385146
24,25,27,4,3.1234705228031148,1.2806267806267806,0.5615634740660312,1.0,False,1.0,False,0.9957506177226078,False,0.0028275341851637078,1.2709766162310867
24,25,28,3,3.1234705228031148,0.9604700854700856,1.0,1.0,False,1.0,False,1.0,False,0.002139776275947752,0.9618294360385146
24,25,29,3,3.1234705228031148,0.9604700854700856,1.0,1.0,False,1.0,False,1.0,False,0.002139776275947752,0.9618294360385146
24,25,30,4,3.1234705228031148,1.2806267806267806,0.5615634740660312,1.0,False,1.0,False,0.9957506177226078,False,0.0028275341851637078,1.2709766162310867
24,25,31,2,3.1234705228031148,0.6403133903133903,0.7762736999601787,1.0,False,1.0,False,1.0,False,0.0014520183667317958,0.6526822558459422
24,26,27,3,3.1234705228031148,0.9604700854700856,1.0,1.0,False,1.0,False,1.0,False,0.002139776275947752,0.9618294360385146
24,26,28,5,3.1234705228031148,1.6007834757834758,0.24957369947482808,1.0,False,1.0,False,0.9857592345811885,False,0.003515292094379664,1.580123796423659
24,26,29,3,3.1234705228031148,0.9604700854700856,1.0,1.0,False,1.0,False,1.0,False,0.002139776275947752,0.9618294360385146
24,26,30,1,3.1234705228031148,0.32015669515669515,0.38684745045633295,1.0,False,1.0,False,0.9857592345811885,False,0.0007642604575158399,0.34353507565337005
24,26,31,2,3.1234705228031148,0.6403133903133903,0.7762736999601787,1.0,False,1.0,False,1.0,False,0.0014520183667317958,0.6526822558459422
24,27,28,2,3.1234705228031148,0.6403133903133903,0.7762736999601787,1.0,False,1.0,False,1.0,False,0.0014520183667317958,0.6526822558459422
24,27,29,5,3.1234705228031148,1.6007834757834758,0.24957369947482808,1.0,False,1.0,False,0.9857592345811885,False,0.003515292094379664,1.580123796423659
24,27,30,2,3.1234705228031148,0.6403133903133903,0.7762736999601787,1.0,False,1.0,False,1.0,False,0.0014520183667317958,0.6526822558459422
24,27,31,6,3.1234705228031148,1.9209401709401712,0.14049792107858372,1.0,False,1.0,False,0.9857592345811885,False,0.00420305000359562,1.8892709766162312
24,28,29,8,3.1234705228031148,2.561253561253561,0.01468912435960452,1.0,False,1.0,False,0.956921941977135,False,0.005578565822027533,2.5075653370013757
24,28,30,6,3.1234705228031148,1.9209401709401712,0.14049792107858372,1.0,False,1.0,False,0.9857592345811885,False,0.00420305000359562,1.8892709766162312
24,28,31,3,3.1234705228031148,0.9604700854700856,1.0,1.0,False,1.0,False,1.0,False,0.002139776275947752,0.9618294360385146
24,29,30,3,3.1234705228031148,0.9604700854700856,1.0,1.0,False,1.0,False,1.0,False,0.002139776275947752,0.9618294360385146
24,29,31,1,3.1234705228031148,0.32015669515669515,0.38684745045633295,1.0,False,1.0,False,0.9857592345811885,False,0.0007642604575158399,0.34353507565337005
24,30,31,3,3.1234705228031148,0.9604700854700856,1.0,1.0,False,1.0,False,1.0,False,0.002139776275947752,0.9618294360385146
25,26,27,4,3.1234705228031148,1.2806267806267806,0.5615634740660312,1.0,False,1.0,False,0.9957506177226078,False,0.0028275341851637078,1.2709766162310867
25,26,28,0,3.1234705228031148,0.0,0.08379148704798318,1.0,False,1.0,False,0.9857592345811885,False,7.650254829988387e-05,0.0343878954607978
25,26,29,1,3.1234705228031148,0.32015669515669515,0.38684745045633295,1.0,False,1.0,False,0.9857592345811885,False,0.0007642604575158399,0.34353507565337005
25,26,30,2,3.1234705228031148,0.6403133903133903,0.7762736999601787,1.0,False,1.0,False,1.0,False,0.0014520183667317958,0.6526822558459422
25,26,31,4,3.1234705228031148,1.2806267806267806,0.5615634740660312,1.0,False,1.0,False,0.9957506177226078,False,0.0028275341851637078,1.2709766162310867
25,27,28,1,3.1234705228031148,0.32015669515669515,0.38684745045633295,1.0,False,1.0,False,0.9857592345811885,False,0.0007642604575158399,0.34353507565337005
25,27,29,3,3.1234705228031148,0.9604700854700856,1.0,1.0,False,1.0,False,1.0,False,0.002139776275947752,0.9618294360385146
25,27,30,3,3.1234705228031148,0.9604700854700856,1.0,1.0,False,1.0,False,1.0,False,0.002139776275947752,0.9618294360385146
25,27,31,3,3.1234705228031148,0.9604700854700856,1.0,1.0,False,1.0,False,1.0,False,0.002139776275947752,0.9618294360385146
25,28,29,1,3.1234705228031148,0.32015669515669515,0.38684745045633295,1.0,False,1.0,False,0.9857592345811885,False,0.0007642604575158399,0.34353507565337005
25,28,30,3,3.1234705228031148,0.9604700854700856,1.0,1.0,False,1.0,False,1.0,False,0.002139776275947752,0.9618294360385146
25,28,31,2,3.1234705228031148,0.6403133903133903,0.7762736999601787,1.0,False,1.0,False,1.0,False,0.0014520183667317958,0.6526822558459422
25,29,30,5,3.1234705228031148,1.6007834757834758,0.24957369947482808,1.0,False,1.0,False,0.9857592345811885,False,0.003515292094379664,1.580123796423659
25,29,31,6,3.1234705228031148,1.9209401709401712,0.14049792107858372,1.0,False,1.0,False,0.9857592345811885,False,0.00420305000359562,1.8892709766162312
25,30,31,1,3.1234705228031148,0.32015669515669515,0.38684745045633295,1.0,False,1.0,False,0.9857592345811885,False,0.0007642604575158399,0.34353507565337005
26,27,28,3,3.1234705228031148,0.9604700854700856,1.0,1.0,False,1.0,False,1.0,False,0.002139776275947752,0.9618294360385146
26,27,29,5,3.1234705228031148,1.6007834757834758,0.24957369947482808,1.0,False,1.0,False,0.9857592345811885,False,0.003515292094379664,1.580123796423659
26,27,30,4,3.1234705228031148,1.2806267806267806,0.5615634740660312,1.0,False,1.0,False,0.9957506177226078,False,0.0028275341851637078,1.2709766162310867
26,27,31,7,3.1234705228031148,2.241096866096866,0.03994014992889243,1.0,False,1.0,False,0.9857592345811885,False,0.004890807912811576,2.1984181568088035
26,28,29,5,3.1234705228031148,1.6007834757834758,0.24957369947482808,1.0,False,1.0,False,0.9857592345811885,False,0.003515292094379664,1.580123796423659
26,28,30,6,3.1234705228031148,1.9209401709401712,0.14049792107858372,1.0,False,1.0,False,0.9857592345811885,False,0.00420305000359562,1.8892709766162312
26,28,31,2,3.1234705228031148,0.6403133903133903,0.7762736999601787,1.0,False,1.0,False,1.0,False,0.0014520183667317958,0.6526822558459422
26,29,30,3,3.1234705228031148,0.9604700854700856,1.0,1.0,False,1.0,False,1.0,False,0.002139776275947752,0.9618294360385146
26,29,31,4,3.1234705228031148,1.2806267806267806,0.5615634740660312,1.0,False,1.0,False,0.9957506177226078,False,0.0028275341851637078,1.2709766162310867
26,30,31,3,3.1234705228031148,0.9604700854700856,1.0,1.0,False,1.0,False,1.0,False,0.002139776275947752,0.9618294360385146
27,28,29,5,3.1234705228031148,1.6007834757834758,0.24957369947482808,1.0,False,1.0,False,0.9857592345811885,False,0.003515292094379664,1.580123796423659
27,28,30,2,3.1234705228031148,0.6403133903133903,0.7762736999601787,1.0,False,1.0,False,1.0,False,0.0014520183667317958,0.6526822558459422
27,28,31,2,3.1234705228031148,0.6403133903133903,0.7762736999601787,1.0,False,1.0,False,1.0,False,0.0014520183667317958,0.6526822558459422
27,29,30,2,3.1234705228031148,0.6403133903133903,0.7762736999601787,1.0,False,1.0,False,1.0,False,0.0014520183667317958,0.6526822558459422
27,29,31,1,3.1234705228031148,0.32015669515669515,0.38684745045633295,1.0,False,1.0,False,0.9857592345811885,False,0.0007642604575158399,0.34353507565337005
27,30,31,4,3.1234705228031148,1.2806267806267806,0.5615634740660312,1.0,False,1.0,False,0.9957506177226078,False,0.0028275341851637078,1.2709766162310867
28,29,30,4,3.1234705228031148,1.2806267806267806,0.5615634740660312,1.0,False,1.0,False,0.9957506177226078,False,0.0028275341851637078,1.2709766162310867
28,29,31,1,3.1234705228031148,0.32015669515669515,0.38684745045633295,1.0,False,1.0,False,0.9857592345811885,False,0.0007642604575158399,0.34353507565337005
28,30,31,1,3.1234705228031148,0.32015669515669515,0.38684745045633295,1.0,False,1.0,False,0.9857592345811885,False,0.0007642604575158399,0.34353507565337005
29,30,31,4,3.1234705228031148,1.2806267806267806,0.5615634740660312,1.0,False,1.0,False,0.9957506177226078,False,0.0028275341851637078,1.2709766162310867
