注文番号,販売日,店舗,商品コード,商品名,カテゴリ,カラー,サイズ,定価,販売価格,数量,売上金額,値引額,値引率,販売チャネル
ORD-202609-00048,2026/09/01,EC,JK-003,QUILTED JACKET,JACKET,BLACK,XL,5000,5000,3,15000,0,0.0,オンライン
ORD-202609-00170,2026/09/01,EC,OT-001,WOOL COAT,OUTER,KHAKI,XL,6200,4650,1,4650,1550,0.25,オンライン
ORD-202609-00175,2026/09/01,EC,AC-003,LEATHER BELT,ACCESSORY,NAVY,M,1000,1000,1,1000,0,0.0,オンライン
ORD-202609-00184,2026/09/01,表参道店,OT-003,MOD COAT,OUTER,NAVY,L,5200,5200,2,10400,0,0.0,店舗
ORD-202609-00216,2026/09/01,大阪店,JK-001,TECH JACKET,JACKET,BEIGE,L,4500,3380,1,3380,1120,0.25,店舗
ORD-202609-00229,2026/09/01,EC,SH-001,LOW SNEAKER,SHOES,BLACK,L,2400,2400,1,2400,0,0.0,オンライン
ORD-202609-00356,2026/09/01,EC,SH-002,SUEDE BOOTS,SHOES,WHITE,L,2400,2400,1,2400,0,0.0,オンライン
ORD-202609-00367,2026/09/01,大阪店,OT-001,WOOL COAT,OUTER,GRAY,L,6200,6200,1,6200,0,0.0,店舗
ORD-202609-00390,2026/09/01,大阪店,SH-003,CHUKKA BOOTS,SHOES,KHAKI,M,3900,3900,2,7800,0,0.0,店舗
ORD-202609-00411,2026/09/01,大阪店,TP-003,BAND COLLAR SHIRT,TOPS,BLACK,M,1400,1400,1,1400,0,0.0,店舗
ORD-202609-00420,2026/09/01,表参道店,JK-002,SHELL JACKET,JACKET,NAVY,L,3000,3000,1,3000,0,0.0,店舗
ORD-202609-00478,2026/09/01,新宿店,PT-001,SLIM PANTS,PANTS,NAVY,M,1800,1620,1,1620,180,0.1,店舗
ORD-202609-00509,2026/09/01,大阪店,OT-001,WOOL COAT,OUTER,KHAKI,M,6200,6200,1,6200,0,0.0,店舗
ORD-202609-00537,2026/09/01,大阪店,JK-001,TECH JACKET,JACKET,WHITE,M,4500,4500,2,9000,0,0.0,店舗
ORD-202609-00596,2026/09/01,新宿店,BG-001,TOTE BAG,BAG,GRAY,M,1800,1800,1,1800,0,0.0,店舗
ORD-202609-00600,2026/09/01,表参道店,AC-002,SILK SCARF,ACCESSORY,BLACK,XL,1000,1000,1,1000,0,0.0,店舗
ORD-202609-00623,2026/09/01,EC,JK-002,SHELL JACKET,JACKET,BLACK,M,3000,3000,1,3000,0,0.0,オンライン
ORD-202609-00646,2026/09/01,大阪店,TP-004,DRY TEE,TOPS,WHITE,XL,1400,1260,1,1260,140,0.1,店舗
ORD-202609-00654,2026/09/01,表参道店,JK-003,QUILTED JACKET,JACKET,BLACK,L,5000,4500,1,4500,500,0.1,店舗
ORD-202609-00735,2026/09/01,新宿店,JK-001,TECH JACKET,JACKET,BLACK,XL,4500,4500,2,9000,0,0.0,店舗
ORD-202609-00738,2026/09/01,EC,TP-001,BASIC TEE,TOPS,WHITE,L,1400,1400,1,1400,0,0.0,オンライン
ORD-202609-00773,2026/09/01,EC,JK-003,QUILTED JACKET,JACKET,GRAY,XL,5000,5000,3,15000,0,0.0,オンライン
ORD-202609-00809,2026/09/01,表参道店,KN-001,WOOL KNIT,KNIT,BLACK,M,2500,2500,1,2500,0,0.0,店舗
ORD-202609-00822,2026/09/01,EC,KN-002,CABLE KNIT,KNIT,BLACK,M,2000,2000,1,2000,0,0.0,オンライン
ORD-202609-00948,2026/09/01,EC,KN-001,WOOL KNIT,KNIT,BEIGE,XL,2500,2500,1,2500,0,0.0,オンライン
ORD-202609-01008,2026/09/01,新宿店,SH-002,SUEDE BOOTS,SHOES,BEIGE,M,2400,2400,1,2400,0,0.0,店舗
ORD-202609-01019,2026/09/01,大阪店,AC-003,LEATHER BELT,ACCESSORY,GRAY,M,1000,850,1,850,150,0.15,店舗
ORD-202609-01032,2026/09/01,新宿店,PT-001,SLIM PANTS,PANTS,GRAY,M,1800,1800,1,1800,0,0.0,店舗
ORD-202609-01033,2026/09/01,新宿店,OT-005,BALMACAAN COAT,OUTER,NAVY,XL,6700,5020,1,5020,1680,0.25,店舗
ORD-202609-01059,2026/09/01,大阪店,BG-001,TOTE BAG,BAG,BEIGE,XL,1800,1800,2,3600,0,0.0,店舗
ORD-202609-01135,2026/09/01,EC,AC-002,SILK SCARF,ACCESSORY,BLACK,L,1000,1000,2,2000,0,0.0,オンライン
ORD-202609-01294,2026/09/01,表参道店,AC-003,LEATHER BELT,ACCESSORY,BLACK,L,1000,1000,2,2000,0,0.0,店舗
ORD-202609-01346,2026/09/01,表参道店,OT-003,MOD COAT,OUTER,BEIGE,XL,5200,5200,2,10400,0,0.0,店舗
ORD-202609-01428,2026/09/01,EC,AC-001,WOOL CAP,ACCESSORY,NAVY,M,500,500,1,500,0,0.0,オンライン
ORD-202609-01514,2026/09/01,EC,KN-003,CREW KNIT,KNIT,WHITE,M,2000,2000,1,2000,0,0.0,オンライン
ORD-202609-01551,2026/09/01,大阪店,JK-003,QUILTED JACKET,JACKET,BLACK,M,5000,5000,1,5000,0,0.0,店舗
ORD-202609-01557,2026/09/01,新宿店,PT-001,SLIM PANTS,PANTS,NAVY,S,1800,1800,3,5400,0,0.0,店舗
ORD-202609-01562,2026/09/01,EC,TP-002,OX SHIRT,TOPS,BEIGE,M,900,900,1,900,0,0.0,オンライン
ORD-202609-01601,2026/09/01,EC,JK-003,QUILTED JACKET,JACKET,NAVY,L,5000,5000,1,5000,0,0.0,オンライン
ORD-202609-01654,2026/09/01,EC,OT-001,WOOL COAT,OUTER,NAVY,L,6200,6200,1,6200,0,0.0,オンライン
ORD-202609-01888,2026/09/01,EC,SH-001,LOW SNEAKER,SHOES,WHITE,M,2400,1680,1,1680,720,0.3,オンライン
ORD-202609-01932,2026/09/01,表参道店,PT-001,SLIM PANTS,PANTS,NAVY,XL,1800,1800,1,1800,0,0.0,店舗
ORD-202609-01969,2026/09/01,EC,PT-003,TAPERED PANTS,PANTS,BEIGE,L,2800,2800,1,2800,0,0.0,オンライン
ORD-202609-02001,2026/09/01,大阪店,TP-002,OX SHIRT,TOPS,BEIGE,L,900,900,1,900,0,0.0,店舗
ORD-202609-02024,2026/09/01,表参道店,AC-001,WOOL CAP,ACCESSORY,BLACK,M,500,350,2,700,300,0.3,店舗
ORD-202609-02032,2026/09/01,表参道店,AC-002,SILK SCARF,ACCESSORY,NAVY,L,1000,1000,1,1000,0,0.0,店舗
ORD-202609-02035,2026/09/01,EC,AC-002,SILK SCARF,ACCESSORY,WHITE,L,1000,1000,1,1000,0,0.0,オンライン
ORD-202609-02038,2026/09/01,大阪店,BG-003,2WAY BAG,BAG,WHITE,S,1800,1800,3,5400,0,0.0,店舗
ORD-202609-02063,2026/09/01,表参道店,OT-001,WOOL COAT,OUTER,WHITE,L,6200,6200,1,6200,0,0.0,店舗
ORD-202609-02089,2026/09/01,大阪店,AC-002,SILK SCARF,ACCESSORY,WHITE,M,1000,1000,1,1000,0,0.0,店舗
ORD-202609-02116,2026/09/01,表参道店,OT-001,WOOL COAT,OUTER,BLACK,M,6200,6200,1,6200,0,0.0,店舗
ORD-202609-02250,2026/09/01,EC,TP-003,BAND COLLAR SHIRT,TOPS,GRAY,S,1400,1400,1,1400,0,0.0,オンライン
ORD-202609-02262,2026/09/01,新宿店,KN-005,COTTON KNIT,KNIT,BLACK,L,2500,2500,1,2500,0,0.0,店舗
ORD-202609-02375,2026/09/01,EC,TP-002,OX SHIRT,TOPS,BLACK,M,900,760,1,760,140,0.15,オンライン
ORD-202609-02477,2026/09/01,新宿店,SH-004,COURT SNEAKER,SHOES,BLACK,L,3900,3900,1,3900,0,0.0,店舗
ORD-202609-02527,2026/09/01,EC,BG-001,TOTE BAG,BAG,NAVY,S,1800,1800,1,1800,0,0.0,オンライン
ORD-202609-02608,2026/09/01,EC,AC-001,WOOL CAP,ACCESSORY,GRAY,S,500,500,1,500,0,0.0,オンライン
ORD-202609-02628,2026/09/01,新宿店,SH-003,CHUKKA BOOTS,SHOES,BLACK,XL,3900,3120,1,3120,780,0.2,店舗
ORD-202609-02803,2026/09/01,大阪店,JK-001,TECH JACKET,JACKET,BLACK,L,4500,4500,1,4500,0,0.0,店舗
ORD-202609-02983,2026/09/01,EC,AC-001,WOOL CAP,ACCESSORY,NAVY,M,500,500,3,1500,0,0.0,オンライン
ORD-202609-00096,2026/09/02,表参道店,BG-001,TOTE BAG,BAG,NAVY,M,1800,1800,1,1800,0,0.0,店舗
ORD-202609-00102,2026/09/02,新宿店,JK-001,TECH JACKET,JACKET,GRAY,L,4500,4500,1,4500,0,0.0,店舗
ORD-202609-00120,2026/09/02,大阪店,PT-002,WIDE PANTS,PANTS,BLACK,S,1800,1800,1,1800,0,0.0,店舗
ORD-202609-00209,2026/09/02,大阪店,BG-002,SHOULDER BAG,BAG,KHAKI,M,3300,3300,1,3300,0,0.0,店舗
ORD-202609-00226,2026/09/02,表参道店,TP-001,BASIC TEE,TOPS,BLACK,L,1400,1400,2,2800,0,0.0,店舗
ORD-202609-00368,2026/09/02,新宿店,PT-002,WIDE PANTS,PANTS,BLACK,S,1800,1530,1,1530,270,0.15,店舗
ORD-202609-00494,2026/09/02,新宿店,SH-001,LOW SNEAKER,SHOES,NAVY,M,2400,2400,1,2400,0,0.0,店舗
ORD-202609-00515,2026/09/02,新宿店,TP-002,OX SHIRT,TOPS,NAVY,S,900,900,1,900,0,0.0,店舗
ORD-202609-00532,2026/09/02,大阪店,TP-002,OX SHIRT,TOPS,BLACK,S,900,900,1,900,0,0.0,店舗
ORD-202609-00544,2026/09/02,EC,KN-001,WOOL KNIT,KNIT,BLACK,XL,2500,2500,1,2500,0,0.0,オンライン
ORD-202609-00616,2026/09/02,EC,SH-001,LOW SNEAKER,SHOES,BLACK,XL,2400,2400,1,2400,0,0.0,オンライン
ORD-202609-00655,2026/09/02,EC,TP-001,BASIC TEE,TOPS,GRAY,M,1400,980,1,980,420,0.3,オンライン
ORD-202609-00664,2026/09/02,表参道店,TP-001,BASIC TEE,TOPS,BEIGE,M,1400,1400,1,1400,0,0.0,店舗
ORD-202609-00677,2026/09/02,EC,SH-004,COURT SNEAKER,SHOES,GRAY,L,3900,3320,1,3320,580,0.15,オンライン
ORD-202609-00692,2026/09/02,大阪店,KN-001,WOOL KNIT,KNIT,WHITE,M,2500,2500,2,5000,0,0.0,店舗
ORD-202609-00723,2026/09/02,EC,BG-002,SHOULDER BAG,BAG,BLACK,S,3300,2640,1,2640,660,0.2,オンライン
ORD-202609-00811,2026/09/02,EC,SH-001,LOW SNEAKER,SHOES,KHAKI,XL,2400,1920,1,1920,480,0.2,オンライン
ORD-202609-00876,2026/09/02,EC,KN-003,CREW KNIT,KNIT,GRAY,XL,2000,2000,1,2000,0,0.0,オンライン
ORD-202609-00893,2026/09/02,大阪店,JK-003,QUILTED JACKET,JACKET,NAVY,XL,5000,4000,3,12000,3000,0.2,店舗
ORD-202609-00916,2026/09/02,新宿店,SH-004,COURT SNEAKER,SHOES,BLACK,M,3900,2920,1,2920,980,0.25,店舗
ORD-202609-01006,2026/09/02,新宿店,KN-001,WOOL KNIT,KNIT,KHAKI,L,2500,2500,2,5000,0,0.0,店舗
ORD-202609-01107,2026/09/02,新宿店,KN-002,CABLE KNIT,KNIT,BLACK,L,2000,2000,1,2000,0,0.0,店舗
ORD-202609-01208,2026/09/02,EC,OT-001,WOOL COAT,OUTER,BLACK,XL,6200,5580,1,5580,620,0.1,オンライン
ORD-202609-01215,2026/09/02,EC,SH-002,SUEDE BOOTS,SHOES,WHITE,XL,2400,2400,1,2400,0,0.0,オンライン
ORD-202609-01229,2026/09/02,EC,PT-003,TAPERED PANTS,PANTS,BLACK,M,2800,2100,1,2100,700,0.25,オンライン
ORD-202609-01256,2026/09/02,EC,OT-004,STAND COAT,OUTER,BLACK,M,7200,5400,2,10800,3600,0.25,オンライン
ORD-202609-01329,2026/09/02,EC,AC-001,WOOL CAP,ACCESSORY,WHITE,L,500,500,1,500,0,0.0,オンライン
ORD-202609-01334,2026/09/02,EC,BG-003,2WAY BAG,BAG,WHITE,XL,1800,1800,1,1800,0,0.0,オンライン
ORD-202609-01347,2026/09/02,EC,TP-001,BASIC TEE,TOPS,NAVY,M,1400,1260,1,1260,140,0.1,オンライン
ORD-202609-01407,2026/09/02,EC,JK-003,QUILTED JACKET,JACKET,KHAKI,L,5000,5000,1,5000,0,0.0,オンライン
ORD-202609-01447,2026/09/02,EC,TP-001,BASIC TEE,TOPS,NAVY,L,1400,1400,1,1400,0,0.0,オンライン
ORD-202609-01455,2026/09/02,EC,OT-002,CHESTER COAT,OUTER,BLACK,XL,6700,5700,1,5700,1000,0.15,オンライン
ORD-202609-01526,2026/09/02,EC,OT-001,WOOL COAT,OUTER,WHITE,XL,6200,4960,2,9920,2480,0.2,オンライン
ORD-202609-01550,2026/09/02,表参道店,OT-002,CHESTER COAT,OUTER,KHAKI,M,6700,6700,1,6700,0,0.0,店舗
ORD-202609-01575,2026/09/02,EC,AC-001,WOOL CAP,ACCESSORY,NAVY,M,500,500,1,500,0,0.0,オンライン
ORD-202609-01597,2026/09/02,EC,KN-001,WOOL KNIT,KNIT,BLACK,XL,2500,2000,1,2000,500,0.2,オンライン
ORD-202609-01607,2026/09/02,EC,KN-002,CABLE KNIT,KNIT,NAVY,M,2000,2000,1,2000,0,0.0,オンライン
ORD-202609-01639,2026/09/02,新宿店,AC-002,SILK SCARF,ACCESSORY,BLACK,L,1000,1000,1,1000,0,0.0,店舗
ORD-202609-01649,2026/09/02,EC,OT-002,CHESTER COAT,OUTER,BLACK,M,6700,5020,1,5020,1680,0.25,オンライン
ORD-202609-01707,2026/09/02,新宿店,PT-001,SLIM PANTS,PANTS,WHITE,M,1800,1260,3,3780,1620,0.3,店舗
ORD-202609-01715,2026/09/02,EC,OT-003,MOD COAT,OUTER,BLACK,S,5200,4420,1,4420,780,0.15,オンライン
ORD-202609-01779,2026/09/02,新宿店,JK-005,MDS JACKET,JACKET,KHAKI,S,4000,3600,1,3600,400,0.1,店舗
ORD-202609-01856,2026/09/02,EC,KN-001,WOOL KNIT,KNIT,BLACK,M,2500,2250,1,2250,250,0.1,オンライン
ORD-202609-01865,2026/09/02,EC,SH-001,LOW SNEAKER,SHOES,BLACK,L,2400,2400,1,2400,0,0.0,オンライン
ORD-202609-01869,2026/09/02,EC,TP-001,BASIC TEE,TOPS,NAVY,L,1400,1400,1,1400,0,0.0,オンライン
ORD-202609-01879,2026/09/02,大阪店,TP-001,BASIC TEE,TOPS,BLACK,L,1400,1400,1,1400,0,0.0,店舗
ORD-202609-01912,2026/09/02,大阪店,BG-001,TOTE BAG,BAG,BLACK,XL,1800,1800,1,1800,0,0.0,店舗
ORD-202609-01924,2026/09/02,大阪店,PT-001,SLIM PANTS,PANTS,BLACK,L,1800,1800,1,1800,0,0.0,店舗
ORD-202609-01925,2026/09/02,EC,OT-001,WOOL COAT,OUTER,BEIGE,XL,6200,6200,2,12400,0,0.0,オンライン
ORD-202609-01937,2026/09/02,新宿店,BG-003,2WAY BAG,BAG,BLACK,S,1800,1350,1,1350,450,0.25,店舗
ORD-202609-01963,2026/09/02,EC,OT-002,CHESTER COAT,OUTER,BLACK,XL,6700,6700,1,6700,0,0.0,オンライン
ORD-202609-01965,2026/09/02,EC,AC-003,LEATHER BELT,ACCESSORY,BLACK,XL,1000,900,1,900,100,0.1,オンライン
ORD-202609-01993,2026/09/02,EC,AC-004,KNIT MUFFLER,ACCESSORY,KHAKI,L,1000,1000,2,2000,0,0.0,オンライン
ORD-202609-02005,2026/09/02,表参道店,KN-001,WOOL KNIT,KNIT,BEIGE,M,2500,2000,1,2000,500,0.2,店舗
ORD-202609-02062,2026/09/02,EC,OT-001,WOOL COAT,OUTER,KHAKI,S,6200,6200,1,6200,0,0.0,オンライン
ORD-202609-02070,2026/09/02,新宿店,SH-001,LOW SNEAKER,SHOES,WHITE,XL,2400,2400,1,2400,0,0.0,店舗
ORD-202609-02075,2026/09/02,新宿店,AC-001,WOOL CAP,ACCESSORY,BLACK,L,500,500,1,500,0,0.0,店舗
ORD-202609-02078,2026/09/02,EC,TP-001,BASIC TEE,TOPS,WHITE,L,1400,1400,1,1400,0,0.0,オンライン
ORD-202609-02084,2026/09/02,表参道店,BG-002,SHOULDER BAG,BAG,NAVY,XL,3300,3300,1,3300,0,0.0,店舗
ORD-202609-02136,2026/09/02,大阪店,PT-003,TAPERED PANTS,PANTS,GRAY,S,2800,2800,1,2800,0,0.0,店舗
ORD-202609-02276,2026/09/02,新宿店,OT-001,WOOL COAT,OUTER,KHAKI,L,6200,4960,1,4960,1240,0.2,店舗
ORD-202609-02302,2026/09/02,EC,OT-001,WOOL COAT,OUTER,BLACK,L,6200,6200,2,12400,0,0.0,オンライン
ORD-202609-02303,2026/09/02,新宿店,JK-002,SHELL JACKET,JACKET,BLACK,S,3000,3000,1,3000,0,0.0,店舗
ORD-202609-02376,2026/09/02,新宿店,OT-001,WOOL COAT,OUTER,BLACK,M,6200,6200,1,6200,0,0.0,店舗
ORD-202609-02383,2026/09/02,大阪店,JK-001,TECH JACKET,JACKET,NAVY,L,4500,4500,1,4500,0,0.0,店舗
ORD-202609-02392,2026/09/02,表参道店,PT-003,TAPERED PANTS,PANTS,BLACK,L,2800,2800,1,2800,0,0.0,店舗
ORD-202609-02457,2026/09/02,新宿店,AC-001,WOOL CAP,ACCESSORY,BLACK,XL,500,420,1,420,80,0.15,店舗
ORD-202609-02468,2026/09/02,表参道店,OT-002,CHESTER COAT,OUTER,BEIGE,L,6700,6700,2,13400,0,0.0,店舗
ORD-202609-02504,2026/09/02,新宿店,JK-003,QUILTED JACKET,JACKET,BLACK,S,5000,3750,1,3750,1250,0.25,店舗
ORD-202609-02509,2026/09/02,新宿店,AC-001,WOOL CAP,ACCESSORY,KHAKI,M,500,400,1,400,100,0.2,店舗
ORD-202609-02534,2026/09/02,表参道店,PT-005,CHINO PANTS,PANTS,BLACK,L,2300,2070,1,2070,230,0.1,店舗
ORD-202609-02569,2026/09/02,EC,OT-001,WOOL COAT,OUTER,BLACK,XL,6200,6200,2,12400,0,0.0,オンライン
ORD-202609-02584,2026/09/02,新宿店,KN-001,WOOL KNIT,KNIT,BLACK,XL,2500,2500,1,2500,0,0.0,店舗
ORD-202609-02633,2026/09/02,大阪店,SH-001,LOW SNEAKER,SHOES,GRAY,M,2400,2400,1,2400,0,0.0,店舗
ORD-202609-02651,2026/09/02,新宿店,KN-003,CREW KNIT,KNIT,WHITE,M,2000,2000,3,6000,0,0.0,店舗
ORD-202609-02751,2026/09/02,EC,SH-002,SUEDE BOOTS,SHOES,GRAY,L,2400,2400,1,2400,0,0.0,オンライン
ORD-202609-02786,2026/09/02,大阪店,AC-001,WOOL CAP,ACCESSORY,WHITE,M,500,500,1,500,0,0.0,店舗
ORD-202609-02818,2026/09/02,大阪店,KN-002,CABLE KNIT,KNIT,NAVY,XL,2000,2000,1,2000,0,0.0,店舗
ORD-202609-02852,2026/09/02,新宿店,PT-003,TAPERED PANTS,PANTS,WHITE,M,2800,2380,1,2380,420,0.15,店舗
ORD-202609-02962,2026/09/02,大阪店,OT-001,WOOL COAT,OUTER,BLACK,XL,6200,6200,1,6200,0,0.0,店舗
ORD-202609-00021,2026/09/03,EC,BG-001,TOTE BAG,BAG,BEIGE,L,1800,1620,1,1620,180,0.1,オンライン
ORD-202609-00032,2026/09/03,大阪店,AC-002,SILK SCARF,ACCESSORY,GRAY,S,1000,1000,1,1000,0,0.0,店舗
ORD-202609-00123,2026/09/03,EC,KN-001,WOOL KNIT,KNIT,KHAKI,L,2500,2500,3,7500,0,0.0,オンライン
ORD-202609-00157,2026/09/03,EC,TP-001,BASIC TEE,TOPS,BEIGE,M,1400,1400,1,1400,0,0.0,オンライン
ORD-202609-00244,2026/09/03,表参道店,AC-001,WOOL CAP,ACCESSORY,GRAY,M,500,500,1,500,0,0.0,店舗
ORD-202609-00326,2026/09/03,表参道店,TP-001,BASIC TEE,TOPS,GRAY,XL,1400,980,1,980,420,0.3,店舗
ORD-202609-00430,2026/09/03,表参道店,PT-003,TAPERED PANTS,PANTS,NAVY,L,2800,2800,2,5600,0,0.0,店舗
ORD-202609-00445,2026/09/03,表参道店,OT-003,MOD COAT,OUTER,NAVY,M,5200,5200,1,5200,0,0.0,店舗
ORD-202609-00456,2026/09/03,表参道店,BG-005,BACKPACK,BAG,BEIGE,M,3800,3800,3,11400,0,0.0,店舗
ORD-202609-00527,2026/09/03,新宿店,KN-002,CABLE KNIT,KNIT,BLACK,M,2000,1700,1,1700,300,0.15,店舗
ORD-202609-00554,2026/09/03,新宿店,OT-001,WOOL COAT,OUTER,NAVY,M,6200,4650,1,4650,1550,0.25,店舗
ORD-202609-00580,2026/09/03,EC,AC-003,LEATHER BELT,ACCESSORY,KHAKI,M,1000,1000,1,1000,0,0.0,オンライン
ORD-202609-00587,2026/09/03,表参道店,BG-002,SHOULDER BAG,BAG,BLACK,L,3300,3300,1,3300,0,0.0,店舗
ORD-202609-00591,2026/09/03,大阪店,SH-003,CHUKKA BOOTS,SHOES,BEIGE,L,3900,3900,1,3900,0,0.0,店舗
ORD-202609-00592,2026/09/03,大阪店,AC-003,LEATHER BELT,ACCESSORY,BLACK,L,1000,1000,1,1000,0,0.0,店舗
ORD-202609-00671,2026/09/03,EC,AC-001,WOOL CAP,ACCESSORY,BLACK,L,500,500,2,1000,0,0.0,オンライン
ORD-202609-00795,2026/09/03,EC,JK-002,SHELL JACKET,JACKET,WHITE,L,3000,2700,1,2700,300,0.1,オンライン
ORD-202609-00812,2026/09/03,EC,JK-003,QUILTED JACKET,JACKET,BLACK,S,5000,5000,1,5000,0,0.0,オンライン
ORD-202609-00850,2026/09/03,大阪店,OT-001,WOOL COAT,OUTER,GRAY,L,6200,6200,1,6200,0,0.0,店舗
ORD-202609-00865,2026/09/03,大阪店,OT-002,CHESTER COAT,OUTER,BLACK,L,6700,6700,1,6700,0,0.0,店舗
ORD-202609-00868,2026/09/03,EC,OT-001,WOOL COAT,OUTER,BLACK,M,6200,6200,1,6200,0,0.0,オンライン
ORD-202609-00901,2026/09/03,EC,OT-001,WOOL COAT,OUTER,GRAY,M,6200,6200,1,6200,0,0.0,オンライン
ORD-202609-01001,2026/09/03,EC,TP-003,BAND COLLAR SHIRT,TOPS,BLACK,L,1400,1400,1,1400,0,0.0,オンライン
ORD-202609-01015,2026/09/03,大阪店,BG-001,TOTE BAG,BAG,GRAY,M,1800,1800,1,1800,0,0.0,店舗
ORD-202609-01024,2026/09/03,EC,JK-001,TECH JACKET,JACKET,NAVY,M,4500,3380,1,3380,1120,0.25,オンライン
ORD-202609-01064,2026/09/03,表参道店,OT-001,WOOL COAT,OUTER,WHITE,XL,6200,6200,1,6200,0,0.0,店舗
ORD-202609-01082,2026/09/03,大阪店,SH-002,SUEDE BOOTS,SHOES,WHITE,XL,2400,1800,2,3600,1200,0.25,店舗
ORD-202609-01092,2026/09/03,EC,SH-003,CHUKKA BOOTS,SHOES,BLACK,XL,3900,3320,1,3320,580,0.15,オンライン
ORD-202609-01131,2026/09/03,EC,AC-001,WOOL CAP,ACCESSORY,WHITE,L,500,500,2,1000,0,0.0,オンライン
ORD-202609-01291,2026/09/03,大阪店,TP-002,OX SHIRT,TOPS,BEIGE,L,900,760,2,1520,280,0.15,店舗
ORD-202609-01304,2026/09/03,表参道店,BG-002,SHOULDER BAG,BAG,WHITE,M,3300,3300,3,9900,0,0.0,店舗
ORD-202609-01306,2026/09/03,大阪店,PT-001,SLIM PANTS,PANTS,WHITE,L,1800,1440,1,1440,360,0.2,店舗
ORD-202609-01332,2026/09/03,表参道店,AC-003,LEATHER BELT,ACCESSORY,NAVY,L,1000,1000,2,2000,0,0.0,店舗
ORD-202609-01337,2026/09/03,表参道店,TP-001,BASIC TEE,TOPS,NAVY,M,1400,1400,1,1400,0,0.0,店舗
ORD-202609-01424,2026/09/03,EC,PT-001,SLIM PANTS,PANTS,KHAKI,M,1800,1800,1,1800,0,0.0,オンライン
ORD-202609-01502,2026/09/03,EC,OT-003,MOD COAT,OUTER,BLACK,M,5200,5200,1,5200,0,0.0,オンライン
ORD-202609-01536,2026/09/03,EC,SH-001,LOW SNEAKER,SHOES,NAVY,M,2400,2400,1,2400,0,0.0,オンライン
ORD-202609-01540,2026/09/03,EC,PT-002,WIDE PANTS,PANTS,WHITE,L,1800,1800,1,1800,0,0.0,オンライン
ORD-202609-01602,2026/09/03,大阪店,TP-002,OX SHIRT,TOPS,BEIGE,L,900,900,1,900,0,0.0,店舗
ORD-202609-01627,2026/09/03,EC,KN-002,CABLE KNIT,KNIT,NAVY,M,2000,2000,2,4000,0,0.0,オンライン
ORD-202609-01628,2026/09/03,表参道店,PT-001,SLIM PANTS,PANTS,NAVY,L,1800,1350,1,1350,450,0.25,店舗
ORD-202609-01708,2026/09/03,大阪店,TP-002,OX SHIRT,TOPS,GRAY,M,900,900,1,900,0,0.0,店舗
ORD-202609-01709,2026/09/03,EC,KN-001,WOOL KNIT,KNIT,BLACK,XL,2500,2000,1,2000,500,0.2,オンライン
ORD-202609-01759,2026/09/03,大阪店,AC-003,LEATHER BELT,ACCESSORY,KHAKI,M,1000,1000,2,2000,0,0.0,店舗
ORD-202609-01773,2026/09/03,EC,AC-001,WOOL CAP,ACCESSORY,BLACK,M,500,420,1,420,80,0.15,オンライン
ORD-202609-01799,2026/09/03,表参道店,BG-003,2WAY BAG,BAG,BLACK,L,1800,1800,3,5400,0,0.0,店舗
ORD-202609-01807,2026/09/03,EC,BG-001,TOTE BAG,BAG,BEIGE,XL,1800,1800,1,1800,0,0.0,オンライン
ORD-202609-01854,2026/09/03,新宿店,SH-001,LOW SNEAKER,SHOES,BLACK,L,2400,1680,2,3360,1440,0.3,店舗
ORD-202609-01861,2026/09/03,大阪店,BG-003,2WAY BAG,BAG,WHITE,M,1800,1800,1,1800,0,0.0,店舗
ORD-202609-01880,2026/09/03,表参道店,BG-004,MINI POUCH,BAG,BEIGE,XL,3800,3800,1,3800,0,0.0,店舗
ORD-202609-01905,2026/09/03,表参道店,OT-001,WOOL COAT,OUTER,WHITE,L,6200,6200,1,6200,0,0.0,店舗
ORD-202609-01951,2026/09/03,大阪店,OT-002,CHESTER COAT,OUTER,GRAY,M,6700,6030,1,6030,670,0.1,店舗
ORD-202609-01961,2026/09/03,大阪店,KN-002,CABLE KNIT,KNIT,BEIGE,M,2000,1500,1,1500,500,0.25,店舗
ORD-202609-01992,2026/09/03,EC,BG-001,TOTE BAG,BAG,BLACK,XL,1800,1800,1,1800,0,0.0,オンライン
ORD-202609-02037,2026/09/03,大阪店,PT-003,TAPERED PANTS,PANTS,NAVY,M,2800,2100,1,2100,700,0.25,店舗
ORD-202609-02071,2026/09/03,大阪店,KN-002,CABLE KNIT,KNIT,BEIGE,XL,2000,2000,1,2000,0,0.0,店舗
ORD-202609-02092,2026/09/03,表参道店,JK-002,SHELL JACKET,JACKET,WHITE,XL,3000,3000,1,3000,0,0.0,店舗
ORD-202609-02096,2026/09/03,大阪店,AC-001,WOOL CAP,ACCESSORY,BLACK,M,500,500,1,500,0,0.0,店舗
ORD-202609-02206,2026/09/03,表参道店,JK-001,TECH JACKET,JACKET,NAVY,M,4500,3820,1,3820,680,0.15,店舗
ORD-202609-02240,2026/09/03,大阪店,SH-004,COURT SNEAKER,SHOES,BEIGE,L,3900,3900,1,3900,0,0.0,店舗
ORD-202609-02298,2026/09/03,新宿店,KN-001,WOOL KNIT,KNIT,KHAKI,S,2500,2500,1,2500,0,0.0,店舗
ORD-202609-02305,2026/09/03,新宿店,TP-001,BASIC TEE,TOPS,GRAY,S,1400,1400,1,1400,0,0.0,店舗
ORD-202609-02353,2026/09/03,新宿店,PT-001,SLIM PANTS,PANTS,KHAKI,M,1800,1800,1,1800,0,0.0,店舗
ORD-202609-02389,2026/09/03,大阪店,AC-002,SILK SCARF,ACCESSORY,NAVY,L,1000,1000,1,1000,0,0.0,店舗
ORD-202609-02404,2026/09/03,表参道店,KN-001,WOOL KNIT,KNIT,WHITE,L,2500,2500,1,2500,0,0.0,店舗
ORD-202609-02441,2026/09/03,表参道店,KN-001,WOOL KNIT,KNIT,BLACK,L,2500,1750,1,1750,750,0.3,店舗
ORD-202609-02522,2026/09/03,大阪店,JK-001,TECH JACKET,JACKET,NAVY,XL,4500,4500,1,4500,0,0.0,店舗
ORD-202609-02529,2026/09/03,EC,TP-001,BASIC TEE,TOPS,NAVY,S,1400,1190,1,1190,210,0.15,オンライン
ORD-202609-02543,2026/09/03,新宿店,AC-003,LEATHER BELT,ACCESSORY,NAVY,M,1000,1000,1,1000,0,0.0,店舗
ORD-202609-02554,2026/09/03,EC,TP-002,OX SHIRT,TOPS,KHAKI,S,900,760,1,760,140,0.15,オンライン
ORD-202609-02595,2026/09/03,EC,JK-001,TECH JACKET,JACKET,BLACK,S,4500,3600,1,3600,900,0.2,オンライン
ORD-202609-02766,2026/09/03,新宿店,JK-001,TECH JACKET,JACKET,GRAY,L,4500,4500,2,9000,0,0.0,店舗
ORD-202609-02795,2026/09/03,表参道店,SH-001,LOW SNEAKER,SHOES,NAVY,M,2400,2400,1,2400,0,0.0,店舗
ORD-202609-02858,2026/09/03,新宿店,KN-001,WOOL KNIT,KNIT,NAVY,M,2500,2500,1,2500,0,0.0,店舗
ORD-202609-02873,2026/09/03,新宿店,JK-001,TECH JACKET,JACKET,WHITE,M,4500,4500,1,4500,0,0.0,店舗
ORD-202609-02886,2026/09/03,表参道店,BG-001,TOTE BAG,BAG,KHAKI,M,1800,1800,1,1800,0,0.0,店舗
ORD-202609-02913,2026/09/03,新宿店,AC-001,WOOL CAP,ACCESSORY,BLACK,M,500,500,1,500,0,0.0,店舗
ORD-202609-02931,2026/09/03,EC,TP-003,BAND COLLAR SHIRT,TOPS,BLACK,XL,1400,1120,1,1120,280,0.2,オンライン
ORD-202609-02938,2026/09/03,大阪店,OT-001,WOOL COAT,OUTER,BEIGE,XL,6200,6200,1,6200,0,0.0,店舗
ORD-202609-02940,2026/09/03,新宿店,OT-002,CHESTER COAT,OUTER,BLACK,XL,6700,5700,2,11400,2000,0.15,店舗
ORD-202609-02946,2026/09/03,大阪店,SH-001,LOW SNEAKER,SHOES,BLACK,L,2400,2400,1,2400,0,0.0,店舗
ORD-202609-02955,2026/09/03,大阪店,JK-002,SHELL JACKET,JACKET,WHITE,M,3000,3000,1,3000,0,0.0,店舗
ORD-202609-02980,2026/09/03,EC,BG-003,2WAY BAG,BAG,BLACK,L,1800,1800,3,5400,0,0.0,オンライン
ORD-202609-00009,2026/09/04,EC,KN-003,CREW KNIT,KNIT,WHITE,L,2000,2000,1,2000,0,0.0,オンライン
ORD-202609-00137,2026/09/04,新宿店,AC-001,WOOL CAP,ACCESSORY,GRAY,M,500,500,1,500,0,0.0,店舗
ORD-202609-00143,2026/09/04,新宿店,BG-001,TOTE BAG,BAG,BLACK,XL,1800,1800,1,1800,0,0.0,店舗
ORD-202609-00166,2026/09/04,新宿店,TP-001,BASIC TEE,TOPS,NAVY,M,1400,1400,1,1400,0,0.0,店舗
ORD-202609-00182,2026/09/04,大阪店,SH-003,CHUKKA BOOTS,SHOES,WHITE,M,3900,3900,1,3900,0,0.0,店舗
ORD-202609-00208,2026/09/04,大阪店,PT-003,TAPERED PANTS,PANTS,BLACK,XL,2800,2800,1,2800,0,0.0,店舗
ORD-202609-00223,2026/09/04,EC,SH-001,LOW SNEAKER,SHOES,BEIGE,M,2400,2400,1,2400,0,0.0,オンライン
ORD-202609-00233,2026/09/04,表参道店,PT-003,TAPERED PANTS,PANTS,BLACK,XL,2800,2800,2,5600,0,0.0,店舗
ORD-202609-00255,2026/09/04,EC,AC-001,WOOL CAP,ACCESSORY,BLACK,M,500,400,1,400,100,0.2,オンライン
ORD-202609-00264,2026/09/04,EC,BG-001,TOTE BAG,BAG,NAVY,M,1800,1800,2,3600,0,0.0,オンライン
ORD-202609-00275,2026/09/04,EC,PT-001,SLIM PANTS,PANTS,GRAY,M,1800,1260,1,1260,540,0.3,オンライン
ORD-202609-00313,2026/09/04,新宿店,OT-002,CHESTER COAT,OUTER,GRAY,L,6700,6700,1,6700,0,0.0,店舗
ORD-202609-00391,2026/09/04,EC,JK-001,TECH JACKET,JACKET,BEIGE,S,4500,4500,1,4500,0,0.0,オンライン
ORD-202609-00393,2026/09/04,表参道店,AC-001,WOOL CAP,ACCESSORY,BLACK,M,500,500,1,500,0,0.0,店舗
ORD-202609-00397,2026/09/04,新宿店,PT-003,TAPERED PANTS,PANTS,NAVY,S,2800,2800,3,8400,0,0.0,店舗
ORD-202609-00412,2026/09/04,EC,OT-001,WOOL COAT,OUTER,BLACK,M,6200,6200,1,6200,0,0.0,オンライン
ORD-202609-00443,2026/09/04,表参道店,BG-001,TOTE BAG,BAG,GRAY,M,1800,1800,1,1800,0,0.0,店舗
ORD-202609-00485,2026/09/04,大阪店,KN-003,CREW KNIT,KNIT,BEIGE,M,2000,2000,1,2000,0,0.0,店舗
ORD-202609-00627,2026/09/04,表参道店,TP-004,DRY TEE,TOPS,BLACK,L,1400,1400,1,1400,0,0.0,店舗
ORD-202609-00628,2026/09/04,大阪店,JK-001,TECH JACKET,JACKET,BEIGE,S,4500,4500,2,9000,0,0.0,店舗
ORD-202609-00642,2026/09/04,大阪店,JK-001,TECH JACKET,JACKET,BEIGE,M,4500,4500,1,4500,0,0.0,店舗
ORD-202609-00643,2026/09/04,大阪店,TP-001,BASIC TEE,TOPS,NAVY,L,1400,1400,1,1400,0,0.0,店舗
ORD-202609-00710,2026/09/04,EC,BG-001,TOTE BAG,BAG,BLACK,XL,1800,1800,1,1800,0,0.0,オンライン
ORD-202609-00790,2026/09/04,新宿店,KN-002,CABLE KNIT,KNIT,BLACK,XL,2000,2000,1,2000,0,0.0,店舗
ORD-202609-00823,2026/09/04,EC,SH-003,CHUKKA BOOTS,SHOES,NAVY,S,3900,3320,2,6640,1160,0.15,オンライン
ORD-202609-00824,2026/09/04,新宿店,TP-002,OX SHIRT,TOPS,GRAY,M,900,900,1,900,0,0.0,店舗
ORD-202609-00829,2026/09/04,新宿店,PT-001,SLIM PANTS,PANTS,BEIGE,S,1800,1800,1,1800,0,0.0,店舗
ORD-202609-00905,2026/09/04,大阪店,TP-001,BASIC TEE,TOPS,BLACK,M,1400,1400,2,2800,0,0.0,店舗
ORD-202609-00941,2026/09/04,新宿店,TP-003,BAND COLLAR SHIRT,TOPS,BLACK,L,1400,1400,1,1400,0,0.0,店舗
ORD-202609-00945,2026/09/04,大阪店,KN-001,WOOL KNIT,KNIT,BLACK,XL,2500,2500,1,2500,0,0.0,店舗
ORD-202609-01013,2026/09/04,大阪店,OT-001,WOOL COAT,OUTER,NAVY,L,6200,6200,1,6200,0,0.0,店舗
ORD-202609-01027,2026/09/04,新宿店,PT-004,CARGO PANTS,PANTS,KHAKI,L,2800,2800,1,2800,0,0.0,店舗
ORD-202609-01035,2026/09/04,大阪店,OT-003,MOD COAT,OUTER,GRAY,M,5200,4680,1,4680,520,0.1,店舗
ORD-202609-01036,2026/09/04,EC,OT-004,STAND COAT,OUTER,BLACK,S,7200,7200,1,7200,0,0.0,オンライン
ORD-202609-01062,2026/09/04,EC,BG-001,TOTE BAG,BAG,NAVY,S,1800,1800,1,1800,0,0.0,オンライン
ORD-202609-01068,2026/09/04,表参道店,OT-002,CHESTER COAT,OUTER,GRAY,XL,6700,6700,1,6700,0,0.0,店舗
ORD-202609-01140,2026/09/04,新宿店,OT-003,MOD COAT,OUTER,NAVY,S,5200,5200,1,5200,0,0.0,店舗
ORD-202609-01198,2026/09/04,表参道店,JK-003,QUILTED JACKET,JACKET,WHITE,M,5000,4250,1,4250,750,0.15,店舗
ORD-202609-01200,2026/09/04,大阪店,JK-002,SHELL JACKET,JACKET,GRAY,XL,3000,3000,1,3000,0,0.0,店舗
ORD-202609-01206,2026/09/04,表参道店,OT-001,WOOL COAT,OUTER,KHAKI,L,6200,6200,1,6200,0,0.0,店舗
ORD-202609-01221,2026/09/04,大阪店,TP-001,BASIC TEE,TOPS,BEIGE,M,1400,1400,1,1400,0,0.0,店舗
ORD-202609-01288,2026/09/04,表参道店,AC-001,WOOL CAP,ACCESSORY,BLACK,L,500,500,1,500,0,0.0,店舗
ORD-202609-01297,2026/09/04,大阪店,JK-002,SHELL JACKET,JACKET,BLACK,XL,3000,3000,1,3000,0,0.0,店舗
ORD-202609-01336,2026/09/04,EC,TP-003,BAND COLLAR SHIRT,TOPS,BEIGE,XL,1400,1260,1,1260,140,0.1,オンライン
ORD-202609-01356,2026/09/04,大阪店,TP-001,BASIC TEE,TOPS,BLACK,M,1400,1400,1,1400,0,0.0,店舗
ORD-202609-01394,2026/09/04,大阪店,TP-005,LINEN SHIRT,TOPS,BLACK,M,1400,1050,1,1050,350,0.25,店舗
ORD-202609-01400,2026/09/04,大阪店,BG-001,TOTE BAG,BAG,BEIGE,M,1800,1800,1,1800,0,0.0,店舗
ORD-202609-01410,2026/09/04,EC,OT-003,MOD COAT,OUTER,BLACK,M,5200,4160,1,4160,1040,0.2,オンライン
ORD-202609-01427,2026/09/04,EC,AC-003,LEATHER BELT,ACCESSORY,NAVY,L,1000,1000,1,1000,0,0.0,オンライン
ORD-202609-01458,2026/09/04,EC,AC-003,LEATHER BELT,ACCESSORY,WHITE,M,1000,1000,2,2000,0,0.0,オンライン
ORD-202609-01474,2026/09/04,EC,BG-001,TOTE BAG,BAG,BEIGE,L,1800,1800,1,1800,0,0.0,オンライン
ORD-202609-01477,2026/09/04,EC,TP-003,BAND COLLAR SHIRT,TOPS,BEIGE,XL,1400,1190,1,1190,210,0.15,オンライン
ORD-202609-01500,2026/09/04,EC,OT-003,MOD COAT,OUTER,NAVY,M,5200,5200,1,5200,0,0.0,オンライン
ORD-202609-01506,2026/09/04,EC,JK-002,SHELL JACKET,JACKET,GRAY,M,3000,3000,2,6000,0,0.0,オンライン
ORD-202609-01533,2026/09/04,EC,OT-002,CHESTER COAT,OUTER,BLACK,S,6700,5020,1,5020,1680,0.25,オンライン
ORD-202609-01579,2026/09/04,EC,BG-001,TOTE BAG,BAG,NAVY,L,1800,1800,1,1800,0,0.0,オンライン
ORD-202609-01589,2026/09/04,新宿店,KN-002,CABLE KNIT,KNIT,BLACK,M,2000,2000,1,2000,0,0.0,店舗
ORD-202609-01722,2026/09/04,表参道店,AC-003,LEATHER BELT,ACCESSORY,NAVY,L,1000,800,1,800,200,0.2,店舗
ORD-202609-01742,2026/09/04,表参道店,OT-001,WOOL COAT,OUTER,BLACK,M,6200,6200,1,6200,0,0.0,店舗
ORD-202609-01751,2026/09/04,新宿店,BG-001,TOTE BAG,BAG,BLACK,L,1800,1800,2,3600,0,0.0,店舗
ORD-202609-01755,2026/09/04,EC,OT-001,WOOL COAT,OUTER,BLACK,S,6200,4650,3,13950,4650,0.25,オンライン
ORD-202609-01828,2026/09/04,表参道店,PT-001,SLIM PANTS,PANTS,NAVY,M,1800,1800,1,1800,0,0.0,店舗
ORD-202609-01885,2026/09/04,EC,JK-002,SHELL JACKET,JACKET,WHITE,XL,3000,3000,1,3000,0,0.0,オンライン
ORD-202609-01936,2026/09/04,EC,PT-001,SLIM PANTS,PANTS,BEIGE,M,1800,1800,1,1800,0,0.0,オンライン
ORD-202609-01954,2026/09/04,EC,KN-003,CREW KNIT,KNIT,WHITE,L,2000,2000,1,2000,0,0.0,オンライン
ORD-202609-01955,2026/09/04,大阪店,PT-001,SLIM PANTS,PANTS,KHAKI,M,1800,1620,1,1620,180,0.1,店舗
ORD-202609-01970,2026/09/04,EC,AC-001,WOOL CAP,ACCESSORY,NAVY,L,500,500,1,500,0,0.0,オンライン
ORD-202609-01980,2026/09/04,EC,PT-003,TAPERED PANTS,PANTS,BLACK,XL,2800,2800,1,2800,0,0.0,オンライン
ORD-202609-02060,2026/09/04,大阪店,SH-003,CHUKKA BOOTS,SHOES,KHAKI,S,3900,2730,1,2730,1170,0.3,店舗
ORD-202609-02146,2026/09/04,表参道店,SH-001,LOW SNEAKER,SHOES,NAVY,L,2400,2400,1,2400,0,0.0,店舗
ORD-202609-02152,2026/09/04,大阪店,JK-004,DENIM JACKET,JACKET,BLACK,M,5000,4000,1,4000,1000,0.2,店舗
ORD-202609-02166,2026/09/04,新宿店,OT-003,MOD COAT,OUTER,BLACK,XL,5200,5200,2,10400,0,0.0,店舗
ORD-202609-02174,2026/09/04,EC,SH-002,SUEDE BOOTS,SHOES,GRAY,XL,2400,2400,1,2400,0,0.0,オンライン
ORD-202609-02182,2026/09/04,新宿店,OT-003,MOD COAT,OUTER,BLACK,XL,5200,5200,1,5200,0,0.0,店舗
ORD-202609-02211,2026/09/04,新宿店,SH-001,LOW SNEAKER,SHOES,GRAY,XL,2400,1680,1,1680,720,0.3,店舗
ORD-202609-02242,2026/09/04,新宿店,SH-001,LOW SNEAKER,SHOES,BLACK,XL,2400,2400,1,2400,0,0.0,店舗
ORD-202609-02299,2026/09/04,大阪店,AC-001,WOOL CAP,ACCESSORY,NAVY,L,500,500,1,500,0,0.0,店舗
ORD-202609-02349,2026/09/04,EC,AC-003,LEATHER BELT,ACCESSORY,WHITE,M,1000,900,1,900,100,0.1,オンライン
ORD-202609-02390,2026/09/04,新宿店,OT-002,CHESTER COAT,OUTER,NAVY,L,6700,6700,2,13400,0,0.0,店舗
ORD-202609-02393,2026/09/04,EC,SH-003,CHUKKA BOOTS,SHOES,KHAKI,M,3900,3900,1,3900,0,0.0,オンライン
ORD-202609-02398,2026/09/04,大阪店,KN-001,WOOL KNIT,KNIT,NAVY,S,2500,2500,1,2500,0,0.0,店舗
ORD-202609-02421,2026/09/04,EC,JK-001,TECH JACKET,JACKET,BLACK,L,4500,4500,1,4500,0,0.0,オンライン
ORD-202609-02428,2026/09/04,表参道店,OT-003,MOD COAT,OUTER,BLACK,S,5200,5200,1,5200,0,0.0,店舗
ORD-202609-02432,2026/09/04,表参道店,TP-001,BASIC TEE,TOPS,GRAY,L,1400,980,1,980,420,0.3,店舗
ORD-202609-02445,2026/09/04,表参道店,TP-001,BASIC TEE,TOPS,NAVY,S,1400,980,1,980,420,0.3,店舗
ORD-202609-02476,2026/09/04,EC,JK-001,TECH JACKET,JACKET,BLACK,M,4500,4500,1,4500,0,0.0,オンライン
ORD-202609-02478,2026/09/04,表参道店,BG-002,SHOULDER BAG,BAG,BLACK,XL,3300,3300,1,3300,0,0.0,店舗
ORD-202609-02493,2026/09/04,EC,OT-004,STAND COAT,OUTER,NAVY,L,7200,7200,1,7200,0,0.0,オンライン
ORD-202609-02502,2026/09/04,EC,OT-002,CHESTER COAT,OUTER,BEIGE,M,6700,6700,1,6700,0,0.0,オンライン
ORD-202609-02580,2026/09/04,大阪店,OT-001,WOOL COAT,OUTER,NAVY,M,6200,4340,1,4340,1860,0.3,店舗
ORD-202609-02620,2026/09/04,大阪店,OT-002,CHESTER COAT,OUTER,BEIGE,M,6700,5360,1,5360,1340,0.2,店舗
ORD-202609-02659,2026/09/04,EC,SH-002,SUEDE BOOTS,SHOES,BLACK,S,2400,2400,1,2400,0,0.0,オンライン
ORD-202609-02665,2026/09/04,表参道店,AC-002,SILK SCARF,ACCESSORY,GRAY,L,1000,1000,1,1000,0,0.0,店舗
ORD-202609-02679,2026/09/04,新宿店,OT-001,WOOL COAT,OUTER,KHAKI,M,6200,6200,1,6200,0,0.0,店舗
ORD-202609-02687,2026/09/04,新宿店,TP-003,BAND COLLAR SHIRT,TOPS,BLACK,M,1400,1400,1,1400,0,0.0,店舗
ORD-202609-02697,2026/09/04,EC,TP-001,BASIC TEE,TOPS,GRAY,L,1400,980,3,2940,1260,0.3,オンライン
ORD-202609-02701,2026/09/04,新宿店,KN-001,WOOL KNIT,KNIT,NAVY,M,2500,2500,1,2500,0,0.0,店舗
ORD-202609-02754,2026/09/04,大阪店,JK-001,TECH JACKET,JACKET,WHITE,L,4500,4500,1,4500,0,0.0,店舗
ORD-202609-02808,2026/09/04,新宿店,PT-001,SLIM PANTS,PANTS,GRAY,L,1800,1800,2,3600,0,0.0,店舗
ORD-202609-02822,2026/09/04,新宿店,BG-001,TOTE BAG,BAG,WHITE,M,1800,1800,2,3600,0,0.0,店舗
ORD-202609-02833,2026/09/04,表参道店,KN-001,WOOL KNIT,KNIT,BLACK,L,2500,2500,1,2500,0,0.0,店舗
ORD-202609-02856,2026/09/04,EC,OT-002,CHESTER COAT,OUTER,WHITE,L,6700,6700,3,20100,0,0.0,オンライン
ORD-202609-02857,2026/09/04,新宿店,OT-002,CHESTER COAT,OUTER,NAVY,L,6700,6700,1,6700,0,0.0,店舗
ORD-202609-02865,2026/09/04,大阪店,OT-001,WOOL COAT,OUTER,BLACK,M,6200,6200,3,18600,0,0.0,店舗
ORD-202609-02906,2026/09/04,EC,AC-004,KNIT MUFFLER,ACCESSORY,WHITE,M,1000,1000,1,1000,0,0.0,オンライン
ORD-202609-02915,2026/09/04,EC,OT-002,CHESTER COAT,OUTER,KHAKI,L,6700,6700,1,6700,0,0.0,オンライン
ORD-202609-02926,2026/09/04,EC,AC-001,WOOL CAP,ACCESSORY,GRAY,M,500,500,1,500,0,0.0,オンライン
ORD-202609-02977,2026/09/04,大阪店,OT-003,MOD COAT,OUTER,NAVY,XL,5200,5200,1,5200,0,0.0,店舗
ORD-202609-00022,2026/09/05,表参道店,OT-002,CHESTER COAT,OUTER,BLACK,XL,6700,6700,1,6700,0,0.0,店舗
ORD-202609-00049,2026/09/05,EC,OT-004,STAND COAT,OUTER,BLACK,XL,7200,5760,3,17280,4320,0.2,オンライン
ORD-202609-00074,2026/09/05,表参道店,PT-002,WIDE PANTS,PANTS,KHAKI,L,1800,1260,1,1260,540,0.3,店舗
ORD-202609-00079,2026/09/05,表参道店,OT-001,WOOL COAT,OUTER,BLACK,L,6200,6200,1,6200,0,0.0,店舗
ORD-202609-00099,2026/09/05,EC,OT-001,WOOL COAT,OUTER,NAVY,XL,6200,4960,1,4960,1240,0.2,オンライン
ORD-202609-00100,2026/09/05,大阪店,BG-001,TOTE BAG,BAG,BEIGE,M,1800,1800,1,1800,0,0.0,店舗
ORD-202609-00103,2026/09/05,大阪店,TP-002,OX SHIRT,TOPS,BLACK,M,900,900,1,900,0,0.0,店舗
ORD-202609-00139,2026/09/05,新宿店,SH-003,CHUKKA BOOTS,SHOES,BEIGE,S,3900,3900,1,3900,0,0.0,店舗
ORD-202609-00190,2026/09/05,EC,TP-001,BASIC TEE,TOPS,WHITE,M,1400,1400,1,1400,0,0.0,オンライン
ORD-202609-00228,2026/09/05,新宿店,PT-001,SLIM PANTS,PANTS,WHITE,M,1800,1620,1,1620,180,0.1,店舗
ORD-202609-00239,2026/09/05,表参道店,JK-001,TECH JACKET,JACKET,WHITE,L,4500,4500,2,9000,0,0.0,店舗
ORD-202609-00243,2026/09/05,EC,BG-001,TOTE BAG,BAG,BLACK,L,1800,1800,1,1800,0,0.0,オンライン
ORD-202609-00277,2026/09/05,新宿店,TP-001,BASIC TEE,TOPS,NAVY,M,1400,1400,1,1400,0,0.0,店舗
ORD-202609-00319,2026/09/05,新宿店,OT-004,STAND COAT,OUTER,WHITE,S,7200,7200,1,7200,0,0.0,店舗
ORD-202609-00347,2026/09/05,表参道店,KN-003,CREW KNIT,KNIT,BLACK,L,2000,2000,1,2000,0,0.0,店舗
ORD-202609-00378,2026/09/05,大阪店,BG-002,SHOULDER BAG,BAG,WHITE,L,3300,3300,1,3300,0,0.0,店舗
ORD-202609-00407,2026/09/05,大阪店,OT-001,WOOL COAT,OUTER,BLACK,XL,6200,6200,1,6200,0,0.0,店舗
ORD-202609-00424,2026/09/05,EC,PT-003,TAPERED PANTS,PANTS,BEIGE,L,2800,2380,1,2380,420,0.15,オンライン
ORD-202609-00428,2026/09/05,EC,PT-001,SLIM PANTS,PANTS,BEIGE,L,1800,1800,1,1800,0,0.0,オンライン
ORD-202609-00437,2026/09/05,新宿店,OT-003,MOD COAT,OUTER,NAVY,M,5200,5200,1,5200,0,0.0,店舗
ORD-202609-00438,2026/09/05,EC,JK-004,DENIM JACKET,JACKET,BEIGE,M,5000,5000,1,5000,0,0.0,オンライン
ORD-202609-00452,2026/09/05,EC,JK-001,TECH JACKET,JACKET,NAVY,S,4500,4500,1,4500,0,0.0,オンライン
ORD-202609-00483,2026/09/05,EC,SH-001,LOW SNEAKER,SHOES,WHITE,M,2400,2400,1,2400,0,0.0,オンライン
ORD-202609-00518,2026/09/05,表参道店,AC-001,WOOL CAP,ACCESSORY,NAVY,L,500,400,1,400,100,0.2,店舗
ORD-202609-00547,2026/09/05,新宿店,SH-003,CHUKKA BOOTS,SHOES,BLACK,XL,3900,3900,2,7800,0,0.0,店舗
ORD-202609-00567,2026/09/05,EC,BG-001,TOTE BAG,BAG,GRAY,M,1800,1800,1,1800,0,0.0,オンライン
ORD-202609-00575,2026/09/05,大阪店,BG-001,TOTE BAG,BAG,WHITE,L,1800,1440,1,1440,360,0.2,店舗
ORD-202609-00578,2026/09/05,大阪店,SH-001,LOW SNEAKER,SHOES,GRAY,M,2400,2400,1,2400,0,0.0,店舗
ORD-202609-00582,2026/09/05,EC,AC-002,SILK SCARF,ACCESSORY,NAVY,XL,1000,1000,1,1000,0,0.0,オンライン
ORD-202609-00586,2026/09/05,表参道店,JK-001,TECH JACKET,JACKET,GRAY,L,4500,4500,2,9000,0,0.0,店舗
ORD-202609-00603,2026/09/05,表参道店,TP-001,BASIC TEE,TOPS,BEIGE,M,1400,1400,2,2800,0,0.0,店舗
ORD-202609-00675,2026/09/05,大阪店,OT-002,CHESTER COAT,OUTER,BEIGE,XL,6700,6700,1,6700,0,0.0,店舗
ORD-202609-00711,2026/09/05,EC,SH-001,LOW SNEAKER,SHOES,GRAY,L,2400,2400,1,2400,0,0.0,オンライン
ORD-202609-00728,2026/09/05,EC,JK-001,TECH JACKET,JACKET,KHAKI,S,4500,4500,1,4500,0,0.0,オンライン
ORD-202609-00746,2026/09/05,EC,BG-001,TOTE BAG,BAG,KHAKI,M,1800,1800,2,3600,0,0.0,オンライン
ORD-202609-00756,2026/09/05,表参道店,OT-001,WOOL COAT,OUTER,NAVY,S,6200,6200,1,6200,0,0.0,店舗
ORD-202609-00794,2026/09/05,EC,OT-004,STAND COAT,OUTER,NAVY,S,7200,5040,1,5040,2160,0.3,オンライン
ORD-202609-00839,2026/09/05,EC,AC-001,WOOL CAP,ACCESSORY,KHAKI,L,500,500,1,500,0,0.0,オンライン
ORD-202609-00867,2026/09/05,EC,SH-002,SUEDE BOOTS,SHOES,WHITE,M,2400,2040,1,2040,360,0.15,オンライン
ORD-202609-00907,2026/09/05,EC,AC-001,WOOL CAP,ACCESSORY,BLACK,L,500,450,1,450,50,0.1,オンライン
ORD-202609-00927,2026/09/05,EC,KN-001,WOOL KNIT,KNIT,WHITE,L,2500,2500,1,2500,0,0.0,オンライン
ORD-202609-00931,2026/09/05,EC,KN-002,CABLE KNIT,KNIT,KHAKI,L,2000,1400,1,1400,600,0.3,オンライン
ORD-202609-00957,2026/09/05,表参道店,AC-005,TOTE CHARM,ACCESSORY,BEIGE,XL,1000,1000,1,1000,0,0.0,店舗
ORD-202609-00962,2026/09/05,表参道店,PT-001,SLIM PANTS,PANTS,GRAY,M,1800,1800,1,1800,0,0.0,店舗
ORD-202609-00971,2026/09/05,新宿店,SH-005,DECK SHOES,SHOES,NAVY,M,2400,2400,1,2400,0,0.0,店舗
ORD-202609-00989,2026/09/05,EC,JK-001,TECH JACKET,JACKET,KHAKI,L,4500,4500,1,4500,0,0.0,オンライン
ORD-202609-01026,2026/09/05,表参道店,PT-002,WIDE PANTS,PANTS,NAVY,L,1800,1440,1,1440,360,0.2,店舗
ORD-202609-01028,2026/09/05,新宿店,BG-001,TOTE BAG,BAG,BLACK,M,1800,1800,1,1800,0,0.0,店舗
ORD-202609-01086,2026/09/05,新宿店,TP-002,OX SHIRT,TOPS,NAVY,S,900,900,1,900,0,0.0,店舗
ORD-202609-01093,2026/09/05,EC,KN-001,WOOL KNIT,KNIT,BLACK,M,2500,2500,1,2500,0,0.0,オンライン
ORD-202609-01182,2026/09/05,表参道店,KN-001,WOOL KNIT,KNIT,GRAY,M,2500,2500,1,2500,0,0.0,店舗
ORD-202609-01214,2026/09/05,表参道店,TP-001,BASIC TEE,TOPS,WHITE,XL,1400,1120,1,1120,280,0.2,店舗
ORD-202609-01219,2026/09/05,表参道店,JK-002,SHELL JACKET,JACKET,BLACK,M,3000,2700,1,2700,300,0.1,店舗
ORD-202609-01226,2026/09/05,表参道店,BG-001,TOTE BAG,BAG,BLACK,S,1800,1800,1,1800,0,0.0,店舗
ORD-202609-01267,2026/09/05,EC,OT-001,WOOL COAT,OUTER,NAVY,S,6200,6200,1,6200,0,0.0,オンライン
ORD-202609-01273,2026/09/05,EC,AC-001,WOOL CAP,ACCESSORY,KHAKI,L,500,500,1,500,0,0.0,オンライン
ORD-202609-01279,2026/09/05,EC,KN-001,WOOL KNIT,KNIT,BLACK,L,2500,2500,1,2500,0,0.0,オンライン
ORD-202609-01284,2026/09/05,EC,PT-001,SLIM PANTS,PANTS,KHAKI,L,1800,1800,1,1800,0,0.0,オンライン
ORD-202609-01303,2026/09/05,新宿店,AC-002,SILK SCARF,ACCESSORY,BLACK,M,1000,1000,1,1000,0,0.0,店舗
ORD-202609-01310,2026/09/05,表参道店,AC-003,LEATHER BELT,ACCESSORY,NAVY,S,1000,900,1,900,100,0.1,店舗
ORD-202609-01322,2026/09/05,EC,BG-001,TOTE BAG,BAG,BLACK,M,1800,1800,1,1800,0,0.0,オンライン
ORD-202609-01331,2026/09/05,大阪店,TP-002,OX SHIRT,TOPS,BLACK,L,900,900,1,900,0,0.0,店舗
ORD-202609-01355,2026/09/05,新宿店,BG-003,2WAY BAG,BAG,NAVY,L,1800,1350,1,1350,450,0.25,店舗
ORD-202609-01382,2026/09/05,新宿店,BG-005,BACKPACK,BAG,WHITE,M,3800,3800,1,3800,0,0.0,店舗
ORD-202609-01438,2026/09/05,大阪店,PT-001,SLIM PANTS,PANTS,KHAKI,L,1800,1800,1,1800,0,0.0,店舗
ORD-202609-01440,2026/09/05,EC,BG-005,BACKPACK,BAG,BLACK,L,3800,3800,1,3800,0,0.0,オンライン
ORD-202609-01444,2026/09/05,表参道店,SH-003,CHUKKA BOOTS,SHOES,BEIGE,M,3900,3900,1,3900,0,0.0,店舗
ORD-202609-01466,2026/09/05,大阪店,PT-003,TAPERED PANTS,PANTS,GRAY,L,2800,2800,1,2800,0,0.0,店舗
ORD-202609-01510,2026/09/05,新宿店,KN-004,MOCK NECK KNIT,KNIT,BLACK,S,2000,2000,1,2000,0,0.0,店舗
ORD-202609-01511,2026/09/05,EC,SH-004,COURT SNEAKER,SHOES,BEIGE,L,3900,3900,1,3900,0,0.0,オンライン
ORD-202609-01515,2026/09/05,大阪店,AC-005,TOTE CHARM,ACCESSORY,WHITE,M,1000,1000,1,1000,0,0.0,店舗
ORD-202609-01528,2026/09/05,表参道店,OT-001,WOOL COAT,OUTER,NAVY,L,6200,4650,1,4650,1550,0.25,店舗
ORD-202609-01537,2026/09/05,表参道店,BG-001,TOTE BAG,BAG,BEIGE,M,1800,1350,1,1350,450,0.25,店舗
ORD-202609-01546,2026/09/05,新宿店,PT-001,SLIM PANTS,PANTS,BLACK,M,1800,1260,1,1260,540,0.3,店舗
ORD-202609-01568,2026/09/05,EC,KN-001,WOOL KNIT,KNIT,BLACK,M,2500,2000,1,2000,500,0.2,オンライン
ORD-202609-01571,2026/09/05,EC,KN-001,WOOL KNIT,KNIT,BLACK,L,2500,2500,2,5000,0,0.0,オンライン
ORD-202609-01590,2026/09/05,表参道店,OT-003,MOD COAT,OUTER,BLACK,L,5200,4160,1,4160,1040,0.2,店舗
ORD-202609-01610,2026/09/05,表参道店,BG-001,TOTE BAG,BAG,NAVY,S,1800,1800,1,1800,0,0.0,店舗
ORD-202609-01638,2026/09/05,新宿店,SH-003,CHUKKA BOOTS,SHOES,KHAKI,L,3900,3900,1,3900,0,0.0,店舗
ORD-202609-01643,2026/09/05,EC,BG-001,TOTE BAG,BAG,BLACK,M,1800,1800,1,1800,0,0.0,オンライン
ORD-202609-01658,2026/09/05,新宿店,KN-001,WOOL KNIT,KNIT,GRAY,XL,2500,2250,3,6750,750,0.1,店舗
ORD-202609-01661,2026/09/05,大阪店,JK-003,QUILTED JACKET,JACKET,BEIGE,M,5000,5000,1,5000,0,0.0,店舗
ORD-202609-01680,2026/09/05,EC,BG-004,MINI POUCH,BAG,WHITE,XL,3800,3800,1,3800,0,0.0,オンライン
ORD-202609-01712,2026/09/05,EC,AC-001,WOOL CAP,ACCESSORY,BLACK,L,500,350,1,350,150,0.3,オンライン
ORD-202609-01814,2026/09/05,表参道店,JK-003,QUILTED JACKET,JACKET,BEIGE,S,5000,5000,1,5000,0,0.0,店舗
ORD-202609-01843,2026/09/05,大阪店,BG-002,SHOULDER BAG,BAG,BLACK,M,3300,2640,1,2640,660,0.2,店舗
ORD-202609-01860,2026/09/05,大阪店,JK-001,TECH JACKET,JACKET,NAVY,M,4500,3600,1,3600,900,0.2,店舗
ORD-202609-01897,2026/09/05,EC,OT-001,WOOL COAT,OUTER,GRAY,XL,6200,6200,1,6200,0,0.0,オンライン
ORD-202609-01898,2026/09/05,新宿店,AC-003,LEATHER BELT,ACCESSORY,NAVY,M,1000,1000,1,1000,0,0.0,店舗
ORD-202609-01968,2026/09/05,表参道店,PT-002,WIDE PANTS,PANTS,BLACK,M,1800,1350,1,1350,450,0.25,店舗
ORD-202609-01994,2026/09/05,EC,OT-001,WOOL COAT,OUTER,WHITE,S,6200,6200,1,6200,0,0.0,オンライン
ORD-202609-02010,2026/09/05,EC,TP-003,BAND COLLAR SHIRT,TOPS,BLACK,M,1400,1260,1,1260,140,0.1,オンライン
ORD-202609-02030,2026/09/05,新宿店,SH-001,LOW SNEAKER,SHOES,BLACK,XL,2400,2400,1,2400,0,0.0,店舗
ORD-202609-02033,2026/09/05,大阪店,AC-004,KNIT MUFFLER,ACCESSORY,BEIGE,L,1000,1000,1,1000,0,0.0,店舗
ORD-202609-02085,2026/09/05,EC,OT-002,CHESTER COAT,OUTER,KHAKI,L,6700,5360,2,10720,2680,0.2,オンライン
ORD-202609-02122,2026/09/05,新宿店,PT-002,WIDE PANTS,PANTS,NAVY,XL,1800,1800,1,1800,0,0.0,店舗
ORD-202609-02127,2026/09/05,大阪店,PT-001,SLIM PANTS,PANTS,BLACK,L,1800,1800,1,1800,0,0.0,店舗
ORD-202609-02154,2026/09/05,表参道店,AC-004,KNIT MUFFLER,ACCESSORY,BLACK,M,1000,1000,1,1000,0,0.0,店舗
ORD-202609-02212,2026/09/05,EC,SH-003,CHUKKA BOOTS,SHOES,BLACK,M,3900,3900,1,3900,0,0.0,オンライン
ORD-202609-02215,2026/09/05,大阪店,JK-002,SHELL JACKET,JACKET,WHITE,M,3000,3000,3,9000,0,0.0,店舗
ORD-202609-02217,2026/09/05,大阪店,AC-001,WOOL CAP,ACCESSORY,BEIGE,L,500,500,1,500,0,0.0,店舗
ORD-202609-02241,2026/09/05,EC,KN-005,COTTON KNIT,KNIT,GRAY,L,2500,2500,1,2500,0,0.0,オンライン
ORD-202609-02282,2026/09/05,EC,TP-001,BASIC TEE,TOPS,BLACK,S,1400,1400,1,1400,0,0.0,オンライン
ORD-202609-02288,2026/09/05,EC,SH-001,LOW SNEAKER,SHOES,NAVY,XL,2400,2400,3,7200,0,0.0,オンライン
ORD-202609-02300,2026/09/05,新宿店,PT-002,WIDE PANTS,PANTS,BLACK,L,1800,1350,1,1350,450,0.25,店舗
ORD-202609-02318,2026/09/05,表参道店,BG-001,TOTE BAG,BAG,BLACK,M,1800,1620,3,4860,540,0.1,店舗
ORD-202609-02342,2026/09/05,大阪店,AC-003,LEATHER BELT,ACCESSORY,BLACK,M,1000,1000,1,1000,0,0.0,店舗
ORD-202609-02348,2026/09/05,新宿店,TP-005,LINEN SHIRT,TOPS,BLACK,L,1400,1400,1,1400,0,0.0,店舗
ORD-202609-02363,2026/09/05,大阪店,OT-001,WOOL COAT,OUTER,BEIGE,XL,6200,4340,1,4340,1860,0.3,店舗
ORD-202609-02399,2026/09/05,EC,TP-001,BASIC TEE,TOPS,BLACK,L,1400,1400,2,2800,0,0.0,オンライン
ORD-202609-02406,2026/09/05,EC,SH-005,DECK SHOES,SHOES,BEIGE,L,2400,2040,1,2040,360,0.15,オンライン
ORD-202609-02433,2026/09/05,表参道店,JK-001,TECH JACKET,JACKET,KHAKI,XL,4500,4500,2,9000,0,0.0,店舗
ORD-202609-02440,2026/09/05,EC,KN-001,WOOL KNIT,KNIT,NAVY,M,2500,2500,1,2500,0,0.0,オンライン
ORD-202609-02450,2026/09/05,表参道店,PT-002,WIDE PANTS,PANTS,BLACK,XL,1800,1800,1,1800,0,0.0,店舗
ORD-202609-02523,2026/09/05,大阪店,AC-001,WOOL CAP,ACCESSORY,GRAY,L,500,400,1,400,100,0.2,店舗
ORD-202609-02631,2026/09/05,新宿店,TP-001,BASIC TEE,TOPS,WHITE,XL,1400,1400,2,2800,0,0.0,店舗
ORD-202609-02632,2026/09/05,EC,JK-002,SHELL JACKET,JACKET,BLACK,L,3000,3000,1,3000,0,0.0,オンライン
ORD-202609-02639,2026/09/05,EC,KN-003,CREW KNIT,KNIT,BEIGE,M,2000,2000,1,2000,0,0.0,オンライン
ORD-202609-02643,2026/09/05,新宿店,PT-003,TAPERED PANTS,PANTS,NAVY,M,2800,2800,1,2800,0,0.0,店舗
ORD-202609-02662,2026/09/05,新宿店,KN-001,WOOL KNIT,KNIT,KHAKI,L,2500,2500,3,7500,0,0.0,店舗
ORD-202609-02671,2026/09/05,EC,AC-001,WOOL CAP,ACCESSORY,BLACK,M,500,500,3,1500,0,0.0,オンライン
ORD-202609-02705,2026/09/05,EC,KN-002,CABLE KNIT,KNIT,BLACK,L,2000,1700,1,1700,300,0.15,オンライン
ORD-202609-02746,2026/09/05,EC,SH-004,COURT SNEAKER,SHOES,NAVY,S,3900,2730,1,2730,1170,0.3,オンライン
ORD-202609-02752,2026/09/05,表参道店,SH-002,SUEDE BOOTS,SHOES,NAVY,L,2400,2400,1,2400,0,0.0,店舗
ORD-202609-02760,2026/09/05,表参道店,KN-003,CREW KNIT,KNIT,KHAKI,M,2000,2000,1,2000,0,0.0,店舗
ORD-202609-02781,2026/09/05,EC,BG-001,TOTE BAG,BAG,BLACK,M,1800,1800,1,1800,0,0.0,オンライン
ORD-202609-02817,2026/09/05,EC,JK-001,TECH JACKET,JACKET,NAVY,M,4500,4500,1,4500,0,0.0,オンライン
ORD-202609-02861,2026/09/05,表参道店,BG-002,SHOULDER BAG,BAG,KHAKI,M,3300,3300,1,3300,0,0.0,店舗
ORD-202609-02933,2026/09/05,表参道店,TP-001,BASIC TEE,TOPS,NAVY,M,1400,1400,1,1400,0,0.0,店舗
ORD-202609-02966,2026/09/05,新宿店,PT-001,SLIM PANTS,PANTS,KHAKI,S,1800,1620,1,1620,180,0.1,店舗
ORD-202609-02976,2026/09/05,大阪店,TP-004,DRY TEE,TOPS,BLACK,M,1400,1400,1,1400,0,0.0,店舗
ORD-202609-02988,2026/09/05,EC,BG-002,SHOULDER BAG,BAG,NAVY,XL,3300,3300,1,3300,0,0.0,オンライン
ORD-202609-00005,2026/09/06,新宿店,SH-003,CHUKKA BOOTS,SHOES,NAVY,L,3900,3320,1,3320,580,0.15,店舗
ORD-202609-00007,2026/09/06,EC,KN-001,WOOL KNIT,KNIT,BEIGE,M,2500,2000,1,2000,500,0.2,オンライン
ORD-202609-00016,2026/09/06,表参道店,AC-003,LEATHER BELT,ACCESSORY,BEIGE,S,1000,1000,1,1000,0,0.0,店舗
ORD-202609-00054,2026/09/06,大阪店,KN-001,WOOL KNIT,KNIT,NAVY,S,2500,2500,1,2500,0,0.0,店舗
ORD-202609-00082,2026/09/06,EC,KN-001,WOOL KNIT,KNIT,NAVY,M,2500,2500,1,2500,0,0.0,オンライン
ORD-202609-00136,2026/09/06,EC,BG-005,BACKPACK,BAG,BLACK,S,3800,3800,1,3800,0,0.0,オンライン
ORD-202609-00140,2026/09/06,新宿店,KN-001,WOOL KNIT,KNIT,BLACK,L,2500,2500,1,2500,0,0.0,店舗
ORD-202609-00160,2026/09/06,EC,TP-001,BASIC TEE,TOPS,KHAKI,M,1400,1400,1,1400,0,0.0,オンライン
ORD-202609-00180,2026/09/06,EC,JK-001,TECH JACKET,JACKET,BLACK,XL,4500,4500,1,4500,0,0.0,オンライン
ORD-202609-00197,2026/09/06,EC,JK-005,MDS JACKET,JACKET,NAVY,M,4000,3400,2,6800,1200,0.15,オンライン
ORD-202609-00200,2026/09/06,新宿店,BG-003,2WAY BAG,BAG,BEIGE,L,1800,1800,1,1800,0,0.0,店舗
ORD-202609-00219,2026/09/06,新宿店,JK-001,TECH JACKET,JACKET,BLACK,XL,4500,4500,1,4500,0,0.0,店舗
ORD-202609-00265,2026/09/06,大阪店,KN-001,WOOL KNIT,KNIT,BLACK,M,2500,2500,1,2500,0,0.0,店舗
ORD-202609-00287,2026/09/06,表参道店,BG-003,2WAY BAG,BAG,GRAY,S,1800,1800,1,1800,0,0.0,店舗
ORD-202609-00294,2026/09/06,EC,OT-003,MOD COAT,OUTER,NAVY,L,5200,5200,1,5200,0,0.0,オンライン
ORD-202609-00328,2026/09/06,表参道店,PT-003,TAPERED PANTS,PANTS,BLACK,L,2800,2800,1,2800,0,0.0,店舗
ORD-202609-00354,2026/09/06,新宿店,AC-003,LEATHER BELT,ACCESSORY,BLACK,M,1000,700,1,700,300,0.3,店舗
ORD-202609-00366,2026/09/06,EC,AC-001,WOOL CAP,ACCESSORY,NAVY,M,500,400,1,400,100,0.2,オンライン
ORD-202609-00405,2026/09/06,表参道店,BG-001,TOTE BAG,BAG,BEIGE,XL,1800,1620,1,1620,180,0.1,店舗
ORD-202609-00416,2026/09/06,EC,JK-002,SHELL JACKET,JACKET,KHAKI,S,3000,3000,1,3000,0,0.0,オンライン
ORD-202609-00417,2026/09/06,表参道店,PT-001,SLIM PANTS,PANTS,NAVY,S,1800,1260,1,1260,540,0.3,店舗
ORD-202609-00455,2026/09/06,新宿店,AC-001,WOOL CAP,ACCESSORY,BEIGE,S,500,450,1,450,50,0.1,店舗
ORD-202609-00461,2026/09/06,EC,PT-001,SLIM PANTS,PANTS,WHITE,S,1800,1440,2,2880,720,0.2,オンライン
ORD-202609-00490,2026/09/06,表参道店,BG-001,TOTE BAG,BAG,BLACK,S,1800,1800,1,1800,0,0.0,店舗
ORD-202609-00495,2026/09/06,大阪店,BG-002,SHOULDER BAG,BAG,KHAKI,M,3300,3300,1,3300,0,0.0,店舗
ORD-202609-00501,2026/09/06,EC,TP-002,OX SHIRT,TOPS,GRAY,M,900,900,1,900,0,0.0,オンライン
ORD-202609-00512,2026/09/06,EC,KN-001,WOOL KNIT,KNIT,KHAKI,L,2500,2500,1,2500,0,0.0,オンライン
ORD-202609-00543,2026/09/06,新宿店,BG-001,TOTE BAG,BAG,KHAKI,M,1800,1800,2,3600,0,0.0,店舗
ORD-202609-00619,2026/09/06,新宿店,AC-001,WOOL CAP,ACCESSORY,WHITE,M,500,500,2,1000,0,0.0,店舗
ORD-202609-00656,2026/09/06,新宿店,BG-001,TOTE BAG,BAG,BLACK,L,1800,1800,2,3600,0,0.0,店舗
ORD-202609-00668,2026/09/06,EC,PT-003,TAPERED PANTS,PANTS,BLACK,XL,2800,2800,1,2800,0,0.0,オンライン
ORD-202609-00678,2026/09/06,表参道店,BG-001,TOTE BAG,BAG,BLACK,M,1800,1800,1,1800,0,0.0,店舗
ORD-202609-00758,2026/09/06,EC,SH-001,LOW SNEAKER,SHOES,KHAKI,M,2400,2400,1,2400,0,0.0,オンライン
ORD-202609-00764,2026/09/06,EC,BG-001,TOTE BAG,BAG,WHITE,M,1800,1440,3,4320,1080,0.2,オンライン
ORD-202609-00792,2026/09/06,EC,TP-005,LINEN SHIRT,TOPS,BLACK,L,1400,1400,1,1400,0,0.0,オンライン
ORD-202609-00799,2026/09/06,EC,OT-003,MOD COAT,OUTER,WHITE,S,5200,4680,1,4680,520,0.1,オンライン
ORD-202609-00800,2026/09/06,EC,SH-004,COURT SNEAKER,SHOES,WHITE,M,3900,3900,1,3900,0,0.0,オンライン
ORD-202609-00826,2026/09/06,新宿店,SH-005,DECK SHOES,SHOES,BEIGE,L,2400,1920,1,1920,480,0.2,店舗
ORD-202609-00832,2026/09/06,表参道店,TP-001,BASIC TEE,TOPS,GRAY,M,1400,1400,1,1400,0,0.0,店舗
ORD-202609-00864,2026/09/06,表参道店,BG-004,MINI POUCH,BAG,BLACK,XL,3800,3800,1,3800,0,0.0,店舗
ORD-202609-00886,2026/09/06,表参道店,BG-003,2WAY BAG,BAG,GRAY,L,1800,1800,2,3600,0,0.0,店舗
ORD-202609-00918,2026/09/06,新宿店,PT-003,TAPERED PANTS,PANTS,KHAKI,M,2800,2380,1,2380,420,0.15,店舗
ORD-202609-00944,2026/09/06,EC,KN-001,WOOL KNIT,KNIT,NAVY,M,2500,2000,1,2000,500,0.2,オンライン
ORD-202609-00955,2026/09/06,EC,KN-001,WOOL KNIT,KNIT,NAVY,XL,2500,2500,1,2500,0,0.0,オンライン
ORD-202609-00963,2026/09/06,EC,AC-001,WOOL CAP,ACCESSORY,BEIGE,XL,500,500,1,500,0,0.0,オンライン
ORD-202609-00966,2026/09/06,表参道店,TP-002,OX SHIRT,TOPS,BLACK,L,900,900,1,900,0,0.0,店舗
ORD-202609-01071,2026/09/06,新宿店,JK-004,DENIM JACKET,JACKET,BLACK,M,5000,5000,1,5000,0,0.0,店舗
ORD-202609-01095,2026/09/06,表参道店,TP-001,BASIC TEE,TOPS,GRAY,XL,1400,1400,1,1400,0,0.0,店舗
ORD-202609-01162,2026/09/06,表参道店,AC-001,WOOL CAP,ACCESSORY,GRAY,M,500,500,1,500,0,0.0,店舗
ORD-202609-01177,2026/09/06,EC,KN-001,WOOL KNIT,KNIT,NAVY,M,2500,2500,1,2500,0,0.0,オンライン
ORD-202609-01195,2026/09/06,新宿店,OT-001,WOOL COAT,OUTER,WHITE,XL,6200,5270,1,5270,930,0.15,店舗
ORD-202609-01223,2026/09/06,EC,JK-002,SHELL JACKET,JACKET,NAVY,L,3000,3000,2,6000,0,0.0,オンライン
ORD-202609-01225,2026/09/06,新宿店,OT-001,WOOL COAT,OUTER,NAVY,S,6200,6200,1,6200,0,0.0,店舗
ORD-202609-01238,2026/09/06,表参道店,BG-003,2WAY BAG,BAG,BLACK,M,1800,1800,1,1800,0,0.0,店舗
ORD-202609-01243,2026/09/06,新宿店,PT-001,SLIM PANTS,PANTS,BLACK,L,1800,1350,1,1350,450,0.25,店舗
ORD-202609-01276,2026/09/06,EC,OT-003,MOD COAT,OUTER,WHITE,S,5200,3640,1,3640,1560,0.3,オンライン
ORD-202609-01277,2026/09/06,EC,BG-004,MINI POUCH,BAG,BLACK,M,3800,2850,1,2850,950,0.25,オンライン
ORD-202609-01298,2026/09/06,EC,SH-001,LOW SNEAKER,SHOES,GRAY,XL,2400,2400,2,4800,0,0.0,オンライン
ORD-202609-01338,2026/09/06,大阪店,OT-001,WOOL COAT,OUTER,NAVY,L,6200,5270,1,5270,930,0.15,店舗
ORD-202609-01369,2026/09/06,EC,OT-002,CHESTER COAT,OUTER,BEIGE,S,6700,6700,1,6700,0,0.0,オンライン
ORD-202609-01391,2026/09/06,EC,PT-004,CARGO PANTS,PANTS,BEIGE,M,2800,2240,1,2240,560,0.2,オンライン
ORD-202609-01413,2026/09/06,表参道店,OT-001,WOOL COAT,OUTER,BLACK,XL,6200,6200,1,6200,0,0.0,店舗
ORD-202609-01422,2026/09/06,表参道店,AC-001,WOOL CAP,ACCESSORY,BLACK,S,500,500,1,500,0,0.0,店舗
ORD-202609-01460,2026/09/06,EC,JK-002,SHELL JACKET,JACKET,NAVY,L,3000,3000,1,3000,0,0.0,オンライン
ORD-202609-01507,2026/09/06,大阪店,BG-003,2WAY BAG,BAG,NAVY,M,1800,1350,2,2700,900,0.25,店舗
ORD-202609-01509,2026/09/06,新宿店,SH-001,LOW SNEAKER,SHOES,KHAKI,XL,2400,1920,1,1920,480,0.2,店舗
ORD-202609-01529,2026/09/06,新宿店,AC-002,SILK SCARF,ACCESSORY,NAVY,S,1000,900,1,900,100,0.1,店舗
ORD-202609-01642,2026/09/06,新宿店,BG-001,TOTE BAG,BAG,BLACK,M,1800,1800,1,1800,0,0.0,店舗
ORD-202609-01650,2026/09/06,EC,OT-002,CHESTER COAT,OUTER,KHAKI,L,6700,6700,1,6700,0,0.0,オンライン
ORD-202609-01651,2026/09/06,新宿店,BG-004,MINI POUCH,BAG,WHITE,M,3800,3800,1,3800,0,0.0,店舗
ORD-202609-01706,2026/09/06,大阪店,OT-001,WOOL COAT,OUTER,WHITE,M,6200,6200,1,6200,0,0.0,店舗
ORD-202609-01733,2026/09/06,EC,BG-001,TOTE BAG,BAG,BLACK,L,1800,1440,1,1440,360,0.2,オンライン
ORD-202609-01741,2026/09/06,大阪店,SH-002,SUEDE BOOTS,SHOES,KHAKI,XL,2400,2400,1,2400,0,0.0,店舗
ORD-202609-01745,2026/09/06,表参道店,OT-001,WOOL COAT,OUTER,KHAKI,S,6200,6200,1,6200,0,0.0,店舗
ORD-202609-01750,2026/09/06,EC,JK-002,SHELL JACKET,JACKET,BLACK,M,3000,3000,1,3000,0,0.0,オンライン
ORD-202609-01795,2026/09/06,EC,PT-001,SLIM PANTS,PANTS,BLACK,M,1800,1800,1,1800,0,0.0,オンライン
ORD-202609-01811,2026/09/06,新宿店,AC-001,WOOL CAP,ACCESSORY,WHITE,L,500,350,1,350,150,0.3,店舗
ORD-202609-01834,2026/09/06,EC,AC-004,KNIT MUFFLER,ACCESSORY,NAVY,M,1000,1000,1,1000,0,0.0,オンライン
ORD-202609-01851,2026/09/06,EC,OT-002,CHESTER COAT,OUTER,NAVY,L,6700,6700,1,6700,0,0.0,オンライン
ORD-202609-01852,2026/09/06,大阪店,KN-001,WOOL KNIT,KNIT,NAVY,S,2500,2500,1,2500,0,0.0,店舗
ORD-202609-01872,2026/09/06,EC,JK-003,QUILTED JACKET,JACKET,BEIGE,L,5000,4000,2,8000,2000,0.2,オンライン
ORD-202609-01889,2026/09/06,EC,OT-001,WOOL COAT,OUTER,WHITE,XL,6200,6200,1,6200,0,0.0,オンライン
ORD-202609-01923,2026/09/06,大阪店,BG-002,SHOULDER BAG,BAG,GRAY,XL,3300,2970,1,2970,330,0.1,店舗
ORD-202609-01946,2026/09/06,大阪店,KN-001,WOOL KNIT,KNIT,NAVY,M,2500,2500,1,2500,0,0.0,店舗
ORD-202609-01978,2026/09/06,EC,AC-002,SILK SCARF,ACCESSORY,GRAY,XL,1000,1000,1,1000,0,0.0,オンライン
ORD-202609-02053,2026/09/06,EC,AC-002,SILK SCARF,ACCESSORY,BLACK,S,1000,800,1,800,200,0.2,オンライン
ORD-202609-02055,2026/09/06,新宿店,OT-001,WOOL COAT,OUTER,WHITE,M,6200,6200,1,6200,0,0.0,店舗
ORD-202609-02067,2026/09/06,表参道店,AC-002,SILK SCARF,ACCESSORY,BLACK,M,1000,1000,1,1000,0,0.0,店舗
ORD-202609-02072,2026/09/06,新宿店,SH-001,LOW SNEAKER,SHOES,BLACK,L,2400,2400,2,4800,0,0.0,店舗
ORD-202609-02095,2026/09/06,大阪店,PT-002,WIDE PANTS,PANTS,GRAY,L,1800,1620,1,1620,180,0.1,店舗
ORD-202609-02132,2026/09/06,EC,OT-003,MOD COAT,OUTER,WHITE,S,5200,3640,1,3640,1560,0.3,オンライン
ORD-202609-02140,2026/09/06,EC,PT-002,WIDE PANTS,PANTS,WHITE,L,1800,1260,1,1260,540,0.3,オンライン
ORD-202609-02172,2026/09/06,表参道店,KN-003,CREW KNIT,KNIT,NAVY,M,2000,2000,1,2000,0,0.0,店舗
ORD-202609-02175,2026/09/06,EC,OT-001,WOOL COAT,OUTER,BLACK,M,6200,6200,1,6200,0,0.0,オンライン
ORD-202609-02219,2026/09/06,表参道店,JK-001,TECH JACKET,JACKET,BLACK,L,4500,4500,1,4500,0,0.0,店舗
ORD-202609-02225,2026/09/06,EC,BG-003,2WAY BAG,BAG,NAVY,XL,1800,1260,1,1260,540,0.3,オンライン
ORD-202609-02273,2026/09/06,新宿店,OT-001,WOOL COAT,OUTER,BLACK,XL,6200,4340,1,4340,1860,0.3,店舗
ORD-202609-02289,2026/09/06,EC,SH-001,LOW SNEAKER,SHOES,BLACK,M,2400,2400,3,7200,0,0.0,オンライン
ORD-202609-02323,2026/09/06,EC,JK-003,QUILTED JACKET,JACKET,BLACK,S,5000,3500,1,3500,1500,0.3,オンライン
ORD-202609-02384,2026/09/06,表参道店,PT-001,SLIM PANTS,PANTS,KHAKI,XL,1800,1800,3,5400,0,0.0,店舗
ORD-202609-02385,2026/09/06,大阪店,BG-003,2WAY BAG,BAG,GRAY,S,1800,1800,1,1800,0,0.0,店舗
ORD-202609-02422,2026/09/06,EC,AC-003,LEATHER BELT,ACCESSORY,BLACK,XL,1000,1000,3,3000,0,0.0,オンライン
ORD-202609-02506,2026/09/06,新宿店,BG-001,TOTE BAG,BAG,WHITE,XL,1800,1800,1,1800,0,0.0,店舗
ORD-202609-02551,2026/09/06,新宿店,AC-001,WOOL CAP,ACCESSORY,BLACK,L,500,500,1,500,0,0.0,店舗
ORD-202609-02555,2026/09/06,大阪店,SH-003,CHUKKA BOOTS,SHOES,WHITE,L,3900,3900,1,3900,0,0.0,店舗
ORD-202609-02577,2026/09/06,新宿店,PT-001,SLIM PANTS,PANTS,WHITE,M,1800,1800,1,1800,0,0.0,店舗
ORD-202609-02637,2026/09/06,EC,OT-001,WOOL COAT,OUTER,WHITE,L,6200,6200,1,6200,0,0.0,オンライン
ORD-202609-02699,2026/09/06,表参道店,BG-001,TOTE BAG,BAG,NAVY,XL,1800,1260,1,1260,540,0.3,店舗
ORD-202609-02727,2026/09/06,大阪店,KN-002,CABLE KNIT,KNIT,BLACK,M,2000,2000,1,2000,0,0.0,店舗
ORD-202609-02772,2026/09/06,表参道店,AC-001,WOOL CAP,ACCESSORY,BEIGE,M,500,500,2,1000,0,0.0,店舗
ORD-202609-02775,2026/09/06,新宿店,PT-003,TAPERED PANTS,PANTS,NAVY,S,2800,2800,1,2800,0,0.0,店舗
ORD-202609-02811,2026/09/06,新宿店,SH-002,SUEDE BOOTS,SHOES,BLACK,L,2400,2400,1,2400,0,0.0,店舗
ORD-202609-02826,2026/09/06,新宿店,OT-002,CHESTER COAT,OUTER,NAVY,S,6700,5020,1,5020,1680,0.25,店舗
ORD-202609-02839,2026/09/06,表参道店,BG-001,TOTE BAG,BAG,WHITE,XL,1800,1620,1,1620,180,0.1,店舗
ORD-202609-02859,2026/09/06,EC,PT-003,TAPERED PANTS,PANTS,BEIGE,M,2800,2800,1,2800,0,0.0,オンライン
ORD-202609-02863,2026/09/06,表参道店,BG-001,TOTE BAG,BAG,GRAY,L,1800,1800,1,1800,0,0.0,店舗
ORD-202609-02878,2026/09/06,EC,OT-001,WOOL COAT,OUTER,GRAY,M,6200,6200,1,6200,0,0.0,オンライン
ORD-202609-02934,2026/09/06,大阪店,OT-001,WOOL COAT,OUTER,BLACK,XL,6200,6200,1,6200,0,0.0,店舗
ORD-202609-02984,2026/09/06,表参道店,OT-001,WOOL COAT,OUTER,BEIGE,L,6200,4960,1,4960,1240,0.2,店舗
ORD-202609-02985,2026/09/06,大阪店,JK-002,SHELL JACKET,JACKET,BEIGE,L,3000,3000,1,3000,0,0.0,店舗
ORD-202609-02993,2026/09/06,EC,TP-001,BASIC TEE,TOPS,NAVY,XL,1400,1400,3,4200,0,0.0,オンライン
ORD-202609-00012,2026/09/07,大阪店,TP-002,OX SHIRT,TOPS,GRAY,XL,900,900,1,900,0,0.0,店舗
ORD-202609-00018,2026/09/07,EC,TP-001,BASIC TEE,TOPS,WHITE,L,1400,1400,1,1400,0,0.0,オンライン
ORD-202609-00070,2026/09/07,EC,AC-002,SILK SCARF,ACCESSORY,BEIGE,M,1000,1000,1,1000,0,0.0,オンライン
ORD-202609-00075,2026/09/07,EC,TP-001,BASIC TEE,TOPS,GRAY,XL,1400,1400,1,1400,0,0.0,オンライン
ORD-202609-00116,2026/09/07,表参道店,TP-001,BASIC TEE,TOPS,BLACK,S,1400,1260,1,1260,140,0.1,店舗
ORD-202609-00168,2026/09/07,大阪店,TP-003,BAND COLLAR SHIRT,TOPS,WHITE,S,1400,1400,2,2800,0,0.0,店舗
ORD-202609-00206,2026/09/07,EC,BG-001,TOTE BAG,BAG,BLACK,M,1800,1800,1,1800,0,0.0,オンライン
ORD-202609-00284,2026/09/07,大阪店,PT-001,SLIM PANTS,PANTS,BLACK,M,1800,1800,1,1800,0,0.0,店舗
ORD-202609-00290,2026/09/07,表参道店,AC-003,LEATHER BELT,ACCESSORY,BEIGE,M,1000,1000,1,1000,0,0.0,店舗
ORD-202609-00371,2026/09/07,大阪店,OT-003,MOD COAT,OUTER,BLACK,M,5200,5200,1,5200,0,0.0,店舗
ORD-202609-00384,2026/09/07,大阪店,JK-002,SHELL JACKET,JACKET,WHITE,M,3000,2700,1,2700,300,0.1,店舗
ORD-202609-00389,2026/09/07,大阪店,BG-001,TOTE BAG,BAG,BEIGE,L,1800,1800,1,1800,0,0.0,店舗
ORD-202609-00491,2026/09/07,大阪店,PT-004,CARGO PANTS,PANTS,WHITE,M,2800,2800,1,2800,0,0.0,店舗
ORD-202609-00565,2026/09/07,EC,PT-001,SLIM PANTS,PANTS,KHAKI,L,1800,1800,1,1800,0,0.0,オンライン
ORD-202609-00572,2026/09/07,表参道店,TP-002,OX SHIRT,TOPS,GRAY,M,900,900,1,900,0,0.0,店舗
ORD-202609-00624,2026/09/07,新宿店,TP-001,BASIC TEE,TOPS,BEIGE,L,1400,1260,2,2520,280,0.1,店舗
ORD-202609-00683,2026/09/07,EC,KN-001,WOOL KNIT,KNIT,GRAY,S,2500,2000,1,2000,500,0.2,オンライン
ORD-202609-00722,2026/09/07,大阪店,AC-002,SILK SCARF,ACCESSORY,GRAY,M,1000,1000,1,1000,0,0.0,店舗
ORD-202609-00769,2026/09/07,大阪店,KN-002,CABLE KNIT,KNIT,NAVY,L,2000,2000,1,2000,0,0.0,店舗
ORD-202609-00796,2026/09/07,表参道店,SH-001,LOW SNEAKER,SHOES,NAVY,M,2400,2400,1,2400,0,0.0,店舗
ORD-202609-00813,2026/09/07,大阪店,PT-002,WIDE PANTS,PANTS,WHITE,M,1800,1800,1,1800,0,0.0,店舗
ORD-202609-00816,2026/09/07,新宿店,SH-002,SUEDE BOOTS,SHOES,BLACK,M,2400,2400,1,2400,0,0.0,店舗
ORD-202609-00827,2026/09/07,表参道店,BG-005,BACKPACK,BAG,BLACK,S,3800,3800,1,3800,0,0.0,店舗
ORD-202609-00837,2026/09/07,新宿店,AC-001,WOOL CAP,ACCESSORY,BLACK,XL,500,500,2,1000,0,0.0,店舗
ORD-202609-00911,2026/09/07,EC,SH-003,CHUKKA BOOTS,SHOES,WHITE,XL,3900,3900,1,3900,0,0.0,オンライン
ORD-202609-00973,2026/09/07,表参道店,PT-001,SLIM PANTS,PANTS,BLACK,M,1800,1800,1,1800,0,0.0,店舗
ORD-202609-00977,2026/09/07,表参道店,JK-002,SHELL JACKET,JACKET,WHITE,L,3000,3000,2,6000,0,0.0,店舗
ORD-202609-01044,2026/09/07,EC,JK-002,SHELL JACKET,JACKET,WHITE,M,3000,3000,1,3000,0,0.0,オンライン
ORD-202609-01094,2026/09/07,EC,JK-001,TECH JACKET,JACKET,BLACK,XL,4500,4500,1,4500,0,0.0,オンライン
ORD-202609-01124,2026/09/07,EC,AC-001,WOOL CAP,ACCESSORY,KHAKI,M,500,500,1,500,0,0.0,オンライン
ORD-202609-01163,2026/09/07,大阪店,TP-001,BASIC TEE,TOPS,BEIGE,XL,1400,1400,3,4200,0,0.0,店舗
ORD-202609-01178,2026/09/07,大阪店,SH-002,SUEDE BOOTS,SHOES,BEIGE,XL,2400,2400,1,2400,0,0.0,店舗
ORD-202609-01179,2026/09/07,EC,TP-003,BAND COLLAR SHIRT,TOPS,BEIGE,M,1400,1400,1,1400,0,0.0,オンライン
ORD-202609-01181,2026/09/07,新宿店,OT-002,CHESTER COAT,OUTER,WHITE,M,6700,6700,1,6700,0,0.0,店舗
ORD-202609-01212,2026/09/07,大阪店,JK-001,TECH JACKET,JACKET,NAVY,S,4500,3380,2,6760,2240,0.25,店舗
ORD-202609-01241,2026/09/07,EC,JK-001,TECH JACKET,JACKET,BLACK,M,4500,3600,1,3600,900,0.2,オンライン
ORD-202609-01245,2026/09/07,EC,TP-001,BASIC TEE,TOPS,BEIGE,M,1400,1400,1,1400,0,0.0,オンライン
ORD-202609-01265,2026/09/07,表参道店,JK-001,TECH JACKET,JACKET,NAVY,M,4500,3820,1,3820,680,0.15,店舗
ORD-202609-01270,2026/09/07,大阪店,TP-001,BASIC TEE,TOPS,GRAY,XL,1400,1400,2,2800,0,0.0,店舗
ORD-202609-01295,2026/09/07,表参道店,BG-001,TOTE BAG,BAG,WHITE,L,1800,1800,1,1800,0,0.0,店舗
ORD-202609-01316,2026/09/07,EC,AC-003,LEATHER BELT,ACCESSORY,NAVY,XL,1000,1000,1,1000,0,0.0,オンライン
ORD-202609-01389,2026/09/07,新宿店,KN-001,WOOL KNIT,KNIT,BLACK,L,2500,2500,1,2500,0,0.0,店舗
ORD-202609-01421,2026/09/07,大阪店,KN-001,WOOL KNIT,KNIT,BLACK,XL,2500,1750,1,1750,750,0.3,店舗
ORD-202609-01439,2026/09/07,表参道店,SH-003,CHUKKA BOOTS,SHOES,NAVY,M,3900,3900,1,3900,0,0.0,店舗
ORD-202609-01465,2026/09/07,EC,PT-001,SLIM PANTS,PANTS,WHITE,L,1800,1800,1,1800,0,0.0,オンライン
ORD-202609-01481,2026/09/07,EC,AC-005,TOTE CHARM,ACCESSORY,GRAY,M,1000,1000,2,2000,0,0.0,オンライン
ORD-202609-01486,2026/09/07,EC,PT-004,CARGO PANTS,PANTS,WHITE,L,2800,2520,1,2520,280,0.1,オンライン
ORD-202609-01523,2026/09/07,EC,PT-003,TAPERED PANTS,PANTS,BLACK,L,2800,2800,1,2800,0,0.0,オンライン
ORD-202609-01541,2026/09/07,新宿店,TP-001,BASIC TEE,TOPS,BLACK,L,1400,1400,1,1400,0,0.0,店舗
ORD-202609-01545,2026/09/07,大阪店,JK-004,DENIM JACKET,JACKET,KHAKI,XL,5000,5000,1,5000,0,0.0,店舗
ORD-202609-01549,2026/09/07,EC,AC-002,SILK SCARF,ACCESSORY,BLACK,M,1000,1000,1,1000,0,0.0,オンライン
ORD-202609-01675,2026/09/07,大阪店,SH-001,LOW SNEAKER,SHOES,BLACK,XL,2400,2400,1,2400,0,0.0,店舗
ORD-202609-01679,2026/09/07,大阪店,KN-002,CABLE KNIT,KNIT,KHAKI,S,2000,2000,1,2000,0,0.0,店舗
ORD-202609-01694,2026/09/07,EC,OT-001,WOOL COAT,OUTER,WHITE,M,6200,6200,1,6200,0,0.0,オンライン
ORD-202609-01700,2026/09/07,EC,AC-001,WOOL CAP,ACCESSORY,BEIGE,XL,500,500,1,500,0,0.0,オンライン
ORD-202609-01713,2026/09/07,EC,BG-003,2WAY BAG,BAG,NAVY,S,1800,1800,2,3600,0,0.0,オンライン
ORD-202609-01736,2026/09/07,EC,JK-001,TECH JACKET,JACKET,BLACK,S,4500,4500,1,4500,0,0.0,オンライン
ORD-202609-01744,2026/09/07,新宿店,OT-003,MOD COAT,OUTER,BLACK,L,5200,5200,1,5200,0,0.0,店舗
ORD-202609-01757,2026/09/07,表参道店,JK-003,QUILTED JACKET,JACKET,BEIGE,S,5000,5000,1,5000,0,0.0,店舗
ORD-202609-01761,2026/09/07,表参道店,BG-001,TOTE BAG,BAG,GRAY,L,1800,1800,1,1800,0,0.0,店舗
ORD-202609-01855,2026/09/07,表参道店,AC-001,WOOL CAP,ACCESSORY,BLACK,XL,500,500,1,500,0,0.0,店舗
ORD-202609-01859,2026/09/07,表参道店,OT-002,CHESTER COAT,OUTER,NAVY,M,6700,6700,1,6700,0,0.0,店舗
ORD-202609-01947,2026/09/07,大阪店,SH-001,LOW SNEAKER,SHOES,NAVY,L,2400,2400,1,2400,0,0.0,店舗
ORD-202609-01975,2026/09/07,新宿店,BG-001,TOTE BAG,BAG,GRAY,L,1800,1800,1,1800,0,0.0,店舗
ORD-202609-02009,2026/09/07,表参道店,KN-003,CREW KNIT,KNIT,WHITE,M,2000,2000,1,2000,0,0.0,店舗
ORD-202609-02110,2026/09/07,EC,BG-001,TOTE BAG,BAG,GRAY,L,1800,1800,1,1800,0,0.0,オンライン
ORD-202609-02137,2026/09/07,EC,BG-004,MINI POUCH,BAG,KHAKI,M,3800,3420,3,10260,1140,0.1,オンライン
ORD-202609-02222,2026/09/07,新宿店,SH-001,LOW SNEAKER,SHOES,BLACK,M,2400,2400,1,2400,0,0.0,店舗
ORD-202609-02316,2026/09/07,EC,OT-001,WOOL COAT,OUTER,BLACK,S,6200,6200,1,6200,0,0.0,オンライン
ORD-202609-02364,2026/09/07,EC,TP-002,OX SHIRT,TOPS,GRAY,L,900,760,1,760,140,0.15,オンライン
ORD-202609-02366,2026/09/07,新宿店,PT-003,TAPERED PANTS,PANTS,BLACK,S,2800,2800,1,2800,0,0.0,店舗
ORD-202609-02462,2026/09/07,大阪店,JK-004,DENIM JACKET,JACKET,WHITE,M,5000,5000,1,5000,0,0.0,店舗
ORD-202609-02465,2026/09/07,新宿店,KN-002,CABLE KNIT,KNIT,BLACK,L,2000,1800,1,1800,200,0.1,店舗
ORD-202609-02483,2026/09/07,表参道店,PT-001,SLIM PANTS,PANTS,NAVY,XL,1800,1530,2,3060,540,0.15,店舗
ORD-202609-02485,2026/09/07,EC,OT-003,MOD COAT,OUTER,WHITE,L,5200,5200,1,5200,0,0.0,オンライン
ORD-202609-02487,2026/09/07,表参道店,PT-001,SLIM PANTS,PANTS,NAVY,M,1800,1530,1,1530,270,0.15,店舗
ORD-202609-02507,2026/09/07,EC,AC-003,LEATHER BELT,ACCESSORY,KHAKI,M,1000,900,1,900,100,0.1,オンライン
ORD-202609-02586,2026/09/07,EC,SH-001,LOW SNEAKER,SHOES,WHITE,S,2400,2400,1,2400,0,0.0,オンライン
ORD-202609-02587,2026/09/07,表参道店,PT-002,WIDE PANTS,PANTS,BLACK,XL,1800,1800,1,1800,0,0.0,店舗
ORD-202609-02597,2026/09/07,大阪店,TP-001,BASIC TEE,TOPS,WHITE,L,1400,1400,1,1400,0,0.0,店舗
ORD-202609-02669,2026/09/07,新宿店,PT-001,SLIM PANTS,PANTS,BEIGE,L,1800,1800,1,1800,0,0.0,店舗
ORD-202609-02688,2026/09/07,大阪店,AC-002,SILK SCARF,ACCESSORY,KHAKI,M,1000,1000,1,1000,0,0.0,店舗
ORD-202609-02708,2026/09/07,大阪店,JK-003,QUILTED JACKET,JACKET,BLACK,XL,5000,5000,1,5000,0,0.0,店舗
ORD-202609-02782,2026/09/07,EC,TP-003,BAND COLLAR SHIRT,TOPS,NAVY,M,1400,1400,1,1400,0,0.0,オンライン
ORD-202609-02791,2026/09/07,大阪店,BG-002,SHOULDER BAG,BAG,BLACK,M,3300,3300,1,3300,0,0.0,店舗
ORD-202609-02807,2026/09/07,EC,TP-001,BASIC TEE,TOPS,NAVY,M,1400,1120,1,1120,280,0.2,オンライン
ORD-202609-02813,2026/09/07,EC,JK-003,QUILTED JACKET,JACKET,KHAKI,S,5000,3500,1,3500,1500,0.3,オンライン
ORD-202609-02836,2026/09/07,新宿店,PT-001,SLIM PANTS,PANTS,BLACK,L,1800,1800,1,1800,0,0.0,店舗
ORD-202609-02893,2026/09/07,表参道店,TP-003,BAND COLLAR SHIRT,TOPS,WHITE,L,1400,1400,2,2800,0,0.0,店舗
ORD-202609-00026,2026/09/08,EC,PT-002,WIDE PANTS,PANTS,WHITE,M,1800,1800,1,1800,0,0.0,オンライン
ORD-202609-00067,2026/09/08,EC,TP-001,BASIC TEE,TOPS,KHAKI,XL,1400,1400,1,1400,0,0.0,オンライン
ORD-202609-00093,2026/09/08,表参道店,OT-004,STAND COAT,OUTER,BLACK,XL,7200,5400,1,5400,1800,0.25,店舗
ORD-202609-00114,2026/09/08,EC,PT-001,SLIM PANTS,PANTS,BLACK,XL,1800,1800,1,1800,0,0.0,オンライン
ORD-202609-00310,2026/09/08,新宿店,TP-001,BASIC TEE,TOPS,NAVY,S,1400,1400,1,1400,0,0.0,店舗
ORD-202609-00318,2026/09/08,EC,KN-001,WOOL KNIT,KNIT,NAVY,M,2500,2500,1,2500,0,0.0,オンライン
ORD-202609-00337,2026/09/08,EC,TP-003,BAND COLLAR SHIRT,TOPS,BLACK,L,1400,1120,1,1120,280,0.2,オンライン
ORD-202609-00439,2026/09/08,表参道店,KN-005,COTTON KNIT,KNIT,WHITE,L,2500,2500,1,2500,0,0.0,店舗
ORD-202609-00447,2026/09/08,大阪店,TP-004,DRY TEE,TOPS,NAVY,L,1400,1400,3,4200,0,0.0,店舗
ORD-202609-00453,2026/09/08,新宿店,PT-001,SLIM PANTS,PANTS,BLACK,L,1800,1800,1,1800,0,0.0,店舗
ORD-202609-00459,2026/09/08,新宿店,OT-001,WOOL COAT,OUTER,GRAY,L,6200,6200,1,6200,0,0.0,店舗
ORD-202609-00460,2026/09/08,大阪店,PT-001,SLIM PANTS,PANTS,BLACK,M,1800,1800,1,1800,0,0.0,店舗
ORD-202609-00477,2026/09/08,表参道店,KN-001,WOOL KNIT,KNIT,BLACK,S,2500,2000,1,2000,500,0.2,店舗
ORD-202609-00487,2026/09/08,表参道店,SH-003,CHUKKA BOOTS,SHOES,NAVY,XL,3900,3900,1,3900,0,0.0,店舗
ORD-202609-00503,2026/09/08,表参道店,TP-003,BAND COLLAR SHIRT,TOPS,WHITE,M,1400,1400,1,1400,0,0.0,店舗
ORD-202609-00530,2026/09/08,大阪店,KN-001,WOOL KNIT,KNIT,BLACK,L,2500,2500,1,2500,0,0.0,店舗
ORD-202609-00557,2026/09/08,EC,OT-005,BALMACAAN COAT,OUTER,GRAY,M,6700,6700,2,13400,0,0.0,オンライン
ORD-202609-00559,2026/09/08,EC,BG-001,TOTE BAG,BAG,KHAKI,XL,1800,1800,1,1800,0,0.0,オンライン
ORD-202609-00602,2026/09/08,EC,OT-001,WOOL COAT,OUTER,NAVY,M,6200,6200,1,6200,0,0.0,オンライン
ORD-202609-00670,2026/09/08,EC,OT-001,WOOL COAT,OUTER,WHITE,M,6200,6200,1,6200,0,0.0,オンライン
ORD-202609-00718,2026/09/08,EC,BG-001,TOTE BAG,BAG,NAVY,L,1800,1800,1,1800,0,0.0,オンライン
ORD-202609-00740,2026/09/08,大阪店,TP-001,BASIC TEE,TOPS,BEIGE,M,1400,1400,1,1400,0,0.0,店舗
ORD-202609-00750,2026/09/08,表参道店,TP-003,BAND COLLAR SHIRT,TOPS,WHITE,L,1400,1400,1,1400,0,0.0,店舗
ORD-202609-00919,2026/09/08,EC,BG-001,TOTE BAG,BAG,NAVY,S,1800,1800,1,1800,0,0.0,オンライン
ORD-202609-00950,2026/09/08,EC,KN-003,CREW KNIT,KNIT,GRAY,M,2000,2000,1,2000,0,0.0,オンライン
ORD-202609-01058,2026/09/08,EC,JK-002,SHELL JACKET,JACKET,KHAKI,L,3000,2700,3,8100,900,0.1,オンライン
ORD-202609-01060,2026/09/08,表参道店,SH-001,LOW SNEAKER,SHOES,GRAY,XL,2400,1680,1,1680,720,0.3,店舗
ORD-202609-01081,2026/09/08,大阪店,BG-001,TOTE BAG,BAG,NAVY,XL,1800,1620,1,1620,180,0.1,店舗
ORD-202609-01087,2026/09/08,表参道店,BG-001,TOTE BAG,BAG,BLACK,M,1800,1800,1,1800,0,0.0,店舗
ORD-202609-01244,2026/09/08,EC,TP-001,BASIC TEE,TOPS,WHITE,XL,1400,1190,1,1190,210,0.15,オンライン
ORD-202609-01246,2026/09/08,大阪店,SH-001,LOW SNEAKER,SHOES,WHITE,M,2400,2400,1,2400,0,0.0,店舗
ORD-202609-01253,2026/09/08,表参道店,OT-003,MOD COAT,OUTER,BLACK,M,5200,5200,1,5200,0,0.0,店舗
ORD-202609-01351,2026/09/08,EC,KN-001,WOOL KNIT,KNIT,NAVY,S,2500,2500,1,2500,0,0.0,オンライン
ORD-202609-01377,2026/09/08,EC,BG-002,SHOULDER BAG,BAG,BLACK,M,3300,3300,1,3300,0,0.0,オンライン
ORD-202609-01442,2026/09/08,EC,BG-001,TOTE BAG,BAG,BEIGE,M,1800,1800,1,1800,0,0.0,オンライン
ORD-202609-01445,2026/09/08,大阪店,BG-002,SHOULDER BAG,BAG,BEIGE,M,3300,3300,1,3300,0,0.0,店舗
ORD-202609-01463,2026/09/08,表参道店,SH-001,LOW SNEAKER,SHOES,NAVY,M,2400,1680,1,1680,720,0.3,店舗
ORD-202609-01468,2026/09/08,EC,KN-003,CREW KNIT,KNIT,BLACK,M,2000,1700,1,1700,300,0.15,オンライン
ORD-202609-01479,2026/09/08,EC,SH-001,LOW SNEAKER,SHOES,NAVY,M,2400,2040,1,2040,360,0.15,オンライン
ORD-202609-01608,2026/09/08,表参道店,BG-001,TOTE BAG,BAG,GRAY,L,1800,1800,2,3600,0,0.0,店舗
ORD-202609-01776,2026/09/08,新宿店,SH-001,LOW SNEAKER,SHOES,WHITE,M,2400,2400,3,7200,0,0.0,店舗
ORD-202609-01801,2026/09/08,新宿店,JK-001,TECH JACKET,JACKET,BEIGE,M,4500,3150,1,3150,1350,0.3,店舗
ORD-202609-01802,2026/09/08,EC,OT-003,MOD COAT,OUTER,GRAY,S,5200,4420,1,4420,780,0.15,オンライン
ORD-202609-01853,2026/09/08,新宿店,OT-001,WOOL COAT,OUTER,KHAKI,L,6200,4340,1,4340,1860,0.3,店舗
ORD-202609-01899,2026/09/08,新宿店,OT-004,STAND COAT,OUTER,BLACK,M,7200,7200,1,7200,0,0.0,店舗
ORD-202609-01916,2026/09/08,大阪店,BG-001,TOTE BAG,BAG,BLACK,M,1800,1800,1,1800,0,0.0,店舗
ORD-202609-01943,2026/09/08,EC,AC-001,WOOL CAP,ACCESSORY,BLACK,M,500,500,1,500,0,0.0,オンライン
ORD-202609-01967,2026/09/08,EC,JK-001,TECH JACKET,JACKET,BLACK,S,4500,3380,1,3380,1120,0.25,オンライン
ORD-202609-01999,2026/09/08,EC,KN-001,WOOL KNIT,KNIT,BLACK,L,2500,2500,1,2500,0,0.0,オンライン
ORD-202609-02002,2026/09/08,大阪店,KN-001,WOOL KNIT,KNIT,BLACK,L,2500,2500,2,5000,0,0.0,店舗
ORD-202609-02091,2026/09/08,大阪店,OT-002,CHESTER COAT,OUTER,NAVY,XL,6700,6700,1,6700,0,0.0,店舗
ORD-202609-02094,2026/09/08,大阪店,JK-002,SHELL JACKET,JACKET,BEIGE,L,3000,3000,1,3000,0,0.0,店舗
ORD-202609-02104,2026/09/08,表参道店,PT-001,SLIM PANTS,PANTS,NAVY,L,1800,1800,1,1800,0,0.0,店舗
ORD-202609-02115,2026/09/08,大阪店,AC-001,WOOL CAP,ACCESSORY,KHAKI,M,500,500,2,1000,0,0.0,店舗
ORD-202609-02151,2026/09/08,表参道店,OT-004,STAND COAT,OUTER,BLACK,M,7200,7200,2,14400,0,0.0,店舗
ORD-202609-02188,2026/09/08,EC,OT-001,WOOL COAT,OUTER,BEIGE,S,6200,5270,1,5270,930,0.15,オンライン
ORD-202609-02213,2026/09/08,新宿店,SH-003,CHUKKA BOOTS,SHOES,BLACK,M,3900,3900,1,3900,0,0.0,店舗
ORD-202609-02243,2026/09/08,大阪店,TP-002,OX SHIRT,TOPS,WHITE,M,900,900,1,900,0,0.0,店舗
ORD-202609-02304,2026/09/08,新宿店,TP-001,BASIC TEE,TOPS,NAVY,L,1400,1400,1,1400,0,0.0,店舗
ORD-202609-02357,2026/09/08,表参道店,OT-001,WOOL COAT,OUTER,NAVY,L,6200,5270,1,5270,930,0.15,店舗
ORD-202609-02369,2026/09/08,EC,OT-001,WOOL COAT,OUTER,WHITE,M,6200,6200,1,6200,0,0.0,オンライン
ORD-202609-02423,2026/09/08,EC,KN-001,WOOL KNIT,KNIT,KHAKI,S,2500,1750,1,1750,750,0.3,オンライン
ORD-202609-02430,2026/09/08,新宿店,SH-003,CHUKKA BOOTS,SHOES,BEIGE,M,3900,3120,1,3120,780,0.2,店舗
ORD-202609-02482,2026/09/08,EC,OT-002,CHESTER COAT,OUTER,KHAKI,M,6700,6700,1,6700,0,0.0,オンライン
ORD-202609-02535,2026/09/08,EC,AC-003,LEATHER BELT,ACCESSORY,BLACK,S,1000,1000,1,1000,0,0.0,オンライン
ORD-202609-02635,2026/09/08,新宿店,AC-001,WOOL CAP,ACCESSORY,BLACK,L,500,350,1,350,150,0.3,店舗
ORD-202609-02696,2026/09/08,EC,OT-001,WOOL COAT,OUTER,GRAY,M,6200,4960,1,4960,1240,0.2,オンライン
ORD-202609-02753,2026/09/08,大阪店,JK-001,TECH JACKET,JACKET,NAVY,XL,4500,4500,1,4500,0,0.0,店舗
ORD-202609-02787,2026/09/08,EC,TP-001,BASIC TEE,TOPS,BEIGE,M,1400,1400,1,1400,0,0.0,オンライン
ORD-202609-02831,2026/09/08,EC,JK-001,TECH JACKET,JACKET,NAVY,S,4500,4500,2,9000,0,0.0,オンライン
ORD-202609-02860,2026/09/08,大阪店,SH-003,CHUKKA BOOTS,SHOES,BEIGE,S,3900,3900,1,3900,0,0.0,店舗
ORD-202609-02888,2026/09/08,大阪店,JK-003,QUILTED JACKET,JACKET,KHAKI,M,5000,3750,1,3750,1250,0.25,店舗
ORD-202609-02901,2026/09/08,EC,TP-001,BASIC TEE,TOPS,GRAY,XL,1400,1260,1,1260,140,0.1,オンライン
ORD-202609-02932,2026/09/08,表参道店,OT-002,CHESTER COAT,OUTER,BLACK,L,6700,6700,2,13400,0,0.0,店舗
ORD-202609-02982,2026/09/08,大阪店,KN-002,CABLE KNIT,KNIT,BLACK,M,2000,1600,1,1600,400,0.2,店舗
ORD-202609-03000,2026/09/08,大阪店,PT-003,TAPERED PANTS,PANTS,BLACK,M,2800,2800,1,2800,0,0.0,店舗
ORD-202609-00003,2026/09/09,EC,SH-005,DECK SHOES,SHOES,BLACK,M,2400,2400,1,2400,0,0.0,オンライン
ORD-202609-00027,2026/09/09,新宿店,OT-001,WOOL COAT,OUTER,BLACK,S,6200,6200,1,6200,0,0.0,店舗
ORD-202609-00046,2026/09/09,表参道店,BG-003,2WAY BAG,BAG,BLACK,XL,1800,1620,1,1620,180,0.1,店舗
ORD-202609-00107,2026/09/09,大阪店,AC-001,WOOL CAP,ACCESSORY,BLACK,L,500,500,2,1000,0,0.0,店舗
ORD-202609-00155,2026/09/09,EC,PT-003,TAPERED PANTS,PANTS,WHITE,M,2800,2800,1,2800,0,0.0,オンライン
ORD-202609-00159,2026/09/09,表参道店,AC-001,WOOL CAP,ACCESSORY,BLACK,M,500,500,1,500,0,0.0,店舗
ORD-202609-00171,2026/09/09,EC,PT-001,SLIM PANTS,PANTS,GRAY,M,1800,1440,1,1440,360,0.2,オンライン
ORD-202609-00174,2026/09/09,EC,TP-001,BASIC TEE,TOPS,BLACK,XL,1400,1400,1,1400,0,0.0,オンライン
ORD-202609-00231,2026/09/09,EC,PT-003,TAPERED PANTS,PANTS,NAVY,M,2800,2800,1,2800,0,0.0,オンライン
ORD-202609-00259,2026/09/09,EC,JK-001,TECH JACKET,JACKET,NAVY,L,4500,4500,1,4500,0,0.0,オンライン
ORD-202609-00289,2026/09/09,新宿店,OT-001,WOOL COAT,OUTER,GRAY,M,6200,6200,1,6200,0,0.0,店舗
ORD-202609-00306,2026/09/09,表参道店,PT-003,TAPERED PANTS,PANTS,WHITE,M,2800,2800,1,2800,0,0.0,店舗
ORD-202609-00316,2026/09/09,新宿店,BG-005,BACKPACK,BAG,NAVY,M,3800,3800,2,7600,0,0.0,店舗
ORD-202609-00349,2026/09/09,新宿店,BG-001,TOTE BAG,BAG,BLACK,L,1800,1800,1,1800,0,0.0,店舗
ORD-202609-00355,2026/09/09,EC,JK-003,QUILTED JACKET,JACKET,GRAY,L,5000,4250,1,4250,750,0.15,オンライン
ORD-202609-00415,2026/09/09,表参道店,AC-001,WOOL CAP,ACCESSORY,GRAY,M,500,500,2,1000,0,0.0,店舗
ORD-202609-00472,2026/09/09,新宿店,KN-001,WOOL KNIT,KNIT,NAVY,XL,2500,2500,1,2500,0,0.0,店舗
ORD-202609-00510,2026/09/09,大阪店,TP-001,BASIC TEE,TOPS,NAVY,XL,1400,1400,1,1400,0,0.0,店舗
ORD-202609-00545,2026/09/09,表参道店,KN-002,CABLE KNIT,KNIT,BEIGE,L,2000,2000,1,2000,0,0.0,店舗
ORD-202609-00659,2026/09/09,EC,JK-001,TECH JACKET,JACKET,GRAY,S,4500,4500,3,13500,0,0.0,オンライン
ORD-202609-00700,2026/09/09,EC,KN-002,CABLE KNIT,KNIT,BLACK,L,2000,2000,1,2000,0,0.0,オンライン
ORD-202609-00707,2026/09/09,EC,BG-004,MINI POUCH,BAG,NAVY,L,3800,3420,1,3420,380,0.1,オンライン
ORD-202609-00724,2026/09/09,EC,AC-004,KNIT MUFFLER,ACCESSORY,KHAKI,XL,1000,1000,1,1000,0,0.0,オンライン
ORD-202609-00753,2026/09/09,大阪店,JK-003,QUILTED JACKET,JACKET,NAVY,L,5000,5000,1,5000,0,0.0,店舗
ORD-202609-00770,2026/09/09,EC,TP-001,BASIC TEE,TOPS,GRAY,L,1400,980,1,980,420,0.3,オンライン
ORD-202609-00775,2026/09/09,EC,KN-001,WOOL KNIT,KNIT,GRAY,L,2500,2120,1,2120,380,0.15,オンライン
ORD-202609-00818,2026/09/09,EC,TP-002,OX SHIRT,TOPS,GRAY,M,900,900,2,1800,0,0.0,オンライン
ORD-202609-00871,2026/09/09,新宿店,BG-001,TOTE BAG,BAG,WHITE,M,1800,1800,2,3600,0,0.0,店舗
ORD-202609-00885,2026/09/09,EC,KN-001,WOOL KNIT,KNIT,NAVY,XL,2500,2500,1,2500,0,0.0,オンライン
ORD-202609-00953,2026/09/09,EC,TP-002,OX SHIRT,TOPS,BLACK,L,900,760,1,760,140,0.15,オンライン
ORD-202609-00970,2026/09/09,表参道店,JK-003,QUILTED JACKET,JACKET,KHAKI,L,5000,5000,1,5000,0,0.0,店舗
ORD-202609-00996,2026/09/09,EC,JK-001,TECH JACKET,JACKET,NAVY,M,4500,4500,1,4500,0,0.0,オンライン
ORD-202609-01073,2026/09/09,表参道店,SH-002,SUEDE BOOTS,SHOES,BLACK,L,2400,2400,1,2400,0,0.0,店舗
ORD-202609-01102,2026/09/09,表参道店,TP-001,BASIC TEE,TOPS,WHITE,L,1400,1400,1,1400,0,0.0,店舗
ORD-202609-01159,2026/09/09,新宿店,AC-001,WOOL CAP,ACCESSORY,GRAY,M,500,500,1,500,0,0.0,店舗
ORD-202609-01166,2026/09/09,EC,AC-002,SILK SCARF,ACCESSORY,GRAY,S,1000,1000,1,1000,0,0.0,オンライン
ORD-202609-01257,2026/09/09,EC,TP-001,BASIC TEE,TOPS,BLACK,XL,1400,1050,1,1050,350,0.25,オンライン
ORD-202609-01360,2026/09/09,新宿店,PT-001,SLIM PANTS,PANTS,BLACK,M,1800,1800,1,1800,0,0.0,店舗
ORD-202609-01396,2026/09/09,大阪店,JK-004,DENIM JACKET,JACKET,WHITE,L,5000,5000,1,5000,0,0.0,店舗
ORD-202609-01399,2026/09/09,表参道店,TP-001,BASIC TEE,TOPS,NAVY,M,1400,1050,2,2100,700,0.25,店舗
ORD-202609-01417,2026/09/09,EC,SH-001,LOW SNEAKER,SHOES,BLACK,L,2400,2400,1,2400,0,0.0,オンライン
ORD-202609-01453,2026/09/09,表参道店,OT-002,CHESTER COAT,OUTER,WHITE,L,6700,6700,1,6700,0,0.0,店舗
ORD-202609-01531,2026/09/09,EC,SH-001,LOW SNEAKER,SHOES,NAVY,S,2400,2160,1,2160,240,0.1,オンライン
ORD-202609-01688,2026/09/09,表参道店,OT-002,CHESTER COAT,OUTER,BLACK,L,6700,5700,1,5700,1000,0.15,店舗
ORD-202609-01718,2026/09/09,EC,BG-001,TOTE BAG,BAG,BLACK,L,1800,1800,1,1800,0,0.0,オンライン
ORD-202609-01720,2026/09/09,表参道店,AC-003,LEATHER BELT,ACCESSORY,BLACK,M,1000,1000,1,1000,0,0.0,店舗
ORD-202609-01781,2026/09/09,EC,AC-001,WOOL CAP,ACCESSORY,NAVY,L,500,380,1,380,120,0.25,オンライン
ORD-202609-01878,2026/09/09,表参道店,AC-002,SILK SCARF,ACCESSORY,BLACK,M,1000,1000,1,1000,0,0.0,店舗
ORD-202609-01988,2026/09/09,大阪店,PT-002,WIDE PANTS,PANTS,BLACK,S,1800,1260,1,1260,540,0.3,店舗
ORD-202609-02008,2026/09/09,EC,PT-001,SLIM PANTS,PANTS,BLACK,L,1800,1440,1,1440,360,0.2,オンライン
ORD-202609-02129,2026/09/09,EC,PT-001,SLIM PANTS,PANTS,NAVY,L,1800,1800,1,1800,0,0.0,オンライン
ORD-202609-02161,2026/09/09,EC,BG-005,BACKPACK,BAG,BEIGE,L,3800,3800,1,3800,0,0.0,オンライン
ORD-202609-02234,2026/09/09,EC,JK-001,TECH JACKET,JACKET,KHAKI,XL,4500,4500,2,9000,0,0.0,オンライン
ORD-202609-02248,2026/09/09,EC,OT-005,BALMACAAN COAT,OUTER,WHITE,M,6700,6700,1,6700,0,0.0,オンライン
ORD-202609-02255,2026/09/09,新宿店,AC-002,SILK SCARF,ACCESSORY,BLACK,S,1000,800,2,1600,400,0.2,店舗
ORD-202609-02268,2026/09/09,EC,AC-001,WOOL CAP,ACCESSORY,GRAY,M,500,500,1,500,0,0.0,オンライン
ORD-202609-02270,2026/09/09,EC,TP-003,BAND COLLAR SHIRT,TOPS,BEIGE,M,1400,980,1,980,420,0.3,オンライン
ORD-202609-02307,2026/09/09,新宿店,KN-001,WOOL KNIT,KNIT,BEIGE,L,2500,2500,2,5000,0,0.0,店舗
ORD-202609-02373,2026/09/09,大阪店,PT-002,WIDE PANTS,PANTS,KHAKI,M,1800,1620,1,1620,180,0.1,店舗
ORD-202609-02553,2026/09/09,EC,KN-001,WOOL KNIT,KNIT,WHITE,L,2500,2500,1,2500,0,0.0,オンライン
ORD-202609-02558,2026/09/09,EC,OT-001,WOOL COAT,OUTER,KHAKI,L,6200,4960,1,4960,1240,0.2,オンライン
ORD-202609-02563,2026/09/09,EC,JK-004,DENIM JACKET,JACKET,BLACK,S,5000,5000,1,5000,0,0.0,オンライン
ORD-202609-02572,2026/09/09,EC,OT-002,CHESTER COAT,OUTER,BEIGE,M,6700,5020,1,5020,1680,0.25,オンライン
ORD-202609-02596,2026/09/09,新宿店,AC-003,LEATHER BELT,ACCESSORY,BLACK,L,1000,1000,1,1000,0,0.0,店舗
ORD-202609-02625,2026/09/09,表参道店,SH-001,LOW SNEAKER,SHOES,BLACK,L,2400,2400,2,4800,0,0.0,店舗
ORD-202609-02757,2026/09/09,表参道店,OT-003,MOD COAT,OUTER,NAVY,L,5200,5200,1,5200,0,0.0,店舗
ORD-202609-02802,2026/09/09,EC,KN-001,WOOL KNIT,KNIT,BLACK,S,2500,2500,1,2500,0,0.0,オンライン
ORD-202609-02830,2026/09/09,大阪店,AC-001,WOOL CAP,ACCESSORY,WHITE,L,500,500,1,500,0,0.0,店舗
ORD-202609-02849,2026/09/09,EC,SH-001,LOW SNEAKER,SHOES,KHAKI,XL,2400,2400,1,2400,0,0.0,オンライン
ORD-202609-02850,2026/09/09,EC,PT-001,SLIM PANTS,PANTS,BLACK,S,1800,1800,1,1800,0,0.0,オンライン
ORD-202609-02854,2026/09/09,EC,TP-001,BASIC TEE,TOPS,BLACK,M,1400,1400,1,1400,0,0.0,オンライン
ORD-202609-02862,2026/09/09,新宿店,TP-004,DRY TEE,TOPS,BEIGE,M,1400,1400,1,1400,0,0.0,店舗
ORD-202609-02885,2026/09/09,大阪店,OT-003,MOD COAT,OUTER,KHAKI,M,5200,3900,2,7800,2600,0.25,店舗
ORD-202609-02899,2026/09/09,EC,PT-002,WIDE PANTS,PANTS,BEIGE,M,1800,1800,1,1800,0,0.0,オンライン
ORD-202609-02916,2026/09/09,新宿店,OT-001,WOOL COAT,OUTER,NAVY,L,6200,5580,1,5580,620,0.1,店舗
ORD-202609-02928,2026/09/09,表参道店,SH-001,LOW SNEAKER,SHOES,WHITE,M,2400,1800,1,1800,600,0.25,店舗
ORD-202609-02975,2026/09/09,大阪店,BG-002,SHOULDER BAG,BAG,NAVY,L,3300,3300,1,3300,0,0.0,店舗
ORD-202609-00090,2026/09/10,EC,JK-001,TECH JACKET,JACKET,BEIGE,M,4500,4500,1,4500,0,0.0,オンライン
ORD-202609-00138,2026/09/10,大阪店,SH-001,LOW SNEAKER,SHOES,NAVY,M,2400,2400,1,2400,0,0.0,店舗
ORD-202609-00165,2026/09/10,新宿店,BG-004,MINI POUCH,BAG,WHITE,XL,3800,3800,1,3800,0,0.0,店舗
ORD-202609-00167,2026/09/10,EC,OT-001,WOOL COAT,OUTER,WHITE,M,6200,6200,1,6200,0,0.0,オンライン
ORD-202609-00297,2026/09/10,新宿店,KN-001,WOOL KNIT,KNIT,WHITE,XL,2500,2500,3,7500,0,0.0,店舗
ORD-202609-00345,2026/09/10,EC,AC-003,LEATHER BELT,ACCESSORY,BLACK,XL,1000,1000,1,1000,0,0.0,オンライン
ORD-202609-00348,2026/09/10,新宿店,BG-001,TOTE BAG,BAG,BEIGE,L,1800,1800,1,1800,0,0.0,店舗
ORD-202609-00458,2026/09/10,EC,BG-002,SHOULDER BAG,BAG,BLACK,S,3300,2970,1,2970,330,0.1,オンライン
ORD-202609-00474,2026/09/10,新宿店,BG-002,SHOULDER BAG,BAG,BLACK,XL,3300,2310,1,2310,990,0.3,店舗
ORD-202609-00493,2026/09/10,EC,JK-001,TECH JACKET,JACKET,BLACK,L,4500,4500,1,4500,0,0.0,オンライン
ORD-202609-00498,2026/09/10,EC,PT-003,TAPERED PANTS,PANTS,NAVY,L,2800,2800,1,2800,0,0.0,オンライン
ORD-202609-00531,2026/09/10,EC,JK-001,TECH JACKET,JACKET,BEIGE,M,4500,4050,1,4050,450,0.1,オンライン
ORD-202609-00548,2026/09/10,EC,TP-003,BAND COLLAR SHIRT,TOPS,GRAY,L,1400,1400,1,1400,0,0.0,オンライン
ORD-202609-00560,2026/09/10,新宿店,OT-001,WOOL COAT,OUTER,NAVY,S,6200,6200,2,12400,0,0.0,店舗
ORD-202609-00570,2026/09/10,大阪店,TP-001,BASIC TEE,TOPS,BLACK,S,1400,1400,1,1400,0,0.0,店舗
ORD-202609-00613,2026/09/10,EC,OT-004,STAND COAT,OUTER,NAVY,S,7200,6480,1,6480,720,0.1,オンライン
ORD-202609-00684,2026/09/10,EC,BG-001,TOTE BAG,BAG,BEIGE,XL,1800,1800,1,1800,0,0.0,オンライン
ORD-202609-00720,2026/09/10,新宿店,KN-003,CREW KNIT,KNIT,BEIGE,L,2000,2000,1,2000,0,0.0,店舗
ORD-202609-00743,2026/09/10,EC,PT-001,SLIM PANTS,PANTS,NAVY,M,1800,1260,1,1260,540,0.3,オンライン
ORD-202609-00807,2026/09/10,大阪店,OT-001,WOOL COAT,OUTER,BEIGE,L,6200,6200,1,6200,0,0.0,店舗
ORD-202609-00810,2026/09/10,表参道店,KN-003,CREW KNIT,KNIT,BLACK,M,2000,2000,1,2000,0,0.0,店舗
ORD-202609-00840,2026/09/10,大阪店,KN-002,CABLE KNIT,KNIT,BLACK,M,2000,2000,1,2000,0,0.0,店舗
ORD-202609-00854,2026/09/10,EC,SH-001,LOW SNEAKER,SHOES,BLACK,M,2400,2400,1,2400,0,0.0,オンライン
ORD-202609-00859,2026/09/10,EC,OT-003,MOD COAT,OUTER,WHITE,L,5200,5200,3,15600,0,0.0,オンライン
ORD-202609-00884,2026/09/10,表参道店,JK-001,TECH JACKET,JACKET,BLACK,L,4500,4500,2,9000,0,0.0,店舗
ORD-202609-00902,2026/09/10,表参道店,BG-001,TOTE BAG,BAG,NAVY,M,1800,1260,1,1260,540,0.3,店舗
ORD-202609-00910,2026/09/10,新宿店,AC-003,LEATHER BELT,ACCESSORY,NAVY,S,1000,1000,1,1000,0,0.0,店舗
ORD-202609-00951,2026/09/10,表参道店,OT-001,WOOL COAT,OUTER,NAVY,M,6200,6200,1,6200,0,0.0,店舗
ORD-202609-00985,2026/09/10,大阪店,SH-002,SUEDE BOOTS,SHOES,WHITE,L,2400,2040,2,4080,720,0.15,店舗
ORD-202609-01020,2026/09/10,EC,KN-001,WOOL KNIT,KNIT,WHITE,M,2500,2500,3,7500,0,0.0,オンライン
ORD-202609-01039,2026/09/10,表参道店,JK-001,TECH JACKET,JACKET,WHITE,L,4500,4500,2,9000,0,0.0,店舗
ORD-202609-01067,2026/09/10,EC,SH-003,CHUKKA BOOTS,SHOES,NAVY,S,3900,3900,1,3900,0,0.0,オンライン
ORD-202609-01096,2026/09/10,EC,PT-003,TAPERED PANTS,PANTS,BEIGE,L,2800,1960,1,1960,840,0.3,オンライン
ORD-202609-01149,2026/09/10,表参道店,BG-002,SHOULDER BAG,BAG,KHAKI,M,3300,3300,1,3300,0,0.0,店舗
ORD-202609-01180,2026/09/10,EC,BG-002,SHOULDER BAG,BAG,BEIGE,S,3300,2970,1,2970,330,0.1,オンライン
ORD-202609-01192,2026/09/10,EC,AC-001,WOOL CAP,ACCESSORY,GRAY,XL,500,500,1,500,0,0.0,オンライン
ORD-202609-01196,2026/09/10,大阪店,PT-003,TAPERED PANTS,PANTS,BLACK,L,2800,2800,2,5600,0,0.0,店舗
ORD-202609-01201,2026/09/10,新宿店,JK-003,QUILTED JACKET,JACKET,BLACK,M,5000,5000,1,5000,0,0.0,店舗
ORD-202609-01207,2026/09/10,表参道店,JK-001,TECH JACKET,JACKET,BLACK,M,4500,4050,1,4050,450,0.1,店舗
ORD-202609-01234,2026/09/10,新宿店,SH-002,SUEDE BOOTS,SHOES,BLACK,XL,2400,2400,1,2400,0,0.0,店舗
ORD-202609-01239,2026/09/10,大阪店,KN-003,CREW KNIT,KNIT,GRAY,S,2000,2000,3,6000,0,0.0,店舗
ORD-202609-01263,2026/09/10,EC,AC-001,WOOL CAP,ACCESSORY,BLACK,L,500,500,1,500,0,0.0,オンライン
ORD-202609-01326,2026/09/10,EC,BG-003,2WAY BAG,BAG,NAVY,S,1800,1800,1,1800,0,0.0,オンライン
ORD-202609-01359,2026/09/10,大阪店,OT-001,WOOL COAT,OUTER,GRAY,M,6200,6200,1,6200,0,0.0,店舗
ORD-202609-01416,2026/09/10,大阪店,JK-005,MDS JACKET,JACKET,GRAY,M,4000,3200,1,3200,800,0.2,店舗
ORD-202609-01456,2026/09/10,大阪店,JK-001,TECH JACKET,JACKET,GRAY,S,4500,4500,3,13500,0,0.0,店舗
ORD-202609-01524,2026/09/10,新宿店,TP-001,BASIC TEE,TOPS,NAVY,L,1400,1400,1,1400,0,0.0,店舗
ORD-202609-01578,2026/09/10,新宿店,JK-003,QUILTED JACKET,JACKET,BEIGE,M,5000,5000,1,5000,0,0.0,店舗
ORD-202609-01625,2026/09/10,EC,KN-001,WOOL KNIT,KNIT,BLACK,S,2500,2500,1,2500,0,0.0,オンライン
ORD-202609-01656,2026/09/10,EC,BG-001,TOTE BAG,BAG,NAVY,L,1800,1800,1,1800,0,0.0,オンライン
ORD-202609-01687,2026/09/10,大阪店,OT-004,STAND COAT,OUTER,BLACK,S,7200,7200,1,7200,0,0.0,店舗
ORD-202609-01702,2026/09/10,大阪店,KN-003,CREW KNIT,KNIT,BEIGE,XL,2000,2000,1,2000,0,0.0,店舗
ORD-202609-01765,2026/09/10,表参道店,KN-002,CABLE KNIT,KNIT,NAVY,L,2000,2000,2,4000,0,0.0,店舗
ORD-202609-01767,2026/09/10,EC,KN-001,WOOL KNIT,KNIT,GRAY,XL,2500,2500,1,2500,0,0.0,オンライン
ORD-202609-01825,2026/09/10,EC,KN-001,WOOL KNIT,KNIT,GRAY,M,2500,2500,1,2500,0,0.0,オンライン
ORD-202609-01863,2026/09/10,新宿店,JK-001,TECH JACKET,JACKET,GRAY,M,4500,4500,2,9000,0,0.0,店舗
ORD-202609-01884,2026/09/10,大阪店,OT-001,WOOL COAT,OUTER,KHAKI,XL,6200,6200,1,6200,0,0.0,店舗
ORD-202609-01945,2026/09/10,表参道店,PT-001,SLIM PANTS,PANTS,BEIGE,XL,1800,1440,1,1440,360,0.2,店舗
ORD-202609-01972,2026/09/10,EC,AC-004,KNIT MUFFLER,ACCESSORY,KHAKI,M,1000,1000,1,1000,0,0.0,オンライン
ORD-202609-02006,2026/09/10,EC,JK-003,QUILTED JACKET,JACKET,BEIGE,L,5000,5000,1,5000,0,0.0,オンライン
ORD-202609-02013,2026/09/10,EC,SH-001,LOW SNEAKER,SHOES,WHITE,XL,2400,2040,1,2040,360,0.15,オンライン
ORD-202609-02016,2026/09/10,新宿店,AC-001,WOOL CAP,ACCESSORY,GRAY,M,500,500,2,1000,0,0.0,店舗
ORD-202609-02061,2026/09/10,大阪店,OT-001,WOOL COAT,OUTER,KHAKI,M,6200,6200,1,6200,0,0.0,店舗
ORD-202609-02064,2026/09/10,EC,SH-001,LOW SNEAKER,SHOES,GRAY,L,2400,2400,1,2400,0,0.0,オンライン
ORD-202609-02113,2026/09/10,EC,SH-001,LOW SNEAKER,SHOES,KHAKI,M,2400,2400,1,2400,0,0.0,オンライン
ORD-202609-02118,2026/09/10,表参道店,JK-001,TECH JACKET,JACKET,BLACK,L,4500,4500,1,4500,0,0.0,店舗
ORD-202609-02139,2026/09/10,表参道店,JK-001,TECH JACKET,JACKET,BEIGE,XL,4500,3820,1,3820,680,0.15,店舗
ORD-202609-02158,2026/09/10,EC,PT-001,SLIM PANTS,PANTS,BLACK,M,1800,1800,1,1800,0,0.0,オンライン
ORD-202609-02177,2026/09/10,大阪店,KN-001,WOOL KNIT,KNIT,WHITE,S,2500,2500,3,7500,0,0.0,店舗
ORD-202609-02180,2026/09/10,EC,SH-001,LOW SNEAKER,SHOES,GRAY,XL,2400,2400,1,2400,0,0.0,オンライン
ORD-202609-02185,2026/09/10,表参道店,BG-002,SHOULDER BAG,BAG,GRAY,L,3300,2310,1,2310,990,0.3,店舗
ORD-202609-02198,2026/09/10,EC,TP-001,BASIC TEE,TOPS,BLACK,XL,1400,980,1,980,420,0.3,オンライン
ORD-202609-02205,2026/09/10,大阪店,OT-003,MOD COAT,OUTER,NAVY,M,5200,5200,1,5200,0,0.0,店舗
ORD-202609-02214,2026/09/10,新宿店,PT-002,WIDE PANTS,PANTS,WHITE,L,1800,1530,1,1530,270,0.15,店舗
ORD-202609-02237,2026/09/10,EC,SH-001,LOW SNEAKER,SHOES,NAVY,L,2400,1680,1,1680,720,0.3,オンライン
ORD-202609-02277,2026/09/10,EC,PT-001,SLIM PANTS,PANTS,NAVY,L,1800,1800,1,1800,0,0.0,オンライン
ORD-202609-02313,2026/09/10,表参道店,OT-003,MOD COAT,OUTER,BLACK,L,5200,3640,1,3640,1560,0.3,店舗
ORD-202609-02314,2026/09/10,新宿店,BG-001,TOTE BAG,BAG,BEIGE,L,1800,1800,1,1800,0,0.0,店舗
ORD-202609-02347,2026/09/10,表参道店,BG-003,2WAY BAG,BAG,NAVY,L,1800,1800,1,1800,0,0.0,店舗
ORD-202609-02358,2026/09/10,大阪店,KN-004,MOCK NECK KNIT,KNIT,BEIGE,XL,2000,2000,1,2000,0,0.0,店舗
ORD-202609-02377,2026/09/10,EC,AC-003,LEATHER BELT,ACCESSORY,WHITE,L,1000,900,1,900,100,0.1,オンライン
ORD-202609-02414,2026/09/10,大阪店,KN-001,WOOL KNIT,KNIT,NAVY,S,2500,2500,1,2500,0,0.0,店舗
ORD-202609-02444,2026/09/10,EC,OT-003,MOD COAT,OUTER,BLACK,M,5200,5200,2,10400,0,0.0,オンライン
ORD-202609-02447,2026/09/10,EC,BG-003,2WAY BAG,BAG,NAVY,L,1800,1260,1,1260,540,0.3,オンライン
ORD-202609-02591,2026/09/10,大阪店,BG-001,TOTE BAG,BAG,BLACK,XL,1800,1260,1,1260,540,0.3,店舗
ORD-202609-02672,2026/09/10,表参道店,JK-001,TECH JACKET,JACKET,NAVY,S,4500,4500,1,4500,0,0.0,店舗
ORD-202609-02675,2026/09/10,EC,TP-001,BASIC TEE,TOPS,NAVY,S,1400,1400,1,1400,0,0.0,オンライン
ORD-202609-02742,2026/09/10,EC,JK-005,MDS JACKET,JACKET,NAVY,L,4000,4000,1,4000,0,0.0,オンライン
ORD-202609-02764,2026/09/10,EC,JK-003,QUILTED JACKET,JACKET,BLACK,S,5000,5000,1,5000,0,0.0,オンライン
ORD-202609-02784,2026/09/10,大阪店,JK-003,QUILTED JACKET,JACKET,BLACK,M,5000,4000,1,4000,1000,0.2,店舗
ORD-202609-02805,2026/09/10,EC,SH-003,CHUKKA BOOTS,SHOES,NAVY,XL,3900,3900,1,3900,0,0.0,オンライン
ORD-202609-02812,2026/09/10,EC,JK-003,QUILTED JACKET,JACKET,BEIGE,L,5000,5000,1,5000,0,0.0,オンライン
ORD-202609-02829,2026/09/10,EC,KN-003,CREW KNIT,KNIT,BLACK,M,2000,2000,1,2000,0,0.0,オンライン
ORD-202609-02892,2026/09/10,EC,AC-002,SILK SCARF,ACCESSORY,BEIGE,L,1000,1000,1,1000,0,0.0,オンライン
ORD-202609-02945,2026/09/10,EC,SH-001,LOW SNEAKER,SHOES,WHITE,L,2400,2400,1,2400,0,0.0,オンライン
ORD-202609-02965,2026/09/10,新宿店,KN-002,CABLE KNIT,KNIT,KHAKI,L,2000,2000,1,2000,0,0.0,店舗
ORD-202609-02989,2026/09/10,新宿店,PT-003,TAPERED PANTS,PANTS,BLACK,L,2800,1960,1,1960,840,0.3,店舗
ORD-202609-02999,2026/09/10,EC,KN-005,COTTON KNIT,KNIT,BLACK,L,2500,2500,1,2500,0,0.0,オンライン
ORD-202609-00040,2026/09/11,新宿店,TP-002,OX SHIRT,TOPS,BLACK,M,900,900,1,900,0,0.0,店舗
ORD-202609-00055,2026/09/11,EC,PT-001,SLIM PANTS,PANTS,GRAY,L,1800,1620,1,1620,180,0.1,オンライン
ORD-202609-00095,2026/09/11,EC,PT-001,SLIM PANTS,PANTS,WHITE,L,1800,1800,1,1800,0,0.0,オンライン
ORD-202609-00108,2026/09/11,EC,BG-001,TOTE BAG,BAG,BEIGE,L,1800,1800,1,1800,0,0.0,オンライン
ORD-202609-00113,2026/09/11,大阪店,BG-001,TOTE BAG,BAG,BLACK,S,1800,1530,1,1530,270,0.15,店舗
ORD-202609-00131,2026/09/11,EC,BG-003,2WAY BAG,BAG,NAVY,L,1800,1620,3,4860,540,0.1,オンライン
ORD-202609-00186,2026/09/11,新宿店,PT-002,WIDE PANTS,PANTS,BEIGE,XL,1800,1800,1,1800,0,0.0,店舗
ORD-202609-00196,2026/09/11,EC,KN-003,CREW KNIT,KNIT,BEIGE,XL,2000,2000,1,2000,0,0.0,オンライン
ORD-202609-00214,2026/09/11,新宿店,KN-003,CREW KNIT,KNIT,GRAY,L,2000,2000,1,2000,0,0.0,店舗
ORD-202609-00217,2026/09/11,EC,AC-002,SILK SCARF,ACCESSORY,BEIGE,S,1000,1000,1,1000,0,0.0,オンライン
ORD-202609-00235,2026/09/11,EC,PT-001,SLIM PANTS,PANTS,BEIGE,S,1800,1800,1,1800,0,0.0,オンライン
ORD-202609-00252,2026/09/11,大阪店,OT-001,WOOL COAT,OUTER,GRAY,L,6200,6200,1,6200,0,0.0,店舗
ORD-202609-00260,2026/09/11,新宿店,TP-001,BASIC TEE,TOPS,NAVY,XL,1400,1400,1,1400,0,0.0,店舗
ORD-202609-00292,2026/09/11,表参道店,AC-001,WOOL CAP,ACCESSORY,GRAY,S,500,350,1,350,150,0.3,店舗
ORD-202609-00296,2026/09/11,表参道店,SH-001,LOW SNEAKER,SHOES,NAVY,M,2400,2400,1,2400,0,0.0,店舗
ORD-202609-00324,2026/09/11,EC,OT-003,MOD COAT,OUTER,GRAY,M,5200,3900,1,3900,1300,0.25,オンライン
ORD-202609-00325,2026/09/11,EC,OT-001,WOOL COAT,OUTER,BEIGE,S,6200,4650,1,4650,1550,0.25,オンライン
ORD-202609-00374,2026/09/11,EC,OT-003,MOD COAT,OUTER,GRAY,M,5200,3640,1,3640,1560,0.3,オンライン
ORD-202609-00463,2026/09/11,表参道店,SH-005,DECK SHOES,SHOES,BLACK,XL,2400,1800,1,1800,600,0.25,店舗
ORD-202609-00481,2026/09/11,新宿店,BG-003,2WAY BAG,BAG,WHITE,L,1800,1800,1,1800,0,0.0,店舗
ORD-202609-00540,2026/09/11,大阪店,SH-001,LOW SNEAKER,SHOES,NAVY,S,2400,2400,1,2400,0,0.0,店舗
ORD-202609-00542,2026/09/11,新宿店,PT-005,CHINO PANTS,PANTS,BLACK,M,2300,2300,1,2300,0,0.0,店舗
ORD-202609-00550,2026/09/11,新宿店,BG-001,TOTE BAG,BAG,KHAKI,L,1800,1800,1,1800,0,0.0,店舗
ORD-202609-00562,2026/09/11,新宿店,JK-001,TECH JACKET,JACKET,BLACK,L,4500,4500,1,4500,0,0.0,店舗
ORD-202609-00612,2026/09/11,EC,AC-001,WOOL CAP,ACCESSORY,BEIGE,L,500,380,1,380,120,0.25,オンライン
ORD-202609-00645,2026/09/11,EC,TP-001,BASIC TEE,TOPS,BLACK,XL,1400,1050,1,1050,350,0.25,オンライン
ORD-202609-00680,2026/09/11,EC,OT-001,WOOL COAT,OUTER,WHITE,L,6200,5580,1,5580,620,0.1,オンライン
ORD-202609-00689,2026/09/11,大阪店,JK-003,QUILTED JACKET,JACKET,WHITE,L,5000,3500,1,3500,1500,0.3,店舗
ORD-202609-00701,2026/09/11,表参道店,AC-001,WOOL CAP,ACCESSORY,GRAY,L,500,500,1,500,0,0.0,店舗
ORD-202609-00739,2026/09/11,EC,PT-001,SLIM PANTS,PANTS,BEIGE,S,1800,1260,1,1260,540,0.3,オンライン
ORD-202609-00762,2026/09/11,新宿店,AC-001,WOOL CAP,ACCESSORY,BLACK,S,500,500,1,500,0,0.0,店舗
ORD-202609-00782,2026/09/11,表参道店,KN-001,WOOL KNIT,KNIT,NAVY,M,2500,2000,3,6000,1500,0.2,店舗
ORD-202609-00786,2026/09/11,EC,TP-002,OX SHIRT,TOPS,BEIGE,M,900,900,2,1800,0,0.0,オンライン
ORD-202609-00878,2026/09/11,表参道店,OT-003,MOD COAT,OUTER,WHITE,S,5200,4680,1,4680,520,0.1,店舗
ORD-202609-00892,2026/09/11,大阪店,TP-001,BASIC TEE,TOPS,NAVY,M,1400,980,3,2940,1260,0.3,店舗
ORD-202609-00920,2026/09/11,新宿店,PT-002,WIDE PANTS,PANTS,WHITE,M,1800,1440,1,1440,360,0.2,店舗
ORD-202609-00974,2026/09/11,大阪店,OT-001,WOOL COAT,OUTER,NAVY,L,6200,6200,1,6200,0,0.0,店舗
ORD-202609-00975,2026/09/11,大阪店,PT-001,SLIM PANTS,PANTS,BLACK,XL,1800,1620,1,1620,180,0.1,店舗
ORD-202609-00976,2026/09/11,大阪店,AC-001,WOOL CAP,ACCESSORY,GRAY,L,500,500,1,500,0,0.0,店舗
ORD-202609-00987,2026/09/11,大阪店,JK-004,DENIM JACKET,JACKET,NAVY,M,5000,5000,1,5000,0,0.0,店舗
ORD-202609-01069,2026/09/11,新宿店,PT-001,SLIM PANTS,PANTS,WHITE,XL,1800,1800,1,1800,0,0.0,店舗
ORD-202609-01204,2026/09/11,EC,TP-001,BASIC TEE,TOPS,NAVY,M,1400,1400,1,1400,0,0.0,オンライン
ORD-202609-01205,2026/09/11,表参道店,OT-003,MOD COAT,OUTER,BLACK,S,5200,5200,1,5200,0,0.0,店舗
ORD-202609-01220,2026/09/11,大阪店,KN-001,WOOL KNIT,KNIT,GRAY,M,2500,2500,1,2500,0,0.0,店舗
ORD-202609-01228,2026/09/11,表参道店,TP-001,BASIC TEE,TOPS,GRAY,S,1400,1400,1,1400,0,0.0,店舗
ORD-202609-01236,2026/09/11,大阪店,OT-002,CHESTER COAT,OUTER,WHITE,M,6700,4690,1,4690,2010,0.3,店舗
ORD-202609-01293,2026/09/11,EC,PT-001,SLIM PANTS,PANTS,WHITE,XL,1800,1800,1,1800,0,0.0,オンライン
ORD-202609-01325,2026/09/11,EC,BG-003,2WAY BAG,BAG,WHITE,M,1800,1260,1,1260,540,0.3,オンライン
ORD-202609-01357,2026/09/11,EC,SH-003,CHUKKA BOOTS,SHOES,BEIGE,S,3900,3900,2,7800,0,0.0,オンライン
ORD-202609-01376,2026/09/11,EC,KN-002,CABLE KNIT,KNIT,NAVY,M,2000,1700,1,1700,300,0.15,オンライン
ORD-202609-01379,2026/09/11,EC,AC-001,WOOL CAP,ACCESSORY,BLACK,L,500,500,2,1000,0,0.0,オンライン
ORD-202609-01393,2026/09/11,新宿店,OT-001,WOOL COAT,OUTER,WHITE,L,6200,4340,1,4340,1860,0.3,店舗
ORD-202609-01415,2026/09/11,大阪店,JK-001,TECH JACKET,JACKET,GRAY,XL,4500,4500,2,9000,0,0.0,店舗
ORD-202609-01418,2026/09/11,EC,KN-003,CREW KNIT,KNIT,BEIGE,M,2000,2000,1,2000,0,0.0,オンライン
ORD-202609-01434,2026/09/11,EC,SH-002,SUEDE BOOTS,SHOES,BEIGE,M,2400,2400,1,2400,0,0.0,オンライン
ORD-202609-01470,2026/09/11,EC,BG-003,2WAY BAG,BAG,BLACK,M,1800,1620,1,1620,180,0.1,オンライン
ORD-202609-01505,2026/09/11,EC,OT-002,CHESTER COAT,OUTER,GRAY,XL,6700,6700,1,6700,0,0.0,オンライン
ORD-202609-01570,2026/09/11,EC,BG-001,TOTE BAG,BAG,BLACK,S,1800,1530,1,1530,270,0.15,オンライン
ORD-202609-01596,2026/09/11,EC,TP-003,BAND COLLAR SHIRT,TOPS,WHITE,L,1400,1190,2,2380,420,0.15,オンライン
ORD-202609-01599,2026/09/11,EC,BG-003,2WAY BAG,BAG,NAVY,M,1800,1800,2,3600,0,0.0,オンライン
ORD-202609-01615,2026/09/11,表参道店,JK-002,SHELL JACKET,JACKET,WHITE,L,3000,3000,1,3000,0,0.0,店舗
ORD-202609-01617,2026/09/11,新宿店,TP-001,BASIC TEE,TOPS,NAVY,M,1400,1400,1,1400,0,0.0,店舗
ORD-202609-01671,2026/09/11,表参道店,KN-001,WOOL KNIT,KNIT,BLACK,XL,2500,2500,1,2500,0,0.0,店舗
ORD-202609-01685,2026/09/11,大阪店,JK-001,TECH JACKET,JACKET,NAVY,L,4500,3820,1,3820,680,0.15,店舗
ORD-202609-01740,2026/09/11,大阪店,KN-002,CABLE KNIT,KNIT,BLACK,M,2000,2000,1,2000,0,0.0,店舗
ORD-202609-01753,2026/09/11,EC,PT-001,SLIM PANTS,PANTS,BEIGE,S,1800,1800,1,1800,0,0.0,オンライン
ORD-202609-01754,2026/09/11,新宿店,TP-002,OX SHIRT,TOPS,BLACK,L,900,900,1,900,0,0.0,店舗
ORD-202609-01762,2026/09/11,EC,KN-001,WOOL KNIT,KNIT,GRAY,L,2500,2500,1,2500,0,0.0,オンライン
ORD-202609-01824,2026/09/11,新宿店,OT-002,CHESTER COAT,OUTER,WHITE,XL,6700,5020,2,10040,3360,0.25,店舗
ORD-202609-01849,2026/09/11,EC,TP-002,OX SHIRT,TOPS,BLACK,M,900,900,2,1800,0,0.0,オンライン
ORD-202609-01850,2026/09/11,大阪店,AC-001,WOOL CAP,ACCESSORY,GRAY,XL,500,500,2,1000,0,0.0,店舗
ORD-202609-01928,2026/09/11,新宿店,TP-003,BAND COLLAR SHIRT,TOPS,WHITE,S,1400,1400,1,1400,0,0.0,店舗
ORD-202609-01952,2026/09/11,EC,KN-003,CREW KNIT,KNIT,BLACK,L,2000,2000,1,2000,0,0.0,オンライン
ORD-202609-01974,2026/09/11,表参道店,AC-001,WOOL CAP,ACCESSORY,BEIGE,XL,500,500,1,500,0,0.0,店舗
ORD-202609-02011,2026/09/11,新宿店,JK-001,TECH JACKET,JACKET,BLACK,L,4500,4500,2,9000,0,0.0,店舗
ORD-202609-02056,2026/09/11,新宿店,JK-001,TECH JACKET,JACKET,NAVY,L,4500,4500,1,4500,0,0.0,店舗
ORD-202609-02124,2026/09/11,新宿店,PT-001,SLIM PANTS,PANTS,GRAY,M,1800,1260,1,1260,540,0.3,店舗
ORD-202609-02133,2026/09/11,新宿店,BG-002,SHOULDER BAG,BAG,WHITE,S,3300,3300,1,3300,0,0.0,店舗
ORD-202609-02167,2026/09/11,表参道店,TP-001,BASIC TEE,TOPS,GRAY,XL,1400,1400,2,2800,0,0.0,店舗
ORD-202609-02191,2026/09/11,EC,SH-001,LOW SNEAKER,SHOES,BLACK,S,2400,2400,1,2400,0,0.0,オンライン
ORD-202609-02195,2026/09/11,新宿店,AC-001,WOOL CAP,ACCESSORY,WHITE,M,500,500,1,500,0,0.0,店舗
ORD-202609-02257,2026/09/11,EC,OT-003,MOD COAT,OUTER,WHITE,S,5200,5200,1,5200,0,0.0,オンライン
ORD-202609-02266,2026/09/11,EC,KN-001,WOOL KNIT,KNIT,BLACK,L,2500,2500,1,2500,0,0.0,オンライン
ORD-202609-02325,2026/09/11,表参道店,BG-002,SHOULDER BAG,BAG,GRAY,L,3300,2800,2,5600,1000,0.15,店舗
ORD-202609-02344,2026/09/11,表参道店,BG-001,TOTE BAG,BAG,BLACK,L,1800,1350,1,1350,450,0.25,店舗
ORD-202609-02355,2026/09/11,新宿店,PT-002,WIDE PANTS,PANTS,KHAKI,L,1800,1800,1,1800,0,0.0,店舗
ORD-202609-02407,2026/09/11,新宿店,TP-003,BAND COLLAR SHIRT,TOPS,NAVY,L,1400,1400,1,1400,0,0.0,店舗
ORD-202609-02429,2026/09/11,新宿店,KN-005,COTTON KNIT,KNIT,NAVY,S,2500,1750,1,1750,750,0.3,店舗
ORD-202609-02619,2026/09/11,大阪店,PT-001,SLIM PANTS,PANTS,BLACK,S,1800,1620,1,1620,180,0.1,店舗
ORD-202609-02638,2026/09/11,大阪店,KN-002,CABLE KNIT,KNIT,WHITE,L,2000,2000,2,4000,0,0.0,店舗
ORD-202609-02677,2026/09/11,新宿店,JK-001,TECH JACKET,JACKET,GRAY,M,4500,4500,1,4500,0,0.0,店舗
ORD-202609-02704,2026/09/11,大阪店,AC-001,WOOL CAP,ACCESSORY,BEIGE,M,500,380,1,380,120,0.25,店舗
ORD-202609-02709,2026/09/11,新宿店,KN-002,CABLE KNIT,KNIT,BLACK,S,2000,2000,1,2000,0,0.0,店舗
ORD-202609-02710,2026/09/11,EC,OT-001,WOOL COAT,OUTER,BEIGE,L,6200,4960,1,4960,1240,0.2,オンライン
ORD-202609-02765,2026/09/11,EC,PT-003,TAPERED PANTS,PANTS,GRAY,L,2800,2380,1,2380,420,0.15,オンライン
ORD-202609-02797,2026/09/11,EC,PT-001,SLIM PANTS,PANTS,BLACK,XL,1800,1800,1,1800,0,0.0,オンライン
ORD-202609-02800,2026/09/11,新宿店,AC-001,WOOL CAP,ACCESSORY,BEIGE,M,500,500,2,1000,0,0.0,店舗
ORD-202609-02815,2026/09/11,大阪店,PT-001,SLIM PANTS,PANTS,BLACK,L,1800,1800,2,3600,0,0.0,店舗
ORD-202609-02841,2026/09/11,EC,SH-001,LOW SNEAKER,SHOES,NAVY,M,2400,2400,1,2400,0,0.0,オンライン
ORD-202609-02851,2026/09/11,新宿店,OT-003,MOD COAT,OUTER,NAVY,M,5200,5200,1,5200,0,0.0,店舗
ORD-202609-02937,2026/09/11,大阪店,TP-001,BASIC TEE,TOPS,NAVY,S,1400,1400,1,1400,0,0.0,店舗
ORD-202609-02954,2026/09/11,EC,BG-001,TOTE BAG,BAG,GRAY,S,1800,1800,1,1800,0,0.0,オンライン
ORD-202609-02956,2026/09/11,EC,KN-002,CABLE KNIT,KNIT,BLACK,L,2000,2000,1,2000,0,0.0,オンライン
ORD-202609-02990,2026/09/11,EC,PT-001,SLIM PANTS,PANTS,WHITE,L,1800,1800,1,1800,0,0.0,オンライン
ORD-202609-00061,2026/09/12,表参道店,OT-003,MOD COAT,OUTER,WHITE,XL,5200,5200,1,5200,0,0.0,店舗
ORD-202609-00066,2026/09/12,EC,BG-001,TOTE BAG,BAG,GRAY,M,1800,1800,1,1800,0,0.0,オンライン
ORD-202609-00092,2026/09/12,EC,SH-003,CHUKKA BOOTS,SHOES,KHAKI,M,3900,3900,1,3900,0,0.0,オンライン
ORD-202609-00118,2026/09/12,EC,KN-001,WOOL KNIT,KNIT,BLACK,M,2500,2500,2,5000,0,0.0,オンライン
ORD-202609-00121,2026/09/12,表参道店,PT-003,TAPERED PANTS,PANTS,BLACK,L,2800,1960,2,3920,1680,0.3,店舗
ORD-202609-00124,2026/09/12,EC,OT-001,WOOL COAT,OUTER,GRAY,M,6200,6200,1,6200,0,0.0,オンライン
ORD-202609-00148,2026/09/12,EC,BG-001,TOTE BAG,BAG,GRAY,M,1800,1800,1,1800,0,0.0,オンライン
ORD-202609-00156,2026/09/12,新宿店,JK-001,TECH JACKET,JACKET,BLACK,XL,4500,4500,2,9000,0,0.0,店舗
ORD-202609-00207,2026/09/12,大阪店,SH-003,CHUKKA BOOTS,SHOES,NAVY,M,3900,3900,1,3900,0,0.0,店舗
ORD-202609-00238,2026/09/12,表参道店,OT-001,WOOL COAT,OUTER,BLACK,M,6200,5270,1,5270,930,0.15,店舗
ORD-202609-00269,2026/09/12,大阪店,PT-001,SLIM PANTS,PANTS,WHITE,M,1800,1800,1,1800,0,0.0,店舗
ORD-202609-00343,2026/09/12,大阪店,BG-001,TOTE BAG,BAG,KHAKI,XL,1800,1800,1,1800,0,0.0,店舗
ORD-202609-00370,2026/09/12,EC,AC-001,WOOL CAP,ACCESSORY,BLACK,XL,500,500,1,500,0,0.0,オンライン
ORD-202609-00375,2026/09/12,EC,SH-001,LOW SNEAKER,SHOES,NAVY,L,2400,2400,1,2400,0,0.0,オンライン
ORD-202609-00377,2026/09/12,大阪店,SH-001,LOW SNEAKER,SHOES,BLACK,M,2400,2400,1,2400,0,0.0,店舗
ORD-202609-00403,2026/09/12,表参道店,JK-001,TECH JACKET,JACKET,BLACK,L,4500,4500,1,4500,0,0.0,店舗
ORD-202609-00449,2026/09/12,新宿店,BG-001,TOTE BAG,BAG,WHITE,XL,1800,1620,2,3240,360,0.1,店舗
ORD-202609-00482,2026/09/12,表参道店,SH-001,LOW SNEAKER,SHOES,KHAKI,S,2400,2400,1,2400,0,0.0,店舗
ORD-202609-00529,2026/09/12,EC,OT-003,MOD COAT,OUTER,GRAY,L,5200,5200,2,10400,0,0.0,オンライン
ORD-202609-00576,2026/09/12,EC,SH-003,CHUKKA BOOTS,SHOES,GRAY,M,3900,3900,1,3900,0,0.0,オンライン
ORD-202609-00589,2026/09/12,大阪店,OT-001,WOOL COAT,OUTER,BEIGE,M,6200,6200,1,6200,0,0.0,店舗
ORD-202609-00593,2026/09/12,新宿店,SH-001,LOW SNEAKER,SHOES,BLACK,M,2400,2400,1,2400,0,0.0,店舗
ORD-202609-00594,2026/09/12,大阪店,TP-001,BASIC TEE,TOPS,KHAKI,L,1400,1400,2,2800,0,0.0,店舗
ORD-202609-00604,2026/09/12,EC,KN-004,MOCK NECK KNIT,KNIT,BLACK,S,2000,2000,1,2000,0,0.0,オンライン
ORD-202609-00640,2026/09/12,大阪店,SH-001,LOW SNEAKER,SHOES,GRAY,L,2400,2040,1,2040,360,0.15,店舗
ORD-202609-00650,2026/09/12,EC,PT-002,WIDE PANTS,PANTS,GRAY,S,1800,1800,1,1800,0,0.0,オンライン
ORD-202609-00676,2026/09/12,表参道店,AC-001,WOOL CAP,ACCESSORY,BLACK,L,500,500,2,1000,0,0.0,店舗
ORD-202609-00703,2026/09/12,大阪店,KN-002,CABLE KNIT,KNIT,BLACK,L,2000,2000,1,2000,0,0.0,店舗
ORD-202609-00715,2026/09/12,新宿店,OT-002,CHESTER COAT,OUTER,KHAKI,S,6700,6700,1,6700,0,0.0,店舗
ORD-202609-00745,2026/09/12,新宿店,KN-003,CREW KNIT,KNIT,BLACK,XL,2000,2000,1,2000,0,0.0,店舗
ORD-202609-00751,2026/09/12,EC,BG-001,TOTE BAG,BAG,NAVY,L,1800,1800,2,3600,0,0.0,オンライン
ORD-202609-00833,2026/09/12,大阪店,KN-001,WOOL KNIT,KNIT,GRAY,XL,2500,2120,1,2120,380,0.15,店舗
ORD-202609-00835,2026/09/12,新宿店,KN-001,WOOL KNIT,KNIT,GRAY,M,2500,1750,1,1750,750,0.3,店舗
ORD-202609-00841,2026/09/12,EC,KN-003,CREW KNIT,KNIT,NAVY,L,2000,2000,1,2000,0,0.0,オンライン
ORD-202609-00843,2026/09/12,表参道店,OT-001,WOOL COAT,OUTER,BLACK,XL,6200,6200,2,12400,0,0.0,店舗
ORD-202609-00862,2026/09/12,新宿店,KN-001,WOOL KNIT,KNIT,GRAY,M,2500,2500,1,2500,0,0.0,店舗
ORD-202609-00863,2026/09/12,大阪店,OT-003,MOD COAT,OUTER,WHITE,L,5200,5200,1,5200,0,0.0,店舗
ORD-202609-00874,2026/09/12,新宿店,PT-001,SLIM PANTS,PANTS,NAVY,L,1800,1800,2,3600,0,0.0,店舗
ORD-202609-00890,2026/09/12,EC,SH-001,LOW SNEAKER,SHOES,GRAY,XL,2400,2400,1,2400,0,0.0,オンライン
ORD-202609-00895,2026/09/12,新宿店,KN-003,CREW KNIT,KNIT,BLACK,XL,2000,1600,1,1600,400,0.2,店舗
ORD-202609-00913,2026/09/12,EC,KN-003,CREW KNIT,KNIT,GRAY,L,2000,2000,1,2000,0,0.0,オンライン
ORD-202609-00934,2026/09/12,EC,AC-001,WOOL CAP,ACCESSORY,NAVY,L,500,420,1,420,80,0.15,オンライン
ORD-202609-00937,2026/09/12,表参道店,AC-001,WOOL CAP,ACCESSORY,GRAY,M,500,500,3,1500,0,0.0,店舗
ORD-202609-00964,2026/09/12,表参道店,PT-001,SLIM PANTS,PANTS,NAVY,L,1800,1800,1,1800,0,0.0,店舗
ORD-202609-00999,2026/09/12,EC,OT-001,WOOL COAT,OUTER,NAVY,S,6200,6200,1,6200,0,0.0,オンライン
ORD-202609-01051,2026/09/12,EC,SH-001,LOW SNEAKER,SHOES,GRAY,L,2400,2400,1,2400,0,0.0,オンライン
ORD-202609-01052,2026/09/12,表参道店,AC-001,WOOL CAP,ACCESSORY,BLACK,L,500,450,1,450,50,0.1,店舗
ORD-202609-01105,2026/09/12,EC,SH-001,LOW SNEAKER,SHOES,KHAKI,L,2400,2400,3,7200,0,0.0,オンライン
ORD-202609-01112,2026/09/12,EC,OT-001,WOOL COAT,OUTER,NAVY,M,6200,4650,1,4650,1550,0.25,オンライン
ORD-202609-01126,2026/09/12,EC,BG-003,2WAY BAG,BAG,NAVY,M,1800,1800,1,1800,0,0.0,オンライン
ORD-202609-01134,2026/09/12,大阪店,AC-004,KNIT MUFFLER,ACCESSORY,WHITE,XL,1000,1000,2,2000,0,0.0,店舗
ORD-202609-01176,2026/09/12,大阪店,TP-003,BAND COLLAR SHIRT,TOPS,BEIGE,S,1400,1400,2,2800,0,0.0,店舗
ORD-202609-01218,2026/09/12,新宿店,AC-001,WOOL CAP,ACCESSORY,KHAKI,XL,500,500,1,500,0,0.0,店舗
ORD-202609-01250,2026/09/12,新宿店,TP-001,BASIC TEE,TOPS,WHITE,XL,1400,1260,2,2520,280,0.1,店舗
ORD-202609-01261,2026/09/12,大阪店,TP-001,BASIC TEE,TOPS,NAVY,XL,1400,1400,1,1400,0,0.0,店舗
ORD-202609-01286,2026/09/12,新宿店,TP-005,LINEN SHIRT,TOPS,BLACK,S,1400,1190,1,1190,210,0.15,店舗
ORD-202609-01289,2026/09/12,表参道店,SH-003,CHUKKA BOOTS,SHOES,BEIGE,XL,3900,3510,1,3510,390,0.1,店舗
ORD-202609-01313,2026/09/12,大阪店,BG-003,2WAY BAG,BAG,BEIGE,M,1800,1350,1,1350,450,0.25,店舗
ORD-202609-01317,2026/09/12,表参道店,JK-001,TECH JACKET,JACKET,NAVY,S,4500,4500,2,9000,0,0.0,店舗
ORD-202609-01323,2026/09/12,新宿店,PT-002,WIDE PANTS,PANTS,NAVY,M,1800,1800,1,1800,0,0.0,店舗
ORD-202609-01342,2026/09/12,大阪店,KN-001,WOOL KNIT,KNIT,BLACK,L,2500,2500,2,5000,0,0.0,店舗
ORD-202609-01386,2026/09/12,EC,KN-001,WOOL KNIT,KNIT,BLACK,L,2500,2500,1,2500,0,0.0,オンライン
ORD-202609-01404,2026/09/12,新宿店,AC-003,LEATHER BELT,ACCESSORY,WHITE,M,1000,850,2,1700,300,0.15,店舗
ORD-202609-01406,2026/09/12,新宿店,SH-004,COURT SNEAKER,SHOES,KHAKI,XL,3900,3900,1,3900,0,0.0,店舗
ORD-202609-01437,2026/09/12,EC,SH-001,LOW SNEAKER,SHOES,GRAY,L,2400,2400,1,2400,0,0.0,オンライン
ORD-202609-01454,2026/09/12,EC,BG-002,SHOULDER BAG,BAG,BEIGE,S,3300,2640,2,5280,1320,0.2,オンライン
ORD-202609-01485,2026/09/12,EC,AC-001,WOOL CAP,ACCESSORY,NAVY,L,500,500,2,1000,0,0.0,オンライン
ORD-202609-01501,2026/09/12,EC,TP-004,DRY TEE,TOPS,BLACK,L,1400,1400,1,1400,0,0.0,オンライン
ORD-202609-01517,2026/09/12,表参道店,TP-005,LINEN SHIRT,TOPS,NAVY,M,1400,1400,1,1400,0,0.0,店舗
ORD-202609-01535,2026/09/12,新宿店,OT-001,WOOL COAT,OUTER,BLACK,M,6200,4960,1,4960,1240,0.2,店舗
ORD-202609-01538,2026/09/12,大阪店,JK-003,QUILTED JACKET,JACKET,GRAY,L,5000,4500,1,4500,500,0.1,店舗
ORD-202609-01543,2026/09/12,新宿店,OT-003,MOD COAT,OUTER,BLACK,L,5200,5200,1,5200,0,0.0,店舗
ORD-202609-01556,2026/09/12,表参道店,AC-001,WOOL CAP,ACCESSORY,NAVY,S,500,500,1,500,0,0.0,店舗
ORD-202609-01560,2026/09/12,大阪店,JK-004,DENIM JACKET,JACKET,BLACK,L,5000,5000,1,5000,0,0.0,店舗
ORD-202609-01569,2026/09/12,表参道店,AC-001,WOOL CAP,ACCESSORY,KHAKI,XL,500,380,1,380,120,0.25,店舗
ORD-202609-01580,2026/09/12,EC,KN-001,WOOL KNIT,KNIT,NAVY,XL,2500,2500,1,2500,0,0.0,オンライン
ORD-202609-01587,2026/09/12,EC,PT-001,SLIM PANTS,PANTS,BLACK,L,1800,1800,1,1800,0,0.0,オンライン
ORD-202609-01672,2026/09/12,大阪店,BG-003,2WAY BAG,BAG,BEIGE,XL,1800,1800,2,3600,0,0.0,店舗
ORD-202609-01681,2026/09/12,表参道店,AC-002,SILK SCARF,ACCESSORY,WHITE,XL,1000,1000,2,2000,0,0.0,店舗
ORD-202609-01717,2026/09/12,EC,TP-005,LINEN SHIRT,TOPS,BEIGE,M,1400,1400,1,1400,0,0.0,オンライン
ORD-202609-01724,2026/09/12,大阪店,JK-001,TECH JACKET,JACKET,BLACK,M,4500,4500,2,9000,0,0.0,店舗
ORD-202609-01728,2026/09/12,表参道店,OT-001,WOOL COAT,OUTER,BEIGE,S,6200,6200,1,6200,0,0.0,店舗
ORD-202609-01817,2026/09/12,新宿店,PT-002,WIDE PANTS,PANTS,BEIGE,L,1800,1530,1,1530,270,0.15,店舗
ORD-202609-01823,2026/09/12,EC,OT-001,WOOL COAT,OUTER,BLACK,L,6200,4650,1,4650,1550,0.25,オンライン
ORD-202609-01848,2026/09/12,新宿店,TP-003,BAND COLLAR SHIRT,TOPS,NAVY,S,1400,1120,1,1120,280,0.2,店舗
ORD-202609-01873,2026/09/12,大阪店,BG-001,TOTE BAG,BAG,BLACK,M,1800,1800,1,1800,0,0.0,店舗
ORD-202609-01921,2026/09/12,大阪店,TP-005,LINEN SHIRT,TOPS,BLACK,M,1400,1400,1,1400,0,0.0,店舗
ORD-202609-01949,2026/09/12,新宿店,OT-001,WOOL COAT,OUTER,GRAY,L,6200,6200,2,12400,0,0.0,店舗
ORD-202609-01953,2026/09/12,EC,JK-004,DENIM JACKET,JACKET,BLACK,M,5000,3500,1,3500,1500,0.3,オンライン
ORD-202609-01962,2026/09/12,表参道店,AC-001,WOOL CAP,ACCESSORY,GRAY,S,500,380,3,1140,360,0.25,店舗
ORD-202609-01995,2026/09/12,EC,PT-001,SLIM PANTS,PANTS,GRAY,S,1800,1800,1,1800,0,0.0,オンライン
ORD-202609-02026,2026/09/12,EC,PT-005,CHINO PANTS,PANTS,BLACK,XL,2300,2300,1,2300,0,0.0,オンライン
ORD-202609-02052,2026/09/12,新宿店,OT-004,STAND COAT,OUTER,GRAY,M,7200,6480,1,6480,720,0.1,店舗
ORD-202609-02077,2026/09/12,新宿店,TP-001,BASIC TEE,TOPS,GRAY,S,1400,1400,1,1400,0,0.0,店舗
ORD-202609-02103,2026/09/12,表参道店,KN-001,WOOL KNIT,KNIT,BEIGE,M,2500,2500,1,2500,0,0.0,店舗
ORD-202609-02142,2026/09/12,新宿店,TP-001,BASIC TEE,TOPS,BLACK,L,1400,1400,1,1400,0,0.0,店舗
ORD-202609-02170,2026/09/12,大阪店,SH-002,SUEDE BOOTS,SHOES,WHITE,L,2400,1800,1,1800,600,0.25,店舗
ORD-202609-02197,2026/09/12,新宿店,KN-002,CABLE KNIT,KNIT,WHITE,M,2000,1500,1,1500,500,0.25,店舗
ORD-202609-02200,2026/09/12,EC,JK-001,TECH JACKET,JACKET,KHAKI,XL,4500,4500,3,13500,0,0.0,オンライン
ORD-202609-02201,2026/09/12,大阪店,AC-002,SILK SCARF,ACCESSORY,BLACK,S,1000,1000,1,1000,0,0.0,店舗
ORD-202609-02216,2026/09/12,EC,PT-004,CARGO PANTS,PANTS,GRAY,M,2800,2100,1,2100,700,0.25,オンライン
ORD-202609-02221,2026/09/12,EC,KN-002,CABLE KNIT,KNIT,WHITE,L,2000,2000,1,2000,0,0.0,オンライン
ORD-202609-02236,2026/09/12,表参道店,PT-001,SLIM PANTS,PANTS,BLACK,XL,1800,1800,1,1800,0,0.0,店舗
ORD-202609-02256,2026/09/12,EC,KN-003,CREW KNIT,KNIT,BLACK,M,2000,2000,1,2000,0,0.0,オンライン
ORD-202609-02267,2026/09/12,表参道店,TP-003,BAND COLLAR SHIRT,TOPS,NAVY,M,1400,1400,2,2800,0,0.0,店舗
ORD-202609-02283,2026/09/12,新宿店,SH-001,LOW SNEAKER,SHOES,GRAY,XL,2400,2400,1,2400,0,0.0,店舗
ORD-202609-02287,2026/09/12,EC,OT-001,WOOL COAT,OUTER,WHITE,XL,6200,6200,1,6200,0,0.0,オンライン
ORD-202609-02333,2026/09/12,新宿店,AC-003,LEATHER BELT,ACCESSORY,GRAY,L,1000,1000,1,1000,0,0.0,店舗
ORD-202609-02371,2026/09/12,EC,JK-001,TECH JACKET,JACKET,BEIGE,XL,4500,4500,1,4500,0,0.0,オンライン
ORD-202609-02403,2026/09/12,表参道店,JK-001,TECH JACKET,JACKET,WHITE,S,4500,4500,1,4500,0,0.0,店舗
ORD-202609-02411,2026/09/12,大阪店,JK-001,TECH JACKET,JACKET,KHAKI,M,4500,4500,1,4500,0,0.0,店舗
ORD-202609-02456,2026/09/12,EC,BG-001,TOTE BAG,BAG,WHITE,M,1800,1800,1,1800,0,0.0,オンライン
ORD-202609-02470,2026/09/12,表参道店,TP-001,BASIC TEE,TOPS,GRAY,S,1400,1400,1,1400,0,0.0,店舗
ORD-202609-02471,2026/09/12,表参道店,TP-002,OX SHIRT,TOPS,GRAY,M,900,900,1,900,0,0.0,店舗
ORD-202609-02500,2026/09/12,表参道店,OT-003,MOD COAT,OUTER,BLACK,L,5200,5200,2,10400,0,0.0,店舗
ORD-202609-02501,2026/09/12,EC,SH-001,LOW SNEAKER,SHOES,BEIGE,L,2400,2400,3,7200,0,0.0,オンライン
ORD-202609-02537,2026/09/12,EC,SH-003,CHUKKA BOOTS,SHOES,BLACK,M,3900,3900,1,3900,0,0.0,オンライン
ORD-202609-02579,2026/09/12,EC,JK-001,TECH JACKET,JACKET,KHAKI,M,4500,4500,2,9000,0,0.0,オンライン
ORD-202609-02600,2026/09/12,EC,BG-003,2WAY BAG,BAG,GRAY,XL,1800,1800,1,1800,0,0.0,オンライン
ORD-202609-02605,2026/09/12,新宿店,KN-002,CABLE KNIT,KNIT,GRAY,L,2000,1800,2,3600,400,0.1,店舗
ORD-202609-02618,2026/09/12,EC,PT-003,TAPERED PANTS,PANTS,GRAY,M,2800,2380,1,2380,420,0.15,オンライン
ORD-202609-02627,2026/09/12,表参道店,TP-002,OX SHIRT,TOPS,BLACK,L,900,900,1,900,0,0.0,店舗
ORD-202609-02680,2026/09/12,新宿店,AC-001,WOOL CAP,ACCESSORY,BLACK,M,500,500,1,500,0,0.0,店舗
ORD-202609-02681,2026/09/12,EC,TP-001,BASIC TEE,TOPS,WHITE,L,1400,1400,1,1400,0,0.0,オンライン
ORD-202609-02684,2026/09/12,EC,PT-001,SLIM PANTS,PANTS,NAVY,M,1800,1800,1,1800,0,0.0,オンライン
ORD-202609-02740,2026/09/12,EC,JK-001,TECH JACKET,JACKET,BLACK,M,4500,3820,3,11460,2040,0.15,オンライン
ORD-202609-02767,2026/09/12,EC,BG-001,TOTE BAG,BAG,WHITE,M,1800,1260,1,1260,540,0.3,オンライン
ORD-202609-02768,2026/09/12,EC,SH-001,LOW SNEAKER,SHOES,BLACK,M,2400,2400,1,2400,0,0.0,オンライン
ORD-202609-02776,2026/09/12,EC,SH-004,COURT SNEAKER,SHOES,GRAY,L,3900,2920,1,2920,980,0.25,オンライン
ORD-202609-02777,2026/09/12,EC,JK-001,TECH JACKET,JACKET,GRAY,L,4500,4500,1,4500,0,0.0,オンライン
ORD-202609-02804,2026/09/12,EC,OT-001,WOOL COAT,OUTER,BEIGE,S,6200,6200,2,12400,0,0.0,オンライン
ORD-202609-02825,2026/09/12,大阪店,OT-001,WOOL COAT,OUTER,BLACK,XL,6200,6200,1,6200,0,0.0,店舗
ORD-202609-02832,2026/09/12,大阪店,OT-002,CHESTER COAT,OUTER,BLACK,M,6700,6700,1,6700,0,0.0,店舗
ORD-202609-02837,2026/09/12,新宿店,SH-002,SUEDE BOOTS,SHOES,GRAY,XL,2400,2400,1,2400,0,0.0,店舗
ORD-202609-02869,2026/09/12,大阪店,SH-001,LOW SNEAKER,SHOES,BEIGE,M,2400,2400,1,2400,0,0.0,店舗
ORD-202609-02894,2026/09/12,表参道店,PT-001,SLIM PANTS,PANTS,BLACK,L,1800,1800,2,3600,0,0.0,店舗
ORD-202609-02907,2026/09/12,EC,PT-001,SLIM PANTS,PANTS,NAVY,L,1800,1800,1,1800,0,0.0,オンライン
ORD-202609-02909,2026/09/12,EC,OT-003,MOD COAT,OUTER,BEIGE,L,5200,5200,1,5200,0,0.0,オンライン
ORD-202609-02960,2026/09/12,EC,SH-001,LOW SNEAKER,SHOES,WHITE,M,2400,2400,1,2400,0,0.0,オンライン
ORD-202609-02967,2026/09/12,EC,AC-001,WOOL CAP,ACCESSORY,KHAKI,M,500,500,2,1000,0,0.0,オンライン
ORD-202609-02991,2026/09/12,大阪店,OT-002,CHESTER COAT,OUTER,NAVY,S,6700,5360,1,5360,1340,0.2,店舗
ORD-202609-00006,2026/09/13,EC,AC-003,LEATHER BELT,ACCESSORY,BLACK,L,1000,1000,1,1000,0,0.0,オンライン
ORD-202609-00044,2026/09/13,新宿店,KN-002,CABLE KNIT,KNIT,WHITE,XL,2000,2000,1,2000,0,0.0,店舗
ORD-202609-00047,2026/09/13,大阪店,TP-003,BAND COLLAR SHIRT,TOPS,BLACK,M,1400,1400,2,2800,0,0.0,店舗
ORD-202609-00051,2026/09/13,大阪店,SH-001,LOW SNEAKER,SHOES,NAVY,M,2400,2400,2,4800,0,0.0,店舗
ORD-202609-00068,2026/09/13,大阪店,OT-005,BALMACAAN COAT,OUTER,BEIGE,M,6700,6700,1,6700,0,0.0,店舗
ORD-202609-00073,2026/09/13,表参道店,OT-003,MOD COAT,OUTER,WHITE,L,5200,5200,1,5200,0,0.0,店舗
ORD-202609-00106,2026/09/13,新宿店,PT-003,TAPERED PANTS,PANTS,KHAKI,S,2800,2800,1,2800,0,0.0,店舗
ORD-202609-00112,2026/09/13,大阪店,AC-003,LEATHER BELT,ACCESSORY,KHAKI,S,1000,1000,1,1000,0,0.0,店舗
ORD-202609-00210,2026/09/13,EC,KN-001,WOOL KNIT,KNIT,KHAKI,L,2500,2500,1,2500,0,0.0,オンライン
ORD-202609-00253,2026/09/13,大阪店,JK-005,MDS JACKET,JACKET,GRAY,L,4000,4000,1,4000,0,0.0,店舗
ORD-202609-00271,2026/09/13,大阪店,SH-003,CHUKKA BOOTS,SHOES,NAVY,L,3900,3900,1,3900,0,0.0,店舗
ORD-202609-00299,2026/09/13,新宿店,SH-004,COURT SNEAKER,SHOES,WHITE,S,3900,3900,2,7800,0,0.0,店舗
ORD-202609-00305,2026/09/13,表参道店,TP-001,BASIC TEE,TOPS,KHAKI,M,1400,1190,1,1190,210,0.15,店舗
ORD-202609-00335,2026/09/13,表参道店,PT-003,TAPERED PANTS,PANTS,BLACK,M,2800,2800,1,2800,0,0.0,店舗
ORD-202609-00339,2026/09/13,EC,AC-005,TOTE CHARM,ACCESSORY,GRAY,M,1000,1000,1,1000,0,0.0,オンライン
ORD-202609-00381,2026/09/13,新宿店,BG-001,TOTE BAG,BAG,BEIGE,S,1800,1800,1,1800,0,0.0,店舗
ORD-202609-00386,2026/09/13,EC,PT-001,SLIM PANTS,PANTS,BEIGE,L,1800,1800,1,1800,0,0.0,オンライン
ORD-202609-00431,2026/09/13,新宿店,TP-003,BAND COLLAR SHIRT,TOPS,GRAY,L,1400,1050,1,1050,350,0.25,店舗
ORD-202609-00454,2026/09/13,EC,KN-003,CREW KNIT,KNIT,WHITE,S,2000,2000,1,2000,0,0.0,オンライン
ORD-202609-00466,2026/09/13,EC,KN-001,WOOL KNIT,KNIT,WHITE,L,2500,2500,1,2500,0,0.0,オンライン
ORD-202609-00467,2026/09/13,EC,SH-001,LOW SNEAKER,SHOES,NAVY,M,2400,2040,3,6120,1080,0.15,オンライン
ORD-202609-00492,2026/09/13,EC,PT-005,CHINO PANTS,PANTS,WHITE,M,2300,2300,3,6900,0,0.0,オンライン
ORD-202609-00516,2026/09/13,新宿店,JK-001,TECH JACKET,JACKET,GRAY,M,4500,4500,1,4500,0,0.0,店舗
ORD-202609-00551,2026/09/13,EC,AC-002,SILK SCARF,ACCESSORY,BLACK,L,1000,1000,1,1000,0,0.0,オンライン
ORD-202609-00574,2026/09/13,EC,KN-001,WOOL KNIT,KNIT,KHAKI,S,2500,2500,2,5000,0,0.0,オンライン
ORD-202609-00590,2026/09/13,EC,OT-001,WOOL COAT,OUTER,GRAY,XL,6200,5270,1,5270,930,0.15,オンライン
ORD-202609-00598,2026/09/13,新宿店,JK-003,QUILTED JACKET,JACKET,NAVY,M,5000,3750,1,3750,1250,0.25,店舗
ORD-202609-00605,2026/09/13,EC,KN-005,COTTON KNIT,KNIT,BLACK,S,2500,2500,1,2500,0,0.0,オンライン
ORD-202609-00611,2026/09/13,表参道店,SH-002,SUEDE BOOTS,SHOES,BLACK,S,2400,2400,1,2400,0,0.0,店舗
ORD-202609-00661,2026/09/13,表参道店,BG-002,SHOULDER BAG,BAG,BEIGE,XL,3300,3300,2,6600,0,0.0,店舗
ORD-202609-00669,2026/09/13,表参道店,AC-002,SILK SCARF,ACCESSORY,BLACK,XL,1000,1000,1,1000,0,0.0,店舗
ORD-202609-00714,2026/09/13,大阪店,KN-001,WOOL KNIT,KNIT,KHAKI,XL,2500,2500,1,2500,0,0.0,店舗
ORD-202609-00734,2026/09/13,EC,OT-001,WOOL COAT,OUTER,WHITE,L,6200,6200,1,6200,0,0.0,オンライン
ORD-202609-00749,2026/09/13,EC,TP-002,OX SHIRT,TOPS,NAVY,L,900,900,1,900,0,0.0,オンライン
ORD-202609-00819,2026/09/13,表参道店,BG-001,TOTE BAG,BAG,BLACK,L,1800,1260,1,1260,540,0.3,店舗
ORD-202609-00836,2026/09/13,新宿店,KN-001,WOOL KNIT,KNIT,BLACK,L,2500,2500,3,7500,0,0.0,店舗
ORD-202609-00870,2026/09/13,大阪店,TP-003,BAND COLLAR SHIRT,TOPS,NAVY,L,1400,1400,2,2800,0,0.0,店舗
ORD-202609-00872,2026/09/13,新宿店,JK-002,SHELL JACKET,JACKET,NAVY,M,3000,3000,1,3000,0,0.0,店舗
ORD-202609-00879,2026/09/13,EC,AC-003,LEATHER BELT,ACCESSORY,BEIGE,XL,1000,1000,1,1000,0,0.0,オンライン
ORD-202609-00896,2026/09/13,EC,TP-001,BASIC TEE,TOPS,BEIGE,M,1400,1400,2,2800,0,0.0,オンライン
ORD-202609-00906,2026/09/13,表参道店,PT-005,CHINO PANTS,PANTS,KHAKI,XL,2300,2300,1,2300,0,0.0,店舗
ORD-202609-00923,2026/09/13,大阪店,AC-003,LEATHER BELT,ACCESSORY,BLACK,XL,1000,1000,1,1000,0,0.0,店舗
ORD-202609-00969,2026/09/13,表参道店,BG-001,TOTE BAG,BAG,GRAY,M,1800,1800,2,3600,0,0.0,店舗
ORD-202609-01049,2026/09/13,新宿店,BG-001,TOTE BAG,BAG,WHITE,XL,1800,1800,1,1800,0,0.0,店舗
ORD-202609-01063,2026/09/13,EC,KN-004,MOCK NECK KNIT,KNIT,BLACK,L,2000,1400,1,1400,600,0.3,オンライン
ORD-202609-01077,2026/09/13,新宿店,PT-001,SLIM PANTS,PANTS,BEIGE,L,1800,1800,1,1800,0,0.0,店舗
ORD-202609-01078,2026/09/13,大阪店,SH-001,LOW SNEAKER,SHOES,BLACK,M,2400,2400,1,2400,0,0.0,店舗
ORD-202609-01156,2026/09/13,表参道店,AC-001,WOOL CAP,ACCESSORY,BEIGE,XL,500,500,1,500,0,0.0,店舗
ORD-202609-01193,2026/09/13,表参道店,OT-001,WOOL COAT,OUTER,WHITE,M,6200,6200,2,12400,0,0.0,店舗
ORD-202609-01231,2026/09/13,表参道店,SH-003,CHUKKA BOOTS,SHOES,NAVY,M,3900,3900,1,3900,0,0.0,店舗
ORD-202609-01237,2026/09/13,新宿店,SH-002,SUEDE BOOTS,SHOES,BEIGE,M,2400,2400,1,2400,0,0.0,店舗
ORD-202609-01252,2026/09/13,表参道店,KN-001,WOOL KNIT,KNIT,WHITE,M,2500,2500,1,2500,0,0.0,店舗
ORD-202609-01255,2026/09/13,表参道店,AC-001,WOOL CAP,ACCESSORY,WHITE,M,500,500,1,500,0,0.0,店舗
ORD-202609-01260,2026/09/13,新宿店,JK-003,QUILTED JACKET,JACKET,WHITE,M,5000,5000,1,5000,0,0.0,店舗
ORD-202609-01282,2026/09/13,大阪店,BG-003,2WAY BAG,BAG,WHITE,L,1800,1800,1,1800,0,0.0,店舗
ORD-202609-01387,2026/09/13,EC,KN-004,MOCK NECK KNIT,KNIT,KHAKI,M,2000,2000,3,6000,0,0.0,オンライン
ORD-202609-01395,2026/09/13,EC,AC-001,WOOL CAP,ACCESSORY,NAVY,S,500,350,3,1050,450,0.3,オンライン
ORD-202609-01432,2026/09/13,表参道店,JK-003,QUILTED JACKET,JACKET,GRAY,L,5000,5000,1,5000,0,0.0,店舗
ORD-202609-01467,2026/09/13,表参道店,KN-002,CABLE KNIT,KNIT,BEIGE,L,2000,2000,1,2000,0,0.0,店舗
ORD-202609-01475,2026/09/13,EC,SH-001,LOW SNEAKER,SHOES,BEIGE,XL,2400,2400,1,2400,0,0.0,オンライン
ORD-202609-01519,2026/09/13,表参道店,JK-001,TECH JACKET,JACKET,BLACK,L,4500,3820,2,7640,1360,0.15,店舗
ORD-202609-01544,2026/09/13,新宿店,AC-003,LEATHER BELT,ACCESSORY,GRAY,L,1000,850,1,850,150,0.15,店舗
ORD-202609-01604,2026/09/13,EC,TP-001,BASIC TEE,TOPS,BEIGE,XL,1400,1260,1,1260,140,0.1,オンライン
ORD-202609-01612,2026/09/13,EC,JK-001,TECH JACKET,JACKET,BLACK,L,4500,4500,1,4500,0,0.0,オンライン
ORD-202609-01631,2026/09/13,EC,OT-005,BALMACAAN COAT,OUTER,BEIGE,M,6700,6700,2,13400,0,0.0,オンライン
ORD-202609-01637,2026/09/13,新宿店,AC-002,SILK SCARF,ACCESSORY,WHITE,L,1000,1000,1,1000,0,0.0,店舗
ORD-202609-01652,2026/09/13,EC,OT-002,CHESTER COAT,OUTER,WHITE,S,6700,6030,2,12060,1340,0.1,オンライン
ORD-202609-01695,2026/09/13,EC,JK-001,TECH JACKET,JACKET,BLACK,XL,4500,4500,1,4500,0,0.0,オンライン
ORD-202609-01732,2026/09/13,大阪店,BG-001,TOTE BAG,BAG,GRAY,L,1800,1350,3,4050,1350,0.25,店舗
ORD-202609-01772,2026/09/13,大阪店,BG-002,SHOULDER BAG,BAG,BLACK,M,3300,2480,2,4960,1640,0.25,店舗
ORD-202609-01820,2026/09/13,EC,KN-002,CABLE KNIT,KNIT,BLACK,M,2000,2000,1,2000,0,0.0,オンライン
ORD-202609-01847,2026/09/13,大阪店,TP-001,BASIC TEE,TOPS,WHITE,S,1400,1400,2,2800,0,0.0,店舗
ORD-202609-01882,2026/09/13,表参道店,AC-001,WOOL CAP,ACCESSORY,BLACK,XL,500,500,2,1000,0,0.0,店舗
ORD-202609-01896,2026/09/13,EC,AC-005,TOTE CHARM,ACCESSORY,GRAY,M,1000,1000,1,1000,0,0.0,オンライン
ORD-202609-01940,2026/09/13,EC,JK-003,QUILTED JACKET,JACKET,BEIGE,XL,5000,3500,1,3500,1500,0.3,オンライン
ORD-202609-01958,2026/09/13,大阪店,KN-001,WOOL KNIT,KNIT,NAVY,M,2500,2000,2,4000,1000,0.2,店舗
ORD-202609-01966,2026/09/13,大阪店,AC-003,LEATHER BELT,ACCESSORY,BLACK,M,1000,1000,1,1000,0,0.0,店舗
ORD-202609-01976,2026/09/13,大阪店,TP-001,BASIC TEE,TOPS,BEIGE,L,1400,1400,1,1400,0,0.0,店舗
ORD-202609-01996,2026/09/13,EC,BG-001,TOTE BAG,BAG,WHITE,M,1800,1800,1,1800,0,0.0,オンライン
ORD-202609-02014,2026/09/13,新宿店,BG-001,TOTE BAG,BAG,BEIGE,M,1800,1530,1,1530,270,0.15,店舗
ORD-202609-02018,2026/09/13,EC,SH-001,LOW SNEAKER,SHOES,WHITE,L,2400,2400,1,2400,0,0.0,オンライン
ORD-202609-02043,2026/09/13,EC,JK-001,TECH JACKET,JACKET,BEIGE,L,4500,4500,1,4500,0,0.0,オンライン
ORD-202609-02046,2026/09/13,新宿店,JK-003,QUILTED JACKET,JACKET,GRAY,S,5000,5000,1,5000,0,0.0,店舗
ORD-202609-02048,2026/09/13,EC,SH-001,LOW SNEAKER,SHOES,NAVY,XL,2400,2400,1,2400,0,0.0,オンライン
ORD-202609-02074,2026/09/13,大阪店,BG-001,TOTE BAG,BAG,BEIGE,L,1800,1800,1,1800,0,0.0,店舗
ORD-202609-02100,2026/09/13,大阪店,TP-001,BASIC TEE,TOPS,NAVY,L,1400,1400,1,1400,0,0.0,店舗
ORD-202609-02145,2026/09/13,EC,JK-001,TECH JACKET,JACKET,NAVY,M,4500,4500,1,4500,0,0.0,オンライン
ORD-202609-02147,2026/09/13,EC,OT-001,WOOL COAT,OUTER,BLACK,XL,6200,6200,1,6200,0,0.0,オンライン
ORD-202609-02155,2026/09/13,新宿店,OT-001,WOOL COAT,OUTER,BLACK,M,6200,6200,1,6200,0,0.0,店舗
ORD-202609-02202,2026/09/13,表参道店,SH-001,LOW SNEAKER,SHOES,BLACK,XL,2400,2040,1,2040,360,0.15,店舗
ORD-202609-02230,2026/09/13,新宿店,TP-003,BAND COLLAR SHIRT,TOPS,BEIGE,S,1400,1400,1,1400,0,0.0,店舗
ORD-202609-02235,2026/09/13,新宿店,KN-002,CABLE KNIT,KNIT,BEIGE,XL,2000,2000,1,2000,0,0.0,店舗
ORD-202609-02269,2026/09/13,EC,BG-001,TOTE BAG,BAG,BEIGE,M,1800,1800,1,1800,0,0.0,オンライン
ORD-202609-02285,2026/09/13,EC,TP-003,BAND COLLAR SHIRT,TOPS,KHAKI,S,1400,980,1,980,420,0.3,オンライン
ORD-202609-02315,2026/09/13,大阪店,BG-001,TOTE BAG,BAG,BLACK,XL,1800,1620,1,1620,180,0.1,店舗
ORD-202609-02321,2026/09/13,EC,BG-001,TOTE BAG,BAG,WHITE,L,1800,1800,1,1800,0,0.0,オンライン
ORD-202609-02322,2026/09/13,表参道店,JK-003,QUILTED JACKET,JACKET,BLACK,S,5000,5000,1,5000,0,0.0,店舗
ORD-202609-02354,2026/09/13,EC,OT-001,WOOL COAT,OUTER,WHITE,M,6200,6200,2,12400,0,0.0,オンライン
ORD-202609-02370,2026/09/13,新宿店,BG-002,SHOULDER BAG,BAG,WHITE,L,3300,3300,1,3300,0,0.0,店舗
ORD-202609-02410,2026/09/13,EC,KN-002,CABLE KNIT,KNIT,WHITE,XL,2000,2000,2,4000,0,0.0,オンライン
ORD-202609-02424,2026/09/13,EC,JK-001,TECH JACKET,JACKET,GRAY,XL,4500,4500,2,9000,0,0.0,オンライン
ORD-202609-02435,2026/09/13,EC,BG-002,SHOULDER BAG,BAG,WHITE,M,3300,2480,1,2480,820,0.25,オンライン
ORD-202609-02454,2026/09/13,新宿店,TP-004,DRY TEE,TOPS,NAVY,M,1400,1400,1,1400,0,0.0,店舗
ORD-202609-02473,2026/09/13,EC,BG-004,MINI POUCH,BAG,BLACK,M,3800,3800,1,3800,0,0.0,オンライン
ORD-202609-02497,2026/09/13,新宿店,TP-002,OX SHIRT,TOPS,GRAY,S,900,900,1,900,0,0.0,店舗
ORD-202609-02515,2026/09/13,新宿店,PT-002,WIDE PANTS,PANTS,GRAY,XL,1800,1800,1,1800,0,0.0,店舗
ORD-202609-02531,2026/09/13,大阪店,PT-001,SLIM PANTS,PANTS,KHAKI,XL,1800,1800,1,1800,0,0.0,店舗
ORD-202609-02542,2026/09/13,EC,PT-003,TAPERED PANTS,PANTS,WHITE,L,2800,2800,1,2800,0,0.0,オンライン
ORD-202609-02550,2026/09/13,新宿店,KN-002,CABLE KNIT,KNIT,WHITE,S,2000,2000,1,2000,0,0.0,店舗
ORD-202609-02583,2026/09/13,大阪店,BG-002,SHOULDER BAG,BAG,BLACK,S,3300,3300,1,3300,0,0.0,店舗
ORD-202609-02609,2026/09/13,EC,BG-001,TOTE BAG,BAG,WHITE,L,1800,1800,1,1800,0,0.0,オンライン
ORD-202609-02626,2026/09/13,EC,PT-001,SLIM PANTS,PANTS,BLACK,M,1800,1530,1,1530,270,0.15,オンライン
ORD-202609-02644,2026/09/13,EC,KN-003,CREW KNIT,KNIT,KHAKI,S,2000,2000,1,2000,0,0.0,オンライン
ORD-202609-02645,2026/09/13,EC,SH-004,COURT SNEAKER,SHOES,KHAKI,M,3900,3120,1,3120,780,0.2,オンライン
ORD-202609-02689,2026/09/13,新宿店,SH-002,SUEDE BOOTS,SHOES,BLACK,L,2400,2400,1,2400,0,0.0,店舗
ORD-202609-02690,2026/09/13,新宿店,TP-002,OX SHIRT,TOPS,BLACK,XL,900,900,1,900,0,0.0,店舗
ORD-202609-02691,2026/09/13,EC,PT-001,SLIM PANTS,PANTS,KHAKI,L,1800,1800,1,1800,0,0.0,オンライン
ORD-202609-02703,2026/09/13,新宿店,JK-003,QUILTED JACKET,JACKET,KHAKI,XL,5000,5000,1,5000,0,0.0,店舗
ORD-202609-02732,2026/09/13,EC,SH-001,LOW SNEAKER,SHOES,BLACK,M,2400,1800,1,1800,600,0.25,オンライン
ORD-202609-02741,2026/09/13,大阪店,TP-002,OX SHIRT,TOPS,WHITE,L,900,900,1,900,0,0.0,店舗
ORD-202609-02779,2026/09/13,大阪店,AC-001,WOOL CAP,ACCESSORY,NAVY,S,500,500,1,500,0,0.0,店舗
ORD-202609-02788,2026/09/13,表参道店,AC-002,SILK SCARF,ACCESSORY,NAVY,L,1000,1000,1,1000,0,0.0,店舗
ORD-202609-02790,2026/09/13,大阪店,AC-001,WOOL CAP,ACCESSORY,GRAY,S,500,500,1,500,0,0.0,店舗
ORD-202609-02793,2026/09/13,EC,OT-002,CHESTER COAT,OUTER,WHITE,L,6700,6700,1,6700,0,0.0,オンライン
ORD-202609-02819,2026/09/13,大阪店,AC-002,SILK SCARF,ACCESSORY,WHITE,S,1000,900,2,1800,200,0.1,店舗
ORD-202609-02828,2026/09/13,表参道店,KN-002,CABLE KNIT,KNIT,KHAKI,M,2000,2000,1,2000,0,0.0,店舗
ORD-202609-02847,2026/09/13,表参道店,TP-001,BASIC TEE,TOPS,BLACK,M,1400,1400,1,1400,0,0.0,店舗
ORD-202609-02871,2026/09/13,表参道店,TP-002,OX SHIRT,TOPS,BEIGE,L,900,900,1,900,0,0.0,店舗
ORD-202609-02964,2026/09/13,表参道店,TP-001,BASIC TEE,TOPS,WHITE,M,1400,1400,1,1400,0,0.0,店舗
ORD-202609-02981,2026/09/13,大阪店,SH-003,CHUKKA BOOTS,SHOES,BEIGE,L,3900,3900,1,3900,0,0.0,店舗
ORD-202609-00010,2026/09/14,大阪店,KN-002,CABLE KNIT,KNIT,GRAY,L,2000,2000,1,2000,0,0.0,店舗
ORD-202609-00115,2026/09/14,EC,BG-001,TOTE BAG,BAG,BEIGE,L,1800,1800,1,1800,0,0.0,オンライン
ORD-202609-00122,2026/09/14,表参道店,PT-001,SLIM PANTS,PANTS,GRAY,L,1800,1800,2,3600,0,0.0,店舗
ORD-202609-00151,2026/09/14,表参道店,PT-001,SLIM PANTS,PANTS,BEIGE,S,1800,1530,2,3060,540,0.15,店舗
ORD-202609-00195,2026/09/14,大阪店,TP-002,OX SHIRT,TOPS,BLACK,M,900,900,1,900,0,0.0,店舗
ORD-202609-00234,2026/09/14,EC,PT-001,SLIM PANTS,PANTS,NAVY,L,1800,1800,1,1800,0,0.0,オンライン
ORD-202609-00338,2026/09/14,表参道店,TP-003,BAND COLLAR SHIRT,TOPS,WHITE,XL,1400,1400,1,1400,0,0.0,店舗
ORD-202609-00361,2026/09/14,EC,BG-001,TOTE BAG,BAG,BEIGE,M,1800,1800,1,1800,0,0.0,オンライン
ORD-202609-00434,2026/09/14,EC,JK-002,SHELL JACKET,JACKET,BLACK,S,3000,3000,1,3000,0,0.0,オンライン
ORD-202609-00448,2026/09/14,大阪店,JK-003,QUILTED JACKET,JACKET,WHITE,M,5000,5000,1,5000,0,0.0,店舗
ORD-202609-00451,2026/09/14,新宿店,BG-001,TOTE BAG,BAG,GRAY,XL,1800,1800,1,1800,0,0.0,店舗
ORD-202609-00499,2026/09/14,新宿店,PT-003,TAPERED PANTS,PANTS,KHAKI,M,2800,2380,1,2380,420,0.15,店舗
ORD-202609-00553,2026/09/14,大阪店,PT-001,SLIM PANTS,PANTS,BLACK,L,1800,1800,1,1800,0,0.0,店舗
ORD-202609-00583,2026/09/14,大阪店,OT-003,MOD COAT,OUTER,BLACK,L,5200,5200,1,5200,0,0.0,店舗
ORD-202609-00615,2026/09/14,EC,PT-001,SLIM PANTS,PANTS,NAVY,M,1800,1800,1,1800,0,0.0,オンライン
ORD-202609-00719,2026/09/14,新宿店,PT-001,SLIM PANTS,PANTS,NAVY,M,1800,1800,1,1800,0,0.0,店舗
ORD-202609-00785,2026/09/14,新宿店,AC-001,WOOL CAP,ACCESSORY,NAVY,S,500,500,1,500,0,0.0,店舗
ORD-202609-00787,2026/09/14,大阪店,TP-001,BASIC TEE,TOPS,NAVY,M,1400,1400,1,1400,0,0.0,店舗
ORD-202609-00801,2026/09/14,EC,OT-001,WOOL COAT,OUTER,GRAY,L,6200,6200,1,6200,0,0.0,オンライン
ORD-202609-00814,2026/09/14,表参道店,TP-001,BASIC TEE,TOPS,NAVY,M,1400,1400,1,1400,0,0.0,店舗
ORD-202609-00887,2026/09/14,表参道店,JK-001,TECH JACKET,JACKET,BEIGE,L,4500,4500,1,4500,0,0.0,店舗
ORD-202609-00899,2026/09/14,EC,AC-003,LEATHER BELT,ACCESSORY,BLACK,XL,1000,900,1,900,100,0.1,オンライン
ORD-202609-00930,2026/09/14,表参道店,SH-001,LOW SNEAKER,SHOES,BEIGE,M,2400,2400,1,2400,0,0.0,店舗
ORD-202609-00992,2026/09/14,大阪店,SH-003,CHUKKA BOOTS,SHOES,WHITE,M,3900,3900,1,3900,0,0.0,店舗
ORD-202609-00993,2026/09/14,表参道店,PT-003,TAPERED PANTS,PANTS,KHAKI,L,2800,2800,1,2800,0,0.0,店舗
ORD-202609-01009,2026/09/14,EC,OT-001,WOOL COAT,OUTER,BLACK,M,6200,6200,1,6200,0,0.0,オンライン
ORD-202609-01138,2026/09/14,新宿店,BG-001,TOTE BAG,BAG,BEIGE,L,1800,1800,1,1800,0,0.0,店舗
ORD-202609-01172,2026/09/14,表参道店,BG-002,SHOULDER BAG,BAG,BEIGE,L,3300,3300,1,3300,0,0.0,店舗
ORD-202609-01224,2026/09/14,EC,TP-001,BASIC TEE,TOPS,WHITE,L,1400,1120,3,3360,840,0.2,オンライン
ORD-202609-01232,2026/09/14,表参道店,OT-003,MOD COAT,OUTER,WHITE,M,5200,5200,1,5200,0,0.0,店舗
ORD-202609-01290,2026/09/14,EC,BG-005,BACKPACK,BAG,NAVY,M,3800,3800,1,3800,0,0.0,オンライン
ORD-202609-01302,2026/09/14,EC,PT-002,WIDE PANTS,PANTS,NAVY,S,1800,1440,1,1440,360,0.2,オンライン
ORD-202609-01408,2026/09/14,新宿店,OT-004,STAND COAT,OUTER,NAVY,L,7200,7200,3,21600,0,0.0,店舗
ORD-202609-01508,2026/09/14,新宿店,PT-003,TAPERED PANTS,PANTS,BLACK,XL,2800,2800,2,5600,0,0.0,店舗
ORD-202609-01558,2026/09/14,EC,SH-001,LOW SNEAKER,SHOES,KHAKI,M,2400,1920,2,3840,960,0.2,オンライン
ORD-202609-01566,2026/09/14,EC,TP-001,BASIC TEE,TOPS,NAVY,M,1400,1120,1,1120,280,0.2,オンライン
ORD-202609-01646,2026/09/14,新宿店,OT-002,CHESTER COAT,OUTER,BLACK,L,6700,6700,1,6700,0,0.0,店舗
ORD-202609-01647,2026/09/14,表参道店,SH-003,CHUKKA BOOTS,SHOES,BLACK,M,3900,3900,1,3900,0,0.0,店舗
ORD-202609-01714,2026/09/14,新宿店,AC-001,WOOL CAP,ACCESSORY,NAVY,S,500,500,1,500,0,0.0,店舗
ORD-202609-01727,2026/09/14,大阪店,SH-002,SUEDE BOOTS,SHOES,WHITE,L,2400,2040,1,2040,360,0.15,店舗
ORD-202609-01769,2026/09/14,大阪店,BG-002,SHOULDER BAG,BAG,BLACK,S,3300,3300,2,6600,0,0.0,店舗
ORD-202609-01770,2026/09/14,大阪店,JK-001,TECH JACKET,JACKET,NAVY,L,4500,4500,3,13500,0,0.0,店舗
ORD-202609-01893,2026/09/14,EC,SH-001,LOW SNEAKER,SHOES,NAVY,M,2400,2400,1,2400,0,0.0,オンライン
ORD-202609-01903,2026/09/14,表参道店,OT-002,CHESTER COAT,OUTER,BLACK,M,6700,5700,1,5700,1000,0.15,店舗
ORD-202609-01904,2026/09/14,大阪店,PT-003,TAPERED PANTS,PANTS,BEIGE,L,2800,2240,2,4480,1120,0.2,店舗
ORD-202609-01987,2026/09/14,EC,SH-002,SUEDE BOOTS,SHOES,KHAKI,S,2400,2040,1,2040,360,0.15,オンライン
ORD-202609-02023,2026/09/14,新宿店,TP-001,BASIC TEE,TOPS,BLACK,L,1400,1400,1,1400,0,0.0,店舗
ORD-202609-02040,2026/09/14,新宿店,BG-002,SHOULDER BAG,BAG,NAVY,L,3300,2640,1,2640,660,0.2,店舗
ORD-202609-02051,2026/09/14,新宿店,PT-001,SLIM PANTS,PANTS,GRAY,L,1800,1800,2,3600,0,0.0,店舗
ORD-202609-02054,2026/09/14,EC,OT-001,WOOL COAT,OUTER,BEIGE,XL,6200,5270,2,10540,1860,0.15,オンライン
ORD-202609-02057,2026/09/14,新宿店,OT-002,CHESTER COAT,OUTER,WHITE,L,6700,6030,1,6030,670,0.1,店舗
ORD-202609-02093,2026/09/14,EC,KN-003,CREW KNIT,KNIT,BLACK,XL,2000,1500,1,1500,500,0.25,オンライン
ORD-202609-02150,2026/09/14,新宿店,OT-001,WOOL COAT,OUTER,BLACK,M,6200,6200,2,12400,0,0.0,店舗
ORD-202609-02163,2026/09/14,新宿店,OT-001,WOOL COAT,OUTER,WHITE,M,6200,6200,1,6200,0,0.0,店舗
ORD-202609-02179,2026/09/14,EC,KN-003,CREW KNIT,KNIT,GRAY,L,2000,2000,1,2000,0,0.0,オンライン
ORD-202609-02253,2026/09/14,EC,TP-001,BASIC TEE,TOPS,BLACK,XL,1400,1400,1,1400,0,0.0,オンライン
ORD-202609-02320,2026/09/14,新宿店,PT-002,WIDE PANTS,PANTS,NAVY,XL,1800,1800,1,1800,0,0.0,店舗
ORD-202609-02427,2026/09/14,新宿店,SH-004,COURT SNEAKER,SHOES,NAVY,L,3900,3900,1,3900,0,0.0,店舗
ORD-202609-02463,2026/09/14,EC,AC-003,LEATHER BELT,ACCESSORY,NAVY,S,1000,700,1,700,300,0.3,オンライン
ORD-202609-02464,2026/09/14,表参道店,KN-004,MOCK NECK KNIT,KNIT,WHITE,M,2000,1700,1,1700,300,0.15,店舗
ORD-202609-02486,2026/09/14,EC,BG-001,TOTE BAG,BAG,NAVY,XL,1800,1530,1,1530,270,0.15,オンライン
ORD-202609-02556,2026/09/14,新宿店,BG-002,SHOULDER BAG,BAG,BEIGE,L,3300,3300,1,3300,0,0.0,店舗
ORD-202609-02601,2026/09/14,表参道店,PT-001,SLIM PANTS,PANTS,BLACK,L,1800,1800,1,1800,0,0.0,店舗
ORD-202609-02676,2026/09/14,表参道店,JK-002,SHELL JACKET,JACKET,BEIGE,XL,3000,3000,2,6000,0,0.0,店舗
ORD-202609-02702,2026/09/14,新宿店,AC-001,WOOL CAP,ACCESSORY,BLACK,M,500,500,1,500,0,0.0,店舗
ORD-202609-02715,2026/09/14,大阪店,AC-001,WOOL CAP,ACCESSORY,NAVY,XL,500,500,1,500,0,0.0,店舗
ORD-202609-02719,2026/09/14,大阪店,KN-002,CABLE KNIT,KNIT,BLACK,S,2000,2000,1,2000,0,0.0,店舗
ORD-202609-02720,2026/09/14,EC,AC-003,LEATHER BELT,ACCESSORY,BLACK,M,1000,1000,2,2000,0,0.0,オンライン
ORD-202609-02723,2026/09/14,新宿店,PT-003,TAPERED PANTS,PANTS,BEIGE,S,2800,2800,1,2800,0,0.0,店舗
ORD-202609-02755,2026/09/14,新宿店,OT-003,MOD COAT,OUTER,BLACK,L,5200,5200,1,5200,0,0.0,店舗
ORD-202609-02759,2026/09/14,EC,BG-003,2WAY BAG,BAG,BLACK,L,1800,1800,1,1800,0,0.0,オンライン
ORD-202609-02796,2026/09/14,新宿店,KN-001,WOOL KNIT,KNIT,BLACK,L,2500,2500,1,2500,0,0.0,店舗
ORD-202609-02844,2026/09/14,EC,TP-001,BASIC TEE,TOPS,NAVY,XL,1400,1400,1,1400,0,0.0,オンライン
ORD-202609-02846,2026/09/14,表参道店,KN-003,CREW KNIT,KNIT,GRAY,M,2000,2000,1,2000,0,0.0,店舗
ORD-202609-02848,2026/09/14,表参道店,JK-002,SHELL JACKET,JACKET,GRAY,L,3000,2400,1,2400,600,0.2,店舗
ORD-202609-02895,2026/09/14,新宿店,TP-001,BASIC TEE,TOPS,KHAKI,XL,1400,1050,2,2100,700,0.25,店舗
ORD-202609-02917,2026/09/14,EC,BG-001,TOTE BAG,BAG,BEIGE,M,1800,1530,1,1530,270,0.15,オンライン
ORD-202609-02950,2026/09/14,大阪店,AC-001,WOOL CAP,ACCESSORY,BLACK,L,500,500,2,1000,0,0.0,店舗
ORD-202609-02951,2026/09/14,EC,PT-001,SLIM PANTS,PANTS,NAVY,XL,1800,1800,1,1800,0,0.0,オンライン
ORD-202609-02978,2026/09/14,新宿店,JK-005,MDS JACKET,JACKET,NAVY,M,4000,4000,1,4000,0,0.0,店舗
ORD-202609-02994,2026/09/14,新宿店,BG-002,SHOULDER BAG,BAG,NAVY,S,3300,3300,1,3300,0,0.0,店舗
ORD-202609-00002,2026/09/15,EC,JK-001,TECH JACKET,JACKET,WHITE,M,4500,3150,2,6300,2700,0.3,オンライン
ORD-202609-00020,2026/09/15,EC,KN-001,WOOL KNIT,KNIT,KHAKI,M,2500,2000,2,4000,1000,0.2,オンライン
ORD-202609-00088,2026/09/15,表参道店,OT-003,MOD COAT,OUTER,WHITE,L,5200,5200,1,5200,0,0.0,店舗
ORD-202609-00104,2026/09/15,新宿店,JK-005,MDS JACKET,JACKET,WHITE,M,4000,4000,1,4000,0,0.0,店舗
ORD-202609-00183,2026/09/15,新宿店,JK-001,TECH JACKET,JACKET,BLACK,M,4500,4500,2,9000,0,0.0,店舗
ORD-202609-00224,2026/09/15,EC,PT-002,WIDE PANTS,PANTS,NAVY,M,1800,1800,1,1800,0,0.0,オンライン
ORD-202609-00270,2026/09/15,大阪店,OT-001,WOOL COAT,OUTER,KHAKI,XL,6200,6200,1,6200,0,0.0,店舗
ORD-202609-00323,2026/09/15,表参道店,SH-002,SUEDE BOOTS,SHOES,GRAY,L,2400,2400,3,7200,0,0.0,店舗
ORD-202609-00340,2026/09/15,新宿店,TP-001,BASIC TEE,TOPS,BEIGE,M,1400,1400,1,1400,0,0.0,店舗
ORD-202609-00346,2026/09/15,表参道店,OT-002,CHESTER COAT,OUTER,WHITE,M,6700,6700,1,6700,0,0.0,店舗
ORD-202609-00433,2026/09/15,新宿店,TP-001,BASIC TEE,TOPS,BEIGE,S,1400,1260,1,1260,140,0.1,店舗
ORD-202609-00469,2026/09/15,表参道店,TP-003,BAND COLLAR SHIRT,TOPS,BLACK,XL,1400,1400,1,1400,0,0.0,店舗
ORD-202609-00506,2026/09/15,EC,OT-001,WOOL COAT,OUTER,NAVY,L,6200,6200,2,12400,0,0.0,オンライン
ORD-202609-00511,2026/09/15,新宿店,PT-001,SLIM PANTS,PANTS,NAVY,L,1800,1440,2,2880,720,0.2,店舗
ORD-202609-00521,2026/09/15,表参道店,TP-001,BASIC TEE,TOPS,BEIGE,S,1400,1400,1,1400,0,0.0,店舗
ORD-202609-00528,2026/09/15,表参道店,OT-001,WOOL COAT,OUTER,KHAKI,L,6200,6200,1,6200,0,0.0,店舗
ORD-202609-00571,2026/09/15,新宿店,OT-001,WOOL COAT,OUTER,BLACK,XL,6200,6200,1,6200,0,0.0,店舗
ORD-202609-00607,2026/09/15,EC,SH-001,LOW SNEAKER,SHOES,BEIGE,M,2400,2400,1,2400,0,0.0,オンライン
ORD-202609-00609,2026/09/15,EC,PT-002,WIDE PANTS,PANTS,GRAY,L,1800,1260,1,1260,540,0.3,オンライン
ORD-202609-00622,2026/09/15,大阪店,AC-001,WOOL CAP,ACCESSORY,GRAY,XL,500,500,1,500,0,0.0,店舗
ORD-202609-00705,2026/09/15,新宿店,TP-005,LINEN SHIRT,TOPS,BLACK,M,1400,1190,1,1190,210,0.15,店舗
ORD-202609-00805,2026/09/15,表参道店,TP-003,BAND COLLAR SHIRT,TOPS,BLACK,M,1400,1400,2,2800,0,0.0,店舗
ORD-202609-00939,2026/09/15,大阪店,SH-002,SUEDE BOOTS,SHOES,KHAKI,L,2400,1680,1,1680,720,0.3,店舗
ORD-202609-00990,2026/09/15,新宿店,AC-001,WOOL CAP,ACCESSORY,BEIGE,L,500,500,1,500,0,0.0,店舗
ORD-202609-01037,2026/09/15,表参道店,OT-005,BALMACAAN COAT,OUTER,BLACK,L,6700,6700,2,13400,0,0.0,店舗
ORD-202609-01057,2026/09/15,EC,PT-001,SLIM PANTS,PANTS,KHAKI,XL,1800,1800,1,1800,0,0.0,オンライン
ORD-202609-01127,2026/09/15,新宿店,OT-003,MOD COAT,OUTER,KHAKI,L,5200,5200,2,10400,0,0.0,店舗
ORD-202609-01155,2026/09/15,表参道店,BG-001,TOTE BAG,BAG,WHITE,M,1800,1800,1,1800,0,0.0,店舗
ORD-202609-01167,2026/09/15,新宿店,SH-002,SUEDE BOOTS,SHOES,BLACK,XL,2400,2400,1,2400,0,0.0,店舗
ORD-202609-01314,2026/09/15,新宿店,BG-001,TOTE BAG,BAG,NAVY,XL,1800,1800,2,3600,0,0.0,店舗
ORD-202609-01315,2026/09/15,EC,OT-001,WOOL COAT,OUTER,NAVY,S,6200,6200,1,6200,0,0.0,オンライン
ORD-202609-01333,2026/09/15,大阪店,PT-001,SLIM PANTS,PANTS,BLACK,M,1800,1440,1,1440,360,0.2,店舗
ORD-202609-01341,2026/09/15,新宿店,TP-005,LINEN SHIRT,TOPS,BLACK,L,1400,1260,1,1260,140,0.1,店舗
ORD-202609-01354,2026/09/15,大阪店,SH-002,SUEDE BOOTS,SHOES,GRAY,M,2400,2160,1,2160,240,0.1,店舗
ORD-202609-01362,2026/09/15,EC,OT-004,STAND COAT,OUTER,GRAY,S,7200,5040,1,5040,2160,0.3,オンライン
ORD-202609-01381,2026/09/15,EC,BG-001,TOTE BAG,BAG,BLACK,L,1800,1800,1,1800,0,0.0,オンライン
ORD-202609-01409,2026/09/15,新宿店,SH-001,LOW SNEAKER,SHOES,BEIGE,L,2400,2400,1,2400,0,0.0,店舗
ORD-202609-01488,2026/09/15,新宿店,KN-001,WOOL KNIT,KNIT,WHITE,M,2500,2250,1,2250,250,0.1,店舗
ORD-202609-01513,2026/09/15,EC,SH-001,LOW SNEAKER,SHOES,KHAKI,M,2400,2400,1,2400,0,0.0,オンライン
ORD-202609-01530,2026/09/15,新宿店,SH-001,LOW SNEAKER,SHOES,BLACK,S,2400,2400,2,4800,0,0.0,店舗
ORD-202609-01552,2026/09/15,大阪店,AC-003,LEATHER BELT,ACCESSORY,NAVY,M,1000,850,1,850,150,0.15,店舗
ORD-202609-01561,2026/09/15,EC,KN-001,WOOL KNIT,KNIT,BLACK,S,2500,1750,1,1750,750,0.3,オンライン
ORD-202609-01567,2026/09/15,EC,SH-001,LOW SNEAKER,SHOES,BLACK,XL,2400,2400,1,2400,0,0.0,オンライン
ORD-202609-01622,2026/09/15,EC,JK-003,QUILTED JACKET,JACKET,BLACK,M,5000,5000,1,5000,0,0.0,オンライン
ORD-202609-01701,2026/09/15,EC,PT-001,SLIM PANTS,PANTS,KHAKI,M,1800,1800,1,1800,0,0.0,オンライン
ORD-202609-01734,2026/09/15,表参道店,OT-001,WOOL COAT,OUTER,WHITE,L,6200,6200,1,6200,0,0.0,店舗
ORD-202609-01768,2026/09/15,表参道店,PT-001,SLIM PANTS,PANTS,NAVY,XL,1800,1800,1,1800,0,0.0,店舗
ORD-202609-01784,2026/09/15,表参道店,TP-001,BASIC TEE,TOPS,KHAKI,XL,1400,1260,2,2520,280,0.1,店舗
ORD-202609-01786,2026/09/15,表参道店,JK-001,TECH JACKET,JACKET,WHITE,XL,4500,4500,1,4500,0,0.0,店舗
ORD-202609-01790,2026/09/15,EC,JK-002,SHELL JACKET,JACKET,GRAY,M,3000,2550,1,2550,450,0.15,オンライン
ORD-202609-01796,2026/09/15,EC,SH-001,LOW SNEAKER,SHOES,GRAY,L,2400,1680,1,1680,720,0.3,オンライン
ORD-202609-01829,2026/09/15,EC,SH-001,LOW SNEAKER,SHOES,BLACK,M,2400,2400,2,4800,0,0.0,オンライン
ORD-202609-01836,2026/09/15,大阪店,AC-002,SILK SCARF,ACCESSORY,BLACK,S,1000,850,1,850,150,0.15,店舗
ORD-202609-01891,2026/09/15,大阪店,JK-002,SHELL JACKET,JACKET,KHAKI,L,3000,3000,1,3000,0,0.0,店舗
ORD-202609-01960,2026/09/15,大阪店,SH-001,LOW SNEAKER,SHOES,NAVY,M,2400,1680,1,1680,720,0.3,店舗
ORD-202609-01979,2026/09/15,新宿店,AC-001,WOOL CAP,ACCESSORY,WHITE,L,500,350,1,350,150,0.3,店舗
ORD-202609-01990,2026/09/15,EC,OT-002,CHESTER COAT,OUTER,GRAY,L,6700,5360,1,5360,1340,0.2,オンライン
ORD-202609-01998,2026/09/15,表参道店,OT-005,BALMACAAN COAT,OUTER,BEIGE,L,6700,6700,1,6700,0,0.0,店舗
ORD-202609-02007,2026/09/15,新宿店,KN-001,WOOL KNIT,KNIT,GRAY,XL,2500,2500,1,2500,0,0.0,店舗
ORD-202609-02022,2026/09/15,EC,JK-004,DENIM JACKET,JACKET,GRAY,XL,5000,4250,1,4250,750,0.15,オンライン
ORD-202609-02082,2026/09/15,大阪店,OT-001,WOOL COAT,OUTER,WHITE,L,6200,6200,2,12400,0,0.0,店舗
ORD-202609-02101,2026/09/15,大阪店,SH-001,LOW SNEAKER,SHOES,WHITE,XL,2400,1680,1,1680,720,0.3,店舗
ORD-202609-02126,2026/09/15,EC,BG-001,TOTE BAG,BAG,BLACK,S,1800,1800,1,1800,0,0.0,オンライン
ORD-202609-02138,2026/09/15,新宿店,SH-002,SUEDE BOOTS,SHOES,BEIGE,L,2400,2400,1,2400,0,0.0,店舗
ORD-202609-02187,2026/09/15,EC,JK-001,TECH JACKET,JACKET,KHAKI,L,4500,4500,1,4500,0,0.0,オンライン
ORD-202609-02227,2026/09/15,大阪店,AC-002,SILK SCARF,ACCESSORY,BLACK,M,1000,1000,1,1000,0,0.0,店舗
ORD-202609-02386,2026/09/15,大阪店,PT-001,SLIM PANTS,PANTS,GRAY,L,1800,1800,1,1800,0,0.0,店舗
ORD-202609-02442,2026/09/15,表参道店,BG-004,MINI POUCH,BAG,WHITE,S,3800,3800,3,11400,0,0.0,店舗
ORD-202609-02449,2026/09/15,EC,JK-001,TECH JACKET,JACKET,BEIGE,L,4500,4500,1,4500,0,0.0,オンライン
ORD-202609-02481,2026/09/15,新宿店,SH-002,SUEDE BOOTS,SHOES,WHITE,L,2400,2040,2,4080,720,0.15,店舗
ORD-202609-02613,2026/09/15,EC,TP-002,OX SHIRT,TOPS,BLACK,XL,900,900,1,900,0,0.0,オンライン
ORD-202609-02648,2026/09/15,新宿店,JK-001,TECH JACKET,JACKET,NAVY,L,4500,4050,1,4050,450,0.1,店舗
ORD-202609-02670,2026/09/15,EC,SH-001,LOW SNEAKER,SHOES,BLACK,L,2400,2400,2,4800,0,0.0,オンライン
ORD-202609-02706,2026/09/15,新宿店,KN-003,CREW KNIT,KNIT,WHITE,M,2000,2000,1,2000,0,0.0,店舗
ORD-202609-02716,2026/09/15,表参道店,AC-005,TOTE CHARM,ACCESSORY,KHAKI,L,1000,900,1,900,100,0.1,店舗
ORD-202609-02722,2026/09/15,新宿店,JK-003,QUILTED JACKET,JACKET,WHITE,M,5000,4250,1,4250,750,0.15,店舗
ORD-202609-02725,2026/09/15,新宿店,SH-004,COURT SNEAKER,SHOES,KHAKI,L,3900,3120,1,3120,780,0.2,店舗
ORD-202609-02903,2026/09/15,EC,KN-001,WOOL KNIT,KNIT,NAVY,S,2500,2500,1,2500,0,0.0,オンライン
ORD-202609-02930,2026/09/15,新宿店,BG-001,TOTE BAG,BAG,BLACK,S,1800,1800,1,1800,0,0.0,店舗
ORD-202609-02958,2026/09/15,EC,TP-002,OX SHIRT,TOPS,KHAKI,M,900,760,1,760,140,0.15,オンライン
ORD-202609-02998,2026/09/15,表参道店,KN-001,WOOL KNIT,KNIT,WHITE,M,2500,2500,1,2500,0,0.0,店舗
ORD-202609-00033,2026/09/16,EC,KN-002,CABLE KNIT,KNIT,GRAY,M,2000,2000,1,2000,0,0.0,オンライン
ORD-202609-00038,2026/09/16,EC,OT-001,WOOL COAT,OUTER,NAVY,L,6200,6200,2,12400,0,0.0,オンライン
ORD-202609-00072,2026/09/16,大阪店,AC-001,WOOL CAP,ACCESSORY,BLACK,S,500,400,1,400,100,0.2,店舗
ORD-202609-00076,2026/09/16,表参道店,BG-002,SHOULDER BAG,BAG,BLACK,S,3300,3300,1,3300,0,0.0,店舗
ORD-202609-00105,2026/09/16,大阪店,BG-002,SHOULDER BAG,BAG,GRAY,M,3300,3300,1,3300,0,0.0,店舗
ORD-202609-00163,2026/09/16,新宿店,OT-001,WOOL COAT,OUTER,GRAY,M,6200,6200,1,6200,0,0.0,店舗
ORD-202609-00189,2026/09/16,EC,OT-002,CHESTER COAT,OUTER,BLACK,S,6700,6700,1,6700,0,0.0,オンライン
ORD-202609-00191,2026/09/16,表参道店,KN-001,WOOL KNIT,KNIT,BLACK,L,2500,2500,1,2500,0,0.0,店舗
ORD-202609-00227,2026/09/16,表参道店,OT-005,BALMACAAN COAT,OUTER,KHAKI,L,6700,6700,3,20100,0,0.0,店舗
ORD-202609-00251,2026/09/16,EC,KN-001,WOOL KNIT,KNIT,NAVY,S,2500,2250,1,2250,250,0.1,オンライン
ORD-202609-00266,2026/09/16,表参道店,JK-001,TECH JACKET,JACKET,KHAKI,M,4500,4050,1,4050,450,0.1,店舗
ORD-202609-00311,2026/09/16,EC,BG-002,SHOULDER BAG,BAG,KHAKI,M,3300,2800,1,2800,500,0.15,オンライン
ORD-202609-00333,2026/09/16,大阪店,AC-001,WOOL CAP,ACCESSORY,BLACK,M,500,500,1,500,0,0.0,店舗
ORD-202609-00357,2026/09/16,新宿店,KN-001,WOOL KNIT,KNIT,GRAY,M,2500,2500,1,2500,0,0.0,店舗
ORD-202609-00359,2026/09/16,表参道店,SH-001,LOW SNEAKER,SHOES,WHITE,XL,2400,2400,2,4800,0,0.0,店舗
ORD-202609-00399,2026/09/16,表参道店,TP-002,OX SHIRT,TOPS,BLACK,XL,900,720,1,720,180,0.2,店舗
ORD-202609-00423,2026/09/16,EC,AC-003,LEATHER BELT,ACCESSORY,BLACK,S,1000,1000,1,1000,0,0.0,オンライン
ORD-202609-00479,2026/09/16,表参道店,BG-001,TOTE BAG,BAG,GRAY,M,1800,1260,2,2520,1080,0.3,店舗
ORD-202609-00488,2026/09/16,新宿店,TP-002,OX SHIRT,TOPS,NAVY,XL,900,630,2,1260,540,0.3,店舗
ORD-202609-00573,2026/09/16,大阪店,SH-001,LOW SNEAKER,SHOES,NAVY,XL,2400,2400,1,2400,0,0.0,店舗
ORD-202609-00606,2026/09/16,表参道店,JK-001,TECH JACKET,JACKET,BLACK,L,4500,4500,1,4500,0,0.0,店舗
ORD-202609-00617,2026/09/16,EC,JK-001,TECH JACKET,JACKET,BEIGE,S,4500,3600,2,7200,1800,0.2,オンライン
ORD-202609-00618,2026/09/16,表参道店,JK-001,TECH JACKET,JACKET,BLACK,S,4500,4500,1,4500,0,0.0,店舗
ORD-202609-00647,2026/09/16,表参道店,PT-001,SLIM PANTS,PANTS,WHITE,L,1800,1800,1,1800,0,0.0,店舗
ORD-202609-00648,2026/09/16,EC,AC-001,WOOL CAP,ACCESSORY,WHITE,XL,500,450,1,450,50,0.1,オンライン
ORD-202609-00665,2026/09/16,新宿店,SH-001,LOW SNEAKER,SHOES,BLACK,L,2400,1800,1,1800,600,0.25,店舗
ORD-202609-00685,2026/09/16,大阪店,TP-001,BASIC TEE,TOPS,BEIGE,M,1400,1120,1,1120,280,0.2,店舗
ORD-202609-00709,2026/09/16,EC,BG-001,TOTE BAG,BAG,WHITE,M,1800,1800,1,1800,0,0.0,オンライン
ORD-202609-00767,2026/09/16,EC,KN-002,CABLE KNIT,KNIT,WHITE,S,2000,2000,1,2000,0,0.0,オンライン
ORD-202609-00781,2026/09/16,大阪店,TP-001,BASIC TEE,TOPS,BLACK,S,1400,1400,1,1400,0,0.0,店舗
ORD-202609-00783,2026/09/16,大阪店,JK-001,TECH JACKET,JACKET,BLACK,XL,4500,4050,1,4050,450,0.1,店舗
ORD-202609-00788,2026/09/16,表参道店,KN-001,WOOL KNIT,KNIT,BLACK,S,2500,2500,1,2500,0,0.0,店舗
ORD-202609-00808,2026/09/16,EC,BG-001,TOTE BAG,BAG,BEIGE,L,1800,1440,1,1440,360,0.2,オンライン
ORD-202609-00834,2026/09/16,EC,AC-005,TOTE CHARM,ACCESSORY,GRAY,L,1000,750,1,750,250,0.25,オンライン
ORD-202609-00848,2026/09/16,新宿店,JK-001,TECH JACKET,JACKET,BLACK,L,4500,4500,3,13500,0,0.0,店舗
ORD-202609-00852,2026/09/16,表参道店,TP-002,OX SHIRT,TOPS,WHITE,S,900,900,1,900,0,0.0,店舗
ORD-202609-00877,2026/09/16,EC,TP-003,BAND COLLAR SHIRT,TOPS,GRAY,L,1400,1400,1,1400,0,0.0,オンライン
ORD-202609-00947,2026/09/16,EC,PT-001,SLIM PANTS,PANTS,BLACK,XL,1800,1800,1,1800,0,0.0,オンライン
ORD-202609-00952,2026/09/16,EC,TP-002,OX SHIRT,TOPS,NAVY,S,900,900,2,1800,0,0.0,オンライン
ORD-202609-00980,2026/09/16,EC,AC-002,SILK SCARF,ACCESSORY,GRAY,S,1000,900,2,1800,200,0.1,オンライン
ORD-202609-01025,2026/09/16,新宿店,KN-001,WOOL KNIT,KNIT,BLACK,XL,2500,2500,1,2500,0,0.0,店舗
ORD-202609-01061,2026/09/16,表参道店,PT-003,TAPERED PANTS,PANTS,WHITE,M,2800,2800,2,5600,0,0.0,店舗
ORD-202609-01097,2026/09/16,EC,SH-002,SUEDE BOOTS,SHOES,NAVY,L,2400,2040,1,2040,360,0.15,オンライン
ORD-202609-01098,2026/09/16,大阪店,KN-003,CREW KNIT,KNIT,BLACK,L,2000,1600,1,1600,400,0.2,店舗
ORD-202609-01109,2026/09/16,大阪店,BG-001,TOTE BAG,BAG,WHITE,S,1800,1800,2,3600,0,0.0,店舗
ORD-202609-01117,2026/09/16,EC,AC-001,WOOL CAP,ACCESSORY,BLACK,L,500,500,1,500,0,0.0,オンライン
ORD-202609-01147,2026/09/16,大阪店,PT-003,TAPERED PANTS,PANTS,KHAKI,M,2800,2800,1,2800,0,0.0,店舗
ORD-202609-01187,2026/09/16,表参道店,PT-004,CARGO PANTS,PANTS,NAVY,XL,2800,2100,1,2100,700,0.25,店舗
ORD-202609-01189,2026/09/16,大阪店,AC-001,WOOL CAP,ACCESSORY,BLACK,M,500,380,1,380,120,0.25,店舗
ORD-202609-01191,2026/09/16,表参道店,OT-002,CHESTER COAT,OUTER,WHITE,S,6700,6700,1,6700,0,0.0,店舗
ORD-202609-01233,2026/09/16,新宿店,SH-001,LOW SNEAKER,SHOES,BEIGE,L,2400,2400,1,2400,0,0.0,店舗
ORD-202609-01242,2026/09/16,EC,JK-001,TECH JACKET,JACKET,WHITE,L,4500,4500,1,4500,0,0.0,オンライン
ORD-202609-01258,2026/09/16,EC,AC-002,SILK SCARF,ACCESSORY,WHITE,XL,1000,700,1,700,300,0.3,オンライン
ORD-202609-01266,2026/09/16,大阪店,JK-002,SHELL JACKET,JACKET,BEIGE,M,3000,2100,2,4200,1800,0.3,店舗
ORD-202609-01274,2026/09/16,EC,TP-001,BASIC TEE,TOPS,BEIGE,M,1400,1050,3,3150,1050,0.25,オンライン
ORD-202609-01300,2026/09/16,EC,PT-001,SLIM PANTS,PANTS,BLACK,M,1800,1800,1,1800,0,0.0,オンライン
ORD-202609-01309,2026/09/16,EC,AC-005,TOTE CHARM,ACCESSORY,GRAY,M,1000,750,1,750,250,0.25,オンライン
ORD-202609-01320,2026/09/16,EC,BG-001,TOTE BAG,BAG,BEIGE,XL,1800,1800,1,1800,0,0.0,オンライン
ORD-202609-01388,2026/09/16,新宿店,OT-003,MOD COAT,OUTER,BLACK,XL,5200,5200,1,5200,0,0.0,店舗
ORD-202609-01420,2026/09/16,EC,PT-001,SLIM PANTS,PANTS,BLACK,M,1800,1350,1,1350,450,0.25,オンライン
ORD-202609-01446,2026/09/16,大阪店,KN-004,MOCK NECK KNIT,KNIT,KHAKI,M,2000,2000,1,2000,0,0.0,店舗
ORD-202609-01449,2026/09/16,新宿店,KN-001,WOOL KNIT,KNIT,BLACK,L,2500,2500,1,2500,0,0.0,店舗
ORD-202609-01480,2026/09/16,EC,BG-001,TOTE BAG,BAG,BLACK,M,1800,1800,1,1800,0,0.0,オンライン
ORD-202609-01520,2026/09/16,表参道店,KN-001,WOOL KNIT,KNIT,WHITE,L,2500,2500,1,2500,0,0.0,店舗
ORD-202609-01527,2026/09/16,新宿店,TP-003,BAND COLLAR SHIRT,TOPS,BLACK,M,1400,1400,1,1400,0,0.0,店舗
ORD-202609-01548,2026/09/16,大阪店,TP-004,DRY TEE,TOPS,WHITE,L,1400,1400,1,1400,0,0.0,店舗
ORD-202609-01563,2026/09/16,新宿店,SH-002,SUEDE BOOTS,SHOES,BEIGE,XL,2400,1920,1,1920,480,0.2,店舗
ORD-202609-01576,2026/09/16,EC,JK-001,TECH JACKET,JACKET,BLACK,M,4500,3600,1,3600,900,0.2,オンライン
ORD-202609-01594,2026/09/16,EC,JK-001,TECH JACKET,JACKET,BEIGE,M,4500,4500,1,4500,0,0.0,オンライン
ORD-202609-01598,2026/09/16,大阪店,TP-004,DRY TEE,TOPS,KHAKI,XL,1400,1120,1,1120,280,0.2,店舗
ORD-202609-01705,2026/09/16,大阪店,OT-001,WOOL COAT,OUTER,GRAY,L,6200,6200,2,12400,0,0.0,店舗
ORD-202609-01726,2026/09/16,表参道店,KN-003,CREW KNIT,KNIT,NAVY,S,2000,1800,2,3600,400,0.1,店舗
ORD-202609-01743,2026/09/16,大阪店,JK-001,TECH JACKET,JACKET,NAVY,M,4500,3150,1,3150,1350,0.3,店舗
ORD-202609-01766,2026/09/16,表参道店,PT-003,TAPERED PANTS,PANTS,WHITE,M,2800,2800,1,2800,0,0.0,店舗
ORD-202609-01788,2026/09/16,表参道店,PT-001,SLIM PANTS,PANTS,BLACK,M,1800,1800,1,1800,0,0.0,店舗
ORD-202609-01792,2026/09/16,新宿店,OT-003,MOD COAT,OUTER,BLACK,S,5200,5200,3,15600,0,0.0,店舗
ORD-202609-01950,2026/09/16,表参道店,OT-003,MOD COAT,OUTER,BEIGE,M,5200,5200,2,10400,0,0.0,店舗
ORD-202609-01956,2026/09/16,新宿店,PT-004,CARGO PANTS,PANTS,KHAKI,XL,2800,2800,2,5600,0,0.0,店舗
ORD-202609-02031,2026/09/16,EC,KN-001,WOOL KNIT,KNIT,WHITE,M,2500,2500,1,2500,0,0.0,オンライン
ORD-202609-02045,2026/09/16,EC,TP-001,BASIC TEE,TOPS,BLACK,L,1400,1190,3,3570,630,0.15,オンライン
ORD-202609-02088,2026/09/16,EC,TP-004,DRY TEE,TOPS,BLACK,XL,1400,1400,1,1400,0,0.0,オンライン
ORD-202609-02111,2026/09/16,EC,PT-001,SLIM PANTS,PANTS,WHITE,S,1800,1530,1,1530,270,0.15,オンライン
ORD-202609-02157,2026/09/16,EC,TP-001,BASIC TEE,TOPS,NAVY,M,1400,1050,1,1050,350,0.25,オンライン
ORD-202609-02165,2026/09/16,表参道店,AC-002,SILK SCARF,ACCESSORY,KHAKI,XL,1000,1000,1,1000,0,0.0,店舗
ORD-202609-02184,2026/09/16,表参道店,KN-001,WOOL KNIT,KNIT,WHITE,XL,2500,2500,1,2500,0,0.0,店舗
ORD-202609-02308,2026/09/16,表参道店,SH-002,SUEDE BOOTS,SHOES,KHAKI,M,2400,2400,1,2400,0,0.0,店舗
ORD-202609-02324,2026/09/16,新宿店,KN-002,CABLE KNIT,KNIT,WHITE,S,2000,2000,3,6000,0,0.0,店舗
ORD-202609-02391,2026/09/16,大阪店,KN-001,WOOL KNIT,KNIT,BEIGE,L,2500,2120,1,2120,380,0.15,店舗
ORD-202609-02489,2026/09/16,新宿店,AC-003,LEATHER BELT,ACCESSORY,NAVY,S,1000,850,1,850,150,0.15,店舗
ORD-202609-02498,2026/09/16,EC,KN-001,WOOL KNIT,KNIT,GRAY,S,2500,2500,1,2500,0,0.0,オンライン
ORD-202609-02524,2026/09/16,EC,BG-001,TOTE BAG,BAG,BLACK,M,1800,1800,1,1800,0,0.0,オンライン
ORD-202609-02532,2026/09/16,EC,AC-001,WOOL CAP,ACCESSORY,WHITE,M,500,500,1,500,0,0.0,オンライン
ORD-202609-02562,2026/09/16,EC,PT-003,TAPERED PANTS,PANTS,KHAKI,L,2800,2380,2,4760,840,0.15,オンライン
ORD-202609-02564,2026/09/16,表参道店,AC-001,WOOL CAP,ACCESSORY,BLACK,M,500,500,1,500,0,0.0,店舗
ORD-202609-02612,2026/09/16,EC,KN-001,WOOL KNIT,KNIT,WHITE,L,2500,2500,3,7500,0,0.0,オンライン
ORD-202609-02642,2026/09/16,EC,BG-001,TOTE BAG,BAG,BLACK,L,1800,1800,1,1800,0,0.0,オンライン
ORD-202609-02660,2026/09/16,大阪店,TP-001,BASIC TEE,TOPS,BLACK,XL,1400,1400,1,1400,0,0.0,店舗
ORD-202609-02674,2026/09/16,新宿店,KN-002,CABLE KNIT,KNIT,BLACK,L,2000,1700,1,1700,300,0.15,店舗
ORD-202609-02774,2026/09/16,表参道店,SH-002,SUEDE BOOTS,SHOES,NAVY,XL,2400,2400,1,2400,0,0.0,店舗
ORD-202609-02810,2026/09/16,大阪店,KN-001,WOOL KNIT,KNIT,KHAKI,XL,2500,2500,1,2500,0,0.0,店舗
ORD-202609-02835,2026/09/16,大阪店,OT-001,WOOL COAT,OUTER,NAVY,L,6200,6200,1,6200,0,0.0,店舗
ORD-202609-02843,2026/09/16,EC,AC-001,WOOL CAP,ACCESSORY,BEIGE,M,500,380,1,380,120,0.25,オンライン
ORD-202609-02855,2026/09/16,表参道店,SH-003,CHUKKA BOOTS,SHOES,BEIGE,M,3900,3900,1,3900,0,0.0,店舗
ORD-202609-02896,2026/09/16,大阪店,AC-005,TOTE CHARM,ACCESSORY,BEIGE,XL,1000,1000,1,1000,0,0.0,店舗
ORD-202609-02919,2026/09/16,EC,KN-002,CABLE KNIT,KNIT,BLACK,L,2000,2000,1,2000,0,0.0,オンライン
ORD-202609-02961,2026/09/16,EC,KN-003,CREW KNIT,KNIT,GRAY,M,2000,2000,1,2000,0,0.0,オンライン
ORD-202609-02971,2026/09/16,表参道店,TP-001,BASIC TEE,TOPS,WHITE,L,1400,1400,1,1400,0,0.0,店舗
ORD-202609-00004,2026/09/17,EC,TP-001,BASIC TEE,TOPS,GRAY,M,1400,1050,2,2100,700,0.25,オンライン
ORD-202609-00058,2026/09/17,表参道店,JK-001,TECH JACKET,JACKET,NAVY,S,4500,3600,1,3600,900,0.2,店舗
ORD-202609-00077,2026/09/17,EC,PT-002,WIDE PANTS,PANTS,KHAKI,S,1800,1620,1,1620,180,0.1,オンライン
ORD-202609-00080,2026/09/17,EC,KN-002,CABLE KNIT,KNIT,KHAKI,M,2000,1600,1,1600,400,0.2,オンライン
ORD-202609-00126,2026/09/17,大阪店,SH-001,LOW SNEAKER,SHOES,BLACK,M,2400,1800,1,1800,600,0.25,店舗
ORD-202609-00132,2026/09/17,新宿店,OT-005,BALMACAAN COAT,OUTER,KHAKI,XL,6700,6700,1,6700,0,0.0,店舗
ORD-202609-00150,2026/09/17,EC,OT-001,WOOL COAT,OUTER,BLACK,L,6200,6200,1,6200,0,0.0,オンライン
ORD-202609-00218,2026/09/17,新宿店,AC-001,WOOL CAP,ACCESSORY,BLACK,L,500,500,1,500,0,0.0,店舗
ORD-202609-00276,2026/09/17,大阪店,KN-001,WOOL KNIT,KNIT,GRAY,L,2500,2500,1,2500,0,0.0,店舗
ORD-202609-00283,2026/09/17,EC,TP-001,BASIC TEE,TOPS,GRAY,M,1400,1400,1,1400,0,0.0,オンライン
ORD-202609-00330,2026/09/17,EC,TP-001,BASIC TEE,TOPS,BLACK,M,1400,1400,1,1400,0,0.0,オンライン
ORD-202609-00332,2026/09/17,大阪店,JK-001,TECH JACKET,JACKET,BLACK,M,4500,4500,1,4500,0,0.0,店舗
ORD-202609-00379,2026/09/17,EC,OT-003,MOD COAT,OUTER,BLACK,L,5200,5200,1,5200,0,0.0,オンライン
ORD-202609-00395,2026/09/17,EC,AC-001,WOOL CAP,ACCESSORY,BEIGE,M,500,500,1,500,0,0.0,オンライン
ORD-202609-00484,2026/09/17,EC,SH-001,LOW SNEAKER,SHOES,BEIGE,L,2400,2400,1,2400,0,0.0,オンライン
ORD-202609-00507,2026/09/17,新宿店,TP-001,BASIC TEE,TOPS,BEIGE,XL,1400,1050,1,1050,350,0.25,店舗
ORD-202609-00563,2026/09/17,新宿店,BG-002,SHOULDER BAG,BAG,WHITE,XL,3300,3300,1,3300,0,0.0,店舗
ORD-202609-00599,2026/09/17,大阪店,BG-001,TOTE BAG,BAG,BLACK,S,1800,1800,1,1800,0,0.0,店舗
ORD-202609-00634,2026/09/17,表参道店,PT-001,SLIM PANTS,PANTS,WHITE,L,1800,1800,1,1800,0,0.0,店舗
ORD-202609-00663,2026/09/17,新宿店,OT-001,WOOL COAT,OUTER,GRAY,XL,6200,6200,1,6200,0,0.0,店舗
ORD-202609-00696,2026/09/17,新宿店,OT-003,MOD COAT,OUTER,NAVY,L,5200,5200,1,5200,0,0.0,店舗
ORD-202609-00706,2026/09/17,大阪店,TP-002,OX SHIRT,TOPS,BEIGE,M,900,900,1,900,0,0.0,店舗
ORD-202609-00752,2026/09/17,EC,AC-001,WOOL CAP,ACCESSORY,WHITE,L,500,500,1,500,0,0.0,オンライン
ORD-202609-00771,2026/09/17,EC,BG-001,TOTE BAG,BAG,WHITE,S,1800,1800,1,1800,0,0.0,オンライン
ORD-202609-00869,2026/09/17,EC,OT-001,WOOL COAT,OUTER,WHITE,M,6200,5270,1,5270,930,0.15,オンライン
ORD-202609-00881,2026/09/17,新宿店,TP-002,OX SHIRT,TOPS,WHITE,M,900,900,1,900,0,0.0,店舗
ORD-202609-00938,2026/09/17,EC,PT-003,TAPERED PANTS,PANTS,BEIGE,S,2800,2800,1,2800,0,0.0,オンライン
ORD-202609-00954,2026/09/17,新宿店,SH-002,SUEDE BOOTS,SHOES,NAVY,L,2400,2400,1,2400,0,0.0,店舗
ORD-202609-01119,2026/09/17,新宿店,AC-003,LEATHER BELT,ACCESSORY,NAVY,L,1000,900,1,900,100,0.1,店舗
ORD-202609-01171,2026/09/17,大阪店,JK-005,MDS JACKET,JACKET,BEIGE,XL,4000,4000,1,4000,0,0.0,店舗
ORD-202609-01216,2026/09/17,表参道店,KN-001,WOOL KNIT,KNIT,BLACK,M,2500,2500,1,2500,0,0.0,店舗
ORD-202609-01227,2026/09/17,EC,PT-001,SLIM PANTS,PANTS,BLACK,L,1800,1260,2,2520,1080,0.3,オンライン
ORD-202609-01271,2026/09/17,新宿店,TP-001,BASIC TEE,TOPS,WHITE,XL,1400,1400,2,2800,0,0.0,店舗
ORD-202609-01287,2026/09/17,大阪店,SH-001,LOW SNEAKER,SHOES,GRAY,M,2400,2400,1,2400,0,0.0,店舗
ORD-202609-01365,2026/09/17,EC,PT-001,SLIM PANTS,PANTS,NAVY,XL,1800,1800,1,1800,0,0.0,オンライン
ORD-202609-01372,2026/09/17,新宿店,JK-003,QUILTED JACKET,JACKET,GRAY,XL,5000,5000,1,5000,0,0.0,店舗
ORD-202609-01397,2026/09/17,EC,JK-002,SHELL JACKET,JACKET,NAVY,S,3000,3000,1,3000,0,0.0,オンライン
ORD-202609-01412,2026/09/17,新宿店,OT-001,WOOL COAT,OUTER,BLACK,L,6200,6200,1,6200,0,0.0,店舗
ORD-202609-01435,2026/09/17,新宿店,AC-001,WOOL CAP,ACCESSORY,BLACK,XL,500,500,1,500,0,0.0,店舗
ORD-202609-01473,2026/09/17,大阪店,TP-003,BAND COLLAR SHIRT,TOPS,NAVY,L,1400,1400,1,1400,0,0.0,店舗
ORD-202609-01498,2026/09/17,表参道店,SH-002,SUEDE BOOTS,SHOES,NAVY,XL,2400,1920,1,1920,480,0.2,店舗
ORD-202609-01532,2026/09/17,大阪店,JK-001,TECH JACKET,JACKET,WHITE,M,4500,3380,1,3380,1120,0.25,店舗
ORD-202609-01659,2026/09/17,表参道店,PT-002,WIDE PANTS,PANTS,BEIGE,L,1800,1440,1,1440,360,0.2,店舗
ORD-202609-01673,2026/09/17,EC,OT-001,WOOL COAT,OUTER,GRAY,M,6200,6200,1,6200,0,0.0,オンライン
ORD-202609-01684,2026/09/17,大阪店,TP-002,OX SHIRT,TOPS,WHITE,L,900,900,1,900,0,0.0,店舗
ORD-202609-01692,2026/09/17,EC,AC-002,SILK SCARF,ACCESSORY,NAVY,S,1000,1000,1,1000,0,0.0,オンライン
ORD-202609-01696,2026/09/17,EC,TP-005,LINEN SHIRT,TOPS,NAVY,M,1400,1400,2,2800,0,0.0,オンライン
ORD-202609-01697,2026/09/17,大阪店,SH-001,LOW SNEAKER,SHOES,GRAY,S,2400,2400,2,4800,0,0.0,店舗
ORD-202609-01737,2026/09/17,EC,JK-001,TECH JACKET,JACKET,NAVY,S,4500,4500,1,4500,0,0.0,オンライン
ORD-202609-01760,2026/09/17,EC,SH-001,LOW SNEAKER,SHOES,GRAY,XL,2400,2400,1,2400,0,0.0,オンライン
ORD-202609-01777,2026/09/17,表参道店,TP-002,OX SHIRT,TOPS,BLACK,L,900,900,1,900,0,0.0,店舗
ORD-202609-01787,2026/09/17,新宿店,SH-005,DECK SHOES,SHOES,BLACK,M,2400,2400,1,2400,0,0.0,店舗
ORD-202609-01815,2026/09/17,新宿店,TP-005,LINEN SHIRT,TOPS,WHITE,M,1400,1400,1,1400,0,0.0,店舗
ORD-202609-01822,2026/09/17,表参道店,PT-002,WIDE PANTS,PANTS,NAVY,L,1800,1800,1,1800,0,0.0,店舗
ORD-202609-01874,2026/09/17,新宿店,TP-001,BASIC TEE,TOPS,BEIGE,M,1400,1190,1,1190,210,0.15,店舗
ORD-202609-01875,2026/09/17,表参道店,OT-003,MOD COAT,OUTER,KHAKI,S,5200,3900,1,3900,1300,0.25,店舗
ORD-202609-01901,2026/09/17,表参道店,TP-001,BASIC TEE,TOPS,GRAY,L,1400,1400,1,1400,0,0.0,店舗
ORD-202609-01910,2026/09/17,大阪店,KN-002,CABLE KNIT,KNIT,BEIGE,L,2000,2000,3,6000,0,0.0,店舗
ORD-202609-01939,2026/09/17,表参道店,AC-001,WOOL CAP,ACCESSORY,BLACK,XL,500,500,1,500,0,0.0,店舗
ORD-202609-01991,2026/09/17,大阪店,TP-003,BAND COLLAR SHIRT,TOPS,WHITE,M,1400,1190,1,1190,210,0.15,店舗
ORD-202609-02029,2026/09/17,大阪店,SH-001,LOW SNEAKER,SHOES,WHITE,S,2400,1800,1,1800,600,0.25,店舗
ORD-202609-02108,2026/09/17,新宿店,TP-001,BASIC TEE,TOPS,BLACK,S,1400,1400,1,1400,0,0.0,店舗
ORD-202609-02331,2026/09/17,EC,PT-001,SLIM PANTS,PANTS,BLACK,S,1800,1350,3,4050,1350,0.25,オンライン
ORD-202609-02332,2026/09/17,新宿店,KN-003,CREW KNIT,KNIT,BEIGE,M,2000,2000,1,2000,0,0.0,店舗
ORD-202609-02339,2026/09/17,表参道店,TP-001,BASIC TEE,TOPS,BLACK,S,1400,1400,1,1400,0,0.0,店舗
ORD-202609-02380,2026/09/17,表参道店,PT-002,WIDE PANTS,PANTS,GRAY,M,1800,1350,1,1350,450,0.25,店舗
ORD-202609-02401,2026/09/17,EC,JK-001,TECH JACKET,JACKET,KHAKI,M,4500,4500,1,4500,0,0.0,オンライン
ORD-202609-02420,2026/09/17,EC,PT-001,SLIM PANTS,PANTS,NAVY,M,1800,1800,1,1800,0,0.0,オンライン
ORD-202609-02425,2026/09/17,大阪店,JK-001,TECH JACKET,JACKET,KHAKI,XL,4500,4500,1,4500,0,0.0,店舗
ORD-202609-02466,2026/09/17,大阪店,SH-001,LOW SNEAKER,SHOES,KHAKI,L,2400,1920,1,1920,480,0.2,店舗
ORD-202609-02467,2026/09/17,新宿店,BG-005,BACKPACK,BAG,BLACK,XL,3800,3800,1,3800,0,0.0,店舗
ORD-202609-02525,2026/09/17,EC,KN-002,CABLE KNIT,KNIT,GRAY,M,2000,2000,1,2000,0,0.0,オンライン
ORD-202609-02575,2026/09/17,大阪店,OT-003,MOD COAT,OUTER,BLACK,XL,5200,5200,2,10400,0,0.0,店舗
ORD-202609-02592,2026/09/17,大阪店,AC-003,LEATHER BELT,ACCESSORY,KHAKI,M,1000,750,1,750,250,0.25,店舗
ORD-202609-02603,2026/09/17,大阪店,BG-002,SHOULDER BAG,BAG,KHAKI,L,3300,3300,1,3300,0,0.0,店舗
ORD-202609-02636,2026/09/17,EC,SH-003,CHUKKA BOOTS,SHOES,BLACK,XL,3900,3120,1,3120,780,0.2,オンライン
ORD-202609-02649,2026/09/17,表参道店,PT-001,SLIM PANTS,PANTS,KHAKI,L,1800,1800,1,1800,0,0.0,店舗
ORD-202609-02693,2026/09/17,新宿店,AC-002,SILK SCARF,ACCESSORY,WHITE,XL,1000,800,2,1600,400,0.2,店舗
ORD-202609-02694,2026/09/17,EC,SH-001,LOW SNEAKER,SHOES,BEIGE,L,2400,2400,1,2400,0,0.0,オンライン
ORD-202609-02714,2026/09/17,大阪店,JK-003,QUILTED JACKET,JACKET,GRAY,L,5000,5000,1,5000,0,0.0,店舗
ORD-202609-02726,2026/09/17,EC,TP-003,BAND COLLAR SHIRT,TOPS,WHITE,XL,1400,1400,1,1400,0,0.0,オンライン
ORD-202609-02733,2026/09/17,EC,SH-001,LOW SNEAKER,SHOES,BLACK,L,2400,2160,1,2160,240,0.1,オンライン
ORD-202609-02745,2026/09/17,EC,TP-001,BASIC TEE,TOPS,BLACK,S,1400,1400,1,1400,0,0.0,オンライン
ORD-202609-02780,2026/09/17,EC,BG-001,TOTE BAG,BAG,KHAKI,M,1800,1530,1,1530,270,0.15,オンライン
ORD-202609-02853,2026/09/17,大阪店,OT-002,CHESTER COAT,OUTER,BLACK,S,6700,5020,1,5020,1680,0.25,店舗
ORD-202609-02887,2026/09/17,表参道店,SH-001,LOW SNEAKER,SHOES,NAVY,L,2400,2400,1,2400,0,0.0,店舗
ORD-202609-02974,2026/09/17,表参道店,SH-001,LOW SNEAKER,SHOES,NAVY,XL,2400,2400,3,7200,0,0.0,店舗
ORD-202609-00034,2026/09/18,EC,KN-002,CABLE KNIT,KNIT,BLACK,L,2000,1600,1,1600,400,0.2,オンライン
ORD-202609-00078,2026/09/18,EC,JK-001,TECH JACKET,JACKET,BLACK,S,4500,4500,1,4500,0,0.0,オンライン
ORD-202609-00081,2026/09/18,表参道店,BG-001,TOTE BAG,BAG,BLACK,L,1800,1800,1,1800,0,0.0,店舗
ORD-202609-00119,2026/09/18,EC,KN-001,WOOL KNIT,KNIT,WHITE,M,2500,2500,1,2500,0,0.0,オンライン
ORD-202609-00134,2026/09/18,新宿店,SH-002,SUEDE BOOTS,SHOES,BLACK,M,2400,2400,1,2400,0,0.0,店舗
ORD-202609-00169,2026/09/18,EC,AC-004,KNIT MUFFLER,ACCESSORY,NAVY,L,1000,1000,1,1000,0,0.0,オンライン
ORD-202609-00205,2026/09/18,表参道店,BG-001,TOTE BAG,BAG,BLACK,L,1800,1800,1,1800,0,0.0,店舗
ORD-202609-00232,2026/09/18,新宿店,TP-002,OX SHIRT,TOPS,KHAKI,L,900,900,1,900,0,0.0,店舗
ORD-202609-00258,2026/09/18,大阪店,SH-003,CHUKKA BOOTS,SHOES,KHAKI,M,3900,3900,1,3900,0,0.0,店舗
ORD-202609-00274,2026/09/18,新宿店,SH-001,LOW SNEAKER,SHOES,BEIGE,XL,2400,2400,1,2400,0,0.0,店舗
ORD-202609-00304,2026/09/18,大阪店,AC-002,SILK SCARF,ACCESSORY,BLACK,M,1000,1000,3,3000,0,0.0,店舗
ORD-202609-00331,2026/09/18,EC,PT-001,SLIM PANTS,PANTS,GRAY,L,1800,1800,2,3600,0,0.0,オンライン
ORD-202609-00392,2026/09/18,大阪店,OT-001,WOOL COAT,OUTER,GRAY,L,6200,6200,1,6200,0,0.0,店舗
ORD-202609-00421,2026/09/18,新宿店,PT-003,TAPERED PANTS,PANTS,NAVY,L,2800,2800,1,2800,0,0.0,店舗
ORD-202609-00489,2026/09/18,大阪店,TP-001,BASIC TEE,TOPS,NAVY,L,1400,1400,1,1400,0,0.0,店舗
ORD-202609-00536,2026/09/18,表参道店,BG-002,SHOULDER BAG,BAG,KHAKI,S,3300,3300,3,9900,0,0.0,店舗
ORD-202609-00555,2026/09/18,表参道店,BG-003,2WAY BAG,BAG,KHAKI,L,1800,1800,1,1800,0,0.0,店舗
ORD-202609-00569,2026/09/18,EC,BG-003,2WAY BAG,BAG,GRAY,M,1800,1800,1,1800,0,0.0,オンライン
ORD-202609-00579,2026/09/18,EC,SH-004,COURT SNEAKER,SHOES,BLACK,L,3900,2730,1,2730,1170,0.3,オンライン
ORD-202609-00581,2026/09/18,表参道店,KN-001,WOOL KNIT,KNIT,WHITE,M,2500,2000,1,2000,500,0.2,店舗
ORD-202609-00601,2026/09/18,EC,BG-001,TOTE BAG,BAG,BLACK,L,1800,1800,1,1800,0,0.0,オンライン
ORD-202609-00638,2026/09/18,EC,KN-002,CABLE KNIT,KNIT,GRAY,S,2000,2000,1,2000,0,0.0,オンライン
ORD-202609-00695,2026/09/18,EC,PT-004,CARGO PANTS,PANTS,BEIGE,L,2800,2800,2,5600,0,0.0,オンライン
ORD-202609-00736,2026/09/18,新宿店,OT-003,MOD COAT,OUTER,NAVY,M,5200,5200,1,5200,0,0.0,店舗
ORD-202609-00760,2026/09/18,表参道店,SH-001,LOW SNEAKER,SHOES,WHITE,S,2400,2400,1,2400,0,0.0,店舗
ORD-202609-00774,2026/09/18,EC,SH-001,LOW SNEAKER,SHOES,BLACK,S,2400,2160,1,2160,240,0.1,オンライン
ORD-202609-00815,2026/09/18,EC,OT-001,WOOL COAT,OUTER,NAVY,XL,6200,6200,1,6200,0,0.0,オンライン
ORD-202609-00845,2026/09/18,大阪店,TP-003,BAND COLLAR SHIRT,TOPS,BLACK,S,1400,1400,2,2800,0,0.0,店舗
ORD-202609-00898,2026/09/18,新宿店,AC-001,WOOL CAP,ACCESSORY,BLACK,XL,500,400,1,400,100,0.2,店舗
ORD-202609-00903,2026/09/18,EC,TP-002,OX SHIRT,TOPS,BLACK,L,900,900,1,900,0,0.0,オンライン
ORD-202609-00915,2026/09/18,表参道店,OT-003,MOD COAT,OUTER,NAVY,L,5200,5200,1,5200,0,0.0,店舗
ORD-202609-00928,2026/09/18,EC,JK-004,DENIM JACKET,JACKET,BEIGE,S,5000,5000,2,10000,0,0.0,オンライン
ORD-202609-00940,2026/09/18,新宿店,JK-001,TECH JACKET,JACKET,KHAKI,M,4500,4500,1,4500,0,0.0,店舗
ORD-202609-00991,2026/09/18,EC,SH-002,SUEDE BOOTS,SHOES,WHITE,XL,2400,2400,1,2400,0,0.0,オンライン
ORD-202609-01007,2026/09/18,EC,OT-001,WOOL COAT,OUTER,KHAKI,M,6200,6200,1,6200,0,0.0,オンライン
ORD-202609-01010,2026/09/18,EC,SH-001,LOW SNEAKER,SHOES,BEIGE,L,2400,2400,1,2400,0,0.0,オンライン
ORD-202609-01029,2026/09/18,EC,TP-003,BAND COLLAR SHIRT,TOPS,BLACK,L,1400,1190,2,2380,420,0.15,オンライン
ORD-202609-01076,2026/09/18,表参道店,AC-001,WOOL CAP,ACCESSORY,KHAKI,L,500,500,1,500,0,0.0,店舗
ORD-202609-01106,2026/09/18,EC,SH-001,LOW SNEAKER,SHOES,BLACK,L,2400,2400,2,4800,0,0.0,オンライン
ORD-202609-01141,2026/09/18,表参道店,OT-001,WOOL COAT,OUTER,BLACK,L,6200,4650,1,4650,1550,0.25,店舗
ORD-202609-01157,2026/09/18,新宿店,SH-003,CHUKKA BOOTS,SHOES,NAVY,L,3900,3900,1,3900,0,0.0,店舗
ORD-202609-01173,2026/09/18,EC,BG-002,SHOULDER BAG,BAG,WHITE,M,3300,3300,1,3300,0,0.0,オンライン
ORD-202609-01249,2026/09/18,EC,JK-003,QUILTED JACKET,JACKET,GRAY,L,5000,5000,1,5000,0,0.0,オンライン
ORD-202609-01259,2026/09/18,表参道店,TP-001,BASIC TEE,TOPS,WHITE,XL,1400,1120,1,1120,280,0.2,店舗
ORD-202609-01280,2026/09/18,新宿店,KN-001,WOOL KNIT,KNIT,BLACK,M,2500,2500,1,2500,0,0.0,店舗
ORD-202609-01301,2026/09/18,新宿店,JK-003,QUILTED JACKET,JACKET,WHITE,M,5000,5000,1,5000,0,0.0,店舗
ORD-202609-01324,2026/09/18,大阪店,SH-001,LOW SNEAKER,SHOES,GRAY,M,2400,2400,1,2400,0,0.0,店舗
ORD-202609-01374,2026/09/18,EC,KN-001,WOOL KNIT,KNIT,NAVY,L,2500,2500,1,2500,0,0.0,オンライン
ORD-202609-01402,2026/09/18,新宿店,JK-001,TECH JACKET,JACKET,BEIGE,L,4500,4500,1,4500,0,0.0,店舗
ORD-202609-01433,2026/09/18,EC,AC-002,SILK SCARF,ACCESSORY,BLACK,M,1000,1000,1,1000,0,0.0,オンライン
ORD-202609-01443,2026/09/18,新宿店,KN-001,WOOL KNIT,KNIT,BLACK,L,2500,2500,1,2500,0,0.0,店舗
ORD-202609-01462,2026/09/18,新宿店,PT-001,SLIM PANTS,PANTS,GRAY,XL,1800,1260,1,1260,540,0.3,店舗
ORD-202609-01464,2026/09/18,表参道店,KN-004,MOCK NECK KNIT,KNIT,BLACK,M,2000,2000,1,2000,0,0.0,店舗
ORD-202609-01499,2026/09/18,表参道店,PT-003,TAPERED PANTS,PANTS,GRAY,L,2800,2800,1,2800,0,0.0,店舗
ORD-202609-01542,2026/09/18,新宿店,TP-002,OX SHIRT,TOPS,BLACK,S,900,900,1,900,0,0.0,店舗
ORD-202609-01572,2026/09/18,EC,KN-001,WOOL KNIT,KNIT,BLACK,XL,2500,2500,1,2500,0,0.0,オンライン
ORD-202609-01584,2026/09/18,新宿店,OT-002,CHESTER COAT,OUTER,BLACK,L,6700,6700,1,6700,0,0.0,店舗
ORD-202609-01605,2026/09/18,EC,SH-001,LOW SNEAKER,SHOES,GRAY,M,2400,2400,1,2400,0,0.0,オンライン
ORD-202609-01620,2026/09/18,大阪店,KN-003,CREW KNIT,KNIT,BLACK,L,2000,2000,1,2000,0,0.0,店舗
ORD-202609-01683,2026/09/18,大阪店,AC-001,WOOL CAP,ACCESSORY,GRAY,M,500,450,1,450,50,0.1,店舗
ORD-202609-01686,2026/09/18,大阪店,OT-003,MOD COAT,OUTER,BLACK,M,5200,5200,1,5200,0,0.0,店舗
ORD-202609-01791,2026/09/18,EC,BG-001,TOTE BAG,BAG,BLACK,M,1800,1800,1,1800,0,0.0,オンライン
ORD-202609-01842,2026/09/18,EC,TP-005,LINEN SHIRT,TOPS,WHITE,L,1400,1400,1,1400,0,0.0,オンライン
ORD-202609-01927,2026/09/18,EC,PT-003,TAPERED PANTS,PANTS,BLACK,L,2800,2800,1,2800,0,0.0,オンライン
ORD-202609-02044,2026/09/18,EC,AC-001,WOOL CAP,ACCESSORY,WHITE,XL,500,500,1,500,0,0.0,オンライン
ORD-202609-02102,2026/09/18,EC,KN-002,CABLE KNIT,KNIT,GRAY,M,2000,2000,2,4000,0,0.0,オンライン
ORD-202609-02106,2026/09/18,EC,OT-001,WOOL COAT,OUTER,GRAY,L,6200,4340,2,8680,3720,0.3,オンライン
ORD-202609-02114,2026/09/18,表参道店,SH-001,LOW SNEAKER,SHOES,BLACK,M,2400,2400,1,2400,0,0.0,店舗
ORD-202609-02120,2026/09/18,大阪店,AC-001,WOOL CAP,ACCESSORY,BLACK,L,500,500,1,500,0,0.0,店舗
ORD-202609-02171,2026/09/18,表参道店,KN-003,CREW KNIT,KNIT,GRAY,M,2000,1600,1,1600,400,0.2,店舗
ORD-202609-02229,2026/09/18,EC,JK-002,SHELL JACKET,JACKET,NAVY,M,3000,3000,1,3000,0,0.0,オンライン
ORD-202609-02231,2026/09/18,大阪店,TP-001,BASIC TEE,TOPS,NAVY,M,1400,1260,1,1260,140,0.1,店舗
ORD-202609-02265,2026/09/18,新宿店,KN-001,WOOL KNIT,KNIT,NAVY,XL,2500,2500,1,2500,0,0.0,店舗
ORD-202609-02290,2026/09/18,EC,KN-001,WOOL KNIT,KNIT,BLACK,XL,2500,2500,1,2500,0,0.0,オンライン
ORD-202609-02294,2026/09/18,EC,PT-003,TAPERED PANTS,PANTS,BEIGE,M,2800,2800,1,2800,0,0.0,オンライン
ORD-202609-02319,2026/09/18,表参道店,SH-001,LOW SNEAKER,SHOES,KHAKI,L,2400,1920,1,1920,480,0.2,店舗
ORD-202609-02337,2026/09/18,EC,JK-001,TECH JACKET,JACKET,BLACK,L,4500,4500,1,4500,0,0.0,オンライン
ORD-202609-02360,2026/09/18,表参道店,TP-001,BASIC TEE,TOPS,BEIGE,L,1400,1400,1,1400,0,0.0,店舗
ORD-202609-02379,2026/09/18,EC,OT-001,WOOL COAT,OUTER,BLACK,S,6200,5580,1,5580,620,0.1,オンライン
ORD-202609-02418,2026/09/18,EC,KN-003,CREW KNIT,KNIT,GRAY,XL,2000,1600,1,1600,400,0.2,オンライン
ORD-202609-02431,2026/09/18,大阪店,AC-001,WOOL CAP,ACCESSORY,BLACK,L,500,500,1,500,0,0.0,店舗
ORD-202609-02510,2026/09/18,EC,BG-003,2WAY BAG,BAG,GRAY,XL,1800,1800,1,1800,0,0.0,オンライン
ORD-202609-02516,2026/09/18,EC,OT-001,WOOL COAT,OUTER,NAVY,L,6200,6200,1,6200,0,0.0,オンライン
ORD-202609-02533,2026/09/18,表参道店,TP-001,BASIC TEE,TOPS,BLACK,L,1400,1400,1,1400,0,0.0,店舗
ORD-202609-02539,2026/09/18,大阪店,JK-002,SHELL JACKET,JACKET,BLACK,L,3000,3000,1,3000,0,0.0,店舗
ORD-202609-02546,2026/09/18,新宿店,OT-001,WOOL COAT,OUTER,NAVY,L,6200,5270,1,5270,930,0.15,店舗
ORD-202609-02552,2026/09/18,表参道店,BG-001,TOTE BAG,BAG,GRAY,XL,1800,1800,1,1800,0,0.0,店舗
ORD-202609-02615,2026/09/18,EC,JK-002,SHELL JACKET,JACKET,BLACK,XL,3000,3000,1,3000,0,0.0,オンライン
ORD-202609-02647,2026/09/18,EC,SH-001,LOW SNEAKER,SHOES,WHITE,M,2400,1920,1,1920,480,0.2,オンライン
ORD-202609-02658,2026/09/18,表参道店,TP-001,BASIC TEE,TOPS,BLACK,M,1400,1400,1,1400,0,0.0,店舗
ORD-202609-02682,2026/09/18,EC,BG-005,BACKPACK,BAG,KHAKI,L,3800,3800,1,3800,0,0.0,オンライン
ORD-202609-02683,2026/09/18,大阪店,KN-001,WOOL KNIT,KNIT,BLACK,XL,2500,2500,1,2500,0,0.0,店舗
ORD-202609-02827,2026/09/18,EC,TP-003,BAND COLLAR SHIRT,TOPS,NAVY,L,1400,1400,1,1400,0,0.0,オンライン
ORD-202609-02867,2026/09/18,EC,KN-002,CABLE KNIT,KNIT,NAVY,XL,2000,1600,1,1600,400,0.2,オンライン
ORD-202609-02882,2026/09/18,EC,PT-002,WIDE PANTS,PANTS,BLACK,M,1800,1800,1,1800,0,0.0,オンライン
ORD-202609-02891,2026/09/18,大阪店,JK-001,TECH JACKET,JACKET,BLACK,M,4500,4500,1,4500,0,0.0,店舗
ORD-202609-02914,2026/09/18,EC,PT-001,SLIM PANTS,PANTS,BLACK,L,1800,1800,1,1800,0,0.0,オンライン
ORD-202609-02935,2026/09/18,新宿店,SH-002,SUEDE BOOTS,SHOES,BEIGE,XL,2400,2400,2,4800,0,0.0,店舗
ORD-202609-02952,2026/09/18,表参道店,JK-003,QUILTED JACKET,JACKET,BLACK,M,5000,5000,1,5000,0,0.0,店舗
ORD-202609-00017,2026/09/19,表参道店,JK-001,TECH JACKET,JACKET,BEIGE,XL,4500,4500,1,4500,0,0.0,店舗
ORD-202609-00036,2026/09/19,新宿店,KN-001,WOOL KNIT,KNIT,BLACK,M,2500,2120,2,4240,760,0.15,店舗
ORD-202609-00060,2026/09/19,新宿店,KN-003,CREW KNIT,KNIT,WHITE,M,2000,1500,1,1500,500,0.25,店舗
ORD-202609-00089,2026/09/19,表参道店,SH-001,LOW SNEAKER,SHOES,BEIGE,M,2400,2400,2,4800,0,0.0,店舗
ORD-202609-00130,2026/09/19,表参道店,BG-002,SHOULDER BAG,BAG,KHAKI,XL,3300,3300,2,6600,0,0.0,店舗
ORD-202609-00212,2026/09/19,大阪店,SH-001,LOW SNEAKER,SHOES,NAVY,XL,2400,2400,1,2400,0,0.0,店舗
ORD-202609-00213,2026/09/19,新宿店,OT-001,WOOL COAT,OUTER,BLACK,XL,6200,4960,1,4960,1240,0.2,店舗
ORD-202609-00250,2026/09/19,新宿店,JK-001,TECH JACKET,JACKET,BEIGE,L,4500,3820,1,3820,680,0.15,店舗
ORD-202609-00272,2026/09/19,EC,BG-004,MINI POUCH,BAG,WHITE,M,3800,3040,1,3040,760,0.2,オンライン
ORD-202609-00281,2026/09/19,新宿店,KN-001,WOOL KNIT,KNIT,GRAY,S,2500,2500,3,7500,0,0.0,店舗
ORD-202609-00282,2026/09/19,大阪店,BG-002,SHOULDER BAG,BAG,WHITE,M,3300,3300,1,3300,0,0.0,店舗
ORD-202609-00295,2026/09/19,EC,BG-002,SHOULDER BAG,BAG,WHITE,M,3300,3300,1,3300,0,0.0,オンライン
ORD-202609-00301,2026/09/19,新宿店,JK-002,SHELL JACKET,JACKET,WHITE,M,3000,2550,1,2550,450,0.15,店舗
ORD-202609-00341,2026/09/19,表参道店,KN-001,WOOL KNIT,KNIT,BEIGE,S,2500,2500,1,2500,0,0.0,店舗
ORD-202609-00382,2026/09/19,表参道店,BG-002,SHOULDER BAG,BAG,WHITE,L,3300,3300,1,3300,0,0.0,店舗
ORD-202609-00409,2026/09/19,大阪店,BG-005,BACKPACK,BAG,BEIGE,M,3800,3800,1,3800,0,0.0,店舗
ORD-202609-00432,2026/09/19,大阪店,KN-002,CABLE KNIT,KNIT,KHAKI,M,2000,1800,1,1800,200,0.1,店舗
ORD-202609-00502,2026/09/19,大阪店,PT-005,CHINO PANTS,PANTS,KHAKI,S,2300,2300,1,2300,0,0.0,店舗
ORD-202609-00533,2026/09/19,大阪店,BG-002,SHOULDER BAG,BAG,GRAY,XL,3300,3300,1,3300,0,0.0,店舗
ORD-202609-00597,2026/09/19,表参道店,BG-003,2WAY BAG,BAG,BLACK,M,1800,1800,2,3600,0,0.0,店舗
ORD-202609-00635,2026/09/19,大阪店,OT-002,CHESTER COAT,OUTER,BEIGE,L,6700,6700,1,6700,0,0.0,店舗
ORD-202609-00651,2026/09/19,新宿店,KN-002,CABLE KNIT,KNIT,BLACK,M,2000,2000,1,2000,0,0.0,店舗
ORD-202609-00657,2026/09/19,表参道店,BG-001,TOTE BAG,BAG,WHITE,S,1800,1800,2,3600,0,0.0,店舗
ORD-202609-00697,2026/09/19,EC,TP-003,BAND COLLAR SHIRT,TOPS,BLACK,S,1400,1400,1,1400,0,0.0,オンライン
ORD-202609-00729,2026/09/19,EC,TP-004,DRY TEE,TOPS,KHAKI,L,1400,980,1,980,420,0.3,オンライン
ORD-202609-00737,2026/09/19,EC,TP-001,BASIC TEE,TOPS,BLACK,M,1400,1400,1,1400,0,0.0,オンライン
ORD-202609-00742,2026/09/19,大阪店,PT-001,SLIM PANTS,PANTS,NAVY,L,1800,1800,1,1800,0,0.0,店舗
ORD-202609-00757,2026/09/19,新宿店,SH-001,LOW SNEAKER,SHOES,BLACK,L,2400,2040,2,4080,720,0.15,店舗
ORD-202609-00820,2026/09/19,大阪店,TP-002,OX SHIRT,TOPS,KHAKI,M,900,680,1,680,220,0.25,店舗
ORD-202609-00855,2026/09/19,新宿店,PT-005,CHINO PANTS,PANTS,BEIGE,M,2300,2300,1,2300,0,0.0,店舗
ORD-202609-00943,2026/09/19,EC,AC-002,SILK SCARF,ACCESSORY,NAVY,XL,1000,1000,1,1000,0,0.0,オンライン
ORD-202609-00979,2026/09/19,表参道店,KN-003,CREW KNIT,KNIT,GRAY,L,2000,2000,1,2000,0,0.0,店舗
ORD-202609-00986,2026/09/19,表参道店,KN-002,CABLE KNIT,KNIT,GRAY,L,2000,2000,2,4000,0,0.0,店舗
ORD-202609-01021,2026/09/19,表参道店,SH-005,DECK SHOES,SHOES,BEIGE,M,2400,2400,2,4800,0,0.0,店舗
ORD-202609-01023,2026/09/19,EC,AC-001,WOOL CAP,ACCESSORY,BEIGE,S,500,500,2,1000,0,0.0,オンライン
ORD-202609-01031,2026/09/19,EC,AC-002,SILK SCARF,ACCESSORY,BLACK,M,1000,1000,1,1000,0,0.0,オンライン
ORD-202609-01042,2026/09/19,EC,SH-002,SUEDE BOOTS,SHOES,KHAKI,L,2400,2400,2,4800,0,0.0,オンライン
ORD-202609-01047,2026/09/19,EC,AC-001,WOOL CAP,ACCESSORY,BLACK,L,500,500,1,500,0,0.0,オンライン
ORD-202609-01072,2026/09/19,新宿店,OT-001,WOOL COAT,OUTER,BLACK,S,6200,6200,1,6200,0,0.0,店舗
ORD-202609-01075,2026/09/19,EC,AC-001,WOOL CAP,ACCESSORY,BEIGE,S,500,500,2,1000,0,0.0,オンライン
ORD-202609-01088,2026/09/19,新宿店,AC-001,WOOL CAP,ACCESSORY,KHAKI,M,500,500,1,500,0,0.0,店舗
ORD-202609-01108,2026/09/19,EC,PT-003,TAPERED PANTS,PANTS,GRAY,M,2800,1960,1,1960,840,0.3,オンライン
ORD-202609-01143,2026/09/19,新宿店,PT-001,SLIM PANTS,PANTS,WHITE,M,1800,1800,2,3600,0,0.0,店舗
ORD-202609-01175,2026/09/19,新宿店,KN-001,WOOL KNIT,KNIT,WHITE,M,2500,1880,1,1880,620,0.25,店舗
ORD-202609-01203,2026/09/19,EC,TP-001,BASIC TEE,TOPS,NAVY,XL,1400,1400,3,4200,0,0.0,オンライン
ORD-202609-01240,2026/09/19,EC,SH-003,CHUKKA BOOTS,SHOES,BEIGE,L,3900,3510,1,3510,390,0.1,オンライン
ORD-202609-01296,2026/09/19,表参道店,BG-001,TOTE BAG,BAG,GRAY,XL,1800,1620,1,1620,180,0.1,店舗
ORD-202609-01318,2026/09/19,EC,KN-001,WOOL KNIT,KNIT,GRAY,M,2500,2500,1,2500,0,0.0,オンライン
ORD-202609-01328,2026/09/19,EC,OT-004,STAND COAT,OUTER,BLACK,L,7200,5400,1,5400,1800,0.25,オンライン
ORD-202609-01350,2026/09/19,表参道店,PT-001,SLIM PANTS,PANTS,WHITE,L,1800,1800,2,3600,0,0.0,店舗
ORD-202609-01361,2026/09/19,大阪店,AC-001,WOOL CAP,ACCESSORY,BLACK,L,500,350,1,350,150,0.3,店舗
ORD-202609-01366,2026/09/19,新宿店,AC-001,WOOL CAP,ACCESSORY,NAVY,S,500,420,1,420,80,0.15,店舗
ORD-202609-01378,2026/09/19,新宿店,PT-002,WIDE PANTS,PANTS,BLACK,S,1800,1800,1,1800,0,0.0,店舗
ORD-202609-01384,2026/09/19,表参道店,AC-005,TOTE CHARM,ACCESSORY,BEIGE,XL,1000,1000,1,1000,0,0.0,店舗
ORD-202609-01398,2026/09/19,EC,TP-001,BASIC TEE,TOPS,GRAY,M,1400,1400,2,2800,0,0.0,オンライン
ORD-202609-01436,2026/09/19,表参道店,AC-001,WOOL CAP,ACCESSORY,BLACK,L,500,400,1,400,100,0.2,店舗
ORD-202609-01493,2026/09/19,新宿店,KN-003,CREW KNIT,KNIT,BLACK,M,2000,2000,2,4000,0,0.0,店舗
ORD-202609-01555,2026/09/19,表参道店,KN-001,WOOL KNIT,KNIT,WHITE,S,2500,2500,1,2500,0,0.0,店舗
ORD-202609-01577,2026/09/19,大阪店,BG-001,TOTE BAG,BAG,NAVY,L,1800,1800,2,3600,0,0.0,店舗
ORD-202609-01593,2026/09/19,表参道店,PT-001,SLIM PANTS,PANTS,NAVY,M,1800,1800,1,1800,0,0.0,店舗
ORD-202609-01662,2026/09/19,大阪店,PT-001,SLIM PANTS,PANTS,NAVY,M,1800,1800,1,1800,0,0.0,店舗
ORD-202609-01667,2026/09/19,新宿店,TP-001,BASIC TEE,TOPS,BLACK,M,1400,1400,1,1400,0,0.0,店舗
ORD-202609-01699,2026/09/19,大阪店,KN-001,WOOL KNIT,KNIT,BLACK,L,2500,2500,2,5000,0,0.0,店舗
ORD-202609-01703,2026/09/19,表参道店,PT-002,WIDE PANTS,PANTS,BLACK,L,1800,1530,1,1530,270,0.15,店舗
ORD-202609-01735,2026/09/19,大阪店,PT-001,SLIM PANTS,PANTS,BLACK,L,1800,1800,1,1800,0,0.0,店舗
ORD-202609-01738,2026/09/19,大阪店,OT-005,BALMACAAN COAT,OUTER,GRAY,XL,6700,6030,1,6030,670,0.1,店舗
ORD-202609-01746,2026/09/19,EC,OT-003,MOD COAT,OUTER,NAVY,M,5200,5200,1,5200,0,0.0,オンライン
ORD-202609-01749,2026/09/19,EC,PT-001,SLIM PANTS,PANTS,BLACK,L,1800,1800,1,1800,0,0.0,オンライン
ORD-202609-01752,2026/09/19,表参道店,TP-001,BASIC TEE,TOPS,KHAKI,L,1400,1400,1,1400,0,0.0,店舗
ORD-202609-01778,2026/09/19,EC,OT-001,WOOL COAT,OUTER,KHAKI,L,6200,6200,2,12400,0,0.0,オンライン
ORD-202609-01782,2026/09/19,大阪店,AC-002,SILK SCARF,ACCESSORY,NAVY,M,1000,1000,1,1000,0,0.0,店舗
ORD-202609-01804,2026/09/19,新宿店,BG-003,2WAY BAG,BAG,GRAY,L,1800,1800,1,1800,0,0.0,店舗
ORD-202609-01827,2026/09/19,新宿店,JK-001,TECH JACKET,JACKET,BEIGE,M,4500,3600,1,3600,900,0.2,店舗
ORD-202609-01832,2026/09/19,表参道店,BG-001,TOTE BAG,BAG,BLACK,S,1800,1260,1,1260,540,0.3,店舗
ORD-202609-01867,2026/09/19,EC,KN-005,COTTON KNIT,KNIT,WHITE,XL,2500,1880,1,1880,620,0.25,オンライン
ORD-202609-01890,2026/09/19,EC,KN-001,WOOL KNIT,KNIT,GRAY,XL,2500,1880,1,1880,620,0.25,オンライン
ORD-202609-01934,2026/09/19,EC,KN-001,WOOL KNIT,KNIT,BLACK,M,2500,2500,1,2500,0,0.0,オンライン
ORD-202609-02058,2026/09/19,表参道店,JK-002,SHELL JACKET,JACKET,BLACK,L,3000,3000,2,6000,0,0.0,店舗
ORD-202609-02076,2026/09/19,新宿店,OT-002,CHESTER COAT,OUTER,BLACK,S,6700,6700,1,6700,0,0.0,店舗
ORD-202609-02119,2026/09/19,EC,OT-001,WOOL COAT,OUTER,NAVY,L,6200,6200,1,6200,0,0.0,オンライン
ORD-202609-02148,2026/09/19,大阪店,JK-002,SHELL JACKET,JACKET,NAVY,L,3000,3000,1,3000,0,0.0,店舗
ORD-202609-02190,2026/09/19,EC,KN-001,WOOL KNIT,KNIT,WHITE,S,2500,2500,1,2500,0,0.0,オンライン
ORD-202609-02280,2026/09/19,表参道店,OT-004,STAND COAT,OUTER,NAVY,M,7200,5760,3,17280,4320,0.2,店舗
ORD-202609-02306,2026/09/19,EC,KN-003,CREW KNIT,KNIT,BLACK,M,2000,2000,3,6000,0,0.0,オンライン
ORD-202609-02310,2026/09/19,EC,AC-001,WOOL CAP,ACCESSORY,NAVY,S,500,500,1,500,0,0.0,オンライン
ORD-202609-02338,2026/09/19,EC,JK-003,QUILTED JACKET,JACKET,BLACK,M,5000,5000,1,5000,0,0.0,オンライン
ORD-202609-02343,2026/09/19,表参道店,TP-001,BASIC TEE,TOPS,KHAKI,S,1400,1400,1,1400,0,0.0,店舗
ORD-202609-02345,2026/09/19,EC,AC-003,LEATHER BELT,ACCESSORY,BLACK,M,1000,1000,1,1000,0,0.0,オンライン
ORD-202609-02460,2026/09/19,EC,OT-001,WOOL COAT,OUTER,KHAKI,M,6200,4960,1,4960,1240,0.2,オンライン
ORD-202609-02513,2026/09/19,表参道店,TP-001,BASIC TEE,TOPS,BLACK,L,1400,1400,1,1400,0,0.0,店舗
ORD-202609-02561,2026/09/19,新宿店,BG-001,TOTE BAG,BAG,NAVY,L,1800,1800,2,3600,0,0.0,店舗
ORD-202609-02566,2026/09/19,表参道店,PT-005,CHINO PANTS,PANTS,BEIGE,L,2300,2300,1,2300,0,0.0,店舗
ORD-202609-02593,2026/09/19,新宿店,PT-001,SLIM PANTS,PANTS,BEIGE,L,1800,1260,1,1260,540,0.3,店舗
ORD-202609-02653,2026/09/19,大阪店,BG-002,SHOULDER BAG,BAG,BLACK,L,3300,2800,1,2800,500,0.15,店舗
ORD-202609-02666,2026/09/19,大阪店,OT-001,WOOL COAT,OUTER,WHITE,L,6200,6200,1,6200,0,0.0,店舗
ORD-202609-02698,2026/09/19,新宿店,PT-002,WIDE PANTS,PANTS,GRAY,L,1800,1800,1,1800,0,0.0,店舗
ORD-202609-02713,2026/09/19,大阪店,JK-003,QUILTED JACKET,JACKET,BLACK,M,5000,5000,3,15000,0,0.0,店舗
ORD-202609-02728,2026/09/19,大阪店,KN-001,WOOL KNIT,KNIT,BLACK,XL,2500,2500,1,2500,0,0.0,店舗
ORD-202609-02730,2026/09/19,EC,JK-001,TECH JACKET,JACKET,BEIGE,XL,4500,4500,1,4500,0,0.0,オンライン
ORD-202609-02747,2026/09/19,EC,JK-002,SHELL JACKET,JACKET,NAVY,XL,3000,3000,1,3000,0,0.0,オンライン
ORD-202609-02778,2026/09/19,大阪店,PT-003,TAPERED PANTS,PANTS,NAVY,M,2800,2800,1,2800,0,0.0,店舗
ORD-202609-02814,2026/09/19,表参道店,SH-001,LOW SNEAKER,SHOES,WHITE,L,2400,2400,1,2400,0,0.0,店舗
ORD-202609-02821,2026/09/19,新宿店,OT-003,MOD COAT,OUTER,BEIGE,XL,5200,5200,1,5200,0,0.0,店舗
ORD-202609-02866,2026/09/19,表参道店,TP-001,BASIC TEE,TOPS,WHITE,S,1400,1190,1,1190,210,0.15,店舗
ORD-202609-02879,2026/09/19,大阪店,TP-001,BASIC TEE,TOPS,NAVY,L,1400,1400,1,1400,0,0.0,店舗
ORD-202609-02884,2026/09/19,新宿店,AC-002,SILK SCARF,ACCESSORY,KHAKI,L,1000,900,1,900,100,0.1,店舗
ORD-202609-02949,2026/09/19,大阪店,TP-001,BASIC TEE,TOPS,NAVY,M,1400,1400,1,1400,0,0.0,店舗
ORD-202609-02953,2026/09/19,新宿店,SH-003,CHUKKA BOOTS,SHOES,NAVY,M,3900,2730,1,2730,1170,0.3,店舗
ORD-202609-02959,2026/09/19,EC,AC-001,WOOL CAP,ACCESSORY,BLACK,M,500,400,1,400,100,0.2,オンライン
ORD-202609-00014,2026/09/20,EC,PT-003,TAPERED PANTS,PANTS,WHITE,S,2800,2800,1,2800,0,0.0,オンライン
ORD-202609-00035,2026/09/20,EC,OT-002,CHESTER COAT,OUTER,BLACK,XL,6700,6700,1,6700,0,0.0,オンライン
ORD-202609-00041,2026/09/20,EC,TP-001,BASIC TEE,TOPS,BEIGE,M,1400,1400,1,1400,0,0.0,オンライン
ORD-202609-00056,2026/09/20,大阪店,JK-001,TECH JACKET,JACKET,BLACK,M,4500,4500,1,4500,0,0.0,店舗
ORD-202609-00085,2026/09/20,大阪店,PT-001,SLIM PANTS,PANTS,WHITE,M,1800,1260,1,1260,540,0.3,店舗
ORD-202609-00087,2026/09/20,新宿店,PT-001,SLIM PANTS,PANTS,GRAY,L,1800,1800,1,1800,0,0.0,店舗
ORD-202609-00125,2026/09/20,EC,JK-002,SHELL JACKET,JACKET,BLACK,XL,3000,3000,1,3000,0,0.0,オンライン
ORD-202609-00129,2026/09/20,EC,KN-001,WOOL KNIT,KNIT,BEIGE,M,2500,2500,1,2500,0,0.0,オンライン
ORD-202609-00158,2026/09/20,EC,PT-003,TAPERED PANTS,PANTS,BLACK,L,2800,2800,1,2800,0,0.0,オンライン
ORD-202609-00164,2026/09/20,新宿店,PT-001,SLIM PANTS,PANTS,GRAY,L,1800,1620,1,1620,180,0.1,店舗
ORD-202609-00176,2026/09/20,EC,SH-001,LOW SNEAKER,SHOES,NAVY,XL,2400,1800,1,1800,600,0.25,オンライン
ORD-202609-00179,2026/09/20,大阪店,SH-001,LOW SNEAKER,SHOES,BEIGE,S,2400,2040,1,2040,360,0.15,店舗
ORD-202609-00181,2026/09/20,表参道店,OT-005,BALMACAAN COAT,OUTER,BLACK,M,6700,6700,2,13400,0,0.0,店舗
ORD-202609-00185,2026/09/20,新宿店,OT-002,CHESTER COAT,OUTER,WHITE,L,6700,6700,1,6700,0,0.0,店舗
ORD-202609-00194,2026/09/20,新宿店,SH-002,SUEDE BOOTS,SHOES,BEIGE,S,2400,2400,1,2400,0,0.0,店舗
ORD-202609-00222,2026/09/20,EC,TP-002,OX SHIRT,TOPS,NAVY,M,900,680,2,1360,440,0.25,オンライン
ORD-202609-00237,2026/09/20,EC,BG-002,SHOULDER BAG,BAG,WHITE,L,3300,3300,1,3300,0,0.0,オンライン
ORD-202609-00245,2026/09/20,大阪店,KN-001,WOOL KNIT,KNIT,KHAKI,L,2500,2120,1,2120,380,0.15,店舗
ORD-202609-00262,2026/09/20,EC,OT-003,MOD COAT,OUTER,BLACK,L,5200,5200,1,5200,0,0.0,オンライン
ORD-202609-00307,2026/09/20,新宿店,PT-003,TAPERED PANTS,PANTS,BLACK,M,2800,2800,2,5600,0,0.0,店舗
ORD-202609-00327,2026/09/20,表参道店,KN-001,WOOL KNIT,KNIT,BEIGE,M,2500,1750,2,3500,1500,0.3,店舗
ORD-202609-00334,2026/09/20,表参道店,AC-001,WOOL CAP,ACCESSORY,NAVY,L,500,350,1,350,150,0.3,店舗
ORD-202609-00353,2026/09/20,EC,SH-002,SUEDE BOOTS,SHOES,KHAKI,M,2400,2400,2,4800,0,0.0,オンライン
ORD-202609-00408,2026/09/20,表参道店,JK-001,TECH JACKET,JACKET,BLACK,XL,4500,4500,1,4500,0,0.0,店舗
ORD-202609-00425,2026/09/20,表参道店,SH-001,LOW SNEAKER,SHOES,NAVY,S,2400,2040,1,2040,360,0.15,店舗
ORD-202609-00427,2026/09/20,表参道店,SH-003,CHUKKA BOOTS,SHOES,WHITE,M,3900,3900,2,7800,0,0.0,店舗
ORD-202609-00473,2026/09/20,大阪店,SH-001,LOW SNEAKER,SHOES,GRAY,XL,2400,2040,1,2040,360,0.15,店舗
ORD-202609-00500,2026/09/20,EC,TP-001,BASIC TEE,TOPS,GRAY,L,1400,1400,1,1400,0,0.0,オンライン
ORD-202609-00522,2026/09/20,EC,TP-004,DRY TEE,TOPS,NAVY,L,1400,1400,1,1400,0,0.0,オンライン
ORD-202609-00558,2026/09/20,EC,KN-002,CABLE KNIT,KNIT,BLACK,M,2000,1600,1,1600,400,0.2,オンライン
ORD-202609-00561,2026/09/20,大阪店,SH-004,COURT SNEAKER,SHOES,KHAKI,XL,3900,3900,1,3900,0,0.0,店舗
ORD-202609-00577,2026/09/20,表参道店,TP-001,BASIC TEE,TOPS,BEIGE,L,1400,1400,1,1400,0,0.0,店舗
ORD-202609-00584,2026/09/20,EC,KN-005,COTTON KNIT,KNIT,GRAY,M,2500,2500,1,2500,0,0.0,オンライン
ORD-202609-00629,2026/09/20,表参道店,AC-001,WOOL CAP,ACCESSORY,KHAKI,L,500,500,1,500,0,0.0,店舗
ORD-202609-00631,2026/09/20,EC,OT-001,WOOL COAT,OUTER,BLACK,L,6200,6200,1,6200,0,0.0,オンライン
ORD-202609-00632,2026/09/20,新宿店,JK-001,TECH JACKET,JACKET,BLACK,M,4500,4500,1,4500,0,0.0,店舗
ORD-202609-00667,2026/09/20,EC,BG-001,TOTE BAG,BAG,GRAY,S,1800,1800,1,1800,0,0.0,オンライン
ORD-202609-00679,2026/09/20,大阪店,OT-003,MOD COAT,OUTER,WHITE,L,5200,4420,1,4420,780,0.15,店舗
ORD-202609-00702,2026/09/20,EC,JK-001,TECH JACKET,JACKET,BLACK,XL,4500,4050,1,4050,450,0.1,オンライン
ORD-202609-00713,2026/09/20,EC,BG-001,TOTE BAG,BAG,WHITE,M,1800,1260,1,1260,540,0.3,オンライン
ORD-202609-00716,2026/09/20,大阪店,JK-001,TECH JACKET,JACKET,KHAKI,XL,4500,3820,1,3820,680,0.15,店舗
ORD-202609-00726,2026/09/20,EC,TP-001,BASIC TEE,TOPS,KHAKI,M,1400,1050,1,1050,350,0.25,オンライン
ORD-202609-00747,2026/09/20,EC,BG-001,TOTE BAG,BAG,GRAY,M,1800,1800,1,1800,0,0.0,オンライン
ORD-202609-00754,2026/09/20,EC,TP-003,BAND COLLAR SHIRT,TOPS,KHAKI,S,1400,980,1,980,420,0.3,オンライン
ORD-202609-00776,2026/09/20,EC,TP-003,BAND COLLAR SHIRT,TOPS,WHITE,M,1400,980,1,980,420,0.3,オンライン
ORD-202609-00844,2026/09/20,新宿店,SH-001,LOW SNEAKER,SHOES,BLACK,XL,2400,2400,2,4800,0,0.0,店舗
ORD-202609-00860,2026/09/20,大阪店,TP-001,BASIC TEE,TOPS,BLACK,L,1400,1400,1,1400,0,0.0,店舗
ORD-202609-00866,2026/09/20,EC,JK-001,TECH JACKET,JACKET,WHITE,M,4500,4500,1,4500,0,0.0,オンライン
ORD-202609-00891,2026/09/20,EC,SH-001,LOW SNEAKER,SHOES,NAVY,M,2400,2400,1,2400,0,0.0,オンライン
ORD-202609-00914,2026/09/20,表参道店,JK-001,TECH JACKET,JACKET,WHITE,M,4500,4500,1,4500,0,0.0,店舗
ORD-202609-00936,2026/09/20,表参道店,OT-005,BALMACAAN COAT,OUTER,NAVY,L,6700,6700,1,6700,0,0.0,店舗
ORD-202609-00949,2026/09/20,EC,KN-004,MOCK NECK KNIT,KNIT,KHAKI,XL,2000,2000,3,6000,0,0.0,オンライン
ORD-202609-00978,2026/09/20,EC,SH-001,LOW SNEAKER,SHOES,WHITE,L,2400,2400,1,2400,0,0.0,オンライン
ORD-202609-01002,2026/09/20,表参道店,PT-001,SLIM PANTS,PANTS,GRAY,XL,1800,1260,1,1260,540,0.3,店舗
ORD-202609-01003,2026/09/20,EC,JK-001,TECH JACKET,JACKET,WHITE,L,4500,4500,1,4500,0,0.0,オンライン
ORD-202609-01022,2026/09/20,新宿店,SH-002,SUEDE BOOTS,SHOES,NAVY,L,2400,2400,1,2400,0,0.0,店舗
ORD-202609-01045,2026/09/20,EC,AC-001,WOOL CAP,ACCESSORY,WHITE,M,500,500,1,500,0,0.0,オンライン
ORD-202609-01111,2026/09/20,大阪店,KN-002,CABLE KNIT,KNIT,NAVY,XL,2000,2000,1,2000,0,0.0,店舗
ORD-202609-01114,2026/09/20,EC,PT-001,SLIM PANTS,PANTS,BLACK,M,1800,1800,1,1800,0,0.0,オンライン
ORD-202609-01121,2026/09/20,EC,OT-001,WOOL COAT,OUTER,BEIGE,L,6200,6200,1,6200,0,0.0,オンライン
ORD-202609-01146,2026/09/20,EC,AC-001,WOOL CAP,ACCESSORY,KHAKI,M,500,500,1,500,0,0.0,オンライン
ORD-202609-01150,2026/09/20,表参道店,OT-001,WOOL COAT,OUTER,BLACK,M,6200,4650,1,4650,1550,0.25,店舗
ORD-202609-01154,2026/09/20,表参道店,JK-003,QUILTED JACKET,JACKET,KHAKI,L,5000,5000,1,5000,0,0.0,店舗
ORD-202609-01169,2026/09/20,EC,AC-001,WOOL CAP,ACCESSORY,BLACK,XL,500,500,1,500,0,0.0,オンライン
ORD-202609-01174,2026/09/20,表参道店,OT-005,BALMACAAN COAT,OUTER,NAVY,M,6700,6700,2,13400,0,0.0,店舗
ORD-202609-01217,2026/09/20,新宿店,SH-001,LOW SNEAKER,SHOES,BEIGE,M,2400,1800,3,5400,1800,0.25,店舗
ORD-202609-01254,2026/09/20,EC,KN-001,WOOL KNIT,KNIT,KHAKI,S,2500,2500,1,2500,0,0.0,オンライン
ORD-202609-01283,2026/09/20,EC,PT-001,SLIM PANTS,PANTS,BEIGE,M,1800,1800,1,1800,0,0.0,オンライン
ORD-202609-01321,2026/09/20,大阪店,BG-001,TOTE BAG,BAG,BLACK,M,1800,1800,1,1800,0,0.0,店舗
ORD-202609-01392,2026/09/20,大阪店,TP-001,BASIC TEE,TOPS,NAVY,L,1400,1400,1,1400,0,0.0,店舗
ORD-202609-01403,2026/09/20,大阪店,KN-001,WOOL KNIT,KNIT,GRAY,L,2500,2500,2,5000,0,0.0,店舗
ORD-202609-01431,2026/09/20,EC,JK-003,QUILTED JACKET,JACKET,BLACK,S,5000,5000,1,5000,0,0.0,オンライン
ORD-202609-01472,2026/09/20,大阪店,OT-005,BALMACAAN COAT,OUTER,NAVY,L,6700,5020,3,15060,5040,0.25,店舗
ORD-202609-01484,2026/09/20,EC,KN-001,WOOL KNIT,KNIT,GRAY,M,2500,2250,3,6750,750,0.1,オンライン
ORD-202609-01487,2026/09/20,表参道店,KN-002,CABLE KNIT,KNIT,WHITE,M,2000,1700,1,1700,300,0.15,店舗
ORD-202609-01492,2026/09/20,大阪店,SH-001,LOW SNEAKER,SHOES,WHITE,M,2400,2400,3,7200,0,0.0,店舗
ORD-202609-01534,2026/09/20,EC,AC-002,SILK SCARF,ACCESSORY,WHITE,L,1000,1000,1,1000,0,0.0,オンライン
ORD-202609-01574,2026/09/20,新宿店,BG-001,TOTE BAG,BAG,BLACK,S,1800,1800,1,1800,0,0.0,店舗
ORD-202609-01588,2026/09/20,大阪店,PT-003,TAPERED PANTS,PANTS,WHITE,M,2800,2380,2,4760,840,0.15,店舗
ORD-202609-01614,2026/09/20,新宿店,OT-002,CHESTER COAT,OUTER,BLACK,S,6700,6700,1,6700,0,0.0,店舗
ORD-202609-01616,2026/09/20,EC,AC-003,LEATHER BELT,ACCESSORY,GRAY,M,1000,1000,1,1000,0,0.0,オンライン
ORD-202609-01635,2026/09/20,EC,AC-002,SILK SCARF,ACCESSORY,WHITE,L,1000,1000,1,1000,0,0.0,オンライン
ORD-202609-01636,2026/09/20,EC,AC-003,LEATHER BELT,ACCESSORY,BEIGE,M,1000,1000,3,3000,0,0.0,オンライン
ORD-202609-01665,2026/09/20,大阪店,SH-002,SUEDE BOOTS,SHOES,BLACK,S,2400,1800,1,1800,600,0.25,店舗
ORD-202609-01716,2026/09/20,大阪店,SH-004,COURT SNEAKER,SHOES,GRAY,M,3900,3900,1,3900,0,0.0,店舗
ORD-202609-01719,2026/09/20,新宿店,BG-001,TOTE BAG,BAG,GRAY,XL,1800,1800,1,1800,0,0.0,店舗
ORD-202609-01763,2026/09/20,表参道店,BG-001,TOTE BAG,BAG,GRAY,M,1800,1800,1,1800,0,0.0,店舗
ORD-202609-01821,2026/09/20,新宿店,OT-002,CHESTER COAT,OUTER,KHAKI,M,6700,6700,2,13400,0,0.0,店舗
ORD-202609-01858,2026/09/20,新宿店,JK-001,TECH JACKET,JACKET,WHITE,XL,4500,4050,1,4050,450,0.1,店舗
ORD-202609-01887,2026/09/20,大阪店,TP-002,OX SHIRT,TOPS,NAVY,M,900,900,1,900,0,0.0,店舗
ORD-202609-01906,2026/09/20,表参道店,JK-001,TECH JACKET,JACKET,BLACK,M,4500,4500,1,4500,0,0.0,店舗
ORD-202609-01917,2026/09/20,表参道店,TP-001,BASIC TEE,TOPS,KHAKI,M,1400,1400,1,1400,0,0.0,店舗
ORD-202609-01926,2026/09/20,表参道店,KN-002,CABLE KNIT,KNIT,BLACK,L,2000,1400,1,1400,600,0.3,店舗
ORD-202609-01929,2026/09/20,EC,TP-002,OX SHIRT,TOPS,NAVY,S,900,720,1,720,180,0.2,オンライン
ORD-202609-01941,2026/09/20,EC,KN-002,CABLE KNIT,KNIT,NAVY,M,2000,2000,1,2000,0,0.0,オンライン
ORD-202609-01944,2026/09/20,大阪店,PT-003,TAPERED PANTS,PANTS,NAVY,L,2800,2800,1,2800,0,0.0,店舗
ORD-202609-01957,2026/09/20,大阪店,AC-001,WOOL CAP,ACCESSORY,NAVY,L,500,500,1,500,0,0.0,店舗
ORD-202609-01964,2026/09/20,表参道店,BG-002,SHOULDER BAG,BAG,NAVY,XL,3300,2800,2,5600,1000,0.15,店舗
ORD-202609-01983,2026/09/20,表参道店,OT-001,WOOL COAT,OUTER,NAVY,L,6200,4650,1,4650,1550,0.25,店舗
ORD-202609-01985,2026/09/20,大阪店,BG-004,MINI POUCH,BAG,WHITE,M,3800,3800,1,3800,0,0.0,店舗
ORD-202609-01989,2026/09/20,新宿店,BG-003,2WAY BAG,BAG,WHITE,L,1800,1800,1,1800,0,0.0,店舗
ORD-202609-02019,2026/09/20,大阪店,TP-002,OX SHIRT,TOPS,GRAY,M,900,810,1,810,90,0.1,店舗
ORD-202609-02021,2026/09/20,表参道店,KN-001,WOOL KNIT,KNIT,NAVY,L,2500,2120,3,6360,1140,0.15,店舗
ORD-202609-02025,2026/09/20,表参道店,SH-001,LOW SNEAKER,SHOES,BLACK,M,2400,2400,1,2400,0,0.0,店舗
ORD-202609-02027,2026/09/20,EC,OT-001,WOOL COAT,OUTER,BLACK,S,6200,4960,1,4960,1240,0.2,オンライン
ORD-202609-02028,2026/09/20,新宿店,KN-002,CABLE KNIT,KNIT,BLACK,M,2000,1800,1,1800,200,0.1,店舗
ORD-202609-02042,2026/09/20,EC,OT-003,MOD COAT,OUTER,KHAKI,XL,5200,5200,1,5200,0,0.0,オンライン
ORD-202609-02098,2026/09/20,新宿店,TP-003,BAND COLLAR SHIRT,TOPS,BLACK,S,1400,1400,1,1400,0,0.0,店舗
ORD-202609-02099,2026/09/20,大阪店,OT-004,STAND COAT,OUTER,KHAKI,M,7200,6480,1,6480,720,0.1,店舗
ORD-202609-02125,2026/09/20,表参道店,JK-001,TECH JACKET,JACKET,BLACK,S,4500,3820,1,3820,680,0.15,店舗
ORD-202609-02220,2026/09/20,大阪店,OT-001,WOOL COAT,OUTER,KHAKI,M,6200,6200,1,6200,0,0.0,店舗
ORD-202609-02260,2026/09/20,EC,OT-001,WOOL COAT,OUTER,WHITE,L,6200,4960,1,4960,1240,0.2,オンライン
ORD-202609-02263,2026/09/20,EC,PT-003,TAPERED PANTS,PANTS,NAVY,M,2800,2800,1,2800,0,0.0,オンライン
ORD-202609-02281,2026/09/20,表参道店,OT-001,WOOL COAT,OUTER,BLACK,M,6200,5580,1,5580,620,0.1,店舗
ORD-202609-02291,2026/09/20,EC,PT-001,SLIM PANTS,PANTS,BEIGE,L,1800,1530,1,1530,270,0.15,オンライン
ORD-202609-02311,2026/09/20,EC,BG-001,TOTE BAG,BAG,BEIGE,L,1800,1800,1,1800,0,0.0,オンライン
ORD-202609-02356,2026/09/20,EC,OT-001,WOOL COAT,OUTER,NAVY,M,6200,6200,1,6200,0,0.0,オンライン
ORD-202609-02359,2026/09/20,表参道店,AC-005,TOTE CHARM,ACCESSORY,BEIGE,L,1000,1000,1,1000,0,0.0,店舗
ORD-202609-02374,2026/09/20,EC,TP-002,OX SHIRT,TOPS,GRAY,L,900,900,1,900,0,0.0,オンライン
ORD-202609-02416,2026/09/20,EC,KN-001,WOOL KNIT,KNIT,BEIGE,L,2500,2500,1,2500,0,0.0,オンライン
ORD-202609-02494,2026/09/20,大阪店,JK-003,QUILTED JACKET,JACKET,WHITE,M,5000,5000,1,5000,0,0.0,店舗
ORD-202609-02495,2026/09/20,表参道店,KN-002,CABLE KNIT,KNIT,BLACK,M,2000,2000,1,2000,0,0.0,店舗
ORD-202609-02589,2026/09/20,EC,PT-001,SLIM PANTS,PANTS,BLACK,M,1800,1800,1,1800,0,0.0,オンライン
ORD-202609-02663,2026/09/20,表参道店,AC-003,LEATHER BELT,ACCESSORY,BEIGE,XL,1000,1000,3,3000,0,0.0,店舗
ORD-202609-02664,2026/09/20,EC,SH-001,LOW SNEAKER,SHOES,BLACK,XL,2400,2400,1,2400,0,0.0,オンライン
ORD-202609-02685,2026/09/20,新宿店,SH-001,LOW SNEAKER,SHOES,BEIGE,L,2400,2400,1,2400,0,0.0,店舗
ORD-202609-02739,2026/09/20,新宿店,JK-004,DENIM JACKET,JACKET,NAVY,XL,5000,5000,1,5000,0,0.0,店舗
ORD-202609-02773,2026/09/20,表参道店,PT-001,SLIM PANTS,PANTS,NAVY,S,1800,1800,1,1800,0,0.0,店舗
ORD-202609-02785,2026/09/20,EC,SH-001,LOW SNEAKER,SHOES,BLACK,S,2400,2400,1,2400,0,0.0,オンライン
ORD-202609-02789,2026/09/20,EC,KN-001,WOOL KNIT,KNIT,KHAKI,M,2500,2500,1,2500,0,0.0,オンライン
ORD-202609-02801,2026/09/20,新宿店,OT-002,CHESTER COAT,OUTER,BLACK,S,6700,6030,1,6030,670,0.1,店舗
ORD-202609-02889,2026/09/20,表参道店,OT-001,WOOL COAT,OUTER,BEIGE,S,6200,6200,1,6200,0,0.0,店舗
ORD-202609-02897,2026/09/20,新宿店,JK-001,TECH JACKET,JACKET,BLACK,M,4500,4500,1,4500,0,0.0,店舗
ORD-202609-02908,2026/09/20,EC,JK-001,TECH JACKET,JACKET,NAVY,L,4500,3150,1,3150,1350,0.3,オンライン
ORD-202609-02929,2026/09/20,新宿店,OT-003,MOD COAT,OUTER,BLACK,XL,5200,5200,1,5200,0,0.0,店舗
ORD-202609-02936,2026/09/20,EC,JK-004,DENIM JACKET,JACKET,WHITE,XL,5000,5000,1,5000,0,0.0,オンライン
ORD-202609-02939,2026/09/20,新宿店,TP-001,BASIC TEE,TOPS,WHITE,XL,1400,1400,1,1400,0,0.0,店舗
ORD-202609-02941,2026/09/20,表参道店,JK-001,TECH JACKET,JACKET,NAVY,L,4500,3380,1,3380,1120,0.25,店舗
ORD-202609-02947,2026/09/20,EC,TP-002,OX SHIRT,TOPS,NAVY,S,900,680,1,680,220,0.25,オンライン
ORD-202609-02963,2026/09/20,表参道店,OT-001,WOOL COAT,OUTER,BEIGE,L,6200,6200,1,6200,0,0.0,店舗
ORD-202609-02972,2026/09/20,表参道店,TP-005,LINEN SHIRT,TOPS,BEIGE,S,1400,1400,2,2800,0,0.0,店舗
ORD-202609-00037,2026/09/21,新宿店,OT-002,CHESTER COAT,OUTER,GRAY,M,6700,6700,1,6700,0,0.0,店舗
ORD-202609-00042,2026/09/21,大阪店,KN-002,CABLE KNIT,KNIT,BLACK,L,2000,1500,1,1500,500,0.25,店舗
ORD-202609-00110,2026/09/21,表参道店,JK-001,TECH JACKET,JACKET,BLACK,M,4500,4500,1,4500,0,0.0,店舗
ORD-202609-00173,2026/09/21,大阪店,TP-001,BASIC TEE,TOPS,WHITE,M,1400,1400,1,1400,0,0.0,店舗
ORD-202609-00241,2026/09/21,新宿店,AC-001,WOOL CAP,ACCESSORY,WHITE,XL,500,500,3,1500,0,0.0,店舗
ORD-202609-00267,2026/09/21,新宿店,BG-002,SHOULDER BAG,BAG,BLACK,L,3300,3300,1,3300,0,0.0,店舗
ORD-202609-00286,2026/09/21,新宿店,SH-001,LOW SNEAKER,SHOES,BLACK,M,2400,2400,1,2400,0,0.0,店舗
ORD-202609-00298,2026/09/21,EC,AC-001,WOOL CAP,ACCESSORY,BEIGE,XL,500,450,1,450,50,0.1,オンライン
ORD-202609-00303,2026/09/21,新宿店,PT-003,TAPERED PANTS,PANTS,GRAY,XL,2800,2800,2,5600,0,0.0,店舗
ORD-202609-00309,2026/09/21,EC,SH-001,LOW SNEAKER,SHOES,KHAKI,L,2400,1920,1,1920,480,0.2,オンライン
ORD-202609-00312,2026/09/21,新宿店,OT-001,WOOL COAT,OUTER,BLACK,L,6200,4340,1,4340,1860,0.3,店舗
ORD-202609-00342,2026/09/21,表参道店,BG-001,TOTE BAG,BAG,WHITE,M,1800,1800,1,1800,0,0.0,店舗
ORD-202609-00429,2026/09/21,EC,AC-001,WOOL CAP,ACCESSORY,BLACK,L,500,500,1,500,0,0.0,オンライン
ORD-202609-00519,2026/09/21,新宿店,OT-001,WOOL COAT,OUTER,BLACK,M,6200,6200,1,6200,0,0.0,店舗
ORD-202609-00523,2026/09/21,表参道店,KN-001,WOOL KNIT,KNIT,BEIGE,XL,2500,2500,1,2500,0,0.0,店舗
ORD-202609-00535,2026/09/21,大阪店,AC-003,LEATHER BELT,ACCESSORY,GRAY,L,1000,700,2,1400,600,0.3,店舗
ORD-202609-00672,2026/09/21,EC,KN-003,CREW KNIT,KNIT,BLACK,S,2000,1800,1,1800,200,0.1,オンライン
ORD-202609-00681,2026/09/21,新宿店,TP-001,BASIC TEE,TOPS,BLACK,L,1400,1400,1,1400,0,0.0,店舗
ORD-202609-00693,2026/09/21,EC,PT-001,SLIM PANTS,PANTS,NAVY,XL,1800,1800,1,1800,0,0.0,オンライン
ORD-202609-00699,2026/09/21,表参道店,BG-001,TOTE BAG,BAG,NAVY,M,1800,1800,1,1800,0,0.0,店舗
ORD-202609-00909,2026/09/21,EC,TP-001,BASIC TEE,TOPS,BLACK,M,1400,1400,1,1400,0,0.0,オンライン
ORD-202609-00958,2026/09/21,表参道店,TP-005,LINEN SHIRT,TOPS,BLACK,M,1400,1400,1,1400,0,0.0,店舗
ORD-202609-01034,2026/09/21,EC,BG-001,TOTE BAG,BAG,BEIGE,L,1800,1620,1,1620,180,0.1,オンライン
ORD-202609-01089,2026/09/21,新宿店,KN-003,CREW KNIT,KNIT,NAVY,XL,2000,2000,1,2000,0,0.0,店舗
ORD-202609-01103,2026/09/21,新宿店,KN-003,CREW KNIT,KNIT,GRAY,XL,2000,2000,1,2000,0,0.0,店舗
ORD-202609-01110,2026/09/21,表参道店,PT-002,WIDE PANTS,PANTS,NAVY,M,1800,1800,2,3600,0,0.0,店舗
ORD-202609-01125,2026/09/21,表参道店,TP-001,BASIC TEE,TOPS,BLACK,L,1400,1400,1,1400,0,0.0,店舗
ORD-202609-01168,2026/09/21,EC,SH-003,CHUKKA BOOTS,SHOES,BLACK,M,3900,3900,1,3900,0,0.0,オンライン
ORD-202609-01184,2026/09/21,大阪店,OT-002,CHESTER COAT,OUTER,NAVY,L,6700,5020,1,5020,1680,0.25,店舗
ORD-202609-01199,2026/09/21,EC,OT-003,MOD COAT,OUTER,BLACK,M,5200,5200,1,5200,0,0.0,オンライン
ORD-202609-01457,2026/09/21,表参道店,PT-001,SLIM PANTS,PANTS,BLACK,L,1800,1800,1,1800,0,0.0,店舗
ORD-202609-01491,2026/09/21,EC,KN-002,CABLE KNIT,KNIT,GRAY,S,2000,2000,2,4000,0,0.0,オンライン
ORD-202609-01581,2026/09/21,大阪店,PT-001,SLIM PANTS,PANTS,GRAY,S,1800,1800,1,1800,0,0.0,店舗
ORD-202609-01609,2026/09/21,EC,JK-001,TECH JACKET,JACKET,KHAKI,M,4500,4500,1,4500,0,0.0,オンライン
ORD-202609-01611,2026/09/21,EC,PT-003,TAPERED PANTS,PANTS,GRAY,S,2800,2800,2,5600,0,0.0,オンライン
ORD-202609-01731,2026/09/21,表参道店,KN-005,COTTON KNIT,KNIT,BEIGE,XL,2500,2000,1,2000,500,0.2,店舗
ORD-202609-01748,2026/09/21,EC,OT-002,CHESTER COAT,OUTER,GRAY,XL,6700,6030,1,6030,670,0.1,オンライン
ORD-202609-01812,2026/09/21,EC,JK-001,TECH JACKET,JACKET,GRAY,L,4500,4500,1,4500,0,0.0,オンライン
ORD-202609-01813,2026/09/21,EC,AC-001,WOOL CAP,ACCESSORY,KHAKI,XL,500,420,1,420,80,0.15,オンライン
ORD-202609-01971,2026/09/21,大阪店,AC-001,WOOL CAP,ACCESSORY,BLACK,L,500,500,1,500,0,0.0,店舗
ORD-202609-01977,2026/09/21,EC,BG-001,TOTE BAG,BAG,BEIGE,M,1800,1800,2,3600,0,0.0,オンライン
ORD-202609-01981,2026/09/21,表参道店,PT-001,SLIM PANTS,PANTS,BLACK,S,1800,1800,1,1800,0,0.0,店舗
ORD-202609-02020,2026/09/21,表参道店,TP-003,BAND COLLAR SHIRT,TOPS,NAVY,M,1400,1400,1,1400,0,0.0,店舗
ORD-202609-02047,2026/09/21,大阪店,KN-002,CABLE KNIT,KNIT,BLACK,L,2000,2000,1,2000,0,0.0,店舗
ORD-202609-02079,2026/09/21,大阪店,AC-001,WOOL CAP,ACCESSORY,NAVY,L,500,500,1,500,0,0.0,店舗
ORD-202609-02130,2026/09/21,EC,KN-001,WOOL KNIT,KNIT,BLACK,M,2500,2500,1,2500,0,0.0,オンライン
ORD-202609-02194,2026/09/21,表参道店,KN-001,WOOL KNIT,KNIT,BLACK,XL,2500,2500,1,2500,0,0.0,店舗
ORD-202609-02196,2026/09/21,新宿店,OT-002,CHESTER COAT,OUTER,WHITE,L,6700,6700,1,6700,0,0.0,店舗
ORD-202609-02312,2026/09/21,表参道店,KN-003,CREW KNIT,KNIT,NAVY,M,2000,2000,2,4000,0,0.0,店舗
ORD-202609-02317,2026/09/21,EC,JK-005,MDS JACKET,JACKET,NAVY,M,4000,4000,3,12000,0,0.0,オンライン
ORD-202609-02381,2026/09/21,EC,OT-001,WOOL COAT,OUTER,KHAKI,L,6200,4650,1,4650,1550,0.25,オンライン
ORD-202609-02388,2026/09/21,新宿店,TP-002,OX SHIRT,TOPS,GRAY,XL,900,900,2,1800,0,0.0,店舗
ORD-202609-02402,2026/09/21,表参道店,BG-003,2WAY BAG,BAG,BEIGE,XL,1800,1350,3,4050,1350,0.25,店舗
ORD-202609-02415,2026/09/21,EC,TP-001,BASIC TEE,TOPS,WHITE,M,1400,1400,1,1400,0,0.0,オンライン
ORD-202609-02446,2026/09/21,EC,OT-001,WOOL COAT,OUTER,BEIGE,L,6200,6200,3,18600,0,0.0,オンライン
ORD-202609-02455,2026/09/21,EC,AC-002,SILK SCARF,ACCESSORY,GRAY,L,1000,1000,1,1000,0,0.0,オンライン
ORD-202609-02474,2026/09/21,新宿店,AC-001,WOOL CAP,ACCESSORY,GRAY,M,500,500,1,500,0,0.0,店舗
ORD-202609-02475,2026/09/21,新宿店,AC-001,WOOL CAP,ACCESSORY,NAVY,S,500,500,1,500,0,0.0,店舗
ORD-202609-02496,2026/09/21,表参道店,JK-002,SHELL JACKET,JACKET,KHAKI,XL,3000,2400,1,2400,600,0.2,店舗
ORD-202609-02499,2026/09/21,EC,JK-001,TECH JACKET,JACKET,BLACK,L,4500,3820,1,3820,680,0.15,オンライン
ORD-202609-02519,2026/09/21,大阪店,OT-003,MOD COAT,OUTER,BLACK,L,5200,3640,1,3640,1560,0.3,店舗
ORD-202609-02521,2026/09/21,大阪店,AC-004,KNIT MUFFLER,ACCESSORY,BLACK,L,1000,1000,1,1000,0,0.0,店舗
ORD-202609-02567,2026/09/21,EC,OT-002,CHESTER COAT,OUTER,NAVY,XL,6700,6700,1,6700,0,0.0,オンライン
ORD-202609-02574,2026/09/21,新宿店,BG-001,TOTE BAG,BAG,BLACK,S,1800,1800,1,1800,0,0.0,店舗
ORD-202609-02581,2026/09/21,EC,PT-001,SLIM PANTS,PANTS,GRAY,L,1800,1800,3,5400,0,0.0,オンライン
ORD-202609-02585,2026/09/21,新宿店,KN-001,WOOL KNIT,KNIT,NAVY,M,2500,2500,1,2500,0,0.0,店舗
ORD-202609-02641,2026/09/21,EC,SH-001,LOW SNEAKER,SHOES,KHAKI,L,2400,2400,1,2400,0,0.0,オンライン
ORD-202609-02654,2026/09/21,新宿店,SH-001,LOW SNEAKER,SHOES,BLACK,M,2400,2400,1,2400,0,0.0,店舗
ORD-202609-02686,2026/09/21,EC,JK-001,TECH JACKET,JACKET,BLACK,L,4500,4500,1,4500,0,0.0,オンライン
ORD-202609-02724,2026/09/21,大阪店,PT-002,WIDE PANTS,PANTS,NAVY,M,1800,1530,1,1530,270,0.15,店舗
ORD-202609-02736,2026/09/21,EC,KN-005,COTTON KNIT,KNIT,NAVY,L,2500,2500,1,2500,0,0.0,オンライン
ORD-202609-02761,2026/09/21,新宿店,OT-001,WOOL COAT,OUTER,BEIGE,M,6200,5270,3,15810,2790,0.15,店舗
ORD-202609-02875,2026/09/21,EC,PT-001,SLIM PANTS,PANTS,BLACK,M,1800,1620,1,1620,180,0.1,オンライン
ORD-202609-02900,2026/09/21,表参道店,AC-001,WOOL CAP,ACCESSORY,WHITE,L,500,500,2,1000,0,0.0,店舗
ORD-202609-02905,2026/09/21,EC,PT-001,SLIM PANTS,PANTS,BLACK,L,1800,1800,1,1800,0,0.0,オンライン
ORD-202609-02923,2026/09/21,大阪店,TP-002,OX SHIRT,TOPS,BEIGE,XL,900,680,1,680,220,0.25,店舗
ORD-202609-02968,2026/09/21,新宿店,JK-001,TECH JACKET,JACKET,BLACK,L,4500,4500,1,4500,0,0.0,店舗
ORD-202609-02986,2026/09/21,EC,KN-001,WOOL KNIT,KNIT,NAVY,S,2500,2500,1,2500,0,0.0,オンライン
ORD-202609-00024,2026/09/22,EC,BG-001,TOTE BAG,BAG,GRAY,XL,1800,1800,1,1800,0,0.0,オンライン
ORD-202609-00220,2026/09/22,大阪店,SH-004,COURT SNEAKER,SHOES,BEIGE,M,3900,3900,1,3900,0,0.0,店舗
ORD-202609-00273,2026/09/22,新宿店,OT-001,WOOL COAT,OUTER,NAVY,L,6200,5580,1,5580,620,0.1,店舗
ORD-202609-00363,2026/09/22,EC,BG-001,TOTE BAG,BAG,WHITE,M,1800,1440,1,1440,360,0.2,オンライン
ORD-202609-00383,2026/09/22,表参道店,SH-003,CHUKKA BOOTS,SHOES,KHAKI,S,3900,3900,1,3900,0,0.0,店舗
ORD-202609-00441,2026/09/22,新宿店,AC-001,WOOL CAP,ACCESSORY,WHITE,L,500,500,1,500,0,0.0,店舗
ORD-202609-00446,2026/09/22,EC,PT-003,TAPERED PANTS,PANTS,KHAKI,M,2800,2800,3,8400,0,0.0,オンライン
ORD-202609-00549,2026/09/22,EC,OT-001,WOOL COAT,OUTER,BLACK,L,6200,6200,1,6200,0,0.0,オンライン
ORD-202609-00717,2026/09/22,EC,TP-001,BASIC TEE,TOPS,BLACK,L,1400,980,1,980,420,0.3,オンライン
ORD-202609-00725,2026/09/22,EC,BG-001,TOTE BAG,BAG,BLACK,M,1800,1800,1,1800,0,0.0,オンライン
ORD-202609-00766,2026/09/22,表参道店,SH-001,LOW SNEAKER,SHOES,BLACK,M,2400,2400,1,2400,0,0.0,店舗
ORD-202609-00842,2026/09/22,EC,TP-003,BAND COLLAR SHIRT,TOPS,BLACK,L,1400,1050,1,1050,350,0.25,オンライン
ORD-202609-00894,2026/09/22,EC,BG-003,2WAY BAG,BAG,KHAKI,L,1800,1350,1,1350,450,0.25,オンライン
ORD-202609-00917,2026/09/22,新宿店,TP-001,BASIC TEE,TOPS,WHITE,L,1400,1400,1,1400,0,0.0,店舗
ORD-202609-00925,2026/09/22,EC,JK-001,TECH JACKET,JACKET,BLACK,L,4500,3820,1,3820,680,0.15,オンライン
ORD-202609-01005,2026/09/22,表参道店,AC-003,LEATHER BELT,ACCESSORY,NAVY,S,1000,1000,1,1000,0,0.0,店舗
ORD-202609-01038,2026/09/22,新宿店,TP-001,BASIC TEE,TOPS,WHITE,L,1400,1400,1,1400,0,0.0,店舗
ORD-202609-01099,2026/09/22,EC,OT-001,WOOL COAT,OUTER,NAVY,M,6200,4960,1,4960,1240,0.2,オンライン
ORD-202609-01118,2026/09/22,新宿店,OT-002,CHESTER COAT,OUTER,BEIGE,M,6700,5700,2,11400,2000,0.15,店舗
ORD-202609-01128,2026/09/22,EC,SH-003,CHUKKA BOOTS,SHOES,NAVY,XL,3900,2920,1,2920,980,0.25,オンライン
ORD-202609-01151,2026/09/22,表参道店,AC-003,LEATHER BELT,ACCESSORY,GRAY,S,1000,850,1,850,150,0.15,店舗
ORD-202609-01152,2026/09/22,EC,SH-002,SUEDE BOOTS,SHOES,BEIGE,L,2400,2160,1,2160,240,0.1,オンライン
ORD-202609-01230,2026/09/22,表参道店,TP-001,BASIC TEE,TOPS,GRAY,M,1400,1400,1,1400,0,0.0,店舗
ORD-202609-01264,2026/09/22,EC,TP-001,BASIC TEE,TOPS,WHITE,S,1400,1400,1,1400,0,0.0,オンライン
ORD-202609-01269,2026/09/22,大阪店,BG-001,TOTE BAG,BAG,WHITE,M,1800,1620,1,1620,180,0.1,店舗
ORD-202609-01281,2026/09/22,表参道店,KN-001,WOOL KNIT,KNIT,WHITE,M,2500,2500,1,2500,0,0.0,店舗
ORD-202609-01292,2026/09/22,表参道店,TP-004,DRY TEE,TOPS,KHAKI,M,1400,1050,1,1050,350,0.25,店舗
ORD-202609-01368,2026/09/22,表参道店,SH-002,SUEDE BOOTS,SHOES,NAVY,XL,2400,2400,3,7200,0,0.0,店舗
ORD-202609-01411,2026/09/22,EC,TP-001,BASIC TEE,TOPS,NAVY,L,1400,1400,1,1400,0,0.0,オンライン
ORD-202609-01476,2026/09/22,表参道店,AC-001,WOOL CAP,ACCESSORY,GRAY,S,500,500,1,500,0,0.0,店舗
ORD-202609-01482,2026/09/22,EC,SH-001,LOW SNEAKER,SHOES,NAVY,L,2400,2400,1,2400,0,0.0,オンライン
ORD-202609-01495,2026/09/22,EC,SH-001,LOW SNEAKER,SHOES,BEIGE,XL,2400,2400,3,7200,0,0.0,オンライン
ORD-202609-01564,2026/09/22,EC,TP-001,BASIC TEE,TOPS,KHAKI,XL,1400,1120,1,1120,280,0.2,オンライン
ORD-202609-01591,2026/09/22,表参道店,JK-001,TECH JACKET,JACKET,BEIGE,XL,4500,4500,1,4500,0,0.0,店舗
ORD-202609-01630,2026/09/22,EC,SH-001,LOW SNEAKER,SHOES,BLACK,XL,2400,2400,1,2400,0,0.0,オンライン
ORD-202609-01655,2026/09/22,大阪店,TP-003,BAND COLLAR SHIRT,TOPS,BEIGE,S,1400,1400,1,1400,0,0.0,店舗
ORD-202609-01664,2026/09/22,新宿店,AC-001,WOOL CAP,ACCESSORY,BLACK,L,500,500,1,500,0,0.0,店舗
ORD-202609-01725,2026/09/22,EC,BG-003,2WAY BAG,BAG,BLACK,M,1800,1800,1,1800,0,0.0,オンライン
ORD-202609-01739,2026/09/22,表参道店,BG-001,TOTE BAG,BAG,WHITE,XL,1800,1620,1,1620,180,0.1,店舗
ORD-202609-01774,2026/09/22,表参道店,KN-001,WOOL KNIT,KNIT,GRAY,M,2500,2500,1,2500,0,0.0,店舗
ORD-202609-01775,2026/09/22,EC,TP-001,BASIC TEE,TOPS,NAVY,M,1400,980,2,1960,840,0.3,オンライン
ORD-202609-01794,2026/09/22,新宿店,SH-002,SUEDE BOOTS,SHOES,BEIGE,XL,2400,2400,2,4800,0,0.0,店舗
ORD-202609-01809,2026/09/22,EC,OT-001,WOOL COAT,OUTER,NAVY,L,6200,6200,1,6200,0,0.0,オンライン
ORD-202609-01833,2026/09/22,表参道店,TP-001,BASIC TEE,TOPS,BEIGE,L,1400,1400,1,1400,0,0.0,店舗
ORD-202609-01837,2026/09/22,表参道店,SH-002,SUEDE BOOTS,SHOES,GRAY,M,2400,1920,1,1920,480,0.2,店舗
ORD-202609-01839,2026/09/22,大阪店,KN-001,WOOL KNIT,KNIT,BEIGE,M,2500,2000,1,2000,500,0.2,店舗
ORD-202609-01844,2026/09/22,大阪店,KN-001,WOOL KNIT,KNIT,WHITE,S,2500,2250,1,2250,250,0.1,店舗
ORD-202609-01864,2026/09/22,表参道店,AC-001,WOOL CAP,ACCESSORY,GRAY,M,500,500,1,500,0,0.0,店舗
ORD-202609-01894,2026/09/22,EC,PT-001,SLIM PANTS,PANTS,BEIGE,L,1800,1350,2,2700,900,0.25,オンライン
ORD-202609-02036,2026/09/22,EC,TP-002,OX SHIRT,TOPS,BLACK,L,900,810,1,810,90,0.1,オンライン
ORD-202609-02059,2026/09/22,EC,PT-002,WIDE PANTS,PANTS,WHITE,XL,1800,1260,1,1260,540,0.3,オンライン
ORD-202609-02073,2026/09/22,表参道店,PT-003,TAPERED PANTS,PANTS,KHAKI,L,2800,2800,1,2800,0,0.0,店舗
ORD-202609-02086,2026/09/22,新宿店,PT-001,SLIM PANTS,PANTS,WHITE,XL,1800,1800,1,1800,0,0.0,店舗
ORD-202609-02087,2026/09/22,EC,AC-003,LEATHER BELT,ACCESSORY,NAVY,L,1000,1000,1,1000,0,0.0,オンライン
ORD-202609-02156,2026/09/22,EC,OT-001,WOOL COAT,OUTER,BLACK,L,6200,6200,1,6200,0,0.0,オンライン
ORD-202609-02203,2026/09/22,EC,PT-002,WIDE PANTS,PANTS,BLACK,S,1800,1800,2,3600,0,0.0,オンライン
ORD-202609-02224,2026/09/22,EC,OT-001,WOOL COAT,OUTER,NAVY,L,6200,4960,1,4960,1240,0.2,オンライン
ORD-202609-02226,2026/09/22,新宿店,AC-001,WOOL CAP,ACCESSORY,KHAKI,M,500,500,1,500,0,0.0,店舗
ORD-202609-02247,2026/09/22,EC,PT-002,WIDE PANTS,PANTS,NAVY,M,1800,1800,3,5400,0,0.0,オンライン
ORD-202609-02286,2026/09/22,EC,SH-002,SUEDE BOOTS,SHOES,WHITE,M,2400,2040,2,4080,720,0.15,オンライン
ORD-202609-02297,2026/09/22,大阪店,TP-004,DRY TEE,TOPS,BEIGE,L,1400,1120,1,1120,280,0.2,店舗
ORD-202609-02301,2026/09/22,新宿店,JK-002,SHELL JACKET,JACKET,WHITE,L,3000,3000,1,3000,0,0.0,店舗
ORD-202609-02309,2026/09/22,EC,PT-001,SLIM PANTS,PANTS,NAVY,XL,1800,1800,1,1800,0,0.0,オンライン
ORD-202609-02394,2026/09/22,大阪店,SH-003,CHUKKA BOOTS,SHOES,BLACK,M,3900,3900,1,3900,0,0.0,店舗
ORD-202609-02396,2026/09/22,EC,OT-001,WOOL COAT,OUTER,KHAKI,M,6200,6200,1,6200,0,0.0,オンライン
ORD-202609-02409,2026/09/22,EC,KN-001,WOOL KNIT,KNIT,BLACK,L,2500,2120,1,2120,380,0.15,オンライン
ORD-202609-02480,2026/09/22,EC,TP-002,OX SHIRT,TOPS,WHITE,M,900,760,1,760,140,0.15,オンライン
ORD-202609-02484,2026/09/22,EC,PT-003,TAPERED PANTS,PANTS,WHITE,M,2800,2800,1,2800,0,0.0,オンライン
ORD-202609-02568,2026/09/22,大阪店,OT-001,WOOL COAT,OUTER,GRAY,L,6200,4650,1,4650,1550,0.25,店舗
ORD-202609-02573,2026/09/22,大阪店,BG-002,SHOULDER BAG,BAG,BLACK,XL,3300,3300,1,3300,0,0.0,店舗
ORD-202609-02578,2026/09/22,表参道店,TP-003,BAND COLLAR SHIRT,TOPS,GRAY,M,1400,1400,1,1400,0,0.0,店舗
ORD-202609-02602,2026/09/22,表参道店,PT-003,TAPERED PANTS,PANTS,BLACK,XL,2800,2800,2,5600,0,0.0,店舗
ORD-202609-02656,2026/09/22,新宿店,PT-001,SLIM PANTS,PANTS,BLACK,M,1800,1800,1,1800,0,0.0,店舗
ORD-202609-02734,2026/09/22,EC,JK-002,SHELL JACKET,JACKET,GRAY,S,3000,3000,3,9000,0,0.0,オンライン
ORD-202609-02749,2026/09/22,新宿店,TP-001,BASIC TEE,TOPS,WHITE,M,1400,1400,1,1400,0,0.0,店舗
ORD-202609-02763,2026/09/22,表参道店,TP-002,OX SHIRT,TOPS,NAVY,XL,900,900,1,900,0,0.0,店舗
ORD-202609-02770,2026/09/22,EC,JK-001,TECH JACKET,JACKET,NAVY,L,4500,4500,1,4500,0,0.0,オンライン
ORD-202609-02806,2026/09/22,表参道店,KN-001,WOOL KNIT,KNIT,NAVY,L,2500,2500,1,2500,0,0.0,店舗
ORD-202609-02824,2026/09/22,新宿店,OT-001,WOOL COAT,OUTER,KHAKI,XL,6200,6200,1,6200,0,0.0,店舗
ORD-202609-02868,2026/09/22,EC,BG-002,SHOULDER BAG,BAG,NAVY,M,3300,3300,3,9900,0,0.0,オンライン
ORD-202609-02872,2026/09/22,新宿店,OT-001,WOOL COAT,OUTER,BEIGE,L,6200,6200,1,6200,0,0.0,店舗
ORD-202609-02898,2026/09/22,EC,AC-002,SILK SCARF,ACCESSORY,BLACK,L,1000,850,1,850,150,0.15,オンライン
ORD-202609-02902,2026/09/22,EC,TP-001,BASIC TEE,TOPS,KHAKI,XL,1400,980,1,980,420,0.3,オンライン
ORD-202609-02996,2026/09/22,EC,JK-002,SHELL JACKET,JACKET,KHAKI,L,3000,3000,1,3000,0,0.0,オンライン
ORD-202609-00084,2026/09/23,表参道店,AC-001,WOOL CAP,ACCESSORY,NAVY,L,500,500,1,500,0,0.0,店舗
ORD-202609-00101,2026/09/23,EC,OT-005,BALMACAAN COAT,OUTER,KHAKI,M,6700,6030,1,6030,670,0.1,オンライン
ORD-202609-00127,2026/09/23,EC,BG-003,2WAY BAG,BAG,KHAKI,L,1800,1800,1,1800,0,0.0,オンライン
ORD-202609-00149,2026/09/23,表参道店,KN-003,CREW KNIT,KNIT,BLACK,S,2000,2000,1,2000,0,0.0,店舗
ORD-202609-00177,2026/09/23,EC,SH-001,LOW SNEAKER,SHOES,BLACK,L,2400,2400,1,2400,0,0.0,オンライン
ORD-202609-00178,2026/09/23,表参道店,PT-002,WIDE PANTS,PANTS,NAVY,XL,1800,1800,1,1800,0,0.0,店舗
ORD-202609-00242,2026/09/23,EC,TP-001,BASIC TEE,TOPS,GRAY,XL,1400,1260,1,1260,140,0.1,オンライン
ORD-202609-00246,2026/09/23,EC,TP-001,BASIC TEE,TOPS,BLACK,M,1400,1400,3,4200,0,0.0,オンライン
ORD-202609-00247,2026/09/23,大阪店,JK-001,TECH JACKET,JACKET,NAVY,L,4500,3150,1,3150,1350,0.3,店舗
ORD-202609-00257,2026/09/23,表参道店,TP-002,OX SHIRT,TOPS,GRAY,XL,900,900,1,900,0,0.0,店舗
ORD-202609-00293,2026/09/23,新宿店,TP-001,BASIC TEE,TOPS,GRAY,XL,1400,1400,1,1400,0,0.0,店舗
ORD-202609-00320,2026/09/23,新宿店,KN-001,WOOL KNIT,KNIT,NAVY,L,2500,2500,1,2500,0,0.0,店舗
ORD-202609-00329,2026/09/23,新宿店,PT-001,SLIM PANTS,PANTS,BLACK,M,1800,1530,1,1530,270,0.15,店舗
ORD-202609-00350,2026/09/23,大阪店,PT-001,SLIM PANTS,PANTS,KHAKI,M,1800,1800,1,1800,0,0.0,店舗
ORD-202609-00365,2026/09/23,新宿店,TP-001,BASIC TEE,TOPS,BLACK,S,1400,1400,2,2800,0,0.0,店舗
ORD-202609-00373,2026/09/23,EC,TP-001,BASIC TEE,TOPS,KHAKI,S,1400,1400,1,1400,0,0.0,オンライン
ORD-202609-00401,2026/09/23,表参道店,OT-001,WOOL COAT,OUTER,WHITE,L,6200,6200,2,12400,0,0.0,店舗
ORD-202609-00422,2026/09/23,EC,TP-002,OX SHIRT,TOPS,GRAY,S,900,900,2,1800,0,0.0,オンライン
ORD-202609-00505,2026/09/23,EC,OT-003,MOD COAT,OUTER,BLACK,M,5200,5200,1,5200,0,0.0,オンライン
ORD-202609-00517,2026/09/23,表参道店,JK-001,TECH JACKET,JACKET,BLACK,M,4500,4500,1,4500,0,0.0,店舗
ORD-202609-00566,2026/09/23,EC,JK-001,TECH JACKET,JACKET,BLACK,M,4500,3380,1,3380,1120,0.25,オンライン
ORD-202609-00682,2026/09/23,大阪店,KN-001,WOOL KNIT,KNIT,BEIGE,L,2500,2500,1,2500,0,0.0,店舗
ORD-202609-00730,2026/09/23,EC,TP-001,BASIC TEE,TOPS,KHAKI,L,1400,1260,1,1260,140,0.1,オンライン
ORD-202609-00761,2026/09/23,EC,TP-001,BASIC TEE,TOPS,BLACK,M,1400,1400,1,1400,0,0.0,オンライン
ORD-202609-00765,2026/09/23,新宿店,OT-001,WOOL COAT,OUTER,NAVY,M,6200,6200,1,6200,0,0.0,店舗
ORD-202609-00784,2026/09/23,EC,SH-001,LOW SNEAKER,SHOES,NAVY,S,2400,2400,1,2400,0,0.0,オンライン
ORD-202609-00825,2026/09/23,大阪店,OT-003,MOD COAT,OUTER,BEIGE,XL,5200,3640,1,3640,1560,0.3,店舗
ORD-202609-00831,2026/09/23,EC,OT-001,WOOL COAT,OUTER,KHAKI,XL,6200,5580,1,5580,620,0.1,オンライン
ORD-202609-00861,2026/09/23,表参道店,AC-001,WOOL CAP,ACCESSORY,BLACK,L,500,450,1,450,50,0.1,店舗
ORD-202609-00900,2026/09/23,EC,OT-003,MOD COAT,OUTER,NAVY,L,5200,5200,1,5200,0,0.0,オンライン
ORD-202609-00922,2026/09/23,EC,JK-003,QUILTED JACKET,JACKET,KHAKI,S,5000,5000,1,5000,0,0.0,オンライン
ORD-202609-00924,2026/09/23,EC,TP-001,BASIC TEE,TOPS,GRAY,M,1400,1400,1,1400,0,0.0,オンライン
ORD-202609-00926,2026/09/23,新宿店,TP-003,BAND COLLAR SHIRT,TOPS,BLACK,L,1400,1400,1,1400,0,0.0,店舗
ORD-202609-01018,2026/09/23,EC,PT-002,WIDE PANTS,PANTS,BLACK,M,1800,1800,2,3600,0,0.0,オンライン
ORD-202609-01030,2026/09/23,新宿店,AC-001,WOOL CAP,ACCESSORY,BLACK,S,500,500,1,500,0,0.0,店舗
ORD-202609-01046,2026/09/23,大阪店,TP-005,LINEN SHIRT,TOPS,NAVY,XL,1400,980,1,980,420,0.3,店舗
ORD-202609-01091,2026/09/23,大阪店,OT-001,WOOL COAT,OUTER,WHITE,S,6200,6200,1,6200,0,0.0,店舗
ORD-202609-01113,2026/09/23,新宿店,JK-003,QUILTED JACKET,JACKET,NAVY,M,5000,5000,1,5000,0,0.0,店舗
ORD-202609-01122,2026/09/23,表参道店,SH-001,LOW SNEAKER,SHOES,BLACK,L,2400,2040,1,2040,360,0.15,店舗
ORD-202609-01130,2026/09/23,EC,BG-001,TOTE BAG,BAG,WHITE,L,1800,1800,1,1800,0,0.0,オンライン
ORD-202609-01133,2026/09/23,大阪店,KN-005,COTTON KNIT,KNIT,BLACK,M,2500,2500,1,2500,0,0.0,店舗
ORD-202609-01139,2026/09/23,新宿店,SH-002,SUEDE BOOTS,SHOES,WHITE,M,2400,2400,1,2400,0,0.0,店舗
ORD-202609-01148,2026/09/23,EC,JK-005,MDS JACKET,JACKET,BLACK,L,4000,4000,1,4000,0,0.0,オンライン
ORD-202609-01188,2026/09/23,表参道店,OT-001,WOOL COAT,OUTER,BEIGE,S,6200,6200,1,6200,0,0.0,店舗
ORD-202609-01247,2026/09/23,EC,TP-002,OX SHIRT,TOPS,BEIGE,L,900,900,1,900,0,0.0,オンライン
ORD-202609-01272,2026/09/23,EC,TP-001,BASIC TEE,TOPS,WHITE,L,1400,1400,1,1400,0,0.0,オンライン
ORD-202609-01285,2026/09/23,新宿店,KN-003,CREW KNIT,KNIT,GRAY,L,2000,1700,1,1700,300,0.15,店舗
ORD-202609-01343,2026/09/23,表参道店,AC-002,SILK SCARF,ACCESSORY,WHITE,L,1000,750,1,750,250,0.25,店舗
ORD-202609-01353,2026/09/23,表参道店,KN-001,WOOL KNIT,KNIT,KHAKI,L,2500,2500,3,7500,0,0.0,店舗
ORD-202609-01426,2026/09/23,大阪店,AC-001,WOOL CAP,ACCESSORY,GRAY,M,500,500,1,500,0,0.0,店舗
ORD-202609-01441,2026/09/23,表参道店,KN-004,MOCK NECK KNIT,KNIT,WHITE,L,2000,2000,1,2000,0,0.0,店舗
ORD-202609-01450,2026/09/23,EC,TP-001,BASIC TEE,TOPS,NAVY,M,1400,1400,1,1400,0,0.0,オンライン
ORD-202609-01452,2026/09/23,EC,BG-002,SHOULDER BAG,BAG,GRAY,M,3300,3300,1,3300,0,0.0,オンライン
ORD-202609-01586,2026/09/23,新宿店,SH-003,CHUKKA BOOTS,SHOES,BEIGE,L,3900,3900,1,3900,0,0.0,店舗
ORD-202609-01613,2026/09/23,EC,SH-001,LOW SNEAKER,SHOES,WHITE,XL,2400,2400,1,2400,0,0.0,オンライン
ORD-202609-01640,2026/09/23,新宿店,AC-001,WOOL CAP,ACCESSORY,BLACK,L,500,500,1,500,0,0.0,店舗
ORD-202609-01677,2026/09/23,EC,JK-001,TECH JACKET,JACKET,NAVY,S,4500,4500,2,9000,0,0.0,オンライン
ORD-202609-01698,2026/09/23,新宿店,AC-003,LEATHER BELT,ACCESSORY,WHITE,L,1000,1000,1,1000,0,0.0,店舗
ORD-202609-01710,2026/09/23,表参道店,SH-001,LOW SNEAKER,SHOES,GRAY,XL,2400,2160,1,2160,240,0.1,店舗
ORD-202609-01747,2026/09/23,新宿店,JK-001,TECH JACKET,JACKET,BLACK,XL,4500,4500,1,4500,0,0.0,店舗
ORD-202609-01771,2026/09/23,新宿店,PT-002,WIDE PANTS,PANTS,BEIGE,M,1800,1260,1,1260,540,0.3,店舗
ORD-202609-01808,2026/09/23,EC,AC-001,WOOL CAP,ACCESSORY,BLACK,L,500,500,2,1000,0,0.0,オンライン
ORD-202609-01841,2026/09/23,EC,OT-001,WOOL COAT,OUTER,BLACK,XL,6200,5580,1,5580,620,0.1,オンライン
ORD-202609-01918,2026/09/23,大阪店,SH-003,CHUKKA BOOTS,SHOES,NAVY,S,3900,3900,1,3900,0,0.0,店舗
ORD-202609-01984,2026/09/23,大阪店,AC-001,WOOL CAP,ACCESSORY,BEIGE,S,500,500,1,500,0,0.0,店舗
ORD-202609-02000,2026/09/23,表参道店,OT-001,WOOL COAT,OUTER,BLACK,M,6200,6200,1,6200,0,0.0,店舗
ORD-202609-02017,2026/09/23,EC,JK-003,QUILTED JACKET,JACKET,BEIGE,M,5000,5000,2,10000,0,0.0,オンライン
ORD-202609-02050,2026/09/23,新宿店,JK-003,QUILTED JACKET,JACKET,WHITE,M,5000,5000,1,5000,0,0.0,店舗
ORD-202609-02065,2026/09/23,EC,AC-003,LEATHER BELT,ACCESSORY,BLACK,M,1000,1000,1,1000,0,0.0,オンライン
ORD-202609-02069,2026/09/23,表参道店,AC-002,SILK SCARF,ACCESSORY,BLACK,L,1000,1000,1,1000,0,0.0,店舗
ORD-202609-02107,2026/09/23,EC,AC-005,TOTE CHARM,ACCESSORY,NAVY,L,1000,900,1,900,100,0.1,オンライン
ORD-202609-02176,2026/09/23,新宿店,KN-002,CABLE KNIT,KNIT,BEIGE,XL,2000,2000,1,2000,0,0.0,店舗
ORD-202609-02178,2026/09/23,新宿店,JK-004,DENIM JACKET,JACKET,BEIGE,M,5000,5000,1,5000,0,0.0,店舗
ORD-202609-02218,2026/09/23,表参道店,TP-002,OX SHIRT,TOPS,NAVY,M,900,680,1,680,220,0.25,店舗
ORD-202609-02232,2026/09/23,新宿店,BG-005,BACKPACK,BAG,GRAY,XL,3800,3800,2,7600,0,0.0,店舗
ORD-202609-02252,2026/09/23,EC,SH-002,SUEDE BOOTS,SHOES,NAVY,S,2400,2400,1,2400,0,0.0,オンライン
ORD-202609-02259,2026/09/23,EC,BG-001,TOTE BAG,BAG,BLACK,M,1800,1350,3,4050,1350,0.25,オンライン
ORD-202609-02271,2026/09/23,大阪店,JK-003,QUILTED JACKET,JACKET,BLACK,L,5000,5000,1,5000,0,0.0,店舗
ORD-202609-02367,2026/09/23,EC,PT-003,TAPERED PANTS,PANTS,BEIGE,M,2800,2800,1,2800,0,0.0,オンライン
ORD-202609-02368,2026/09/23,新宿店,OT-002,CHESTER COAT,OUTER,BLACK,L,6700,6700,1,6700,0,0.0,店舗
ORD-202609-02382,2026/09/23,EC,TP-003,BAND COLLAR SHIRT,TOPS,BEIGE,M,1400,1400,1,1400,0,0.0,オンライン
ORD-202609-02400,2026/09/23,表参道店,BG-001,TOTE BAG,BAG,KHAKI,L,1800,1800,1,1800,0,0.0,店舗
ORD-202609-02451,2026/09/23,新宿店,AC-001,WOOL CAP,ACCESSORY,BEIGE,S,500,500,1,500,0,0.0,店舗
ORD-202609-02511,2026/09/23,大阪店,SH-005,DECK SHOES,SHOES,WHITE,S,2400,2400,1,2400,0,0.0,店舗
ORD-202609-02518,2026/09/23,EC,BG-001,TOTE BAG,BAG,NAVY,M,1800,1620,1,1620,180,0.1,オンライン
ORD-202609-02565,2026/09/23,新宿店,AC-001,WOOL CAP,ACCESSORY,WHITE,L,500,500,1,500,0,0.0,店舗
ORD-202609-02590,2026/09/23,大阪店,AC-003,LEATHER BELT,ACCESSORY,NAVY,M,1000,700,3,2100,900,0.3,店舗
ORD-202609-02622,2026/09/23,新宿店,AC-001,WOOL CAP,ACCESSORY,NAVY,L,500,500,2,1000,0,0.0,店舗
ORD-202609-02623,2026/09/23,EC,JK-001,TECH JACKET,JACKET,BLACK,M,4500,4500,1,4500,0,0.0,オンライン
ORD-202609-02624,2026/09/23,表参道店,KN-001,WOOL KNIT,KNIT,GRAY,L,2500,1880,1,1880,620,0.25,店舗
ORD-202609-02650,2026/09/23,新宿店,AC-002,SILK SCARF,ACCESSORY,WHITE,L,1000,900,2,1800,200,0.1,店舗
ORD-202609-02707,2026/09/23,EC,TP-001,BASIC TEE,TOPS,BLACK,M,1400,1400,1,1400,0,0.0,オンライン
ORD-202609-02738,2026/09/23,EC,SH-001,LOW SNEAKER,SHOES,WHITE,M,2400,2400,1,2400,0,0.0,オンライン
ORD-202609-02750,2026/09/23,新宿店,PT-001,SLIM PANTS,PANTS,BLACK,L,1800,1620,1,1620,180,0.1,店舗
ORD-202609-02756,2026/09/23,表参道店,KN-002,CABLE KNIT,KNIT,BLACK,XL,2000,2000,2,4000,0,0.0,店舗
ORD-202609-02809,2026/09/23,表参道店,PT-001,SLIM PANTS,PANTS,WHITE,L,1800,1530,1,1530,270,0.15,店舗
ORD-202609-02927,2026/09/23,EC,JK-003,QUILTED JACKET,JACKET,NAVY,L,5000,5000,1,5000,0,0.0,オンライン
ORD-202609-02943,2026/09/23,大阪店,TP-001,BASIC TEE,TOPS,BLACK,M,1400,1400,3,4200,0,0.0,店舗
ORD-202609-00052,2026/09/24,表参道店,OT-002,CHESTER COAT,OUTER,BEIGE,L,6700,6700,1,6700,0,0.0,店舗
ORD-202609-00098,2026/09/24,EC,KN-001,WOOL KNIT,KNIT,BLACK,L,2500,2250,1,2250,250,0.1,オンライン
ORD-202609-00128,2026/09/24,新宿店,OT-001,WOOL COAT,OUTER,GRAY,XL,6200,6200,3,18600,0,0.0,店舗
ORD-202609-00161,2026/09/24,EC,BG-001,TOTE BAG,BAG,BLACK,L,1800,1800,1,1800,0,0.0,オンライン
ORD-202609-00215,2026/09/24,EC,KN-001,WOOL KNIT,KNIT,BLACK,M,2500,2500,1,2500,0,0.0,オンライン
ORD-202609-00236,2026/09/24,新宿店,AC-001,WOOL CAP,ACCESSORY,BLACK,S,500,380,1,380,120,0.25,店舗
ORD-202609-00360,2026/09/24,EC,JK-002,SHELL JACKET,JACKET,BEIGE,L,3000,3000,1,3000,0,0.0,オンライン
ORD-202609-00364,2026/09/24,EC,SH-001,LOW SNEAKER,SHOES,BEIGE,L,2400,2400,1,2400,0,0.0,オンライン
ORD-202609-00396,2026/09/24,EC,KN-001,WOOL KNIT,KNIT,KHAKI,L,2500,2500,1,2500,0,0.0,オンライン
ORD-202609-00444,2026/09/24,大阪店,SH-002,SUEDE BOOTS,SHOES,BLACK,M,2400,2400,1,2400,0,0.0,店舗
ORD-202609-00464,2026/09/24,表参道店,JK-001,TECH JACKET,JACKET,BEIGE,M,4500,4500,2,9000,0,0.0,店舗
ORD-202609-00475,2026/09/24,表参道店,OT-002,CHESTER COAT,OUTER,BEIGE,XL,6700,6700,1,6700,0,0.0,店舗
ORD-202609-00497,2026/09/24,表参道店,AC-001,WOOL CAP,ACCESSORY,BLACK,XL,500,500,1,500,0,0.0,店舗
ORD-202609-00588,2026/09/24,大阪店,AC-001,WOOL CAP,ACCESSORY,WHITE,L,500,450,1,450,50,0.1,店舗
ORD-202609-00614,2026/09/24,表参道店,PT-001,SLIM PANTS,PANTS,GRAY,M,1800,1260,2,2520,1080,0.3,店舗
ORD-202609-00649,2026/09/24,EC,BG-001,TOTE BAG,BAG,BLACK,L,1800,1530,1,1530,270,0.15,オンライン
ORD-202609-00772,2026/09/24,大阪店,SH-001,LOW SNEAKER,SHOES,BLACK,L,2400,2400,1,2400,0,0.0,店舗
ORD-202609-00780,2026/09/24,表参道店,SH-001,LOW SNEAKER,SHOES,BEIGE,L,2400,1800,1,1800,600,0.25,店舗
ORD-202609-00793,2026/09/24,EC,BG-001,TOTE BAG,BAG,BEIGE,XL,1800,1800,1,1800,0,0.0,オンライン
ORD-202609-00880,2026/09/24,大阪店,KN-002,CABLE KNIT,KNIT,WHITE,L,2000,2000,1,2000,0,0.0,店舗
ORD-202609-00888,2026/09/24,新宿店,TP-005,LINEN SHIRT,TOPS,NAVY,XL,1400,1400,1,1400,0,0.0,店舗
ORD-202609-00912,2026/09/24,EC,PT-001,SLIM PANTS,PANTS,WHITE,S,1800,1800,1,1800,0,0.0,オンライン
ORD-202609-00929,2026/09/24,大阪店,SH-001,LOW SNEAKER,SHOES,BLACK,L,2400,2400,1,2400,0,0.0,店舗
ORD-202609-00935,2026/09/24,EC,JK-004,DENIM JACKET,JACKET,NAVY,XL,5000,5000,1,5000,0,0.0,オンライン
ORD-202609-00956,2026/09/24,大阪店,JK-004,DENIM JACKET,JACKET,GRAY,M,5000,5000,2,10000,0,0.0,店舗
ORD-202609-00997,2026/09/24,表参道店,OT-002,CHESTER COAT,OUTER,BLACK,L,6700,6700,1,6700,0,0.0,店舗
ORD-202609-01048,2026/09/24,EC,TP-003,BAND COLLAR SHIRT,TOPS,GRAY,M,1400,1120,1,1120,280,0.2,オンライン
ORD-202609-01066,2026/09/24,大阪店,KN-003,CREW KNIT,KNIT,NAVY,M,2000,2000,1,2000,0,0.0,店舗
ORD-202609-01123,2026/09/24,大阪店,OT-001,WOOL COAT,OUTER,GRAY,L,6200,6200,1,6200,0,0.0,店舗
ORD-202609-01185,2026/09/24,大阪店,TP-001,BASIC TEE,TOPS,NAVY,M,1400,1260,1,1260,140,0.1,店舗
ORD-202609-01251,2026/09/24,大阪店,TP-002,OX SHIRT,TOPS,BEIGE,S,900,900,1,900,0,0.0,店舗
ORD-202609-01278,2026/09/24,新宿店,PT-001,SLIM PANTS,PANTS,BEIGE,L,1800,1260,1,1260,540,0.3,店舗
ORD-202609-01307,2026/09/24,EC,BG-001,TOTE BAG,BAG,KHAKI,M,1800,1530,1,1530,270,0.15,オンライン
ORD-202609-01311,2026/09/24,EC,BG-005,BACKPACK,BAG,BLACK,S,3800,3800,3,11400,0,0.0,オンライン
ORD-202609-01401,2026/09/24,EC,JK-001,TECH JACKET,JACKET,BLACK,M,4500,4500,2,9000,0,0.0,オンライン
ORD-202609-01451,2026/09/24,大阪店,SH-001,LOW SNEAKER,SHOES,WHITE,XL,2400,2400,1,2400,0,0.0,店舗
ORD-202609-01471,2026/09/24,新宿店,KN-002,CABLE KNIT,KNIT,KHAKI,M,2000,2000,1,2000,0,0.0,店舗
ORD-202609-01490,2026/09/24,新宿店,BG-001,TOTE BAG,BAG,NAVY,L,1800,1440,1,1440,360,0.2,店舗
ORD-202609-01497,2026/09/24,新宿店,KN-002,CABLE KNIT,KNIT,KHAKI,M,2000,1700,1,1700,300,0.15,店舗
ORD-202609-01666,2026/09/24,大阪店,AC-001,WOOL CAP,ACCESSORY,NAVY,L,500,500,1,500,0,0.0,店舗
ORD-202609-01730,2026/09/24,EC,BG-001,TOTE BAG,BAG,BLACK,M,1800,1800,2,3600,0,0.0,オンライン
ORD-202609-01793,2026/09/24,新宿店,BG-005,BACKPACK,BAG,BLACK,L,3800,3800,1,3800,0,0.0,店舗
ORD-202609-01857,2026/09/24,大阪店,BG-001,TOTE BAG,BAG,BLACK,M,1800,1440,3,4320,1080,0.2,店舗
ORD-202609-01883,2026/09/24,EC,JK-002,SHELL JACKET,JACKET,GRAY,M,3000,3000,2,6000,0,0.0,オンライン
ORD-202609-01892,2026/09/24,大阪店,OT-001,WOOL COAT,OUTER,BLACK,S,6200,4650,1,4650,1550,0.25,店舗
ORD-202609-01907,2026/09/24,EC,OT-001,WOOL COAT,OUTER,BLACK,L,6200,6200,1,6200,0,0.0,オンライン
ORD-202609-01942,2026/09/24,EC,AC-001,WOOL CAP,ACCESSORY,KHAKI,M,500,500,1,500,0,0.0,オンライン
ORD-202609-02121,2026/09/24,EC,TP-002,OX SHIRT,TOPS,WHITE,M,900,680,1,680,220,0.25,オンライン
ORD-202609-02159,2026/09/24,表参道店,AC-003,LEATHER BELT,ACCESSORY,BLACK,S,1000,900,1,900,100,0.1,店舗
ORD-202609-02189,2026/09/24,大阪店,AC-001,WOOL CAP,ACCESSORY,KHAKI,S,500,500,1,500,0,0.0,店舗
ORD-202609-02199,2026/09/24,EC,PT-001,SLIM PANTS,PANTS,BLACK,M,1800,1350,1,1350,450,0.25,オンライン
ORD-202609-02223,2026/09/24,大阪店,AC-002,SILK SCARF,ACCESSORY,BLACK,M,1000,900,1,900,100,0.1,店舗
ORD-202609-02239,2026/09/24,EC,AC-001,WOOL CAP,ACCESSORY,KHAKI,L,500,500,1,500,0,0.0,オンライン
ORD-202609-02249,2026/09/24,新宿店,BG-005,BACKPACK,BAG,GRAY,L,3800,3800,2,7600,0,0.0,店舗
ORD-202609-02275,2026/09/24,EC,JK-001,TECH JACKET,JACKET,BLACK,M,4500,4500,1,4500,0,0.0,オンライン
ORD-202609-02279,2026/09/24,EC,AC-003,LEATHER BELT,ACCESSORY,BLACK,M,1000,1000,1,1000,0,0.0,オンライン
ORD-202609-02334,2026/09/24,表参道店,OT-001,WOOL COAT,OUTER,BEIGE,M,6200,6200,1,6200,0,0.0,店舗
ORD-202609-02346,2026/09/24,EC,KN-002,CABLE KNIT,KNIT,BEIGE,XL,2000,1700,3,5100,900,0.15,オンライン
ORD-202609-02443,2026/09/24,表参道店,JK-003,QUILTED JACKET,JACKET,BLACK,L,5000,3750,1,3750,1250,0.25,店舗
ORD-202609-02453,2026/09/24,EC,AC-002,SILK SCARF,ACCESSORY,BLACK,L,1000,1000,1,1000,0,0.0,オンライン
ORD-202609-02505,2026/09/24,表参道店,JK-001,TECH JACKET,JACKET,KHAKI,M,4500,4050,3,12150,1350,0.1,店舗
ORD-202609-02528,2026/09/24,EC,PT-002,WIDE PANTS,PANTS,WHITE,S,1800,1440,1,1440,360,0.2,オンライン
ORD-202609-02536,2026/09/24,大阪店,TP-001,BASIC TEE,TOPS,BLACK,M,1400,1400,2,2800,0,0.0,店舗
ORD-202609-02548,2026/09/24,新宿店,KN-001,WOOL KNIT,KNIT,BLACK,XL,2500,2500,1,2500,0,0.0,店舗
ORD-202609-02557,2026/09/24,新宿店,OT-001,WOOL COAT,OUTER,BLACK,XL,6200,6200,1,6200,0,0.0,店舗
ORD-202609-02570,2026/09/24,大阪店,PT-001,SLIM PANTS,PANTS,NAVY,XL,1800,1800,2,3600,0,0.0,店舗
ORD-202609-02576,2026/09/24,EC,TP-001,BASIC TEE,TOPS,BLACK,L,1400,1400,2,2800,0,0.0,オンライン
ORD-202609-02582,2026/09/24,EC,PT-001,SLIM PANTS,PANTS,GRAY,M,1800,1800,1,1800,0,0.0,オンライン
ORD-202609-02588,2026/09/24,新宿店,AC-003,LEATHER BELT,ACCESSORY,KHAKI,S,1000,1000,3,3000,0,0.0,店舗
ORD-202609-02598,2026/09/24,EC,AC-002,SILK SCARF,ACCESSORY,GRAY,XL,1000,1000,1,1000,0,0.0,オンライン
ORD-202609-02611,2026/09/24,EC,AC-001,WOOL CAP,ACCESSORY,NAVY,M,500,500,1,500,0,0.0,オンライン
ORD-202609-02667,2026/09/24,新宿店,TP-001,BASIC TEE,TOPS,BLACK,XL,1400,1400,1,1400,0,0.0,店舗
ORD-202609-02911,2026/09/24,表参道店,OT-003,MOD COAT,OUTER,GRAY,L,5200,5200,1,5200,0,0.0,店舗
ORD-202609-02925,2026/09/24,EC,TP-001,BASIC TEE,TOPS,BLACK,M,1400,1400,1,1400,0,0.0,オンライン
ORD-202609-02970,2026/09/24,表参道店,SH-001,LOW SNEAKER,SHOES,BEIGE,L,2400,2400,2,4800,0,0.0,店舗
ORD-202609-00001,2026/09/25,EC,OT-002,CHESTER COAT,OUTER,BLACK,XL,6700,6700,2,13400,0,0.0,オンライン
ORD-202609-00025,2026/09/25,EC,PT-005,CHINO PANTS,PANTS,WHITE,M,2300,2300,1,2300,0,0.0,オンライン
ORD-202609-00053,2026/09/25,新宿店,OT-001,WOOL COAT,OUTER,KHAKI,L,6200,6200,1,6200,0,0.0,店舗
ORD-202609-00062,2026/09/25,表参道店,TP-001,BASIC TEE,TOPS,GRAY,M,1400,1400,1,1400,0,0.0,店舗
ORD-202609-00133,2026/09/25,新宿店,KN-001,WOOL KNIT,KNIT,BLACK,M,2500,2500,1,2500,0,0.0,店舗
ORD-202609-00142,2026/09/25,EC,BG-005,BACKPACK,BAG,WHITE,M,3800,3800,2,7600,0,0.0,オンライン
ORD-202609-00147,2026/09/25,表参道店,JK-004,DENIM JACKET,JACKET,BLACK,M,5000,5000,2,10000,0,0.0,店舗
ORD-202609-00153,2026/09/25,表参道店,OT-001,WOOL COAT,OUTER,BLACK,M,6200,6200,1,6200,0,0.0,店舗
ORD-202609-00154,2026/09/25,EC,BG-003,2WAY BAG,BAG,NAVY,M,1800,1800,1,1800,0,0.0,オンライン
ORD-202609-00172,2026/09/25,表参道店,BG-001,TOTE BAG,BAG,BLACK,L,1800,1800,3,5400,0,0.0,店舗
ORD-202609-00187,2026/09/25,新宿店,JK-002,SHELL JACKET,JACKET,NAVY,M,3000,3000,1,3000,0,0.0,店舗
ORD-202609-00192,2026/09/25,大阪店,TP-001,BASIC TEE,TOPS,GRAY,S,1400,1260,1,1260,140,0.1,店舗
ORD-202609-00193,2026/09/25,新宿店,BG-001,TOTE BAG,BAG,WHITE,S,1800,1800,1,1800,0,0.0,店舗
ORD-202609-00199,2026/09/25,EC,AC-002,SILK SCARF,ACCESSORY,KHAKI,M,1000,800,1,800,200,0.2,オンライン
ORD-202609-00202,2026/09/25,表参道店,OT-003,MOD COAT,OUTER,BEIGE,XL,5200,5200,1,5200,0,0.0,店舗
ORD-202609-00230,2026/09/25,大阪店,KN-002,CABLE KNIT,KNIT,BLACK,XL,2000,1600,1,1600,400,0.2,店舗
ORD-202609-00256,2026/09/25,大阪店,SH-001,LOW SNEAKER,SHOES,BEIGE,M,2400,2400,1,2400,0,0.0,店舗
ORD-202609-00280,2026/09/25,EC,PT-001,SLIM PANTS,PANTS,NAVY,L,1800,1260,1,1260,540,0.3,オンライン
ORD-202609-00336,2026/09/25,大阪店,SH-003,CHUKKA BOOTS,SHOES,GRAY,S,3900,3900,1,3900,0,0.0,店舗
ORD-202609-00372,2026/09/25,大阪店,PT-003,TAPERED PANTS,PANTS,NAVY,XL,2800,2380,1,2380,420,0.15,店舗
ORD-202609-00387,2026/09/25,大阪店,TP-003,BAND COLLAR SHIRT,TOPS,WHITE,L,1400,1050,1,1050,350,0.25,店舗
ORD-202609-00388,2026/09/25,EC,SH-001,LOW SNEAKER,SHOES,BEIGE,S,2400,2400,1,2400,0,0.0,オンライン
ORD-202609-00414,2026/09/25,表参道店,KN-003,CREW KNIT,KNIT,BLACK,XL,2000,2000,1,2000,0,0.0,店舗
ORD-202609-00457,2026/09/25,新宿店,OT-001,WOOL COAT,OUTER,BLACK,L,6200,6200,1,6200,0,0.0,店舗
ORD-202609-00520,2026/09/25,EC,KN-001,WOOL KNIT,KNIT,WHITE,S,2500,2500,1,2500,0,0.0,オンライン
ORD-202609-00564,2026/09/25,表参道店,AC-001,WOOL CAP,ACCESSORY,WHITE,L,500,500,1,500,0,0.0,店舗
ORD-202609-00626,2026/09/25,表参道店,SH-001,LOW SNEAKER,SHOES,GRAY,L,2400,2040,2,4080,720,0.15,店舗
ORD-202609-00630,2026/09/25,EC,OT-001,WOOL COAT,OUTER,KHAKI,L,6200,4960,1,4960,1240,0.2,オンライン
ORD-202609-00633,2026/09/25,EC,PT-001,SLIM PANTS,PANTS,BLACK,S,1800,1800,1,1800,0,0.0,オンライン
ORD-202609-00637,2026/09/25,EC,AC-001,WOOL CAP,ACCESSORY,BLACK,M,500,500,1,500,0,0.0,オンライン
ORD-202609-00639,2026/09/25,表参道店,AC-003,LEATHER BELT,ACCESSORY,BLACK,XL,1000,800,1,800,200,0.2,店舗
ORD-202609-00688,2026/09/25,新宿店,JK-002,SHELL JACKET,JACKET,NAVY,M,3000,3000,1,3000,0,0.0,店舗
ORD-202609-00748,2026/09/25,表参道店,JK-001,TECH JACKET,JACKET,WHITE,M,4500,4500,1,4500,0,0.0,店舗
ORD-202609-00759,2026/09/25,EC,SH-004,COURT SNEAKER,SHOES,WHITE,M,3900,3510,1,3510,390,0.1,オンライン
ORD-202609-00847,2026/09/25,表参道店,KN-001,WOOL KNIT,KNIT,KHAKI,M,2500,2250,1,2250,250,0.1,店舗
ORD-202609-00856,2026/09/25,EC,OT-001,WOOL COAT,OUTER,KHAKI,M,6200,6200,2,12400,0,0.0,オンライン
ORD-202609-00959,2026/09/25,新宿店,SH-002,SUEDE BOOTS,SHOES,NAVY,XL,2400,2400,1,2400,0,0.0,店舗
ORD-202609-00965,2026/09/25,新宿店,AC-001,WOOL CAP,ACCESSORY,WHITE,M,500,350,1,350,150,0.3,店舗
ORD-202609-01012,2026/09/25,表参道店,OT-001,WOOL COAT,OUTER,BLACK,M,6200,6200,1,6200,0,0.0,店舗
ORD-202609-01083,2026/09/25,EC,KN-004,MOCK NECK KNIT,KNIT,WHITE,S,2000,1700,1,1700,300,0.15,オンライン
ORD-202609-01100,2026/09/25,表参道店,SH-003,CHUKKA BOOTS,SHOES,BLACK,M,3900,3900,1,3900,0,0.0,店舗
ORD-202609-01116,2026/09/25,表参道店,OT-001,WOOL COAT,OUTER,NAVY,S,6200,6200,1,6200,0,0.0,店舗
ORD-202609-01158,2026/09/25,新宿店,OT-001,WOOL COAT,OUTER,WHITE,L,6200,4960,2,9920,2480,0.2,店舗
ORD-202609-01186,2026/09/25,大阪店,AC-001,WOOL CAP,ACCESSORY,BLACK,M,500,450,1,450,50,0.1,店舗
ORD-202609-01209,2026/09/25,大阪店,BG-001,TOTE BAG,BAG,BLACK,M,1800,1800,1,1800,0,0.0,店舗
ORD-202609-01222,2026/09/25,EC,TP-005,LINEN SHIRT,TOPS,BLACK,XL,1400,1400,1,1400,0,0.0,オンライン
ORD-202609-01268,2026/09/25,EC,TP-001,BASIC TEE,TOPS,BLACK,S,1400,1260,1,1260,140,0.1,オンライン
ORD-202609-01305,2026/09/25,EC,KN-003,CREW KNIT,KNIT,NAVY,M,2000,1600,2,3200,800,0.2,オンライン
ORD-202609-01352,2026/09/25,新宿店,AC-001,WOOL CAP,ACCESSORY,BEIGE,M,500,500,1,500,0,0.0,店舗
ORD-202609-01363,2026/09/25,新宿店,KN-001,WOOL KNIT,KNIT,BLACK,S,2500,2500,1,2500,0,0.0,店舗
ORD-202609-01383,2026/09/25,大阪店,BG-001,TOTE BAG,BAG,BEIGE,M,1800,1530,1,1530,270,0.15,店舗
ORD-202609-01405,2026/09/25,新宿店,KN-001,WOOL KNIT,KNIT,WHITE,L,2500,2500,2,5000,0,0.0,店舗
ORD-202609-01414,2026/09/25,EC,BG-001,TOTE BAG,BAG,GRAY,L,1800,1800,1,1800,0,0.0,オンライン
ORD-202609-01461,2026/09/25,EC,JK-001,TECH JACKET,JACKET,WHITE,M,4500,4500,1,4500,0,0.0,オンライン
ORD-202609-01489,2026/09/25,大阪店,TP-002,OX SHIRT,TOPS,BLACK,XL,900,900,1,900,0,0.0,店舗
ORD-202609-01522,2026/09/25,新宿店,PT-003,TAPERED PANTS,PANTS,NAVY,M,2800,2800,1,2800,0,0.0,店舗
ORD-202609-01618,2026/09/25,大阪店,AC-001,WOOL CAP,ACCESSORY,BLACK,M,500,500,2,1000,0,0.0,店舗
ORD-202609-01619,2026/09/25,EC,BG-001,TOTE BAG,BAG,BEIGE,XL,1800,1800,1,1800,0,0.0,オンライン
ORD-202609-01621,2026/09/25,EC,AC-001,WOOL CAP,ACCESSORY,BEIGE,M,500,500,1,500,0,0.0,オンライン
ORD-202609-01653,2026/09/25,新宿店,OT-001,WOOL COAT,OUTER,BLACK,M,6200,6200,1,6200,0,0.0,店舗
ORD-202609-01663,2026/09/25,新宿店,BG-001,TOTE BAG,BAG,WHITE,M,1800,1800,1,1800,0,0.0,店舗
ORD-202609-01668,2026/09/25,EC,OT-002,CHESTER COAT,OUTER,NAVY,L,6700,5360,1,5360,1340,0.2,オンライン
ORD-202609-01689,2026/09/25,EC,JK-003,QUILTED JACKET,JACKET,GRAY,M,5000,5000,1,5000,0,0.0,オンライン
ORD-202609-01783,2026/09/25,大阪店,PT-002,WIDE PANTS,PANTS,BLACK,XL,1800,1350,1,1350,450,0.25,店舗
ORD-202609-01789,2026/09/25,新宿店,JK-002,SHELL JACKET,JACKET,BLACK,XL,3000,3000,1,3000,0,0.0,店舗
ORD-202609-01803,2026/09/25,表参道店,BG-001,TOTE BAG,BAG,NAVY,M,1800,1530,1,1530,270,0.15,店舗
ORD-202609-01835,2026/09/25,EC,SH-001,LOW SNEAKER,SHOES,NAVY,XL,2400,2400,2,4800,0,0.0,オンライン
ORD-202609-01845,2026/09/25,表参道店,PT-001,SLIM PANTS,PANTS,BEIGE,M,1800,1800,2,3600,0,0.0,店舗
ORD-202609-01870,2026/09/25,新宿店,BG-002,SHOULDER BAG,BAG,BEIGE,L,3300,3300,1,3300,0,0.0,店舗
ORD-202609-01871,2026/09/25,大阪店,SH-005,DECK SHOES,SHOES,BLACK,L,2400,2400,1,2400,0,0.0,店舗
ORD-202609-01908,2026/09/25,EC,JK-002,SHELL JACKET,JACKET,KHAKI,L,3000,3000,1,3000,0,0.0,オンライン
ORD-202609-01931,2026/09/25,EC,OT-002,CHESTER COAT,OUTER,NAVY,M,6700,6700,1,6700,0,0.0,オンライン
ORD-202609-01948,2026/09/25,表参道店,OT-005,BALMACAAN COAT,OUTER,NAVY,M,6700,6700,1,6700,0,0.0,店舗
ORD-202609-01997,2026/09/25,EC,JK-001,TECH JACKET,JACKET,GRAY,L,4500,4500,3,13500,0,0.0,オンライン
ORD-202609-02081,2026/09/25,新宿店,BG-003,2WAY BAG,BAG,BLACK,L,1800,1800,1,1800,0,0.0,店舗
ORD-202609-02123,2026/09/25,EC,BG-003,2WAY BAG,BAG,BEIGE,M,1800,1530,1,1530,270,0.15,オンライン
ORD-202609-02208,2026/09/25,新宿店,PT-003,TAPERED PANTS,PANTS,BEIGE,L,2800,2800,1,2800,0,0.0,店舗
ORD-202609-02209,2026/09/25,表参道店,OT-002,CHESTER COAT,OUTER,BLACK,L,6700,6700,1,6700,0,0.0,店舗
ORD-202609-02233,2026/09/25,新宿店,TP-001,BASIC TEE,TOPS,BLACK,XL,1400,1400,1,1400,0,0.0,店舗
ORD-202609-02238,2026/09/25,EC,SH-001,LOW SNEAKER,SHOES,WHITE,L,2400,2400,1,2400,0,0.0,オンライン
ORD-202609-02274,2026/09/25,新宿店,JK-001,TECH JACKET,JACKET,BLACK,M,4500,4500,1,4500,0,0.0,店舗
ORD-202609-02292,2026/09/25,大阪店,TP-004,DRY TEE,TOPS,GRAY,L,1400,1190,1,1190,210,0.15,店舗
ORD-202609-02293,2026/09/25,大阪店,AC-005,TOTE CHARM,ACCESSORY,BLACK,M,1000,1000,1,1000,0,0.0,店舗
ORD-202609-02365,2026/09/25,EC,BG-001,TOTE BAG,BAG,BEIGE,L,1800,1800,2,3600,0,0.0,オンライン
ORD-202609-02387,2026/09/25,EC,BG-001,TOTE BAG,BAG,BLACK,L,1800,1440,1,1440,360,0.2,オンライン
ORD-202609-02417,2026/09/25,EC,KN-001,WOOL KNIT,KNIT,KHAKI,L,2500,2500,1,2500,0,0.0,オンライン
ORD-202609-02434,2026/09/25,新宿店,KN-002,CABLE KNIT,KNIT,BLACK,L,2000,1800,2,3600,400,0.1,店舗
ORD-202609-02461,2026/09/25,EC,JK-002,SHELL JACKET,JACKET,BLACK,XL,3000,3000,1,3000,0,0.0,オンライン
ORD-202609-02469,2026/09/25,EC,PT-002,WIDE PANTS,PANTS,NAVY,M,1800,1800,1,1800,0,0.0,オンライン
ORD-202609-02530,2026/09/25,表参道店,OT-001,WOOL COAT,OUTER,NAVY,XL,6200,4650,1,4650,1550,0.25,店舗
ORD-202609-02540,2026/09/25,新宿店,JK-002,SHELL JACKET,JACKET,NAVY,M,3000,2100,1,2100,900,0.3,店舗
ORD-202609-02559,2026/09/25,新宿店,BG-004,MINI POUCH,BAG,GRAY,M,3800,3230,2,6460,1140,0.15,店舗
ORD-202609-02610,2026/09/25,EC,JK-001,TECH JACKET,JACKET,BLACK,M,4500,4500,2,9000,0,0.0,オンライン
ORD-202609-02646,2026/09/25,表参道店,SH-001,LOW SNEAKER,SHOES,WHITE,XL,2400,1680,1,1680,720,0.3,店舗
ORD-202609-02661,2026/09/25,表参道店,OT-001,WOOL COAT,OUTER,BLACK,XL,6200,6200,1,6200,0,0.0,店舗
ORD-202609-02729,2026/09/25,表参道店,OT-003,MOD COAT,OUTER,NAVY,M,5200,4680,1,4680,520,0.1,店舗
ORD-202609-02735,2026/09/25,大阪店,SH-001,LOW SNEAKER,SHOES,NAVY,L,2400,2400,3,7200,0,0.0,店舗
ORD-202609-02743,2026/09/25,表参道店,PT-001,SLIM PANTS,PANTS,KHAKI,L,1800,1800,1,1800,0,0.0,店舗
ORD-202609-02783,2026/09/25,表参道店,SH-001,LOW SNEAKER,SHOES,WHITE,L,2400,2040,1,2040,360,0.15,店舗
ORD-202609-02876,2026/09/25,大阪店,AC-003,LEATHER BELT,ACCESSORY,WHITE,M,1000,1000,1,1000,0,0.0,店舗
ORD-202609-02880,2026/09/25,EC,SH-001,LOW SNEAKER,SHOES,GRAY,L,2400,2040,1,2040,360,0.15,オンライン
ORD-202609-02910,2026/09/25,EC,TP-002,OX SHIRT,TOPS,NAVY,M,900,900,1,900,0,0.0,オンライン
ORD-202609-02948,2026/09/25,表参道店,JK-002,SHELL JACKET,JACKET,BLACK,L,3000,3000,1,3000,0,0.0,店舗
ORD-202609-00031,2026/09/26,EC,KN-002,CABLE KNIT,KNIT,BLACK,L,2000,2000,1,2000,0,0.0,オンライン
ORD-202609-00063,2026/09/26,新宿店,KN-001,WOOL KNIT,KNIT,GRAY,XL,2500,2500,1,2500,0,0.0,店舗
ORD-202609-00064,2026/09/26,EC,JK-002,SHELL JACKET,JACKET,BLACK,S,3000,3000,2,6000,0,0.0,オンライン
ORD-202609-00094,2026/09/26,新宿店,BG-001,TOTE BAG,BAG,GRAY,S,1800,1800,1,1800,0,0.0,店舗
ORD-202609-00109,2026/09/26,大阪店,TP-001,BASIC TEE,TOPS,BEIGE,XL,1400,1400,1,1400,0,0.0,店舗
ORD-202609-00135,2026/09/26,EC,KN-001,WOOL KNIT,KNIT,KHAKI,XL,2500,1880,1,1880,620,0.25,オンライン
ORD-202609-00144,2026/09/26,新宿店,SH-003,CHUKKA BOOTS,SHOES,NAVY,XL,3900,3900,1,3900,0,0.0,店舗
ORD-202609-00198,2026/09/26,EC,TP-003,BAND COLLAR SHIRT,TOPS,BLACK,M,1400,1050,1,1050,350,0.25,オンライン
ORD-202609-00211,2026/09/26,大阪店,AC-002,SILK SCARF,ACCESSORY,NAVY,L,1000,1000,2,2000,0,0.0,店舗
ORD-202609-00225,2026/09/26,新宿店,OT-002,CHESTER COAT,OUTER,BLACK,L,6700,6700,1,6700,0,0.0,店舗
ORD-202609-00249,2026/09/26,EC,KN-005,COTTON KNIT,KNIT,WHITE,M,2500,2500,1,2500,0,0.0,オンライン
ORD-202609-00268,2026/09/26,EC,BG-001,TOTE BAG,BAG,KHAKI,M,1800,1800,1,1800,0,0.0,オンライン
ORD-202609-00278,2026/09/26,大阪店,KN-002,CABLE KNIT,KNIT,BLACK,XL,2000,2000,1,2000,0,0.0,店舗
ORD-202609-00288,2026/09/26,新宿店,AC-003,LEATHER BELT,ACCESSORY,BLACK,XL,1000,1000,1,1000,0,0.0,店舗
ORD-202609-00300,2026/09/26,EC,PT-002,WIDE PANTS,PANTS,KHAKI,L,1800,1800,1,1800,0,0.0,オンライン
ORD-202609-00314,2026/09/26,EC,TP-001,BASIC TEE,TOPS,WHITE,XL,1400,1400,1,1400,0,0.0,オンライン
ORD-202609-00315,2026/09/26,EC,AC-001,WOOL CAP,ACCESSORY,GRAY,M,500,500,1,500,0,0.0,オンライン
ORD-202609-00358,2026/09/26,表参道店,OT-001,WOOL COAT,OUTER,GRAY,M,6200,6200,1,6200,0,0.0,店舗
ORD-202609-00400,2026/09/26,EC,OT-001,WOOL COAT,OUTER,NAVY,M,6200,6200,1,6200,0,0.0,オンライン
ORD-202609-00404,2026/09/26,EC,OT-001,WOOL COAT,OUTER,NAVY,XL,6200,6200,1,6200,0,0.0,オンライン
ORD-202609-00418,2026/09/26,EC,OT-003,MOD COAT,OUTER,BEIGE,L,5200,5200,1,5200,0,0.0,オンライン
ORD-202609-00442,2026/09/26,大阪店,SH-003,CHUKKA BOOTS,SHOES,NAVY,XL,3900,3900,1,3900,0,0.0,店舗
ORD-202609-00450,2026/09/26,EC,OT-003,MOD COAT,OUTER,BEIGE,XL,5200,4160,1,4160,1040,0.2,オンライン
ORD-202609-00462,2026/09/26,表参道店,OT-002,CHESTER COAT,OUTER,KHAKI,XL,6700,6700,1,6700,0,0.0,店舗
ORD-202609-00471,2026/09/26,EC,PT-003,TAPERED PANTS,PANTS,WHITE,S,2800,2800,1,2800,0,0.0,オンライン
ORD-202609-00476,2026/09/26,EC,OT-001,WOOL COAT,OUTER,WHITE,L,6200,6200,2,12400,0,0.0,オンライン
ORD-202609-00480,2026/09/26,EC,PT-001,SLIM PANTS,PANTS,GRAY,L,1800,1440,1,1440,360,0.2,オンライン
ORD-202609-00504,2026/09/26,新宿店,PT-003,TAPERED PANTS,PANTS,BLACK,S,2800,2800,1,2800,0,0.0,店舗
ORD-202609-00514,2026/09/26,EC,OT-001,WOOL COAT,OUTER,BLACK,L,6200,6200,1,6200,0,0.0,オンライン
ORD-202609-00538,2026/09/26,新宿店,JK-001,TECH JACKET,JACKET,BEIGE,M,4500,4500,1,4500,0,0.0,店舗
ORD-202609-00546,2026/09/26,EC,OT-001,WOOL COAT,OUTER,KHAKI,L,6200,4650,1,4650,1550,0.25,オンライン
ORD-202609-00556,2026/09/26,EC,JK-003,QUILTED JACKET,JACKET,NAVY,XL,5000,5000,1,5000,0,0.0,オンライン
ORD-202609-00620,2026/09/26,表参道店,AC-002,SILK SCARF,ACCESSORY,KHAKI,L,1000,1000,1,1000,0,0.0,店舗
ORD-202609-00653,2026/09/26,新宿店,JK-001,TECH JACKET,JACKET,BLACK,M,4500,4500,2,9000,0,0.0,店舗
ORD-202609-00674,2026/09/26,EC,AC-001,WOOL CAP,ACCESSORY,BLACK,S,500,500,1,500,0,0.0,オンライン
ORD-202609-00755,2026/09/26,EC,KN-004,MOCK NECK KNIT,KNIT,WHITE,M,2000,1700,1,1700,300,0.15,オンライン
ORD-202609-00763,2026/09/26,EC,BG-003,2WAY BAG,BAG,BLACK,M,1800,1800,1,1800,0,0.0,オンライン
ORD-202609-00777,2026/09/26,大阪店,BG-002,SHOULDER BAG,BAG,KHAKI,M,3300,3300,2,6600,0,0.0,店舗
ORD-202609-00789,2026/09/26,EC,BG-002,SHOULDER BAG,BAG,BEIGE,M,3300,2640,1,2640,660,0.2,オンライン
ORD-202609-00791,2026/09/26,表参道店,BG-001,TOTE BAG,BAG,BLACK,XL,1800,1800,2,3600,0,0.0,店舗
ORD-202609-00798,2026/09/26,新宿店,TP-001,BASIC TEE,TOPS,BEIGE,L,1400,1400,1,1400,0,0.0,店舗
ORD-202609-00803,2026/09/26,表参道店,TP-003,BAND COLLAR SHIRT,TOPS,WHITE,XL,1400,1190,1,1190,210,0.15,店舗
ORD-202609-00830,2026/09/26,表参道店,SH-001,LOW SNEAKER,SHOES,BLACK,M,2400,1800,2,3600,1200,0.25,店舗
ORD-202609-00849,2026/09/26,EC,JK-001,TECH JACKET,JACKET,KHAKI,S,4500,4500,1,4500,0,0.0,オンライン
ORD-202609-00851,2026/09/26,大阪店,BG-002,SHOULDER BAG,BAG,KHAKI,XL,3300,3300,1,3300,0,0.0,店舗
ORD-202609-00858,2026/09/26,表参道店,AC-003,LEATHER BELT,ACCESSORY,BLACK,XL,1000,1000,1,1000,0,0.0,店舗
ORD-202609-00882,2026/09/26,表参道店,AC-003,LEATHER BELT,ACCESSORY,BEIGE,M,1000,800,1,800,200,0.2,店舗
ORD-202609-00921,2026/09/26,表参道店,PT-002,WIDE PANTS,PANTS,WHITE,L,1800,1800,3,5400,0,0.0,店舗
ORD-202609-00932,2026/09/26,表参道店,PT-002,WIDE PANTS,PANTS,KHAKI,L,1800,1800,1,1800,0,0.0,店舗
ORD-202609-00933,2026/09/26,EC,JK-002,SHELL JACKET,JACKET,BLACK,M,3000,3000,2,6000,0,0.0,オンライン
ORD-202609-00960,2026/09/26,表参道店,AC-001,WOOL CAP,ACCESSORY,BLACK,S,500,500,1,500,0,0.0,店舗
ORD-202609-00961,2026/09/26,EC,BG-003,2WAY BAG,BAG,GRAY,XL,1800,1530,1,1530,270,0.15,オンライン
ORD-202609-00982,2026/09/26,EC,TP-003,BAND COLLAR SHIRT,TOPS,BLACK,L,1400,1400,1,1400,0,0.0,オンライン
ORD-202609-00983,2026/09/26,EC,BG-001,TOTE BAG,BAG,NAVY,XL,1800,1800,3,5400,0,0.0,オンライン
ORD-202609-00984,2026/09/26,新宿店,BG-005,BACKPACK,BAG,KHAKI,M,3800,3800,1,3800,0,0.0,店舗
ORD-202609-01000,2026/09/26,新宿店,PT-001,SLIM PANTS,PANTS,NAVY,L,1800,1620,1,1620,180,0.1,店舗
ORD-202609-01004,2026/09/26,EC,OT-001,WOOL COAT,OUTER,GRAY,L,6200,6200,1,6200,0,0.0,オンライン
ORD-202609-01017,2026/09/26,EC,TP-001,BASIC TEE,TOPS,KHAKI,M,1400,1400,1,1400,0,0.0,オンライン
ORD-202609-01053,2026/09/26,EC,AC-001,WOOL CAP,ACCESSORY,BLACK,M,500,500,1,500,0,0.0,オンライン
ORD-202609-01055,2026/09/26,表参道店,BG-005,BACKPACK,BAG,NAVY,L,3800,3420,1,3420,380,0.1,店舗
ORD-202609-01056,2026/09/26,新宿店,BG-001,TOTE BAG,BAG,GRAY,L,1800,1800,1,1800,0,0.0,店舗
ORD-202609-01080,2026/09/26,EC,PT-001,SLIM PANTS,PANTS,NAVY,XL,1800,1800,1,1800,0,0.0,オンライン
ORD-202609-01084,2026/09/26,EC,OT-001,WOOL COAT,OUTER,NAVY,M,6200,6200,1,6200,0,0.0,オンライン
ORD-202609-01129,2026/09/26,表参道店,JK-001,TECH JACKET,JACKET,BLACK,L,4500,4500,1,4500,0,0.0,店舗
ORD-202609-01142,2026/09/26,EC,BG-001,TOTE BAG,BAG,BLACK,L,1800,1800,1,1800,0,0.0,オンライン
ORD-202609-01153,2026/09/26,新宿店,SH-001,LOW SNEAKER,SHOES,BLACK,S,2400,1800,1,1800,600,0.25,店舗
ORD-202609-01160,2026/09/26,新宿店,OT-001,WOOL COAT,OUTER,BLACK,XL,6200,6200,1,6200,0,0.0,店舗
ORD-202609-01165,2026/09/26,表参道店,JK-002,SHELL JACKET,JACKET,BEIGE,M,3000,3000,1,3000,0,0.0,店舗
ORD-202609-01210,2026/09/26,EC,PT-001,SLIM PANTS,PANTS,BLACK,L,1800,1800,1,1800,0,0.0,オンライン
ORD-202609-01262,2026/09/26,EC,BG-001,TOTE BAG,BAG,BLACK,M,1800,1800,1,1800,0,0.0,オンライン
ORD-202609-01312,2026/09/26,EC,OT-005,BALMACAAN COAT,OUTER,NAVY,M,6700,6030,2,12060,1340,0.1,オンライン
ORD-202609-01319,2026/09/26,大阪店,AC-002,SILK SCARF,ACCESSORY,GRAY,M,1000,1000,2,2000,0,0.0,店舗
ORD-202609-01330,2026/09/26,大阪店,KN-001,WOOL KNIT,KNIT,WHITE,M,2500,2000,1,2000,500,0.2,店舗
ORD-202609-01335,2026/09/26,表参道店,JK-002,SHELL JACKET,JACKET,BLACK,L,3000,3000,1,3000,0,0.0,店舗
ORD-202609-01339,2026/09/26,新宿店,JK-002,SHELL JACKET,JACKET,NAVY,S,3000,2400,2,4800,1200,0.2,店舗
ORD-202609-01344,2026/09/26,新宿店,BG-003,2WAY BAG,BAG,BLACK,M,1800,1800,1,1800,0,0.0,店舗
ORD-202609-01367,2026/09/26,大阪店,TP-001,BASIC TEE,TOPS,BLACK,L,1400,1400,1,1400,0,0.0,店舗
ORD-202609-01385,2026/09/26,EC,JK-003,QUILTED JACKET,JACKET,GRAY,M,5000,4000,2,8000,2000,0.2,オンライン
ORD-202609-01419,2026/09/26,EC,TP-001,BASIC TEE,TOPS,KHAKI,XL,1400,1400,1,1400,0,0.0,オンライン
ORD-202609-01448,2026/09/26,新宿店,SH-001,LOW SNEAKER,SHOES,WHITE,M,2400,1800,2,3600,1200,0.25,店舗
ORD-202609-01459,2026/09/26,新宿店,BG-001,TOTE BAG,BAG,WHITE,M,1800,1800,1,1800,0,0.0,店舗
ORD-202609-01496,2026/09/26,大阪店,TP-001,BASIC TEE,TOPS,BLACK,M,1400,1400,1,1400,0,0.0,店舗
ORD-202609-01503,2026/09/26,新宿店,KN-002,CABLE KNIT,KNIT,GRAY,L,2000,2000,2,4000,0,0.0,店舗
ORD-202609-01582,2026/09/26,EC,JK-003,QUILTED JACKET,JACKET,GRAY,M,5000,5000,2,10000,0,0.0,オンライン
ORD-202609-01595,2026/09/26,EC,KN-001,WOOL KNIT,KNIT,NAVY,L,2500,2500,2,5000,0,0.0,オンライン
ORD-202609-01623,2026/09/26,EC,JK-002,SHELL JACKET,JACKET,BLACK,L,3000,2100,1,2100,900,0.3,オンライン
ORD-202609-01629,2026/09/26,表参道店,AC-001,WOOL CAP,ACCESSORY,BLACK,L,500,500,1,500,0,0.0,店舗
ORD-202609-01641,2026/09/26,新宿店,JK-002,SHELL JACKET,JACKET,NAVY,XL,3000,3000,1,3000,0,0.0,店舗
ORD-202609-01644,2026/09/26,EC,KN-001,WOOL KNIT,KNIT,BLACK,L,2500,2500,2,5000,0,0.0,オンライン
ORD-202609-01645,2026/09/26,EC,JK-003,QUILTED JACKET,JACKET,BLACK,L,5000,4500,2,9000,1000,0.1,オンライン
ORD-202609-01660,2026/09/26,表参道店,AC-001,WOOL CAP,ACCESSORY,BLACK,L,500,500,1,500,0,0.0,店舗
ORD-202609-01670,2026/09/26,EC,KN-002,CABLE KNIT,KNIT,BLACK,M,2000,2000,1,2000,0,0.0,オンライン
ORD-202609-01674,2026/09/26,EC,TP-001,BASIC TEE,TOPS,WHITE,S,1400,1400,1,1400,0,0.0,オンライン
ORD-202609-01676,2026/09/26,EC,SH-003,CHUKKA BOOTS,SHOES,KHAKI,L,3900,3900,1,3900,0,0.0,オンライン
ORD-202609-01691,2026/09/26,EC,KN-004,MOCK NECK KNIT,KNIT,WHITE,L,2000,1800,1,1800,200,0.1,オンライン
ORD-202609-01780,2026/09/26,EC,AC-002,SILK SCARF,ACCESSORY,BEIGE,L,1000,1000,2,2000,0,0.0,オンライン
ORD-202609-01816,2026/09/26,EC,KN-001,WOOL KNIT,KNIT,BLACK,L,2500,2500,1,2500,0,0.0,オンライン
ORD-202609-01818,2026/09/26,EC,KN-002,CABLE KNIT,KNIT,GRAY,M,2000,2000,1,2000,0,0.0,オンライン
ORD-202609-01840,2026/09/26,EC,BG-002,SHOULDER BAG,BAG,WHITE,L,3300,3300,1,3300,0,0.0,オンライン
ORD-202609-01881,2026/09/26,表参道店,OT-001,WOOL COAT,OUTER,NAVY,XL,6200,6200,1,6200,0,0.0,店舗
ORD-202609-01914,2026/09/26,表参道店,TP-005,LINEN SHIRT,TOPS,BLACK,M,1400,1400,3,4200,0,0.0,店舗
ORD-202609-01915,2026/09/26,大阪店,TP-001,BASIC TEE,TOPS,KHAKI,S,1400,1400,1,1400,0,0.0,店舗
ORD-202609-01930,2026/09/26,EC,BG-002,SHOULDER BAG,BAG,BLACK,M,3300,3300,1,3300,0,0.0,オンライン
ORD-202609-01982,2026/09/26,EC,PT-002,WIDE PANTS,PANTS,NAVY,XL,1800,1800,1,1800,0,0.0,オンライン
ORD-202609-01986,2026/09/26,EC,TP-001,BASIC TEE,TOPS,BEIGE,S,1400,980,1,980,420,0.3,オンライン
ORD-202609-02003,2026/09/26,新宿店,AC-001,WOOL CAP,ACCESSORY,BLACK,L,500,500,1,500,0,0.0,店舗
ORD-202609-02012,2026/09/26,新宿店,JK-001,TECH JACKET,JACKET,GRAY,L,4500,4500,1,4500,0,0.0,店舗
ORD-202609-02066,2026/09/26,大阪店,SH-001,LOW SNEAKER,SHOES,KHAKI,M,2400,2400,1,2400,0,0.0,店舗
ORD-202609-02068,2026/09/26,表参道店,KN-003,CREW KNIT,KNIT,NAVY,L,2000,2000,1,2000,0,0.0,店舗
ORD-202609-02112,2026/09/26,大阪店,OT-001,WOOL COAT,OUTER,NAVY,XL,6200,6200,1,6200,0,0.0,店舗
ORD-202609-02128,2026/09/26,新宿店,TP-005,LINEN SHIRT,TOPS,BLACK,L,1400,1400,3,4200,0,0.0,店舗
ORD-202609-02134,2026/09/26,表参道店,JK-001,TECH JACKET,JACKET,BLACK,L,4500,4500,1,4500,0,0.0,店舗
ORD-202609-02164,2026/09/26,EC,PT-002,WIDE PANTS,PANTS,BLACK,S,1800,1260,3,3780,1620,0.3,オンライン
ORD-202609-02173,2026/09/26,EC,BG-001,TOTE BAG,BAG,WHITE,L,1800,1350,1,1350,450,0.25,オンライン
ORD-202609-02183,2026/09/26,EC,SH-001,LOW SNEAKER,SHOES,NAVY,M,2400,2400,1,2400,0,0.0,オンライン
ORD-202609-02193,2026/09/26,新宿店,TP-001,BASIC TEE,TOPS,BLACK,XL,1400,1400,3,4200,0,0.0,店舗
ORD-202609-02210,2026/09/26,EC,SH-001,LOW SNEAKER,SHOES,BLACK,L,2400,2400,1,2400,0,0.0,オンライン
ORD-202609-02246,2026/09/26,EC,AC-003,LEATHER BELT,ACCESSORY,WHITE,M,1000,900,1,900,100,0.1,オンライン
ORD-202609-02251,2026/09/26,EC,KN-003,CREW KNIT,KNIT,BLACK,XL,2000,2000,1,2000,0,0.0,オンライン
ORD-202609-02258,2026/09/26,表参道店,PT-001,SLIM PANTS,PANTS,GRAY,M,1800,1800,1,1800,0,0.0,店舗
ORD-202609-02328,2026/09/26,EC,KN-001,WOOL KNIT,KNIT,NAVY,L,2500,2500,1,2500,0,0.0,オンライン
ORD-202609-02352,2026/09/26,表参道店,JK-001,TECH JACKET,JACKET,GRAY,M,4500,4500,1,4500,0,0.0,店舗
ORD-202609-02361,2026/09/26,EC,TP-005,LINEN SHIRT,TOPS,NAVY,L,1400,1400,1,1400,0,0.0,オンライン
ORD-202609-02436,2026/09/26,大阪店,SH-002,SUEDE BOOTS,SHOES,NAVY,L,2400,2400,1,2400,0,0.0,店舗
ORD-202609-02459,2026/09/26,EC,JK-001,TECH JACKET,JACKET,BLACK,M,4500,4500,1,4500,0,0.0,オンライン
ORD-202609-02488,2026/09/26,EC,TP-005,LINEN SHIRT,TOPS,BLACK,S,1400,1260,3,3780,420,0.1,オンライン
ORD-202609-02544,2026/09/26,大阪店,SH-004,COURT SNEAKER,SHOES,WHITE,L,3900,3900,1,3900,0,0.0,店舗
ORD-202609-02571,2026/09/26,新宿店,KN-003,CREW KNIT,KNIT,NAVY,L,2000,1700,2,3400,600,0.15,店舗
ORD-202609-02630,2026/09/26,EC,TP-002,OX SHIRT,TOPS,NAVY,M,900,900,1,900,0,0.0,オンライン
ORD-202609-02655,2026/09/26,大阪店,PT-003,TAPERED PANTS,PANTS,BEIGE,M,2800,2800,2,5600,0,0.0,店舗
ORD-202609-02717,2026/09/26,新宿店,SH-002,SUEDE BOOTS,SHOES,NAVY,M,2400,2400,1,2400,0,0.0,店舗
ORD-202609-02721,2026/09/26,EC,BG-003,2WAY BAG,BAG,BLACK,M,1800,1800,2,3600,0,0.0,オンライン
ORD-202609-02731,2026/09/26,EC,PT-001,SLIM PANTS,PANTS,BLACK,L,1800,1800,1,1800,0,0.0,オンライン
ORD-202609-02737,2026/09/26,EC,SH-001,LOW SNEAKER,SHOES,KHAKI,L,2400,1920,1,1920,480,0.2,オンライン
ORD-202609-02744,2026/09/26,新宿店,BG-001,TOTE BAG,BAG,KHAKI,XL,1800,1350,1,1350,450,0.25,店舗
ORD-202609-02748,2026/09/26,大阪店,SH-001,LOW SNEAKER,SHOES,BLACK,XL,2400,2400,1,2400,0,0.0,店舗
ORD-202609-02758,2026/09/26,EC,PT-001,SLIM PANTS,PANTS,WHITE,M,1800,1800,1,1800,0,0.0,オンライン
ORD-202609-02792,2026/09/26,EC,JK-001,TECH JACKET,JACKET,KHAKI,L,4500,3820,1,3820,680,0.15,オンライン
ORD-202609-02798,2026/09/26,EC,KN-003,CREW KNIT,KNIT,BLACK,L,2000,2000,1,2000,0,0.0,オンライン
ORD-202609-02816,2026/09/26,表参道店,SH-003,CHUKKA BOOTS,SHOES,NAVY,M,3900,3900,1,3900,0,0.0,店舗
ORD-202609-02842,2026/09/26,大阪店,PT-003,TAPERED PANTS,PANTS,BLACK,L,2800,2520,1,2520,280,0.1,店舗
ORD-202609-02864,2026/09/26,EC,AC-001,WOOL CAP,ACCESSORY,BLACK,L,500,500,1,500,0,0.0,オンライン
ORD-202609-02877,2026/09/26,新宿店,AC-001,WOOL CAP,ACCESSORY,BLACK,L,500,500,1,500,0,0.0,店舗
ORD-202609-02918,2026/09/26,新宿店,PT-003,TAPERED PANTS,PANTS,WHITE,L,2800,2800,2,5600,0,0.0,店舗
ORD-202609-02979,2026/09/26,EC,JK-001,TECH JACKET,JACKET,WHITE,M,4500,4500,1,4500,0,0.0,オンライン
ORD-202609-02987,2026/09/26,表参道店,TP-002,OX SHIRT,TOPS,BLACK,L,900,810,1,810,90,0.1,店舗
ORD-202609-00011,2026/09/27,EC,JK-002,SHELL JACKET,JACKET,BLACK,M,3000,3000,1,3000,0,0.0,オンライン
ORD-202609-00019,2026/09/27,表参道店,BG-002,SHOULDER BAG,BAG,NAVY,S,3300,2800,1,2800,500,0.15,店舗
ORD-202609-00059,2026/09/27,表参道店,AC-001,WOOL CAP,ACCESSORY,BLACK,XL,500,400,1,400,100,0.2,店舗
ORD-202609-00111,2026/09/27,EC,KN-001,WOOL KNIT,KNIT,NAVY,M,2500,2500,1,2500,0,0.0,オンライン
ORD-202609-00141,2026/09/27,新宿店,PT-002,WIDE PANTS,PANTS,BLACK,XL,1800,1800,1,1800,0,0.0,店舗
ORD-202609-00203,2026/09/27,大阪店,OT-002,CHESTER COAT,OUTER,GRAY,S,6700,6700,1,6700,0,0.0,店舗
ORD-202609-00254,2026/09/27,表参道店,BG-003,2WAY BAG,BAG,KHAKI,XL,1800,1800,1,1800,0,0.0,店舗
ORD-202609-00261,2026/09/27,EC,TP-003,BAND COLLAR SHIRT,TOPS,KHAKI,S,1400,1050,1,1050,350,0.25,オンライン
ORD-202609-00263,2026/09/27,表参道店,PT-003,TAPERED PANTS,PANTS,BLACK,L,2800,2800,2,5600,0,0.0,店舗
ORD-202609-00308,2026/09/27,表参道店,BG-001,TOTE BAG,BAG,KHAKI,XL,1800,1800,1,1800,0,0.0,店舗
ORD-202609-00322,2026/09/27,表参道店,PT-002,WIDE PANTS,PANTS,BLACK,M,1800,1800,1,1800,0,0.0,店舗
ORD-202609-00380,2026/09/27,EC,BG-003,2WAY BAG,BAG,GRAY,M,1800,1440,1,1440,360,0.2,オンライン
ORD-202609-00410,2026/09/27,表参道店,JK-003,QUILTED JACKET,JACKET,KHAKI,S,5000,5000,1,5000,0,0.0,店舗
ORD-202609-00413,2026/09/27,EC,SH-002,SUEDE BOOTS,SHOES,GRAY,XL,2400,2400,1,2400,0,0.0,オンライン
ORD-202609-00436,2026/09/27,EC,TP-002,OX SHIRT,TOPS,KHAKI,S,900,720,1,720,180,0.2,オンライン
ORD-202609-00465,2026/09/27,新宿店,AC-001,WOOL CAP,ACCESSORY,BLACK,M,500,500,1,500,0,0.0,店舗
ORD-202609-00486,2026/09/27,大阪店,TP-003,BAND COLLAR SHIRT,TOPS,BEIGE,XL,1400,1260,1,1260,140,0.1,店舗
ORD-202609-00534,2026/09/27,表参道店,OT-001,WOOL COAT,OUTER,BLACK,M,6200,6200,3,18600,0,0.0,店舗
ORD-202609-00539,2026/09/27,EC,KN-002,CABLE KNIT,KNIT,GRAY,XL,2000,2000,1,2000,0,0.0,オンライン
ORD-202609-00541,2026/09/27,EC,JK-001,TECH JACKET,JACKET,WHITE,L,4500,4500,2,9000,0,0.0,オンライン
ORD-202609-00552,2026/09/27,EC,TP-001,BASIC TEE,TOPS,BEIGE,M,1400,1400,1,1400,0,0.0,オンライン
ORD-202609-00585,2026/09/27,表参道店,PT-001,SLIM PANTS,PANTS,NAVY,XL,1800,1530,3,4590,810,0.15,店舗
ORD-202609-00595,2026/09/27,新宿店,BG-002,SHOULDER BAG,BAG,NAVY,S,3300,3300,1,3300,0,0.0,店舗
ORD-202609-00621,2026/09/27,大阪店,TP-001,BASIC TEE,TOPS,NAVY,L,1400,1400,1,1400,0,0.0,店舗
ORD-202609-00625,2026/09/27,新宿店,TP-001,BASIC TEE,TOPS,BLACK,L,1400,1260,1,1260,140,0.1,店舗
ORD-202609-00660,2026/09/27,EC,OT-002,CHESTER COAT,OUTER,GRAY,L,6700,6700,2,13400,0,0.0,オンライン
ORD-202609-00691,2026/09/27,EC,OT-002,CHESTER COAT,OUTER,BLACK,M,6700,6700,1,6700,0,0.0,オンライン
ORD-202609-00708,2026/09/27,表参道店,TP-001,BASIC TEE,TOPS,KHAKI,L,1400,1400,1,1400,0,0.0,店舗
ORD-202609-00727,2026/09/27,EC,JK-001,TECH JACKET,JACKET,NAVY,S,4500,4500,2,9000,0,0.0,オンライン
ORD-202609-00733,2026/09/27,EC,AC-004,KNIT MUFFLER,ACCESSORY,BLACK,M,1000,1000,1,1000,0,0.0,オンライン
ORD-202609-00768,2026/09/27,大阪店,PT-001,SLIM PANTS,PANTS,BLACK,M,1800,1800,1,1800,0,0.0,店舗
ORD-202609-00778,2026/09/27,大阪店,AC-003,LEATHER BELT,ACCESSORY,BLACK,L,1000,1000,1,1000,0,0.0,店舗
ORD-202609-00817,2026/09/27,新宿店,PT-001,SLIM PANTS,PANTS,NAVY,M,1800,1440,3,4320,1080,0.2,店舗
ORD-202609-00828,2026/09/27,EC,BG-002,SHOULDER BAG,BAG,KHAKI,L,3300,2970,1,2970,330,0.1,オンライン
ORD-202609-00857,2026/09/27,新宿店,SH-001,LOW SNEAKER,SHOES,BLACK,M,2400,2400,1,2400,0,0.0,店舗
ORD-202609-00908,2026/09/27,大阪店,TP-001,BASIC TEE,TOPS,NAVY,M,1400,1400,1,1400,0,0.0,店舗
ORD-202609-00967,2026/09/27,大阪店,AC-002,SILK SCARF,ACCESSORY,NAVY,L,1000,1000,1,1000,0,0.0,店舗
ORD-202609-00968,2026/09/27,表参道店,SH-003,CHUKKA BOOTS,SHOES,BLACK,S,3900,3900,2,7800,0,0.0,店舗
ORD-202609-00988,2026/09/27,表参道店,TP-003,BAND COLLAR SHIRT,TOPS,GRAY,L,1400,1400,1,1400,0,0.0,店舗
ORD-202609-00994,2026/09/27,EC,OT-004,STAND COAT,OUTER,NAVY,M,7200,6120,1,6120,1080,0.15,オンライン
ORD-202609-01043,2026/09/27,EC,TP-001,BASIC TEE,TOPS,BEIGE,XL,1400,980,1,980,420,0.3,オンライン
ORD-202609-01065,2026/09/27,表参道店,SH-003,CHUKKA BOOTS,SHOES,WHITE,M,3900,3900,2,7800,0,0.0,店舗
ORD-202609-01070,2026/09/27,表参道店,OT-001,WOOL COAT,OUTER,BLACK,L,6200,6200,1,6200,0,0.0,店舗
ORD-202609-01074,2026/09/27,EC,JK-003,QUILTED JACKET,JACKET,BEIGE,M,5000,5000,1,5000,0,0.0,オンライン
ORD-202609-01090,2026/09/27,新宿店,OT-001,WOOL COAT,OUTER,NAVY,L,6200,6200,1,6200,0,0.0,店舗
ORD-202609-01101,2026/09/27,大阪店,AC-003,LEATHER BELT,ACCESSORY,BLACK,L,1000,1000,1,1000,0,0.0,店舗
ORD-202609-01132,2026/09/27,EC,OT-003,MOD COAT,OUTER,WHITE,XL,5200,4420,1,4420,780,0.15,オンライン
ORD-202609-01137,2026/09/27,EC,BG-002,SHOULDER BAG,BAG,BLACK,M,3300,3300,1,3300,0,0.0,オンライン
ORD-202609-01161,2026/09/27,新宿店,TP-001,BASIC TEE,TOPS,KHAKI,M,1400,1400,1,1400,0,0.0,店舗
ORD-202609-01170,2026/09/27,EC,KN-001,WOOL KNIT,KNIT,GRAY,XL,2500,2500,3,7500,0,0.0,オンライン
ORD-202609-01183,2026/09/27,新宿店,JK-001,TECH JACKET,JACKET,WHITE,M,4500,4050,1,4050,450,0.1,店舗
ORD-202609-01190,2026/09/27,EC,SH-003,CHUKKA BOOTS,SHOES,WHITE,L,3900,3320,1,3320,580,0.15,オンライン
ORD-202609-01235,2026/09/27,新宿店,TP-001,BASIC TEE,TOPS,BEIGE,S,1400,1190,1,1190,210,0.15,店舗
ORD-202609-01340,2026/09/27,EC,AC-002,SILK SCARF,ACCESSORY,NAVY,L,1000,1000,1,1000,0,0.0,オンライン
ORD-202609-01349,2026/09/27,EC,PT-003,TAPERED PANTS,PANTS,BLACK,M,2800,2800,1,2800,0,0.0,オンライン
ORD-202609-01371,2026/09/27,新宿店,PT-003,TAPERED PANTS,PANTS,NAVY,L,2800,2800,1,2800,0,0.0,店舗
ORD-202609-01375,2026/09/27,新宿店,SH-001,LOW SNEAKER,SHOES,NAVY,M,2400,2400,2,4800,0,0.0,店舗
ORD-202609-01390,2026/09/27,表参道店,KN-001,WOOL KNIT,KNIT,WHITE,L,2500,2500,1,2500,0,0.0,店舗
ORD-202609-01425,2026/09/27,大阪店,PT-001,SLIM PANTS,PANTS,BLACK,L,1800,1800,1,1800,0,0.0,店舗
ORD-202609-01478,2026/09/27,EC,SH-001,LOW SNEAKER,SHOES,WHITE,M,2400,2400,1,2400,0,0.0,オンライン
ORD-202609-01483,2026/09/27,EC,KN-002,CABLE KNIT,KNIT,WHITE,L,2000,2000,1,2000,0,0.0,オンライン
ORD-202609-01494,2026/09/27,EC,KN-001,WOOL KNIT,KNIT,WHITE,XL,2500,2500,2,5000,0,0.0,オンライン
ORD-202609-01504,2026/09/27,EC,SH-001,LOW SNEAKER,SHOES,BLACK,M,2400,2400,3,7200,0,0.0,オンライン
ORD-202609-01516,2026/09/27,新宿店,BG-002,SHOULDER BAG,BAG,BLACK,S,3300,3300,1,3300,0,0.0,店舗
ORD-202609-01547,2026/09/27,大阪店,KN-003,CREW KNIT,KNIT,NAVY,L,2000,1500,3,4500,1500,0.25,店舗
ORD-202609-01559,2026/09/27,EC,KN-001,WOOL KNIT,KNIT,BEIGE,M,2500,1750,1,1750,750,0.3,オンライン
ORD-202609-01633,2026/09/27,EC,OT-001,WOOL COAT,OUTER,WHITE,L,6200,6200,2,12400,0,0.0,オンライン
ORD-202609-01634,2026/09/27,新宿店,SH-003,CHUKKA BOOTS,SHOES,BLACK,S,3900,3900,2,7800,0,0.0,店舗
ORD-202609-01678,2026/09/27,大阪店,AC-001,WOOL CAP,ACCESSORY,NAVY,L,500,500,1,500,0,0.0,店舗
ORD-202609-01690,2026/09/27,EC,BG-003,2WAY BAG,BAG,KHAKI,L,1800,1800,2,3600,0,0.0,オンライン
ORD-202609-01693,2026/09/27,EC,KN-001,WOOL KNIT,KNIT,BLACK,M,2500,2500,1,2500,0,0.0,オンライン
ORD-202609-01704,2026/09/27,EC,AC-001,WOOL CAP,ACCESSORY,WHITE,XL,500,380,1,380,120,0.25,オンライン
ORD-202609-01721,2026/09/27,大阪店,BG-002,SHOULDER BAG,BAG,NAVY,S,3300,3300,1,3300,0,0.0,店舗
ORD-202609-01723,2026/09/27,大阪店,AC-001,WOOL CAP,ACCESSORY,GRAY,M,500,500,3,1500,0,0.0,店舗
ORD-202609-01758,2026/09/27,大阪店,PT-005,CHINO PANTS,PANTS,NAVY,M,2300,2300,1,2300,0,0.0,店舗
ORD-202609-01800,2026/09/27,大阪店,SH-005,DECK SHOES,SHOES,GRAY,S,2400,2400,1,2400,0,0.0,店舗
ORD-202609-01819,2026/09/27,表参道店,OT-002,CHESTER COAT,OUTER,NAVY,L,6700,6700,1,6700,0,0.0,店舗
ORD-202609-01831,2026/09/27,表参道店,BG-001,TOTE BAG,BAG,NAVY,L,1800,1440,2,2880,720,0.2,店舗
ORD-202609-01838,2026/09/27,EC,JK-002,SHELL JACKET,JACKET,GRAY,S,3000,3000,1,3000,0,0.0,オンライン
ORD-202609-01862,2026/09/27,EC,AC-003,LEATHER BELT,ACCESSORY,GRAY,XL,1000,1000,1,1000,0,0.0,オンライン
ORD-202609-01886,2026/09/27,大阪店,TP-003,BAND COLLAR SHIRT,TOPS,KHAKI,XL,1400,1050,1,1050,350,0.25,店舗
ORD-202609-01895,2026/09/27,EC,OT-002,CHESTER COAT,OUTER,NAVY,S,6700,6700,1,6700,0,0.0,オンライン
ORD-202609-01900,2026/09/27,表参道店,BG-001,TOTE BAG,BAG,BLACK,M,1800,1800,1,1800,0,0.0,店舗
ORD-202609-01911,2026/09/27,大阪店,AC-001,WOOL CAP,ACCESSORY,BEIGE,M,500,500,2,1000,0,0.0,店舗
ORD-202609-01919,2026/09/27,EC,PT-001,SLIM PANTS,PANTS,WHITE,M,1800,1800,1,1800,0,0.0,オンライン
ORD-202609-01933,2026/09/27,新宿店,JK-001,TECH JACKET,JACKET,BEIGE,M,4500,4500,1,4500,0,0.0,店舗
ORD-202609-01938,2026/09/27,EC,AC-001,WOOL CAP,ACCESSORY,NAVY,M,500,500,1,500,0,0.0,オンライン
ORD-202609-01973,2026/09/27,新宿店,KN-002,CABLE KNIT,KNIT,WHITE,M,2000,1400,1,1400,600,0.3,店舗
ORD-202609-02004,2026/09/27,EC,BG-003,2WAY BAG,BAG,BLACK,XL,1800,1800,1,1800,0,0.0,オンライン
ORD-202609-02080,2026/09/27,EC,AC-003,LEATHER BELT,ACCESSORY,KHAKI,M,1000,850,1,850,150,0.15,オンライン
ORD-202609-02090,2026/09/27,表参道店,JK-002,SHELL JACKET,JACKET,KHAKI,XL,3000,2400,1,2400,600,0.2,店舗
ORD-202609-02097,2026/09/27,表参道店,PT-001,SLIM PANTS,PANTS,BEIGE,XL,1800,1800,1,1800,0,0.0,店舗
ORD-202609-02109,2026/09/27,EC,KN-001,WOOL KNIT,KNIT,WHITE,L,2500,2500,1,2500,0,0.0,オンライン
ORD-202609-02131,2026/09/27,大阪店,BG-001,TOTE BAG,BAG,BLACK,L,1800,1260,1,1260,540,0.3,店舗
ORD-202609-02141,2026/09/27,大阪店,SH-003,CHUKKA BOOTS,SHOES,KHAKI,S,3900,3900,1,3900,0,0.0,店舗
ORD-202609-02143,2026/09/27,EC,TP-002,OX SHIRT,TOPS,BEIGE,S,900,680,1,680,220,0.25,オンライン
ORD-202609-02144,2026/09/27,EC,AC-001,WOOL CAP,ACCESSORY,KHAKI,XL,500,500,1,500,0,0.0,オンライン
ORD-202609-02149,2026/09/27,大阪店,BG-001,TOTE BAG,BAG,BLACK,L,1800,1440,1,1440,360,0.2,店舗
ORD-202609-02153,2026/09/27,EC,PT-001,SLIM PANTS,PANTS,WHITE,M,1800,1440,1,1440,360,0.2,オンライン
ORD-202609-02181,2026/09/27,EC,JK-001,TECH JACKET,JACKET,KHAKI,M,4500,4500,1,4500,0,0.0,オンライン
ORD-202609-02204,2026/09/27,EC,PT-003,TAPERED PANTS,PANTS,WHITE,S,2800,2240,1,2240,560,0.2,オンライン
ORD-202609-02244,2026/09/27,新宿店,BG-003,2WAY BAG,BAG,BLACK,S,1800,1800,2,3600,0,0.0,店舗
ORD-202609-02245,2026/09/27,大阪店,AC-001,WOOL CAP,ACCESSORY,GRAY,L,500,450,1,450,50,0.1,店舗
ORD-202609-02261,2026/09/27,新宿店,OT-005,BALMACAAN COAT,OUTER,BLACK,M,6700,6700,1,6700,0,0.0,店舗
ORD-202609-02326,2026/09/27,EC,TP-001,BASIC TEE,TOPS,GRAY,L,1400,1400,1,1400,0,0.0,オンライン
ORD-202609-02335,2026/09/27,新宿店,JK-002,SHELL JACKET,JACKET,BEIGE,L,3000,3000,1,3000,0,0.0,店舗
ORD-202609-02340,2026/09/27,EC,TP-001,BASIC TEE,TOPS,BLACK,M,1400,1400,1,1400,0,0.0,オンライン
ORD-202609-02362,2026/09/27,大阪店,OT-003,MOD COAT,OUTER,BLACK,M,5200,5200,1,5200,0,0.0,店舗
ORD-202609-02372,2026/09/27,EC,AC-003,LEATHER BELT,ACCESSORY,BLACK,M,1000,1000,1,1000,0,0.0,オンライン
ORD-202609-02395,2026/09/27,EC,JK-003,QUILTED JACKET,JACKET,BLACK,M,5000,5000,1,5000,0,0.0,オンライン
ORD-202609-02397,2026/09/27,EC,TP-001,BASIC TEE,TOPS,BLACK,M,1400,1400,1,1400,0,0.0,オンライン
ORD-202609-02408,2026/09/27,大阪店,BG-001,TOTE BAG,BAG,BLACK,M,1800,1800,2,3600,0,0.0,店舗
ORD-202609-02413,2026/09/27,EC,SH-001,LOW SNEAKER,SHOES,WHITE,L,2400,2160,1,2160,240,0.1,オンライン
ORD-202609-02437,2026/09/27,新宿店,JK-001,TECH JACKET,JACKET,WHITE,L,4500,4050,1,4050,450,0.1,店舗
ORD-202609-02438,2026/09/27,EC,OT-002,CHESTER COAT,OUTER,WHITE,L,6700,6700,2,13400,0,0.0,オンライン
ORD-202609-02452,2026/09/27,表参道店,KN-002,CABLE KNIT,KNIT,BEIGE,M,2000,2000,1,2000,0,0.0,店舗
ORD-202609-02492,2026/09/27,大阪店,AC-002,SILK SCARF,ACCESSORY,BLACK,XL,1000,1000,1,1000,0,0.0,店舗
ORD-202609-02520,2026/09/27,大阪店,JK-005,MDS JACKET,JACKET,KHAKI,M,4000,4000,1,4000,0,0.0,店舗
ORD-202609-02526,2026/09/27,新宿店,BG-001,TOTE BAG,BAG,BLACK,M,1800,1800,1,1800,0,0.0,店舗
ORD-202609-02538,2026/09/27,EC,OT-004,STAND COAT,OUTER,BEIGE,M,7200,7200,1,7200,0,0.0,オンライン
ORD-202609-02547,2026/09/27,大阪店,TP-001,BASIC TEE,TOPS,BLACK,L,1400,1050,1,1050,350,0.25,店舗
ORD-202609-02594,2026/09/27,EC,SH-003,CHUKKA BOOTS,SHOES,BEIGE,M,3900,2920,2,5840,1960,0.25,オンライン
ORD-202609-02599,2026/09/27,表参道店,BG-002,SHOULDER BAG,BAG,BEIGE,XL,3300,3300,1,3300,0,0.0,店舗
ORD-202609-02604,2026/09/27,新宿店,SH-002,SUEDE BOOTS,SHOES,GRAY,M,2400,2400,1,2400,0,0.0,店舗
ORD-202609-02607,2026/09/27,大阪店,BG-001,TOTE BAG,BAG,WHITE,L,1800,1800,1,1800,0,0.0,店舗
ORD-202609-02634,2026/09/27,EC,BG-001,TOTE BAG,BAG,NAVY,M,1800,1800,1,1800,0,0.0,オンライン
ORD-202609-02668,2026/09/27,新宿店,TP-001,BASIC TEE,TOPS,GRAY,M,1400,1190,2,2380,420,0.15,店舗
ORD-202609-02695,2026/09/27,EC,BG-001,TOTE BAG,BAG,NAVY,M,1800,1800,2,3600,0,0.0,オンライン
ORD-202609-02712,2026/09/27,大阪店,KN-001,WOOL KNIT,KNIT,KHAKI,XL,2500,2500,1,2500,0,0.0,店舗
ORD-202609-02794,2026/09/27,表参道店,SH-001,LOW SNEAKER,SHOES,NAVY,S,2400,1920,1,1920,480,0.2,店舗
ORD-202609-02845,2026/09/27,表参道店,OT-002,CHESTER COAT,OUTER,KHAKI,XL,6700,6700,1,6700,0,0.0,店舗
ORD-202609-02883,2026/09/27,大阪店,KN-001,WOOL KNIT,KNIT,GRAY,L,2500,2500,2,5000,0,0.0,店舗
ORD-202609-02890,2026/09/27,EC,KN-003,CREW KNIT,KNIT,WHITE,S,2000,2000,1,2000,0,0.0,オンライン
ORD-202609-02944,2026/09/27,新宿店,TP-004,DRY TEE,TOPS,BLACK,M,1400,1400,1,1400,0,0.0,店舗
ORD-202609-02973,2026/09/27,表参道店,PT-003,TAPERED PANTS,PANTS,BLACK,M,2800,2800,1,2800,0,0.0,店舗
ORD-202609-02992,2026/09/27,大阪店,KN-001,WOOL KNIT,KNIT,BLACK,M,2500,2250,1,2250,250,0.1,店舗
ORD-202609-00015,2026/09/28,大阪店,TP-002,OX SHIRT,TOPS,GRAY,M,900,900,2,1800,0,0.0,店舗
ORD-202609-00023,2026/09/28,EC,JK-002,SHELL JACKET,JACKET,GRAY,M,3000,3000,1,3000,0,0.0,オンライン
ORD-202609-00029,2026/09/28,表参道店,AC-002,SILK SCARF,ACCESSORY,GRAY,S,1000,900,1,900,100,0.1,店舗
ORD-202609-00050,2026/09/28,大阪店,BG-002,SHOULDER BAG,BAG,BEIGE,M,3300,2640,1,2640,660,0.2,店舗
ORD-202609-00057,2026/09/28,EC,KN-003,CREW KNIT,KNIT,BEIGE,S,2000,2000,1,2000,0,0.0,オンライン
ORD-202609-00065,2026/09/28,大阪店,AC-003,LEATHER BELT,ACCESSORY,NAVY,M,1000,1000,1,1000,0,0.0,店舗
ORD-202609-00069,2026/09/28,表参道店,JK-001,TECH JACKET,JACKET,WHITE,L,4500,3380,1,3380,1120,0.25,店舗
ORD-202609-00086,2026/09/28,表参道店,JK-001,TECH JACKET,JACKET,BEIGE,M,4500,4500,2,9000,0,0.0,店舗
ORD-202609-00097,2026/09/28,EC,AC-002,SILK SCARF,ACCESSORY,WHITE,M,1000,1000,1,1000,0,0.0,オンライン
ORD-202609-00117,2026/09/28,EC,OT-004,STAND COAT,OUTER,KHAKI,XL,7200,7200,1,7200,0,0.0,オンライン
ORD-202609-00204,2026/09/28,EC,AC-001,WOOL CAP,ACCESSORY,KHAKI,M,500,500,1,500,0,0.0,オンライン
ORD-202609-00279,2026/09/28,大阪店,OT-001,WOOL COAT,OUTER,BEIGE,L,6200,5270,2,10540,1860,0.15,店舗
ORD-202609-00352,2026/09/28,新宿店,SH-003,CHUKKA BOOTS,SHOES,BLACK,L,3900,3900,1,3900,0,0.0,店舗
ORD-202609-00362,2026/09/28,EC,AC-001,WOOL CAP,ACCESSORY,WHITE,XL,500,500,1,500,0,0.0,オンライン
ORD-202609-00369,2026/09/28,大阪店,JK-001,TECH JACKET,JACKET,BLACK,M,4500,4500,1,4500,0,0.0,店舗
ORD-202609-00398,2026/09/28,EC,SH-001,LOW SNEAKER,SHOES,NAVY,L,2400,2400,1,2400,0,0.0,オンライン
ORD-202609-00426,2026/09/28,EC,BG-001,TOTE BAG,BAG,KHAKI,M,1800,1800,1,1800,0,0.0,オンライン
ORD-202609-00508,2026/09/28,表参道店,TP-001,BASIC TEE,TOPS,BEIGE,S,1400,1400,2,2800,0,0.0,店舗
ORD-202609-00526,2026/09/28,表参道店,PT-002,WIDE PANTS,PANTS,BEIGE,XL,1800,1800,2,3600,0,0.0,店舗
ORD-202609-00662,2026/09/28,新宿店,JK-004,DENIM JACKET,JACKET,BEIGE,XL,5000,5000,1,5000,0,0.0,店舗
ORD-202609-00694,2026/09/28,新宿店,BG-003,2WAY BAG,BAG,NAVY,L,1800,1350,3,4050,1350,0.25,店舗
ORD-202609-00732,2026/09/28,新宿店,TP-001,BASIC TEE,TOPS,BEIGE,S,1400,1260,1,1260,140,0.1,店舗
ORD-202609-00744,2026/09/28,大阪店,BG-001,TOTE BAG,BAG,BEIGE,M,1800,1800,1,1800,0,0.0,店舗
ORD-202609-00806,2026/09/28,EC,PT-001,SLIM PANTS,PANTS,GRAY,M,1800,1800,2,3600,0,0.0,オンライン
ORD-202609-00821,2026/09/28,大阪店,TP-001,BASIC TEE,TOPS,GRAY,XL,1400,1260,2,2520,280,0.1,店舗
ORD-202609-00883,2026/09/28,表参道店,OT-002,CHESTER COAT,OUTER,BLACK,L,6700,6700,1,6700,0,0.0,店舗
ORD-202609-00897,2026/09/28,新宿店,TP-001,BASIC TEE,TOPS,NAVY,L,1400,1260,1,1260,140,0.1,店舗
ORD-202609-00995,2026/09/28,EC,OT-001,WOOL COAT,OUTER,NAVY,S,6200,6200,2,12400,0,0.0,オンライン
ORD-202609-00998,2026/09/28,表参道店,OT-001,WOOL COAT,OUTER,KHAKI,L,6200,6200,2,12400,0,0.0,店舗
ORD-202609-01016,2026/09/28,表参道店,PT-003,TAPERED PANTS,PANTS,BEIGE,XL,2800,2800,2,5600,0,0.0,店舗
ORD-202609-01041,2026/09/28,大阪店,SH-001,LOW SNEAKER,SHOES,WHITE,XL,2400,1680,2,3360,1440,0.3,店舗
ORD-202609-01054,2026/09/28,EC,AC-001,WOOL CAP,ACCESSORY,BLACK,M,500,380,1,380,120,0.25,オンライン
ORD-202609-01079,2026/09/28,表参道店,PT-001,SLIM PANTS,PANTS,BLACK,M,1800,1800,1,1800,0,0.0,店舗
ORD-202609-01248,2026/09/28,EC,OT-005,BALMACAAN COAT,OUTER,NAVY,S,6700,6700,1,6700,0,0.0,オンライン
ORD-202609-01275,2026/09/28,表参道店,OT-003,MOD COAT,OUTER,BLACK,M,5200,5200,1,5200,0,0.0,店舗
ORD-202609-01299,2026/09/28,新宿店,SH-003,CHUKKA BOOTS,SHOES,WHITE,L,3900,3900,1,3900,0,0.0,店舗
ORD-202609-01327,2026/09/28,大阪店,OT-002,CHESTER COAT,OUTER,BEIGE,M,6700,6700,1,6700,0,0.0,店舗
ORD-202609-01373,2026/09/28,表参道店,BG-002,SHOULDER BAG,BAG,NAVY,M,3300,3300,1,3300,0,0.0,店舗
ORD-202609-01380,2026/09/28,新宿店,JK-002,SHELL JACKET,JACKET,GRAY,L,3000,3000,1,3000,0,0.0,店舗
ORD-202609-01512,2026/09/28,EC,OT-002,CHESTER COAT,OUTER,GRAY,M,6700,6700,1,6700,0,0.0,オンライン
ORD-202609-01525,2026/09/28,新宿店,KN-001,WOOL KNIT,KNIT,BLACK,S,2500,2500,1,2500,0,0.0,店舗
ORD-202609-01539,2026/09/28,表参道店,SH-003,CHUKKA BOOTS,SHOES,NAVY,L,3900,3320,1,3320,580,0.15,店舗
ORD-202609-01554,2026/09/28,EC,SH-001,LOW SNEAKER,SHOES,BLACK,M,2400,2400,1,2400,0,0.0,オンライン
ORD-202609-01603,2026/09/28,EC,JK-003,QUILTED JACKET,JACKET,NAVY,L,5000,5000,1,5000,0,0.0,オンライン
ORD-202609-01606,2026/09/28,表参道店,KN-002,CABLE KNIT,KNIT,KHAKI,L,2000,1500,1,1500,500,0.25,店舗
ORD-202609-01624,2026/09/28,EC,SH-001,LOW SNEAKER,SHOES,NAVY,XL,2400,2160,1,2160,240,0.1,オンライン
ORD-202609-01626,2026/09/28,表参道店,OT-001,WOOL COAT,OUTER,WHITE,L,6200,6200,1,6200,0,0.0,店舗
ORD-202609-01764,2026/09/28,EC,OT-001,WOOL COAT,OUTER,BLACK,L,6200,6200,1,6200,0,0.0,オンライン
ORD-202609-01797,2026/09/28,EC,KN-001,WOOL KNIT,KNIT,BLACK,XL,2500,2500,1,2500,0,0.0,オンライン
ORD-202609-01810,2026/09/28,EC,OT-001,WOOL COAT,OUTER,KHAKI,M,6200,4340,1,4340,1860,0.3,オンライン
ORD-202609-01876,2026/09/28,表参道店,PT-001,SLIM PANTS,PANTS,WHITE,M,1800,1800,1,1800,0,0.0,店舗
ORD-202609-01913,2026/09/28,EC,AC-001,WOOL CAP,ACCESSORY,KHAKI,M,500,450,1,450,50,0.1,オンライン
ORD-202609-01959,2026/09/28,大阪店,PT-001,SLIM PANTS,PANTS,NAVY,S,1800,1800,1,1800,0,0.0,店舗
ORD-202609-02015,2026/09/28,大阪店,SH-005,DECK SHOES,SHOES,NAVY,M,2400,1800,1,1800,600,0.25,店舗
ORD-202609-02034,2026/09/28,EC,KN-001,WOOL KNIT,KNIT,NAVY,XL,2500,1880,1,1880,620,0.25,オンライン
ORD-202609-02039,2026/09/28,大阪店,TP-005,LINEN SHIRT,TOPS,WHITE,XL,1400,1400,1,1400,0,0.0,店舗
ORD-202609-02083,2026/09/28,表参道店,BG-005,BACKPACK,BAG,BLACK,M,3800,3800,1,3800,0,0.0,店舗
ORD-202609-02105,2026/09/28,新宿店,JK-001,TECH JACKET,JACKET,BLACK,L,4500,4500,1,4500,0,0.0,店舗
ORD-202609-02117,2026/09/28,新宿店,TP-005,LINEN SHIRT,TOPS,NAVY,XL,1400,1400,1,1400,0,0.0,店舗
ORD-202609-02135,2026/09/28,EC,BG-001,TOTE BAG,BAG,BLACK,L,1800,1440,1,1440,360,0.2,オンライン
ORD-202609-02162,2026/09/28,大阪店,TP-002,OX SHIRT,TOPS,BLACK,XL,900,720,1,720,180,0.2,店舗
ORD-202609-02207,2026/09/28,EC,AC-002,SILK SCARF,ACCESSORY,GRAY,M,1000,1000,1,1000,0,0.0,オンライン
ORD-202609-02264,2026/09/28,表参道店,TP-001,BASIC TEE,TOPS,NAVY,M,1400,1400,1,1400,0,0.0,店舗
ORD-202609-02272,2026/09/28,大阪店,JK-001,TECH JACKET,JACKET,GRAY,M,4500,4500,1,4500,0,0.0,店舗
ORD-202609-02327,2026/09/28,新宿店,AC-003,LEATHER BELT,ACCESSORY,NAVY,L,1000,1000,1,1000,0,0.0,店舗
ORD-202609-02330,2026/09/28,表参道店,TP-003,BAND COLLAR SHIRT,TOPS,NAVY,L,1400,1400,1,1400,0,0.0,店舗
ORD-202609-02341,2026/09/28,EC,SH-002,SUEDE BOOTS,SHOES,BLACK,XL,2400,2400,2,4800,0,0.0,オンライン
ORD-202609-02351,2026/09/28,EC,BG-001,TOTE BAG,BAG,BLACK,L,1800,1800,1,1800,0,0.0,オンライン
ORD-202609-02378,2026/09/28,表参道店,OT-002,CHESTER COAT,OUTER,KHAKI,M,6700,6700,1,6700,0,0.0,店舗
ORD-202609-02448,2026/09/28,EC,AC-002,SILK SCARF,ACCESSORY,KHAKI,XL,1000,1000,1,1000,0,0.0,オンライン
ORD-202609-02458,2026/09/28,新宿店,SH-003,CHUKKA BOOTS,SHOES,WHITE,L,3900,3900,1,3900,0,0.0,店舗
ORD-202609-02491,2026/09/28,新宿店,KN-001,WOOL KNIT,KNIT,KHAKI,M,2500,2500,1,2500,0,0.0,店舗
ORD-202609-02512,2026/09/28,新宿店,AC-002,SILK SCARF,ACCESSORY,BLACK,M,1000,1000,1,1000,0,0.0,店舗
ORD-202609-02560,2026/09/28,大阪店,SH-001,LOW SNEAKER,SHOES,BLACK,XL,2400,2400,1,2400,0,0.0,店舗
ORD-202609-02606,2026/09/28,EC,SH-001,LOW SNEAKER,SHOES,BLACK,S,2400,2400,1,2400,0,0.0,オンライン
ORD-202609-02614,2026/09/28,新宿店,SH-003,CHUKKA BOOTS,SHOES,BLACK,L,3900,3320,1,3320,580,0.15,店舗
ORD-202609-02616,2026/09/28,大阪店,TP-001,BASIC TEE,TOPS,BLACK,S,1400,1400,1,1400,0,0.0,店舗
ORD-202609-02617,2026/09/28,EC,SH-004,COURT SNEAKER,SHOES,BLACK,S,3900,3900,2,7800,0,0.0,オンライン
ORD-202609-02621,2026/09/28,大阪店,PT-005,CHINO PANTS,PANTS,WHITE,XL,2300,1960,1,1960,340,0.15,店舗
ORD-202609-02657,2026/09/28,EC,SH-002,SUEDE BOOTS,SHOES,GRAY,L,2400,2400,1,2400,0,0.0,オンライン
ORD-202609-02673,2026/09/28,EC,KN-002,CABLE KNIT,KNIT,NAVY,L,2000,2000,1,2000,0,0.0,オンライン
ORD-202609-02678,2026/09/28,EC,BG-001,TOTE BAG,BAG,NAVY,M,1800,1800,2,3600,0,0.0,オンライン
ORD-202609-02692,2026/09/28,大阪店,JK-001,TECH JACKET,JACKET,WHITE,XL,4500,4500,2,9000,0,0.0,店舗
ORD-202609-02799,2026/09/28,新宿店,SH-002,SUEDE BOOTS,SHOES,GRAY,M,2400,2400,1,2400,0,0.0,店舗
ORD-202609-02823,2026/09/28,大阪店,JK-003,QUILTED JACKET,JACKET,BEIGE,S,5000,3500,1,3500,1500,0.3,店舗
ORD-202609-02840,2026/09/28,EC,BG-001,TOTE BAG,BAG,BEIGE,M,1800,1800,2,3600,0,0.0,オンライン
ORD-202609-02874,2026/09/28,新宿店,OT-002,CHESTER COAT,OUTER,NAVY,M,6700,5700,3,17100,3000,0.15,店舗
ORD-202609-02912,2026/09/28,EC,PT-001,SLIM PANTS,PANTS,NAVY,M,1800,1800,1,1800,0,0.0,オンライン
ORD-202609-02922,2026/09/28,EC,SH-001,LOW SNEAKER,SHOES,KHAKI,XL,2400,2400,2,4800,0,0.0,オンライン
ORD-202609-02957,2026/09/28,表参道店,SH-001,LOW SNEAKER,SHOES,BEIGE,L,2400,2400,1,2400,0,0.0,店舗
ORD-202609-02969,2026/09/28,新宿店,OT-002,CHESTER COAT,OUTER,KHAKI,L,6700,4690,1,4690,2010,0.3,店舗
ORD-202609-00028,2026/09/29,新宿店,BG-002,SHOULDER BAG,BAG,KHAKI,XL,3300,2310,1,2310,990,0.3,店舗
ORD-202609-00030,2026/09/29,EC,JK-002,SHELL JACKET,JACKET,GRAY,M,3000,3000,1,3000,0,0.0,オンライン
ORD-202609-00043,2026/09/29,EC,TP-002,OX SHIRT,TOPS,BLACK,S,900,900,1,900,0,0.0,オンライン
ORD-202609-00045,2026/09/29,新宿店,SH-001,LOW SNEAKER,SHOES,GRAY,M,2400,2400,1,2400,0,0.0,店舗
ORD-202609-00071,2026/09/29,EC,PT-004,CARGO PANTS,PANTS,WHITE,S,2800,2800,1,2800,0,0.0,オンライン
ORD-202609-00091,2026/09/29,表参道店,AC-003,LEATHER BELT,ACCESSORY,WHITE,L,1000,800,1,800,200,0.2,店舗
ORD-202609-00145,2026/09/29,新宿店,JK-002,SHELL JACKET,JACKET,BEIGE,S,3000,3000,1,3000,0,0.0,店舗
ORD-202609-00146,2026/09/29,表参道店,BG-001,TOTE BAG,BAG,BLACK,M,1800,1800,1,1800,0,0.0,店舗
ORD-202609-00162,2026/09/29,大阪店,SH-001,LOW SNEAKER,SHOES,NAVY,S,2400,2400,1,2400,0,0.0,店舗
ORD-202609-00201,2026/09/29,EC,JK-003,QUILTED JACKET,JACKET,BEIGE,XL,5000,5000,1,5000,0,0.0,オンライン
ORD-202609-00221,2026/09/29,新宿店,SH-001,LOW SNEAKER,SHOES,GRAY,M,2400,2400,1,2400,0,0.0,店舗
ORD-202609-00248,2026/09/29,表参道店,PT-001,SLIM PANTS,PANTS,WHITE,M,1800,1800,1,1800,0,0.0,店舗
ORD-202609-00291,2026/09/29,EC,PT-003,TAPERED PANTS,PANTS,BLACK,M,2800,2240,1,2240,560,0.2,オンライン
ORD-202609-00321,2026/09/29,EC,KN-003,CREW KNIT,KNIT,KHAKI,L,2000,2000,3,6000,0,0.0,オンライン
ORD-202609-00376,2026/09/29,大阪店,JK-001,TECH JACKET,JACKET,WHITE,M,4500,3150,1,3150,1350,0.3,店舗
ORD-202609-00406,2026/09/29,EC,AC-002,SILK SCARF,ACCESSORY,WHITE,S,1000,1000,1,1000,0,0.0,オンライン
ORD-202609-00435,2026/09/29,EC,SH-003,CHUKKA BOOTS,SHOES,BLACK,M,3900,3320,1,3320,580,0.15,オンライン
ORD-202609-00440,2026/09/29,EC,SH-001,LOW SNEAKER,SHOES,WHITE,S,2400,2160,1,2160,240,0.1,オンライン
ORD-202609-00470,2026/09/29,大阪店,JK-002,SHELL JACKET,JACKET,WHITE,XL,3000,3000,1,3000,0,0.0,店舗
ORD-202609-00513,2026/09/29,表参道店,JK-002,SHELL JACKET,JACKET,BEIGE,M,3000,3000,1,3000,0,0.0,店舗
ORD-202609-00524,2026/09/29,新宿店,JK-001,TECH JACKET,JACKET,BEIGE,L,4500,3380,1,3380,1120,0.25,店舗
ORD-202609-00525,2026/09/29,EC,BG-003,2WAY BAG,BAG,GRAY,S,1800,1800,1,1800,0,0.0,オンライン
ORD-202609-00568,2026/09/29,新宿店,PT-001,SLIM PANTS,PANTS,WHITE,M,1800,1800,1,1800,0,0.0,店舗
ORD-202609-00608,2026/09/29,新宿店,BG-001,TOTE BAG,BAG,BEIGE,M,1800,1800,1,1800,0,0.0,店舗
ORD-202609-00610,2026/09/29,大阪店,SH-003,CHUKKA BOOTS,SHOES,GRAY,M,3900,2730,1,2730,1170,0.3,店舗
ORD-202609-00644,2026/09/29,EC,OT-001,WOOL COAT,OUTER,NAVY,S,6200,6200,1,6200,0,0.0,オンライン
ORD-202609-00658,2026/09/29,新宿店,KN-001,WOOL KNIT,KNIT,BEIGE,M,2500,2500,3,7500,0,0.0,店舗
ORD-202609-00666,2026/09/29,大阪店,OT-001,WOOL COAT,OUTER,NAVY,S,6200,6200,2,12400,0,0.0,店舗
ORD-202609-00686,2026/09/29,表参道店,TP-003,BAND COLLAR SHIRT,TOPS,BLACK,M,1400,1050,1,1050,350,0.25,店舗
ORD-202609-00690,2026/09/29,大阪店,SH-001,LOW SNEAKER,SHOES,BEIGE,M,2400,1680,1,1680,720,0.3,店舗
ORD-202609-00704,2026/09/29,EC,AC-002,SILK SCARF,ACCESSORY,NAVY,XL,1000,1000,1,1000,0,0.0,オンライン
ORD-202609-00873,2026/09/29,EC,KN-003,CREW KNIT,KNIT,GRAY,L,2000,1700,1,1700,300,0.15,オンライン
ORD-202609-00889,2026/09/29,EC,TP-001,BASIC TEE,TOPS,KHAKI,M,1400,1400,1,1400,0,0.0,オンライン
ORD-202609-00904,2026/09/29,大阪店,OT-002,CHESTER COAT,OUTER,NAVY,L,6700,6700,1,6700,0,0.0,店舗
ORD-202609-00942,2026/09/29,EC,PT-003,TAPERED PANTS,PANTS,NAVY,S,2800,2100,1,2100,700,0.25,オンライン
ORD-202609-00972,2026/09/29,表参道店,AC-002,SILK SCARF,ACCESSORY,KHAKI,L,1000,1000,2,2000,0,0.0,店舗
ORD-202609-00981,2026/09/29,新宿店,OT-001,WOOL COAT,OUTER,BLACK,XL,6200,4650,1,4650,1550,0.25,店舗
ORD-202609-01104,2026/09/29,EC,SH-003,CHUKKA BOOTS,SHOES,GRAY,M,3900,3900,3,11700,0,0.0,オンライン
ORD-202609-01145,2026/09/29,大阪店,SH-005,DECK SHOES,SHOES,NAVY,L,2400,2400,1,2400,0,0.0,店舗
ORD-202609-01164,2026/09/29,新宿店,JK-001,TECH JACKET,JACKET,NAVY,M,4500,4500,1,4500,0,0.0,店舗
ORD-202609-01197,2026/09/29,EC,OT-001,WOOL COAT,OUTER,GRAY,M,6200,6200,1,6200,0,0.0,オンライン
ORD-202609-01364,2026/09/29,EC,BG-002,SHOULDER BAG,BAG,NAVY,M,3300,3300,1,3300,0,0.0,オンライン
ORD-202609-01429,2026/09/29,EC,BG-001,TOTE BAG,BAG,KHAKI,M,1800,1800,1,1800,0,0.0,オンライン
ORD-202609-01430,2026/09/29,大阪店,TP-004,DRY TEE,TOPS,BLACK,L,1400,1400,1,1400,0,0.0,店舗
ORD-202609-01469,2026/09/29,大阪店,BG-001,TOTE BAG,BAG,NAVY,XL,1800,1260,2,2520,1080,0.3,店舗
ORD-202609-01518,2026/09/29,表参道店,OT-001,WOOL COAT,OUTER,BEIGE,M,6200,4960,2,9920,2480,0.2,店舗
ORD-202609-01553,2026/09/29,EC,KN-002,CABLE KNIT,KNIT,KHAKI,S,2000,2000,1,2000,0,0.0,オンライン
ORD-202609-01573,2026/09/29,EC,PT-001,SLIM PANTS,PANTS,NAVY,M,1800,1800,1,1800,0,0.0,オンライン
ORD-202609-01592,2026/09/29,EC,SH-003,CHUKKA BOOTS,SHOES,WHITE,L,3900,3900,1,3900,0,0.0,オンライン
ORD-202609-01600,2026/09/29,表参道店,KN-002,CABLE KNIT,KNIT,WHITE,L,2000,1600,1,1600,400,0.2,店舗
ORD-202609-01682,2026/09/29,EC,SH-003,CHUKKA BOOTS,SHOES,GRAY,L,3900,3510,1,3510,390,0.1,オンライン
ORD-202609-01711,2026/09/29,EC,TP-001,BASIC TEE,TOPS,WHITE,XL,1400,1190,1,1190,210,0.15,オンライン
ORD-202609-01756,2026/09/29,新宿店,BG-001,TOTE BAG,BAG,KHAKI,S,1800,1800,1,1800,0,0.0,店舗
ORD-202609-01805,2026/09/29,新宿店,TP-003,BAND COLLAR SHIRT,TOPS,WHITE,M,1400,1400,1,1400,0,0.0,店舗
ORD-202609-01830,2026/09/29,EC,OT-001,WOOL COAT,OUTER,WHITE,L,6200,6200,2,12400,0,0.0,オンライン
ORD-202609-01866,2026/09/29,表参道店,SH-002,SUEDE BOOTS,SHOES,GRAY,M,2400,2400,1,2400,0,0.0,店舗
ORD-202609-01868,2026/09/29,EC,OT-001,WOOL COAT,OUTER,BLACK,M,6200,5270,1,5270,930,0.15,オンライン
ORD-202609-01877,2026/09/29,大阪店,KN-001,WOOL KNIT,KNIT,BLACK,L,2500,2120,1,2120,380,0.15,店舗
ORD-202609-01902,2026/09/29,EC,AC-004,KNIT MUFFLER,ACCESSORY,WHITE,M,1000,800,2,1600,400,0.2,オンライン
ORD-202609-01935,2026/09/29,表参道店,OT-001,WOOL COAT,OUTER,NAVY,S,6200,6200,1,6200,0,0.0,店舗
ORD-202609-02041,2026/09/29,新宿店,TP-001,BASIC TEE,TOPS,WHITE,M,1400,1400,2,2800,0,0.0,店舗
ORD-202609-02049,2026/09/29,表参道店,SH-003,CHUKKA BOOTS,SHOES,BLACK,XL,3900,3320,1,3320,580,0.15,店舗
ORD-202609-02168,2026/09/29,大阪店,TP-003,BAND COLLAR SHIRT,TOPS,NAVY,M,1400,1400,1,1400,0,0.0,店舗
ORD-202609-02169,2026/09/29,EC,JK-001,TECH JACKET,JACKET,BEIGE,M,4500,4500,2,9000,0,0.0,オンライン
ORD-202609-02192,2026/09/29,EC,OT-003,MOD COAT,OUTER,BLACK,L,5200,5200,2,10400,0,0.0,オンライン
ORD-202609-02228,2026/09/29,表参道店,TP-001,BASIC TEE,TOPS,NAVY,S,1400,1400,1,1400,0,0.0,店舗
ORD-202609-02278,2026/09/29,大阪店,AC-003,LEATHER BELT,ACCESSORY,WHITE,S,1000,1000,1,1000,0,0.0,店舗
ORD-202609-02336,2026/09/29,EC,KN-001,WOOL KNIT,KNIT,WHITE,L,2500,2120,1,2120,380,0.15,オンライン
ORD-202609-02412,2026/09/29,EC,KN-002,CABLE KNIT,KNIT,BEIGE,XL,2000,1800,2,3600,400,0.1,オンライン
ORD-202609-02419,2026/09/29,表参道店,BG-002,SHOULDER BAG,BAG,BLACK,XL,3300,3300,1,3300,0,0.0,店舗
ORD-202609-02479,2026/09/29,表参道店,BG-001,TOTE BAG,BAG,WHITE,L,1800,1800,2,3600,0,0.0,店舗
ORD-202609-02629,2026/09/29,EC,BG-001,TOTE BAG,BAG,BLACK,S,1800,1800,1,1800,0,0.0,オンライン
ORD-202609-02640,2026/09/29,新宿店,BG-003,2WAY BAG,BAG,KHAKI,L,1800,1440,1,1440,360,0.2,店舗
ORD-202609-02652,2026/09/29,表参道店,OT-001,WOOL COAT,OUTER,BEIGE,M,6200,6200,1,6200,0,0.0,店舗
ORD-202609-02870,2026/09/29,EC,SH-001,LOW SNEAKER,SHOES,BLACK,M,2400,1680,1,1680,720,0.3,オンライン
ORD-202609-02920,2026/09/29,EC,SH-001,LOW SNEAKER,SHOES,WHITE,L,2400,2400,1,2400,0,0.0,オンライン
ORD-202609-02921,2026/09/29,表参道店,TP-002,OX SHIRT,TOPS,BLACK,M,900,900,1,900,0,0.0,店舗
ORD-202609-02924,2026/09/29,新宿店,BG-001,TOTE BAG,BAG,KHAKI,L,1800,1530,2,3060,540,0.15,店舗
ORD-202609-02942,2026/09/29,EC,SH-001,LOW SNEAKER,SHOES,GRAY,M,2400,2040,1,2040,360,0.15,オンライン
ORD-202609-02995,2026/09/29,EC,OT-001,WOOL COAT,OUTER,WHITE,XL,6200,6200,2,12400,0,0.0,オンライン
ORD-202609-00008,2026/09/30,新宿店,OT-003,MOD COAT,OUTER,BLACK,L,5200,5200,1,5200,0,0.0,店舗
ORD-202609-00013,2026/09/30,表参道店,AC-002,SILK SCARF,ACCESSORY,BEIGE,M,1000,700,1,700,300,0.3,店舗
ORD-202609-00039,2026/09/30,EC,JK-001,TECH JACKET,JACKET,NAVY,L,4500,4500,2,9000,0,0.0,オンライン
ORD-202609-00083,2026/09/30,EC,SH-001,LOW SNEAKER,SHOES,BLACK,XL,2400,2400,1,2400,0,0.0,オンライン
ORD-202609-00152,2026/09/30,EC,SH-002,SUEDE BOOTS,SHOES,BLACK,S,2400,2400,1,2400,0,0.0,オンライン
ORD-202609-00188,2026/09/30,大阪店,OT-003,MOD COAT,OUTER,KHAKI,M,5200,5200,1,5200,0,0.0,店舗
ORD-202609-00240,2026/09/30,表参道店,BG-003,2WAY BAG,BAG,BLACK,L,1800,1440,2,2880,720,0.2,店舗
ORD-202609-00285,2026/09/30,EC,BG-002,SHOULDER BAG,BAG,BEIGE,L,3300,3300,1,3300,0,0.0,オンライン
ORD-202609-00302,2026/09/30,大阪店,AC-001,WOOL CAP,ACCESSORY,BLACK,XL,500,420,2,840,160,0.15,店舗
ORD-202609-00317,2026/09/30,新宿店,BG-001,TOTE BAG,BAG,BLACK,XL,1800,1800,1,1800,0,0.0,店舗
ORD-202609-00344,2026/09/30,EC,PT-001,SLIM PANTS,PANTS,BEIGE,L,1800,1800,2,3600,0,0.0,オンライン
ORD-202609-00351,2026/09/30,表参道店,SH-002,SUEDE BOOTS,SHOES,BLACK,XL,2400,2400,1,2400,0,0.0,店舗
ORD-202609-00385,2026/09/30,表参道店,TP-001,BASIC TEE,TOPS,NAVY,L,1400,980,1,980,420,0.3,店舗
ORD-202609-00394,2026/09/30,大阪店,SH-001,LOW SNEAKER,SHOES,BLACK,L,2400,2400,1,2400,0,0.0,店舗
ORD-202609-00402,2026/09/30,表参道店,SH-001,LOW SNEAKER,SHOES,WHITE,L,2400,1920,1,1920,480,0.2,店舗
ORD-202609-00419,2026/09/30,大阪店,AC-002,SILK SCARF,ACCESSORY,NAVY,L,1000,800,1,800,200,0.2,店舗
ORD-202609-00468,2026/09/30,EC,TP-001,BASIC TEE,TOPS,KHAKI,XL,1400,1400,1,1400,0,0.0,オンライン
ORD-202609-00496,2026/09/30,大阪店,JK-002,SHELL JACKET,JACKET,NAVY,L,3000,3000,1,3000,0,0.0,店舗
ORD-202609-00636,2026/09/30,EC,OT-002,CHESTER COAT,OUTER,WHITE,M,6700,6700,1,6700,0,0.0,オンライン
ORD-202609-00641,2026/09/30,表参道店,AC-005,TOTE CHARM,ACCESSORY,KHAKI,S,1000,1000,2,2000,0,0.0,店舗
ORD-202609-00652,2026/09/30,新宿店,BG-003,2WAY BAG,BAG,WHITE,M,1800,1800,1,1800,0,0.0,店舗
ORD-202609-00673,2026/09/30,EC,JK-001,TECH JACKET,JACKET,NAVY,L,4500,4050,1,4050,450,0.1,オンライン
ORD-202609-00687,2026/09/30,EC,BG-001,TOTE BAG,BAG,BLACK,M,1800,1620,1,1620,180,0.1,オンライン
ORD-202609-00698,2026/09/30,大阪店,PT-001,SLIM PANTS,PANTS,WHITE,XL,1800,1800,1,1800,0,0.0,店舗
ORD-202609-00712,2026/09/30,EC,AC-004,KNIT MUFFLER,ACCESSORY,NAVY,L,1000,1000,1,1000,0,0.0,オンライン
ORD-202609-00721,2026/09/30,EC,JK-001,TECH JACKET,JACKET,NAVY,L,4500,3600,1,3600,900,0.2,オンライン
ORD-202609-00731,2026/09/30,EC,OT-001,WOOL COAT,OUTER,BLACK,L,6200,4650,2,9300,3100,0.25,オンライン
ORD-202609-00741,2026/09/30,新宿店,OT-003,MOD COAT,OUTER,NAVY,S,5200,5200,1,5200,0,0.0,店舗
ORD-202609-00779,2026/09/30,表参道店,SH-002,SUEDE BOOTS,SHOES,KHAKI,XL,2400,2400,1,2400,0,0.0,店舗
ORD-202609-00797,2026/09/30,EC,KN-002,CABLE KNIT,KNIT,GRAY,L,2000,2000,1,2000,0,0.0,オンライン
ORD-202609-00802,2026/09/30,大阪店,PT-001,SLIM PANTS,PANTS,GRAY,S,1800,1800,1,1800,0,0.0,店舗
ORD-202609-00804,2026/09/30,大阪店,SH-001,LOW SNEAKER,SHOES,BLACK,XL,2400,2400,1,2400,0,0.0,店舗
ORD-202609-00838,2026/09/30,大阪店,AC-001,WOOL CAP,ACCESSORY,BLACK,S,500,500,1,500,0,0.0,店舗
ORD-202609-00846,2026/09/30,表参道店,KN-003,CREW KNIT,KNIT,BLACK,S,2000,2000,1,2000,0,0.0,店舗
ORD-202609-00853,2026/09/30,EC,AC-002,SILK SCARF,ACCESSORY,WHITE,M,1000,1000,1,1000,0,0.0,オンライン
ORD-202609-00875,2026/09/30,大阪店,PT-005,CHINO PANTS,PANTS,BEIGE,S,2300,1610,1,1610,690,0.3,店舗
ORD-202609-00946,2026/09/30,EC,AC-001,WOOL CAP,ACCESSORY,BEIGE,L,500,500,1,500,0,0.0,オンライン
ORD-202609-01011,2026/09/30,EC,KN-003,CREW KNIT,KNIT,WHITE,XL,2000,1400,2,2800,1200,0.3,オンライン
ORD-202609-01014,2026/09/30,表参道店,TP-002,OX SHIRT,TOPS,BEIGE,S,900,900,1,900,0,0.0,店舗
ORD-202609-01040,2026/09/30,EC,TP-004,DRY TEE,TOPS,KHAKI,L,1400,1400,1,1400,0,0.0,オンライン
ORD-202609-01050,2026/09/30,表参道店,SH-001,LOW SNEAKER,SHOES,GRAY,M,2400,2400,2,4800,0,0.0,店舗
ORD-202609-01085,2026/09/30,大阪店,TP-002,OX SHIRT,TOPS,WHITE,XL,900,900,1,900,0,0.0,店舗
ORD-202609-01115,2026/09/30,大阪店,PT-001,SLIM PANTS,PANTS,KHAKI,XL,1800,1530,1,1530,270,0.15,店舗
ORD-202609-01120,2026/09/30,大阪店,SH-001,LOW SNEAKER,SHOES,BLACK,S,2400,2400,1,2400,0,0.0,店舗
ORD-202609-01136,2026/09/30,EC,OT-002,CHESTER COAT,OUTER,WHITE,XL,6700,6700,1,6700,0,0.0,オンライン
ORD-202609-01144,2026/09/30,EC,BG-001,TOTE BAG,BAG,BLACK,S,1800,1800,2,3600,0,0.0,オンライン
ORD-202609-01194,2026/09/30,表参道店,OT-003,MOD COAT,OUTER,GRAY,M,5200,4680,1,4680,520,0.1,店舗
ORD-202609-01202,2026/09/30,EC,KN-001,WOOL KNIT,KNIT,KHAKI,M,2500,2500,1,2500,0,0.0,オンライン
ORD-202609-01211,2026/09/30,EC,SH-002,SUEDE BOOTS,SHOES,BLACK,M,2400,2400,1,2400,0,0.0,オンライン
ORD-202609-01213,2026/09/30,大阪店,OT-001,WOOL COAT,OUTER,BEIGE,M,6200,6200,1,6200,0,0.0,店舗
ORD-202609-01308,2026/09/30,EC,BG-001,TOTE BAG,BAG,NAVY,XL,1800,1800,1,1800,0,0.0,オンライン
ORD-202609-01345,2026/09/30,大阪店,PT-002,WIDE PANTS,PANTS,BEIGE,L,1800,1800,1,1800,0,0.0,店舗
ORD-202609-01348,2026/09/30,大阪店,BG-001,TOTE BAG,BAG,NAVY,S,1800,1800,1,1800,0,0.0,店舗
ORD-202609-01358,2026/09/30,大阪店,BG-001,TOTE BAG,BAG,WHITE,M,1800,1800,1,1800,0,0.0,店舗
ORD-202609-01370,2026/09/30,EC,TP-001,BASIC TEE,TOPS,WHITE,M,1400,1400,1,1400,0,0.0,オンライン
ORD-202609-01423,2026/09/30,表参道店,PT-001,SLIM PANTS,PANTS,NAVY,XL,1800,1800,2,3600,0,0.0,店舗
ORD-202609-01521,2026/09/30,大阪店,OT-001,WOOL COAT,OUTER,BLACK,M,6200,6200,3,18600,0,0.0,店舗
ORD-202609-01565,2026/09/30,大阪店,OT-001,WOOL COAT,OUTER,BLACK,S,6200,6200,1,6200,0,0.0,店舗
ORD-202609-01583,2026/09/30,新宿店,PT-002,WIDE PANTS,PANTS,BLACK,L,1800,1800,1,1800,0,0.0,店舗
ORD-202609-01585,2026/09/30,EC,BG-001,TOTE BAG,BAG,BEIGE,S,1800,1260,2,2520,1080,0.3,オンライン
ORD-202609-01632,2026/09/30,新宿店,TP-002,OX SHIRT,TOPS,GRAY,L,900,900,1,900,0,0.0,店舗
ORD-202609-01648,2026/09/30,EC,TP-001,BASIC TEE,TOPS,KHAKI,XL,1400,1400,1,1400,0,0.0,オンライン
ORD-202609-01657,2026/09/30,EC,TP-001,BASIC TEE,TOPS,BLACK,S,1400,1400,1,1400,0,0.0,オンライン
ORD-202609-01669,2026/09/30,新宿店,OT-004,STAND COAT,OUTER,BLACK,S,7200,7200,1,7200,0,0.0,店舗
ORD-202609-01729,2026/09/30,EC,TP-001,BASIC TEE,TOPS,GRAY,S,1400,980,1,980,420,0.3,オンライン
ORD-202609-01785,2026/09/30,EC,JK-001,TECH JACKET,JACKET,KHAKI,M,4500,4500,1,4500,0,0.0,オンライン
ORD-202609-01798,2026/09/30,EC,JK-001,TECH JACKET,JACKET,WHITE,M,4500,4500,1,4500,0,0.0,オンライン
ORD-202609-01806,2026/09/30,EC,PT-002,WIDE PANTS,PANTS,WHITE,S,1800,1440,1,1440,360,0.2,オンライン
ORD-202609-01826,2026/09/30,EC,SH-003,CHUKKA BOOTS,SHOES,BLACK,L,3900,3900,1,3900,0,0.0,オンライン
ORD-202609-01846,2026/09/30,大阪店,JK-003,QUILTED JACKET,JACKET,BLACK,L,5000,5000,2,10000,0,0.0,店舗
ORD-202609-01909,2026/09/30,新宿店,JK-001,TECH JACKET,JACKET,KHAKI,L,4500,4500,1,4500,0,0.0,店舗
ORD-202609-01920,2026/09/30,新宿店,PT-003,TAPERED PANTS,PANTS,NAVY,L,2800,2800,2,5600,0,0.0,店舗
ORD-202609-01922,2026/09/30,EC,SH-001,LOW SNEAKER,SHOES,GRAY,L,2400,2400,2,4800,0,0.0,オンライン
ORD-202609-02160,2026/09/30,大阪店,PT-005,CHINO PANTS,PANTS,NAVY,S,2300,2070,2,4140,460,0.1,店舗
ORD-202609-02186,2026/09/30,大阪店,OT-003,MOD COAT,OUTER,KHAKI,M,5200,5200,1,5200,0,0.0,店舗
ORD-202609-02254,2026/09/30,表参道店,AC-002,SILK SCARF,ACCESSORY,WHITE,M,1000,1000,2,2000,0,0.0,店舗
ORD-202609-02284,2026/09/30,新宿店,KN-003,CREW KNIT,KNIT,KHAKI,XL,2000,2000,1,2000,0,0.0,店舗
ORD-202609-02295,2026/09/30,新宿店,AC-001,WOOL CAP,ACCESSORY,BLACK,M,500,500,2,1000,0,0.0,店舗
ORD-202609-02296,2026/09/30,EC,JK-003,QUILTED JACKET,JACKET,KHAKI,L,5000,5000,1,5000,0,0.0,オンライン
ORD-202609-02329,2026/09/30,大阪店,KN-003,CREW KNIT,KNIT,NAVY,S,2000,2000,2,4000,0,0.0,店舗
ORD-202609-02350,2026/09/30,EC,PT-003,TAPERED PANTS,PANTS,KHAKI,M,2800,2800,1,2800,0,0.0,オンライン
ORD-202609-02405,2026/09/30,EC,KN-001,WOOL KNIT,KNIT,NAVY,M,2500,2500,1,2500,0,0.0,オンライン
ORD-202609-02426,2026/09/30,新宿店,KN-001,WOOL KNIT,KNIT,GRAY,M,2500,2500,1,2500,0,0.0,店舗
ORD-202609-02439,2026/09/30,EC,BG-005,BACKPACK,BAG,NAVY,L,3800,3800,1,3800,0,0.0,オンライン
ORD-202609-02472,2026/09/30,EC,OT-001,WOOL COAT,OUTER,BLACK,XL,6200,6200,2,12400,0,0.0,オンライン
ORD-202609-02490,2026/09/30,EC,JK-001,TECH JACKET,JACKET,WHITE,L,4500,3600,1,3600,900,0.2,オンライン
ORD-202609-02503,2026/09/30,表参道店,JK-004,DENIM JACKET,JACKET,GRAY,L,5000,5000,1,5000,0,0.0,店舗
ORD-202609-02508,2026/09/30,表参道店,JK-001,TECH JACKET,JACKET,GRAY,M,4500,3380,2,6760,2240,0.25,店舗
ORD-202609-02514,2026/09/30,表参道店,OT-003,MOD COAT,OUTER,BEIGE,M,5200,5200,1,5200,0,0.0,店舗
ORD-202609-02517,2026/09/30,EC,AC-001,WOOL CAP,ACCESSORY,WHITE,M,500,500,1,500,0,0.0,オンライン
ORD-202609-02541,2026/09/30,EC,JK-003,QUILTED JACKET,JACKET,WHITE,M,5000,5000,1,5000,0,0.0,オンライン
ORD-202609-02545,2026/09/30,EC,SH-001,LOW SNEAKER,SHOES,GRAY,M,2400,2400,1,2400,0,0.0,オンライン
ORD-202609-02549,2026/09/30,EC,SH-002,SUEDE BOOTS,SHOES,BEIGE,L,2400,2400,1,2400,0,0.0,オンライン
ORD-202609-02700,2026/09/30,EC,JK-005,MDS JACKET,JACKET,BLACK,M,4000,3600,1,3600,400,0.1,オンライン
ORD-202609-02711,2026/09/30,表参道店,TP-001,BASIC TEE,TOPS,GRAY,L,1400,1400,1,1400,0,0.0,店舗
ORD-202609-02718,2026/09/30,大阪店,TP-001,BASIC TEE,TOPS,WHITE,S,1400,1190,2,2380,420,0.15,店舗
ORD-202609-02762,2026/09/30,表参道店,OT-001,WOOL COAT,OUTER,KHAKI,L,6200,6200,1,6200,0,0.0,店舗
ORD-202609-02769,2026/09/30,EC,KN-001,WOOL KNIT,KNIT,BEIGE,M,2500,2500,1,2500,0,0.0,オンライン
ORD-202609-02771,2026/09/30,大阪店,SH-004,COURT SNEAKER,SHOES,BEIGE,S,3900,3510,3,10530,1170,0.1,店舗
ORD-202609-02820,2026/09/30,表参道店,SH-001,LOW SNEAKER,SHOES,GRAY,M,2400,2400,1,2400,0,0.0,店舗
ORD-202609-02834,2026/09/30,EC,SH-002,SUEDE BOOTS,SHOES,BLACK,XL,2400,2400,1,2400,0,0.0,オンライン
ORD-202609-02838,2026/09/30,表参道店,OT-001,WOOL COAT,OUTER,NAVY,M,6200,6200,1,6200,0,0.0,店舗
ORD-202609-02881,2026/09/30,表参道店,SH-003,CHUKKA BOOTS,SHOES,GRAY,S,3900,3320,2,6640,1160,0.15,店舗
ORD-202609-02904,2026/09/30,表参道店,KN-001,WOOL KNIT,KNIT,GRAY,L,2500,2500,1,2500,0,0.0,店舗
ORD-202609-02997,2026/09/30,EC,KN-001,WOOL KNIT,KNIT,BEIGE,XL,2500,2500,1,2500,0,0.0,オンライン
